{
    "type": "small molecule",
    "created": "2022-12-02",
    "updated": "2022-12-13",
    "drugbank-id": [
        {
            "primary": true,
            "value": "DB17298"
        }
    ],
    "name": "Disufenton",
    "description": null,
    "cas-number": "168021-77-0",
    "unii": "797K01YF1M",
    "average-mass": 337.36,
    "monoisotopic-mass": 337.028994175,
    "groups": {
        "group": [
            "investigational"
        ]
    },
    "general-references": {
        "articles": null,
        "textbooks": null,
        "links": null,
        "attachments": null
    },
    "synthesis-reference": null,
    "indication": null,
    "pharmacodynamics": null,
    "mechanism-of-action": null,
    "toxicity": null,
    "metabolism": null,
    "absorption": null,
    "half-life": null,
    "protein-binding": null,
    "route-of-elimination": null,
    "volume-of-distribution": null,
    "clearance": null,
    "salts": {
        "salt": [
            {
                "drugbank-id": [
                    {
                        "primary": true,
                        "value": "DBSALT003322"
                    }
                ],
                "name": "Disufenton sodium",
                "unii": "7M1J3HN9VO",
                "cas-number": "168021-79-2",
                "inchikey": "XLZOVRYBVCMCGL-UHFFFAOYSA-L",
                "average-mass": 404.31,
                "monoisotopic-mass": 403.98210337
            }
        ]
    },
    "synonyms": {
        "synonym": [
            {
                "language": "english",
                "coder": "",
                "value": "1,3-benzenedisulfonic acid, 4-(((1,1-dimethylethyl)oxidoimino)methyl)-"
            },
            {
                "language": "english",
                "coder": "",
                "value": "2,4-disulfonyl-.alpha.-phenyl-tert-butylnitrone"
            },
            {
                "language": "english",
                "coder": "",
                "value": "4-(((1,1-dimethylethyl)imino)methyl)benzene-1,3-disulfonate n-oxide"
            },
            {
                "language": "english",
                "coder": "",
                "value": "4-(((1,1-dimethylethyl)imino)methyl)benzene-1,3-disulphonate n-oxide"
            },
            {
                "language": "english",
                "coder": "",
                "value": "4-(((1,1-dimethylethyl)oxidoimino)methyl)-1,3-benzenedisulfonic acid"
            },
            {
                "language": "english",
                "coder": "",
                "value": "4-tert-butyliminomethyl)benzene-,3-disulfonate n-oxide"
            },
            {
                "language": "english",
                "coder": "",
                "value": "4-tert-butyliminomethyl)benzene-,3-disulphonate n-oxide"
            }
        ]
    },
    "products": null,
    "international-brands": null,
    "mixtures": null,
    "packagers": null,
    "manufacturers": null,
    "prices": null,
    "categories": {
        "category": [
            {
                "category": "Antioxidants",
                "mesh-id": "D000975"
            },
            {
                "category": "Arylsulfonates",
                "mesh-id": "D001190"
            },
            {
                "category": "Arylsulfonic Acids",
                "mesh-id": "D017739"
            },
            {
                "category": "Benzene Derivatives",
                "mesh-id": "D001555"
            },
            {
                "category": "Biological Factors",
                "mesh-id": "D001685"
            },
            {
                "category": "Cardiovascular Agents",
                "mesh-id": "D002317"
            },
            {
                "category": "Compounds used in a research, industrial, or household setting",
                "mesh-id": "D020313"
            },
            {
                "category": "Protective Agents",
                "mesh-id": "D020011"
            },
            {
                "category": "Stroke",
                "mesh-id": "D020521"
            },
            {
                "category": "Sulfonic Acids",
                "mesh-id": "D013451"
            },
            {
                "category": "Sulfur Acids",
                "mesh-id": "D013456"
            },
            {
                "category": "Sulfur Compounds",
                "mesh-id": "D013457"
            }
        ]
    },
    "affected-organisms": null,
    "dosages": null,
    "atc-codes": null,
    "ahfs-codes": null,
    "pdb-entries": null,
    "patents": null,
    "food-interactions": null,
    "drug-interactions": null,
    "calculated-properties": {
        "property": [
            {
                "kind": "logP",
                "value": "-2.1",
                "source": "ALOGPS"
            },
            {
                "kind": "logS",
                "value": "-2.9",
                "source": "ALOGPS"
            },
            {
                "kind": "Water Solubility",
                "value": "3.98e-01 g/l",
                "source": "ALOGPS"
            },
            {
                "kind": "logP",
                "value": "-2.1",
                "source": "ChemAxon"
            },
            {
                "kind": "IUPAC Name",
                "value": "(Z)-tert-butyl[(2,4-disulfophenyl)methylidene]oxidoazanium",
                "source": "ChemAxon"
            },
            {
                "kind": "Traditional IUPAC Name",
                "value": "(Z)-tert-butyl[(2,4-disulfophenyl)methylidene]oxidoazanium",
                "source": "ChemAxon"
            },
            {
                "kind": "Molecular Weight",
                "value": "337.36",
                "source": "ChemAxon"
            },
            {
                "kind": "Monoisotopic Weight",
                "value": "337.028994175",
                "source": "ChemAxon"
            },
            {
                "kind": "SMILES",
                "value": "CC(C)(C)[N+](\\[O-])=C\\C1=C(C=C(C=C1)S(O)(=O)=O)S(O)(=O)=O",
                "source": "ChemAxon"
            },
            {
                "kind": "Molecular Formula",
                "value": "C11H15NO7S2",
                "source": "ChemAxon"
            },
            {
                "kind": "InChI",
                "value": "InChI=1S/C11H15NO7S2/c1-11(2,3)12(13)7-8-4-5-9(20(14,15)16)6-10(8)21(17,18)19/h4-7H,1-3H3,(H,14,15,16)(H,17,18,19)/b12-7-",
                "source": "ChemAxon"
            },
            {
                "kind": "InChIKey",
                "value": "OVTCHWSLKGENKP-GHXNOFRVSA-N",
                "source": "ChemAxon"
            },
            {
                "kind": "Polar Surface Area (PSA)",
                "value": "134.81",
                "source": "ChemAxon"
            },
            {
                "kind": "Refractivity",
                "value": "78.1",
                "source": "ChemAxon"
            },
            {
                "kind": "Polarizability",
                "value": "31.55",
                "source": "ChemAxon"
            },
            {
                "kind": "Rotatable Bond Count",
                "value": "4",
                "source": "ChemAxon"
            },
            {
                "kind": "H Bond Acceptor Count",
                "value": "7",
                "source": "ChemAxon"
            },
            {
                "kind": "H Bond Donor Count",
                "value": "2",
                "source": "ChemAxon"
            },
            {
                "kind": "pKa (strongest acidic)",
                "value": "-2.9",
                "source": "ChemAxon"
            },
            {
                "kind": "Physiological Charge",
                "value": "-2",
                "source": "ChemAxon"
            },
            {
                "kind": "Number of Rings",
                "value": "1",
                "source": "ChemAxon"
            },
            {
                "kind": "Bioavailability",
                "value": "1",
                "source": "ChemAxon"
            },
            {
                "kind": "Rule of Five",
                "value": "1",
                "source": "ChemAxon"
            },
            {
                "kind": "Ghose Filter",
                "value": "0",
                "source": "ChemAxon"
            },
            {
                "kind": "MDDR-Like Rule",
                "value": "0",
                "source": "ChemAxon"
            }
        ]
    },
    "experimental-properties": null,
    "external-identifiers": {
        "external-identifier": [
            {
                "resource": "ChemSpider",
                "identifier": "5289390"
            },
            {
                "resource": "Wikipedia",
                "identifier": "Disufenton_sodium"
            },
            {
                "resource": "ChEMBL",
                "identifier": "CHEMBL1206050"
            },
            {
                "resource": "ZINC",
                "identifier": "ZINC000002022427"
            }
        ]
    },
    "external-links": null,
    "pathways": null,
    "reactions": null,
    "snp-effects": null,
    "snp-adverse-drug-reactions": null,
    "targets": null,
    "enzymes": null,
    "carriers": null,
    "transporters": null
}