{
    "type": "biotech",
    "created": "2022-12-07",
    "updated": "2022-12-08",
    "drugbank-id": [
        {
            "primary": true,
            "value": "DB17370"
        }
    ],
    "name": "TBX-3400",
    "description": "TBX-3400 is an investigational cell-based immunotherapy consisting of autologous peripheral blood mononuclear cells (PBMCs) treated ex vivo with TBX-4000, which is a recombinant TAT-MYC fusion protein.[L44281,L44286]",
    "cas-number": null,
    "unii": null,
    "groups": {
        "group": [
            "investigational"
        ]
    },
    "general-references": {
        "articles": null,
        "textbooks": null,
        "links": {
            "link": [
                {
                    "ref-id": "L44281",
                    "title": "Cancer.gov: autologous TBX-4000-treated peripheral blood mononuclear cells TBX-3400",
                    "url": "https://www.cancer.gov/publications/dictionaries/cancer-drug/def/autologous-tbx-4000-treated-peripheral-blood-mononuclear-cells-tbx-3400"
                },
                {
                    "ref-id": "L44286",
                    "title": "BioSpace: Taiga Treats First Cancer Patient in TBX-3400-003 Clinical Trial in Israel",
                    "url": "https://www.biospace.com/article/releases/taiga-treats-first-cancer-patient-in-tbx-3400-003-clinical-trial-in-israel/"
                }
            ]
        },
        "attachments": null
    },
    "synthesis-reference": null,
    "indication": null,
    "pharmacodynamics": null,
    "mechanism-of-action": null,
    "toxicity": null,
    "metabolism": null,
    "absorption": null,
    "half-life": null,
    "protein-binding": null,
    "route-of-elimination": null,
    "volume-of-distribution": null,
    "clearance": null,
    "salts": null,
    "synonyms": {
        "synonym": [
            {
                "language": "english",
                "coder": "",
                "value": "TBX 3400"
            }
        ]
    },
    "products": null,
    "international-brands": null,
    "mixtures": null,
    "packagers": null,
    "manufacturers": null,
    "prices": null,
    "categories": null,
    "affected-organisms": null,
    "dosages": null,
    "atc-codes": null,
    "ahfs-codes": null,
    "pdb-entries": null,
    "patents": null,
    "food-interactions": null,
    "drug-interactions": null,
    "sequences": null,
    "experimental-properties": null,
    "external-identifiers": null,
    "external-links": null,
    "pathways": null,
    "reactions": null,
    "snp-effects": null,
    "snp-adverse-drug-reactions": null,
    "targets": null,
    "enzymes": null,
    "carriers": null,
    "transporters": null
}