{
    "type": "small molecule",
    "created": "2022-12-05",
    "updated": "2022-12-06",
    "drugbank-id": [
        {
            "primary": true,
            "value": "DB17306"
        }
    ],
    "name": "Metavert",
    "description": null,
    "cas-number": "1841125-91-4",
    "unii": "IZB8PZ86FH",
    "average-mass": 326.312,
    "monoisotopic-mass": 326.101504947,
    "groups": {
        "group": [
            "investigational"
        ]
    },
    "general-references": {
        "articles": null,
        "textbooks": null,
        "links": null,
        "attachments": null
    },
    "synthesis-reference": null,
    "indication": null,
    "pharmacodynamics": null,
    "mechanism-of-action": null,
    "toxicity": null,
    "metabolism": null,
    "absorption": null,
    "half-life": null,
    "protein-binding": null,
    "route-of-elimination": null,
    "volume-of-distribution": null,
    "clearance": null,
    "salts": null,
    "synonyms": {
        "synonym": [
            {
                "language": "english",
                "coder": "",
                "value": "Benzamide, n-hydroxy-4-(5-((4-methoxyphenyl)amino)-1,3,4-oxadiazol-2-yl)-"
            },
            {
                "language": "english",
                "coder": "",
                "value": "N-hydroxy-4-(5-((4-methoxyphenyl)amino)-1,3,4-oxadiazol-2-yl)benzamide"
            }
        ]
    },
    "products": null,
    "international-brands": null,
    "mixtures": null,
    "packagers": null,
    "manufacturers": null,
    "prices": null,
    "categories": null,
    "affected-organisms": null,
    "dosages": null,
    "atc-codes": null,
    "ahfs-codes": null,
    "pdb-entries": null,
    "patents": null,
    "food-interactions": null,
    "drug-interactions": null,
    "calculated-properties": {
        "property": [
            {
                "kind": "logP",
                "value": "2.4",
                "source": "ALOGPS"
            },
            {
                "kind": "logS",
                "value": "-3.4",
                "source": "ALOGPS"
            },
            {
                "kind": "Water Solubility",
                "value": "1.46e-01 g/l",
                "source": "ALOGPS"
            },
            {
                "kind": "logP",
                "value": "1.79",
                "source": "ChemAxon"
            },
            {
                "kind": "IUPAC Name",
                "value": "N-hydroxy-4-{5-[(4-methoxyphenyl)amino]-1,3,4-oxadiazol-2-yl}benzamide",
                "source": "ChemAxon"
            },
            {
                "kind": "Traditional IUPAC Name",
                "value": "N-hydroxy-4-{5-[(4-methoxyphenyl)amino]-1,3,4-oxadiazol-2-yl}benzamide",
                "source": "ChemAxon"
            },
            {
                "kind": "Molecular Weight",
                "value": "326.312",
                "source": "ChemAxon"
            },
            {
                "kind": "Monoisotopic Weight",
                "value": "326.101504947",
                "source": "ChemAxon"
            },
            {
                "kind": "SMILES",
                "value": "COC1=CC=C(NC2=NN=C(O2)C2=CC=C(C=C2)C(=O)NO)C=C1",
                "source": "ChemAxon"
            },
            {
                "kind": "Molecular Formula",
                "value": "C16H14N4O4",
                "source": "ChemAxon"
            },
            {
                "kind": "InChI",
                "value": "InChI=1S/C16H14N4O4/c1-23-13-8-6-12(7-9-13)17-16-19-18-15(24-16)11-4-2-10(3-5-11)14(21)20-22/h2-9,22H,1H3,(H,17,19)(H,20,21)",
                "source": "ChemAxon"
            },
            {
                "kind": "InChIKey",
                "value": "TWABKXHHSQCZPI-UHFFFAOYSA-N",
                "source": "ChemAxon"
            },
            {
                "kind": "Polar Surface Area (PSA)",
                "value": "109.51",
                "source": "ChemAxon"
            },
            {
                "kind": "Refractivity",
                "value": "97.35",
                "source": "ChemAxon"
            },
            {
                "kind": "Polarizability",
                "value": "32.98",
                "source": "ChemAxon"
            },
            {
                "kind": "Rotatable Bond Count",
                "value": "5",
                "source": "ChemAxon"
            },
            {
                "kind": "H Bond Acceptor Count",
                "value": "6",
                "source": "ChemAxon"
            },
            {
                "kind": "H Bond Donor Count",
                "value": "3",
                "source": "ChemAxon"
            },
            {
                "kind": "pKa (strongest acidic)",
                "value": "8.95",
                "source": "ChemAxon"
            },
            {
                "kind": "pKa (strongest basic)",
                "value": "-1.4",
                "source": "ChemAxon"
            },
            {
                "kind": "Physiological Charge",
                "value": "0",
                "source": "ChemAxon"
            },
            {
                "kind": "Number of Rings",
                "value": "3",
                "source": "ChemAxon"
            },
            {
                "kind": "Bioavailability",
                "value": "1",
                "source": "ChemAxon"
            },
            {
                "kind": "Rule of Five",
                "value": "1",
                "source": "ChemAxon"
            },
            {
                "kind": "Ghose Filter",
                "value": "1",
                "source": "ChemAxon"
            },
            {
                "kind": "MDDR-Like Rule",
                "value": "0",
                "source": "ChemAxon"
            }
        ]
    },
    "experimental-properties": null,
    "external-identifiers": {
        "external-identifier": [
            {
                "resource": "ChemSpider",
                "identifier": "64853731"
            }
        ]
    },
    "external-links": null,
    "pathways": null,
    "reactions": null,
    "snp-effects": null,
    "snp-adverse-drug-reactions": null,
    "targets": null,
    "enzymes": null,
    "carriers": null,
    "transporters": null
}