{
    "type": "small molecule",
    "created": "2022-12-22",
    "updated": "2022-12-23",
    "drugbank-id": [
        {
            "primary": true,
            "value": "DB17384"
        }
    ],
    "name": "Tinengotinib",
    "description": null,
    "cas-number": "2230490-29-4",
    "unii": "WZ9TJ0L9Y8",
    "average-mass": 394.86,
    "monoisotopic-mass": 394.130887,
    "groups": {
        "group": [
            "investigational"
        ]
    },
    "general-references": {
        "articles": null,
        "textbooks": null,
        "links": null,
        "attachments": null
    },
    "synthesis-reference": null,
    "indication": null,
    "pharmacodynamics": null,
    "mechanism-of-action": null,
    "toxicity": null,
    "metabolism": null,
    "absorption": null,
    "half-life": null,
    "protein-binding": null,
    "route-of-elimination": null,
    "volume-of-distribution": null,
    "clearance": null,
    "salts": null,
    "synonyms": {
        "synonym": [
            {
                "language": "english",
                "coder": "",
                "value": "4-(5-(2-Chlorophenyl)-3-Methyl-2,10-Dihydropyrazolo[4,3-B] Pyrido[4,3-E][1,4]Diazepin-8-Yl) Morpholine"
            },
            {
                "language": "english",
                "coder": "",
                "value": "5-(2-chlorophenyl)-3-methyl-8-(morpholin-4-yl)-1,10-dihydropyrazolo[4,3-b]pyrido[4,3-e][1,4]diazepine"
            },
            {
                "language": "english",
                "coder": "",
                "value": "Pyrazolo(4,3-b)pyrido(4,3-e)(1,4)diazepine, 5-(2-chlorophenyl)-1,2-dihydro-3-methyl-8-(4-morpholinyl)-"
            }
        ]
    },
    "products": null,
    "international-brands": null,
    "mixtures": null,
    "packagers": null,
    "manufacturers": null,
    "prices": null,
    "categories": null,
    "affected-organisms": null,
    "dosages": null,
    "atc-codes": null,
    "ahfs-codes": null,
    "pdb-entries": null,
    "patents": null,
    "food-interactions": null,
    "drug-interactions": null,
    "calculated-properties": {
        "property": [
            {
                "kind": "Molecular Weight",
                "value": "394.86",
                "source": "ChemAxon"
            },
            {
                "kind": "Monoisotopic Weight",
                "value": "394.130887",
                "source": "ChemAxon"
            },
            {
                "kind": "SMILES",
                "value": "CC1=C2N=C(C3=CC=CC=C3Cl)C3=C(NC2=NN1)C=C(N=C3)N1CCOCC1",
                "source": "ChemAxon"
            },
            {
                "kind": "Molecular Formula",
                "value": "C20H19ClN6O",
                "source": "ChemAxon"
            },
            {
                "kind": "InChI",
                "value": "InChI=1S/C20H19ClN6O/c1-12-18-20(26-25-12)23-16-10-17(27-6-8-28-9-7-27)22-11-14(16)19(24-18)13-4-2-3-5-15(13)21/h2-5,10-11H,6-9H2,1H3,(H2,23,25,26)",
                "source": "ChemAxon"
            },
            {
                "kind": "InChIKey",
                "value": "DQFCVOOFMXEPOC-UHFFFAOYSA-N",
                "source": "ChemAxon"
            }
        ]
    },
    "experimental-properties": null,
    "external-identifiers": {
        "external-identifier": [
            {
                "resource": "ChemSpider",
                "identifier": "115008005"
            }
        ]
    },
    "external-links": null,
    "pathways": null,
    "reactions": null,
    "snp-effects": null,
    "snp-adverse-drug-reactions": null,
    "targets": null,
    "enzymes": null,
    "carriers": null,
    "transporters": null
}