{
    "type": "biotech",
    "created": "2022-12-06",
    "updated": "2022-12-08",
    "drugbank-id": [
        {
            "primary": true,
            "value": "DB17345"
        }
    ],
    "name": "MDNA-55",
    "description": null,
    "cas-number": "1236019-35-4",
    "unii": "FRY3MOL2QU",
    "groups": {
        "group": [
            "investigational"
        ]
    },
    "general-references": {
        "articles": null,
        "textbooks": null,
        "links": null,
        "attachments": null
    },
    "synthesis-reference": null,
    "indication": null,
    "pharmacodynamics": null,
    "mechanism-of-action": null,
    "toxicity": null,
    "metabolism": null,
    "absorption": null,
    "half-life": null,
    "protein-binding": null,
    "route-of-elimination": null,
    "volume-of-distribution": null,
    "clearance": null,
    "classification": {
        "description": null,
        "direct-parent": "Peptides",
        "kingdom": "Organic Compounds",
        "superclass": "Organic Acids",
        "class": "Carboxylic Acids and Derivatives",
        "subclass": "Amino Acids, Peptides, and Analogues"
    },
    "salts": null,
    "synonyms": {
        "synonym": [
            {
                "language": "english",
                "coder": "",
                "value": "Il-4 pseudomonas toxin fusion protein (il-4(38-37)-pe38kdel)"
            },
            {
                "language": "english",
                "coder": "",
                "value": "Il4-pseudomonas exotoxin fusion protein mdna55"
            }
        ]
    },
    "products": null,
    "international-brands": null,
    "mixtures": null,
    "packagers": null,
    "manufacturers": null,
    "prices": null,
    "categories": {
        "category": [
            {
                "category": "Amino Acids, Peptides, and Proteins",
                "mesh-id": "D000602"
            },
            {
                "category": "Biological Factors",
                "mesh-id": "D001685"
            },
            {
                "category": "Cytokines",
                "mesh-id": "D016207"
            },
            {
                "category": "Intercellular Signaling Peptides and Proteins",
                "mesh-id": "D036341"
            },
            {
                "category": "Interleukins",
                "mesh-id": "D007378"
            },
            {
                "category": "Peptides",
                "mesh-id": "D010455"
            },
            {
                "category": "Proteins",
                "mesh-id": "D011506"
            },
            {
                "category": "Toxins, Biological",
                "mesh-id": "D014118"
            }
        ]
    },
    "affected-organisms": null,
    "dosages": null,
    "atc-codes": null,
    "ahfs-codes": null,
    "pdb-entries": null,
    "patents": null,
    "food-interactions": null,
    "drug-interactions": null,
    "sequences": null,
    "experimental-properties": null,
    "external-identifiers": null,
    "external-links": null,
    "pathways": null,
    "reactions": null,
    "snp-effects": null,
    "snp-adverse-drug-reactions": null,
    "targets": null,
    "enzymes": null,
    "carriers": null,
    "transporters": null
}