{
    "type": "biotech",
    "created": "2022-12-07",
    "updated": "2022-12-08",
    "drugbank-id": [
        {
            "primary": true,
            "value": "DB17367"
        }
    ],
    "name": "Gavocabtagene autoleucel",
    "description": "Gavocabtagene autoleucel is a novel cell therapy consisting of autologous genetically engineered T cells expressing a single-domain antibody that recognizes human Mesothelin, fused to the CD3-epsilon subunit which, upon expression, is incorporated into the endogenous T cell receptor (TCR) complex.[L44271]",
    "cas-number": null,
    "unii": "NP6CFH3G8H",
    "groups": {
        "group": [
            "investigational"
        ]
    },
    "general-references": {
        "articles": null,
        "textbooks": null,
        "links": {
            "link": [
                {
                    "ref-id": "L44271",
                    "title": "Clinicaltrials.gov: Phase 1/2 Trial of Gavo-cel (TC-210) in Patients With Advanced Mesothelin-Expressing Cancer",
                    "url": "https://clinicaltrials.gov/ct2/show/NCT03907852"
                }
            ]
        },
        "attachments": null
    },
    "synthesis-reference": null,
    "indication": null,
    "pharmacodynamics": null,
    "mechanism-of-action": null,
    "toxicity": null,
    "metabolism": null,
    "absorption": null,
    "half-life": null,
    "protein-binding": null,
    "route-of-elimination": null,
    "volume-of-distribution": null,
    "clearance": null,
    "salts": null,
    "synonyms": {
        "synonym": [
            {
                "language": "english",
                "coder": "",
                "value": "Gavo-cel"
            }
        ]
    },
    "products": null,
    "international-brands": null,
    "mixtures": null,
    "packagers": null,
    "manufacturers": null,
    "prices": null,
    "categories": null,
    "affected-organisms": null,
    "dosages": null,
    "atc-codes": null,
    "ahfs-codes": null,
    "pdb-entries": null,
    "patents": null,
    "food-interactions": null,
    "drug-interactions": null,
    "sequences": null,
    "experimental-properties": null,
    "external-identifiers": null,
    "external-links": null,
    "pathways": null,
    "reactions": null,
    "snp-effects": null,
    "snp-adverse-drug-reactions": null,
    "targets": null,
    "enzymes": null,
    "carriers": null,
    "transporters": null
}