{
    "type": "small molecule",
    "created": "2022-11-30",
    "updated": "2022-12-01",
    "drugbank-id": [
        {
            "primary": true,
            "value": "DB17259"
        }
    ],
    "name": "Butylidenephthalide",
    "description": null,
    "cas-number": "551-08-6",
    "unii": "S9178G4B3F",
    "groups": {
        "group": [
            "investigational"
        ]
    },
    "general-references": {
        "articles": null,
        "textbooks": null,
        "links": null,
        "attachments": null
    },
    "synthesis-reference": null,
    "indication": null,
    "pharmacodynamics": null,
    "mechanism-of-action": null,
    "toxicity": null,
    "metabolism": null,
    "absorption": null,
    "half-life": null,
    "protein-binding": null,
    "route-of-elimination": null,
    "volume-of-distribution": null,
    "clearance": null,
    "salts": null,
    "synonyms": {
        "synonym": [
            {
                "language": "english",
                "coder": "",
                "value": "1(3h)-isobenzofuranone, 3-butylidene-"
            },
            {
                "language": "english",
                "coder": "",
                "value": "3-butylidenephthalide"
            },
            {
                "language": "english",
                "coder": "",
                "value": "3-butylidenephthalide, mixture of cis and trans isomers"
            },
            {
                "language": "english",
                "coder": "",
                "value": "Ligusticum lactone"
            },
            {
                "language": "english",
                "coder": "",
                "value": "N-butylidenephthalide, (e)+(z)"
            },
            {
                "language": "english",
                "coder": "",
                "value": "Phthalide, 3-butylidene-"
            }
        ]
    },
    "products": null,
    "international-brands": null,
    "mixtures": null,
    "packagers": null,
    "manufacturers": null,
    "prices": null,
    "categories": {
        "category": [
            {
                "category": "Acids, Carbocyclic",
                "mesh-id": "D000146"
            },
            {
                "category": "Anhydrides",
                "mesh-id": "D000812"
            },
            {
                "category": "Phthalic Acids",
                "mesh-id": "D010795"
            }
        ]
    },
    "affected-organisms": null,
    "dosages": null,
    "atc-codes": null,
    "ahfs-codes": null,
    "pdb-entries": null,
    "patents": null,
    "food-interactions": null,
    "drug-interactions": null,
    "calculated-properties": null,
    "experimental-properties": null,
    "external-identifiers": null,
    "external-links": null,
    "pathways": null,
    "reactions": null,
    "snp-effects": null,
    "snp-adverse-drug-reactions": null,
    "targets": null,
    "enzymes": null,
    "carriers": null,
    "transporters": null
}