{
    "type": "small molecule",
    "created": "2022-11-24",
    "updated": "2022-12-01",
    "drugbank-id": [
        {
            "primary": true,
            "value": "DB17200"
        }
    ],
    "name": "PF-4136309",
    "description": null,
    "cas-number": "1341224-83-6",
    "unii": "3M2595V4KT",
    "average-mass": 568.601,
    "monoisotopic-mass": 568.240973371,
    "groups": {
        "group": [
            "investigational"
        ]
    },
    "general-references": {
        "articles": null,
        "textbooks": null,
        "links": null,
        "attachments": null
    },
    "synthesis-reference": null,
    "indication": null,
    "pharmacodynamics": null,
    "mechanism-of-action": null,
    "toxicity": null,
    "metabolism": null,
    "absorption": null,
    "half-life": null,
    "protein-binding": null,
    "route-of-elimination": null,
    "volume-of-distribution": null,
    "clearance": null,
    "salts": null,
    "synonyms": {
        "synonym": [
            {
                "language": "english",
                "coder": "",
                "value": "Benzamide, n-(2-((3s)-3-((trans-4-hydroxy-4-(5-(2-pyrimidinyl)- 2-pyridinyl)cyclohexyl)amino)-1-pyrrolidinyl)-2-oxoethyl)-3-(trifluoromethyl)-"
            },
            {
                "language": "english",
                "coder": "",
                "value": "N-(2-((3s)-3-((trans-4-hydroxy-4-(5-(pyrimidin-2-yl)pyridin-2- yl)cyclohexyl)amino)pyrrolidin-1-yl)-2-oxoethyl)-3-(trifluoromethyl)benzamide"
            }
        ]
    },
    "products": null,
    "international-brands": null,
    "mixtures": null,
    "packagers": null,
    "manufacturers": null,
    "prices": null,
    "categories": null,
    "affected-organisms": null,
    "dosages": null,
    "atc-codes": null,
    "ahfs-codes": null,
    "pdb-entries": null,
    "patents": null,
    "food-interactions": null,
    "drug-interactions": null,
    "calculated-properties": {
        "property": [
            {
                "kind": "logP",
                "value": "1.92",
                "source": "ALOGPS"
            },
            {
                "kind": "logS",
                "value": "-4.6",
                "source": "ALOGPS"
            },
            {
                "kind": "Water Solubility",
                "value": "1.48e-02 g/l",
                "source": "ALOGPS"
            },
            {
                "kind": "logP",
                "value": "2.08",
                "source": "ChemAxon"
            },
            {
                "kind": "IUPAC Name",
                "value": "N-{2-oxo-2-[(3S)-3-{[(1r,4r)-4-hydroxy-4-[5-(pyrimidin-2-yl)pyridin-2-yl]cyclohexyl]amino}pyrrolidin-1-yl]ethyl}-3-(trifluoromethyl)benzamide",
                "source": "ChemAxon"
            },
            {
                "kind": "Traditional IUPAC Name",
                "value": "N-{2-oxo-2-[(3S)-3-{[(1r,4r)-4-hydroxy-4-[5-(pyrimidin-2-yl)pyridin-2-yl]cyclohexyl]amino}pyrrolidin-1-yl]ethyl}-3-(trifluoromethyl)benzamide",
                "source": "ChemAxon"
            },
            {
                "kind": "Molecular Weight",
                "value": "568.601",
                "source": "ChemAxon"
            },
            {
                "kind": "Monoisotopic Weight",
                "value": "568.240973371",
                "source": "ChemAxon"
            },
            {
                "kind": "SMILES",
                "value": "[H][C@@]1(CC[C@](O)(CC1)C1=CC=C(C=N1)C1=NC=CC=N1)N[C@H]1CCN(C1)C(=O)CNC(=O)C1=CC(=CC=C1)C(F)(F)F",
                "source": "ChemAxon"
            },
            {
                "kind": "Molecular Formula",
                "value": "C29H31F3N6O3",
                "source": "ChemAxon"
            },
            {
                "kind": "InChI",
                "value": "InChI=1S/C29H31F3N6O3/c30-29(31,32)21-4-1-3-19(15-21)27(40)36-17-25(39)38-14-9-23(18-38)37-22-7-10-28(41,11-8-22)24-6-5-20(16-35-24)26-33-12-2-13-34-26/h1-6,12-13,15-16,22-23,37,41H,7-11,14,17-18H2,(H,36,40)/t22-,23-,28-/m0/s1",
                "source": "ChemAxon"
            },
            {
                "kind": "InChIKey",
                "value": "ZNSVOHSYDRPBGI-LXWOLXCRSA-N",
                "source": "ChemAxon"
            },
            {
                "kind": "Polar Surface Area (PSA)",
                "value": "120.34",
                "source": "ChemAxon"
            },
            {
                "kind": "Refractivity",
                "value": "155.73",
                "source": "ChemAxon"
            },
            {
                "kind": "Polarizability",
                "value": "56.76",
                "source": "ChemAxon"
            },
            {
                "kind": "Rotatable Bond Count",
                "value": "8",
                "source": "ChemAxon"
            },
            {
                "kind": "H Bond Acceptor Count",
                "value": "7",
                "source": "ChemAxon"
            },
            {
                "kind": "H Bond Donor Count",
                "value": "3",
                "source": "ChemAxon"
            },
            {
                "kind": "pKa (strongest acidic)",
                "value": "13.36",
                "source": "ChemAxon"
            },
            {
                "kind": "pKa (strongest basic)",
                "value": "9.73",
                "source": "ChemAxon"
            },
            {
                "kind": "Physiological Charge",
                "value": "1",
                "source": "ChemAxon"
            },
            {
                "kind": "Number of Rings",
                "value": "5",
                "source": "ChemAxon"
            },
            {
                "kind": "Bioavailability",
                "value": "1",
                "source": "ChemAxon"
            },
            {
                "kind": "Rule of Five",
                "value": "0",
                "source": "ChemAxon"
            },
            {
                "kind": "Ghose Filter",
                "value": "0",
                "source": "ChemAxon"
            },
            {
                "kind": "MDDR-Like Rule",
                "value": "1",
                "source": "ChemAxon"
            }
        ]
    },
    "experimental-properties": null,
    "external-identifiers": {
        "external-identifier": [
            {
                "resource": "ChemSpider",
                "identifier": "28529027"
            },
            {
                "resource": "BindingDB",
                "identifier": "50382932"
            },
            {
                "resource": "ChEMBL",
                "identifier": "CHEMBL2029422"
            },
            {
                "resource": "ZINC",
                "identifier": "ZINC000253387968"
            }
        ]
    },
    "external-links": null,
    "pathways": null,
    "reactions": null,
    "snp-effects": null,
    "snp-adverse-drug-reactions": null,
    "targets": null,
    "enzymes": null,
    "carriers": null,
    "transporters": null
}