{
    "type": "small molecule",
    "created": "2022-11-21",
    "updated": "2022-12-01",
    "drugbank-id": [
        {
            "primary": true,
            "value": "DB17152"
        }
    ],
    "name": "DRF-1042",
    "description": null,
    "cas-number": "200619-13-2",
    "unii": "461WVF206P",
    "average-mass": 408.41,
    "monoisotopic-mass": 408.132136372,
    "groups": {
        "group": [
            "investigational"
        ]
    },
    "general-references": {
        "articles": null,
        "textbooks": null,
        "links": null,
        "attachments": null
    },
    "synthesis-reference": null,
    "indication": null,
    "pharmacodynamics": null,
    "mechanism-of-action": null,
    "toxicity": null,
    "metabolism": null,
    "absorption": null,
    "half-life": null,
    "protein-binding": null,
    "route-of-elimination": null,
    "volume-of-distribution": null,
    "clearance": null,
    "salts": null,
    "synonyms": {
        "synonym": [
            {
                "language": "english",
                "coder": "",
                "value": "1h-pyrano(3',4':6,7)indolizino(1,2-b)quinoline-3,14(4h,12h)-dione, 4-ethyl-4-hydroxy-12-(2-hydroxyethoxy)-, (4s)-"
            },
            {
                "language": "english",
                "coder": "",
                "value": "5-(2'-hydroxyethoxy)-20(s)-camptothecin"
            }
        ]
    },
    "products": null,
    "international-brands": null,
    "mixtures": null,
    "packagers": null,
    "manufacturers": null,
    "prices": null,
    "categories": {
        "category": [
            {
                "category": "Alkaloids",
                "mesh-id": "D000470"
            }
        ]
    },
    "affected-organisms": null,
    "dosages": null,
    "atc-codes": null,
    "ahfs-codes": null,
    "pdb-entries": null,
    "patents": null,
    "food-interactions": null,
    "drug-interactions": null,
    "calculated-properties": {
        "property": [
            {
                "kind": "logP",
                "value": "1.22",
                "source": "ALOGPS"
            },
            {
                "kind": "logS",
                "value": "-2.7",
                "source": "ALOGPS"
            },
            {
                "kind": "Water Solubility",
                "value": "8.48e-01 g/l",
                "source": "ALOGPS"
            },
            {
                "kind": "logP",
                "value": "0.81",
                "source": "ChemAxon"
            },
            {
                "kind": "IUPAC Name",
                "value": "(19S)-19-ethyl-19-hydroxy-12-(2-hydroxyethoxy)-17-oxa-3,13-diazapentacyclo[11.8.0.0^{2,11}.0^{4,9}.0^{15,20}]henicosa-1(21),2,4,6,8,10,15(20)-heptaene-14,18-dione",
                "source": "ChemAxon"
            },
            {
                "kind": "Traditional IUPAC Name",
                "value": "(19S)-19-ethyl-19-hydroxy-12-(2-hydroxyethoxy)-17-oxa-3,13-diazapentacyclo[11.8.0.0^{2,11}.0^{4,9}.0^{15,20}]henicosa-1(21),2,4,6,8,10,15(20)-heptaene-14,18-dione",
                "source": "ChemAxon"
            },
            {
                "kind": "Molecular Weight",
                "value": "408.41",
                "source": "ChemAxon"
            },
            {
                "kind": "Monoisotopic Weight",
                "value": "408.132136372",
                "source": "ChemAxon"
            },
            {
                "kind": "SMILES",
                "value": "CC[C@@]1(O)C(=O)OCC2=C1C=C1N(C(OCCO)C3=CC4=CC=CC=C4N=C13)C2=O",
                "source": "ChemAxon"
            },
            {
                "kind": "Molecular Formula",
                "value": "C22H20N2O6",
                "source": "ChemAxon"
            },
            {
                "kind": "InChI",
                "value": "InChI=1S/C22H20N2O6/c1-2-22(28)15-10-17-18-13(9-12-5-3-4-6-16(12)23-18)20(29-8-7-25)24(17)19(26)14(15)11-30-21(22)27/h3-6,9-10,20,25,28H,2,7-8,11H2,1H3/t20?,22-/m0/s1",
                "source": "ChemAxon"
            },
            {
                "kind": "InChIKey",
                "value": "XAKLYHGHEFMDAP-IAXKEJLGSA-N",
                "source": "ChemAxon"
            },
            {
                "kind": "Polar Surface Area (PSA)",
                "value": "109.19",
                "source": "ChemAxon"
            },
            {
                "kind": "Refractivity",
                "value": "106.57",
                "source": "ChemAxon"
            },
            {
                "kind": "Polarizability",
                "value": "41.8",
                "source": "ChemAxon"
            },
            {
                "kind": "Rotatable Bond Count",
                "value": "4",
                "source": "ChemAxon"
            },
            {
                "kind": "H Bond Acceptor Count",
                "value": "6",
                "source": "ChemAxon"
            },
            {
                "kind": "H Bond Donor Count",
                "value": "2",
                "source": "ChemAxon"
            },
            {
                "kind": "pKa (strongest acidic)",
                "value": "11.71",
                "source": "ChemAxon"
            },
            {
                "kind": "pKa (strongest basic)",
                "value": "2.83",
                "source": "ChemAxon"
            },
            {
                "kind": "Physiological Charge",
                "value": "0",
                "source": "ChemAxon"
            },
            {
                "kind": "Number of Rings",
                "value": "5",
                "source": "ChemAxon"
            },
            {
                "kind": "Bioavailability",
                "value": "1",
                "source": "ChemAxon"
            },
            {
                "kind": "Rule of Five",
                "value": "1",
                "source": "ChemAxon"
            },
            {
                "kind": "Ghose Filter",
                "value": "1",
                "source": "ChemAxon"
            },
            {
                "kind": "MDDR-Like Rule",
                "value": "0",
                "source": "ChemAxon"
            }
        ]
    },
    "experimental-properties": null,
    "external-identifiers": {
        "external-identifier": [
            {
                "resource": "ChemSpider",
                "identifier": "32702296"
            }
        ]
    },
    "external-links": null,
    "pathways": null,
    "reactions": null,
    "snp-effects": null,
    "snp-adverse-drug-reactions": null,
    "targets": null,
    "enzymes": null,
    "carriers": null,
    "transporters": null
}