{
    "type": "biotech",
    "created": "2022-11-22",
    "updated": "2022-12-01",
    "drugbank-id": [
        {
            "primary": true,
            "value": "DB17162"
        }
    ],
    "name": "ATG-101",
    "description": "ATG-101 is a novel PD-L1/4-1BB bispecific antibody that was designed to block the binding of immunosuppressive PD-1/PD-L1 and conditionally induce 4-1BB stimulation, thus activating anti-tumor immune effectors, while delivering enhanced anti-tumor activity, with an improved safety profile.[L44076]",
    "cas-number": null,
    "unii": null,
    "groups": {
        "group": [
            "investigational"
        ]
    },
    "general-references": {
        "articles": null,
        "textbooks": null,
        "links": {
            "link": [
                {
                    "ref-id": "L44076",
                    "title": "Antengene Biologics Limited: Antengene Announces ATG-101 Granted Orphan Drug Designation by the U.S. FDA",
                    "url": "https://www.antengene.com/static/upload/sofa/20220919/5da0c0f70e8d5b29cdc320ffd7762115.pdf"
                }
            ]
        },
        "attachments": null
    },
    "synthesis-reference": null,
    "indication": null,
    "pharmacodynamics": null,
    "mechanism-of-action": null,
    "toxicity": null,
    "metabolism": null,
    "absorption": null,
    "half-life": null,
    "protein-binding": null,
    "route-of-elimination": null,
    "volume-of-distribution": null,
    "clearance": null,
    "salts": null,
    "synonyms": null,
    "products": null,
    "international-brands": null,
    "mixtures": null,
    "packagers": null,
    "manufacturers": null,
    "prices": null,
    "categories": null,
    "affected-organisms": null,
    "dosages": null,
    "atc-codes": null,
    "ahfs-codes": null,
    "pdb-entries": null,
    "patents": null,
    "food-interactions": null,
    "drug-interactions": null,
    "sequences": null,
    "experimental-properties": null,
    "external-identifiers": null,
    "external-links": null,
    "pathways": null,
    "reactions": null,
    "snp-effects": null,
    "snp-adverse-drug-reactions": null,
    "targets": null,
    "enzymes": null,
    "carriers": null,
    "transporters": null
}