{
    "type": "small molecule",
    "created": "2022-12-07",
    "updated": "2023-01-03",
    "drugbank-id": [
        {
            "primary": true,
            "value": "DB17379"
        }
    ],
    "name": "(-)-Gossypol",
    "description": "(-)-Gossypol or (R)-Gossypol, is the R-isomer of [Gossypol].",
    "cas-number": "90141-22-3",
    "unii": "8DY2X8LXW4",
    "average-mass": 518.5544,
    "monoisotopic-mass": 518.194067936,
    "groups": {
        "group": [
            "investigational"
        ]
    },
    "general-references": {
        "articles": null,
        "textbooks": null,
        "links": null,
        "attachments": null
    },
    "synthesis-reference": null,
    "indication": null,
    "pharmacodynamics": null,
    "mechanism-of-action": null,
    "toxicity": null,
    "metabolism": null,
    "absorption": null,
    "half-life": null,
    "protein-binding": null,
    "route-of-elimination": null,
    "volume-of-distribution": null,
    "clearance": null,
    "classification": {
        "description": "This compound belongs to the class of organic compounds known as sesquiterpenoids. These are terpenes with three consecutive isoprene units.",
        "direct-parent": "Sesquiterpenoids",
        "kingdom": "Organic compounds",
        "superclass": "Lipids and lipid-like molecules",
        "class": "Prenol lipids",
        "subclass": "Sesquiterpenoids",
        "alternative-parent": [
            "1-hydroxy-4-unsubstituted benzenoids",
            "Aryl-aldehydes",
            "Hydrocarbon derivatives",
            "Naphthols and derivatives",
            "Organic oxides",
            "Polyols",
            "Vinylogous acids"
        ],
        "substituent": [
            "1-hydroxy-4-unsubstituted benzenoid",
            "1-naphthol",
            "2-naphthol",
            "Aldehyde",
            "Aromatic homopolycyclic compound",
            "Aryl-aldehyde",
            "Benzenoid",
            "Cadinane sesquiterpenoid",
            "Hydrocarbon derivative",
            "Naphthalene",
            "Organic oxide",
            "Organic oxygen compound",
            "Organooxygen compound",
            "Polyol",
            "Sesquiterpenoid",
            "Vinylogous acid"
        ]
    },
    "salts": null,
    "synonyms": {
        "synonym": [
            {
                "language": "english",
                "coder": "",
                "value": "(r)-2,2'-bis(8-formyl-1,6,7-trihydroxy-5-isopropyl-3-methylnaphthalene)"
            },
            {
                "language": "english",
                "coder": "",
                "value": "(r)-gossypol"
            },
            {
                "language": "english",
                "coder": "",
                "value": "Gossypol r-form"
            },
            {
                "language": "english",
                "coder": "",
                "value": "Gossypol, (r)-"
            },
            {
                "language": "english",
                "coder": "",
                "value": "Gossypol, r-"
            },
            {
                "language": "english",
                "coder": "",
                "value": "R-(-)-gossypol"
            }
        ]
    },
    "products": null,
    "international-brands": null,
    "mixtures": null,
    "packagers": null,
    "manufacturers": null,
    "prices": null,
    "categories": null,
    "affected-organisms": null,
    "dosages": null,
    "atc-codes": null,
    "ahfs-codes": null,
    "pdb-entries": null,
    "patents": null,
    "food-interactions": null,
    "drug-interactions": null,
    "calculated-properties": {
        "property": [
            {
                "kind": "logP",
                "value": "4.49",
                "source": "ALOGPS"
            },
            {
                "kind": "logS",
                "value": "-5.1",
                "source": "ALOGPS"
            },
            {
                "kind": "Water Solubility",
                "value": "3.85e-03 g/l",
                "source": "ALOGPS"
            },
            {
                "kind": "logP",
                "value": "8.02",
                "source": "ChemAxon"
            },
            {
                "kind": "IUPAC Name",
                "value": "1,1',6,6',7,7'-hexahydroxy-3,3'-dimethyl-5,5'-bis(propan-2-yl)-[2,2'-binaphthalene]-8,8'-dicarbaldehyde",
                "source": "ChemAxon"
            },
            {
                "kind": "Traditional IUPAC Name",
                "value": "(-)-gossypol",
                "source": "ChemAxon"
            },
            {
                "kind": "Molecular Weight",
                "value": "518.5544",
                "source": "ChemAxon"
            },
            {
                "kind": "Monoisotopic Weight",
                "value": "518.194067936",
                "source": "ChemAxon"
            },
            {
                "kind": "SMILES",
                "value": "CC(C)C1=C(O)C(O)=C(C=O)C2=C(O)C(=C(C)C=C12)C1=C(O)C2=C(C=C1C)C(C(C)C)=C(O)C(O)=C2C=O",
                "source": "ChemAxon"
            },
            {
                "kind": "Molecular Formula",
                "value": "C30H30O8",
                "source": "ChemAxon"
            },
            {
                "kind": "InChI",
                "value": "InChI=1S/C30H30O8/c1-11(2)19-15-7-13(5)21(27(35)23(15)17(9-31)25(33)29(19)37)22-14(6)8-16-20(12(3)4)30(38)26(34)18(10-32)24(16)28(22)36/h7-12,33-38H,1-6H3",
                "source": "ChemAxon"
            },
            {
                "kind": "InChIKey",
                "value": "QBKSWRVVCFFDOT-UHFFFAOYSA-N",
                "source": "ChemAxon"
            },
            {
                "kind": "Polar Surface Area (PSA)",
                "value": "155.52",
                "source": "ChemAxon"
            },
            {
                "kind": "Refractivity",
                "value": "147.61",
                "source": "ChemAxon"
            },
            {
                "kind": "Polarizability",
                "value": "55.98",
                "source": "ChemAxon"
            },
            {
                "kind": "Rotatable Bond Count",
                "value": "4",
                "source": "ChemAxon"
            },
            {
                "kind": "H Bond Acceptor Count",
                "value": "8",
                "source": "ChemAxon"
            },
            {
                "kind": "H Bond Donor Count",
                "value": "6",
                "source": "ChemAxon"
            },
            {
                "kind": "pKa (strongest acidic)",
                "value": "7.8",
                "source": "ChemAxon"
            },
            {
                "kind": "pKa (strongest basic)",
                "value": "-6.1",
                "source": "ChemAxon"
            },
            {
                "kind": "Physiological Charge",
                "value": "-1",
                "source": "ChemAxon"
            },
            {
                "kind": "Number of Rings",
                "value": "4",
                "source": "ChemAxon"
            },
            {
                "kind": "Bioavailability",
                "value": "0",
                "source": "ChemAxon"
            },
            {
                "kind": "Rule of Five",
                "value": "0",
                "source": "ChemAxon"
            },
            {
                "kind": "Ghose Filter",
                "value": "0",
                "source": "ChemAxon"
            },
            {
                "kind": "MDDR-Like Rule",
                "value": "0",
                "source": "ChemAxon"
            }
        ]
    },
    "experimental-properties": null,
    "external-identifiers": {
        "external-identifier": [
            {
                "resource": "BindingDB",
                "identifier": "46555"
            }
        ]
    },
    "external-links": null,
    "pathways": null,
    "reactions": null,
    "snp-effects": null,
    "snp-adverse-drug-reactions": null,
    "targets": null,
    "enzymes": null,
    "carriers": null,
    "transporters": null
}