{
    "type": "small molecule",
    "created": "2022-11-22",
    "updated": "2022-12-01",
    "drugbank-id": [
        {
            "primary": true,
            "value": "DB17163"
        }
    ],
    "name": "Senaparib",
    "description": null,
    "cas-number": "1401682-78-7",
    "unii": "MNZ4OP95CF",
    "average-mass": 478.46,
    "monoisotopic-mass": 478.156494854,
    "groups": {
        "group": [
            "investigational"
        ]
    },
    "general-references": {
        "articles": null,
        "textbooks": null,
        "links": null,
        "attachments": null
    },
    "synthesis-reference": null,
    "indication": null,
    "pharmacodynamics": null,
    "mechanism-of-action": null,
    "toxicity": null,
    "metabolism": null,
    "absorption": null,
    "half-life": null,
    "protein-binding": null,
    "route-of-elimination": null,
    "volume-of-distribution": null,
    "clearance": null,
    "salts": null,
    "synonyms": {
        "synonym": [
            {
                "language": "english",
                "coder": "",
                "value": "2,4(1h,3h)-quinazolinedione, 5-fluoro-1-((4-fluoro-3-((4-(2-pyrimidinyl)-1-piperazinyl)carbonyl)phenyl)methyl)-"
            },
            {
                "language": "english",
                "coder": "",
                "value": "5-fluoro-1-((4-fluoro-3-((4-(2-pyrimidinyl)-1-piperazinyl)carbonyl)phenyl)methyl)-2,4(1h,3h)-quinazolinedione"
            }
        ]
    },
    "products": null,
    "international-brands": null,
    "mixtures": null,
    "packagers": null,
    "manufacturers": null,
    "prices": null,
    "categories": null,
    "affected-organisms": null,
    "dosages": null,
    "atc-codes": null,
    "ahfs-codes": null,
    "pdb-entries": null,
    "patents": null,
    "food-interactions": null,
    "drug-interactions": null,
    "calculated-properties": {
        "property": [
            {
                "kind": "logP",
                "value": "1.8",
                "source": "ALOGPS"
            },
            {
                "kind": "logS",
                "value": "-3.9",
                "source": "ALOGPS"
            },
            {
                "kind": "Water Solubility",
                "value": "6.26e-02 g/l",
                "source": "ALOGPS"
            },
            {
                "kind": "logP",
                "value": "2.41",
                "source": "ChemAxon"
            },
            {
                "kind": "IUPAC Name",
                "value": "5-fluoro-1-({4-fluoro-3-[4-(pyrimidin-2-yl)piperazine-1-carbonyl]phenyl}methyl)-1,2,3,4-tetrahydroquinazoline-2,4-dione",
                "source": "ChemAxon"
            },
            {
                "kind": "Traditional IUPAC Name",
                "value": "5-fluoro-1-({4-fluoro-3-[4-(pyrimidin-2-yl)piperazine-1-carbonyl]phenyl}methyl)-3H-quinazoline-2,4-dione",
                "source": "ChemAxon"
            },
            {
                "kind": "Molecular Weight",
                "value": "478.46",
                "source": "ChemAxon"
            },
            {
                "kind": "Monoisotopic Weight",
                "value": "478.156494854",
                "source": "ChemAxon"
            },
            {
                "kind": "SMILES",
                "value": "FC1=C(C=C(CN2C(=O)NC(=O)C3=C(F)C=CC=C23)C=C1)C(=O)N1CCN(CC1)C1=NC=CC=N1",
                "source": "ChemAxon"
            },
            {
                "kind": "Molecular Formula",
                "value": "C24H20F2N6O3",
                "source": "ChemAxon"
            },
            {
                "kind": "InChI",
                "value": "InChI=1S/C24H20F2N6O3/c25-17-6-5-15(14-32-19-4-1-3-18(26)20(19)21(33)29-24(32)35)13-16(17)22(34)30-9-11-31(12-10-30)23-27-7-2-8-28-23/h1-8,13H,9-12,14H2,(H,29,33,35)",
                "source": "ChemAxon"
            },
            {
                "kind": "InChIKey",
                "value": "VBTUJTGLLREMNW-UHFFFAOYSA-N",
                "source": "ChemAxon"
            },
            {
                "kind": "Polar Surface Area (PSA)",
                "value": "98.74",
                "source": "ChemAxon"
            },
            {
                "kind": "Refractivity",
                "value": "123.97",
                "source": "ChemAxon"
            },
            {
                "kind": "Polarizability",
                "value": "45.32",
                "source": "ChemAxon"
            },
            {
                "kind": "Rotatable Bond Count",
                "value": "4",
                "source": "ChemAxon"
            },
            {
                "kind": "H Bond Acceptor Count",
                "value": "6",
                "source": "ChemAxon"
            },
            {
                "kind": "H Bond Donor Count",
                "value": "1",
                "source": "ChemAxon"
            },
            {
                "kind": "pKa (strongest acidic)",
                "value": "9.1",
                "source": "ChemAxon"
            },
            {
                "kind": "pKa (strongest basic)",
                "value": "3.2",
                "source": "ChemAxon"
            },
            {
                "kind": "Physiological Charge",
                "value": "0",
                "source": "ChemAxon"
            },
            {
                "kind": "Number of Rings",
                "value": "5",
                "source": "ChemAxon"
            },
            {
                "kind": "Bioavailability",
                "value": "1",
                "source": "ChemAxon"
            },
            {
                "kind": "Rule of Five",
                "value": "1",
                "source": "ChemAxon"
            },
            {
                "kind": "Ghose Filter",
                "value": "1",
                "source": "ChemAxon"
            },
            {
                "kind": "MDDR-Like Rule",
                "value": "0",
                "source": "ChemAxon"
            }
        ]
    },
    "experimental-properties": null,
    "external-identifiers": {
        "external-identifier": [
            {
                "resource": "ChemSpider",
                "identifier": "103704755"
            },
            {
                "resource": "ChEMBL",
                "identifier": "CHEMBL4802152"
            }
        ]
    },
    "external-links": null,
    "pathways": null,
    "reactions": null,
    "snp-effects": null,
    "snp-adverse-drug-reactions": null,
    "targets": null,
    "enzymes": null,
    "carriers": null,
    "transporters": null
}