{
    "type": "biotech",
    "created": "2022-12-01",
    "updated": "2022-12-01",
    "drugbank-id": [
        {
            "primary": true,
            "value": "DB17286"
        }
    ],
    "name": "TERT-572",
    "description": null,
    "cas-number": "255706-49-1",
    "unii": "S962EH226E",
    "groups": {
        "group": [
            "investigational"
        ]
    },
    "general-references": {
        "articles": null,
        "textbooks": null,
        "links": null,
        "attachments": null
    },
    "synthesis-reference": null,
    "indication": null,
    "pharmacodynamics": null,
    "mechanism-of-action": null,
    "toxicity": null,
    "metabolism": null,
    "absorption": null,
    "half-life": null,
    "protein-binding": null,
    "route-of-elimination": null,
    "volume-of-distribution": null,
    "clearance": null,
    "salts": null,
    "synonyms": {
        "synonym": [
            {
                "language": "english",
                "coder": "",
                "value": "H-arg-leu-phe-phe-tyr-arg-lys-ser-val-oh"
            },
            {
                "language": "english",
                "coder": "",
                "value": "L-arginyl-l-leucyl-l-phenylalanyl-l-phenylalanyl-l-tyrosyl-l-arginyl-l-lysyl-l-seryl-l-valine"
            },
            {
                "language": "english",
                "coder": "",
                "value": "L-valine, l-arginyl-l-leucyl-l-phenylalanyl-l-phenylalanyl-l-tyrosyl-l-arginyl-l-lysyl-l-seryl-"
            },
            {
                "language": "english",
                "coder": "",
                "value": "Telomerase-specific vaccine VX-001 TERT-572"
            },
            {
                "language": "english",
                "coder": "",
                "value": "VX-001 component TERT-572"
            }
        ]
    },
    "products": null,
    "international-brands": null,
    "mixtures": null,
    "packagers": null,
    "manufacturers": null,
    "prices": null,
    "categories": {
        "category": [
            {
                "category": "Amino Acids, Peptides, and Proteins",
                "mesh-id": "D000602"
            },
            {
                "category": "Carrier Proteins",
                "mesh-id": "D002352"
            },
            {
                "category": "DNA Nucleotidyltransferases",
                "mesh-id": "D004254"
            },
            {
                "category": "DNA-Directed DNA Polymerase",
                "mesh-id": "D004259"
            },
            {
                "category": "Enzymes",
                "mesh-id": "D004798"
            },
            {
                "category": "Enzymes and Coenzymes",
                "mesh-id": "D045762"
            },
            {
                "category": "Nuclear Proteins",
                "mesh-id": "D009687"
            },
            {
                "category": "Nucleoproteins",
                "mesh-id": "D009698"
            },
            {
                "category": "Nucleotidyltransferases",
                "mesh-id": "D009713"
            },
            {
                "category": "Phosphotransferases",
                "mesh-id": "D010770"
            },
            {
                "category": "Poly-ADP-Ribose Binding Proteins",
                "mesh-id": "D000075223"
            },
            {
                "category": "Proteins",
                "mesh-id": "D011506"
            },
            {
                "category": "Ribonucleoproteins",
                "mesh-id": "D012261"
            },
            {
                "category": "RNA-Binding Proteins",
                "mesh-id": "D016601"
            },
            {
                "category": "RNA-Directed DNA Polymerase",
                "mesh-id": "D012194"
            },
            {
                "category": "Transferases",
                "mesh-id": "D014166"
            }
        ]
    },
    "affected-organisms": null,
    "dosages": null,
    "atc-codes": null,
    "ahfs-codes": null,
    "pdb-entries": null,
    "patents": null,
    "food-interactions": null,
    "drug-interactions": null,
    "sequences": null,
    "experimental-properties": null,
    "external-identifiers": null,
    "external-links": null,
    "pathways": null,
    "reactions": null,
    "snp-effects": null,
    "snp-adverse-drug-reactions": null,
    "targets": null,
    "enzymes": null,
    "carriers": null,
    "transporters": null
}