{
    "type": "small molecule",
    "created": "2022-11-24",
    "updated": "2022-12-01",
    "drugbank-id": [
        {
            "primary": true,
            "value": "DB17192"
        }
    ],
    "name": "WP-1122",
    "description": null,
    "cas-number": null,
    "unii": "54EAA28C5Y",
    "average-mass": 248.231,
    "monoisotopic-mass": 248.089602855,
    "groups": {
        "group": [
            "investigational"
        ]
    },
    "general-references": {
        "articles": null,
        "textbooks": null,
        "links": null,
        "attachments": null
    },
    "synthesis-reference": null,
    "indication": null,
    "pharmacodynamics": null,
    "mechanism-of-action": null,
    "toxicity": null,
    "metabolism": null,
    "absorption": null,
    "half-life": null,
    "protein-binding": null,
    "route-of-elimination": null,
    "volume-of-distribution": null,
    "clearance": null,
    "salts": null,
    "synonyms": {
        "synonym": [
            {
                "language": "english",
                "coder": "",
                "value": "3,6-di-O-acetyl-2-deoxy-D-glucopyranose"
            }
        ]
    },
    "products": null,
    "international-brands": null,
    "mixtures": null,
    "packagers": null,
    "manufacturers": null,
    "prices": null,
    "categories": null,
    "affected-organisms": null,
    "dosages": null,
    "atc-codes": null,
    "ahfs-codes": null,
    "pdb-entries": null,
    "patents": null,
    "food-interactions": null,
    "drug-interactions": null,
    "calculated-properties": {
        "property": [
            {
                "kind": "logP",
                "value": "-0.72",
                "source": "ALOGPS"
            },
            {
                "kind": "logS",
                "value": "-0.46",
                "source": "ALOGPS"
            },
            {
                "kind": "Water Solubility",
                "value": "8.64e+01 g/l",
                "source": "ALOGPS"
            },
            {
                "kind": "logP",
                "value": "-2",
                "source": "ChemAxon"
            },
            {
                "kind": "IUPAC Name",
                "value": "(3R,4R,5R)-6-(acetyloxy)-4,5-dihydroxy-1-oxohexan-3-yl acetate",
                "source": "ChemAxon"
            },
            {
                "kind": "Traditional IUPAC Name",
                "value": "altiratinib",
                "source": "ChemAxon"
            },
            {
                "kind": "Molecular Weight",
                "value": "248.231",
                "source": "ChemAxon"
            },
            {
                "kind": "Monoisotopic Weight",
                "value": "248.089602855",
                "source": "ChemAxon"
            },
            {
                "kind": "SMILES",
                "value": "[H][C@@](O)(COC(C)=O)[C@@]([H])(O)[C@@]([H])(CC=O)OC(C)=O",
                "source": "ChemAxon"
            },
            {
                "kind": "Molecular Formula",
                "value": "C10H16O7",
                "source": "ChemAxon"
            },
            {
                "kind": "InChI",
                "value": "InChI=1S/C10H16O7/c1-6(12)16-5-8(14)10(15)9(3-4-11)17-7(2)13/h4,8-10,14-15H,3,5H2,1-2H3/t8-,9-,10-/m1/s1",
                "source": "ChemAxon"
            },
            {
                "kind": "InChIKey",
                "value": "BYPTXUKSDKAPKO-OPRDCNLKSA-N",
                "source": "ChemAxon"
            },
            {
                "kind": "Polar Surface Area (PSA)",
                "value": "110.13",
                "source": "ChemAxon"
            },
            {
                "kind": "Refractivity",
                "value": "54.31",
                "source": "ChemAxon"
            },
            {
                "kind": "Polarizability",
                "value": "23.35",
                "source": "ChemAxon"
            },
            {
                "kind": "Rotatable Bond Count",
                "value": "9",
                "source": "ChemAxon"
            },
            {
                "kind": "H Bond Acceptor Count",
                "value": "5",
                "source": "ChemAxon"
            },
            {
                "kind": "H Bond Donor Count",
                "value": "2",
                "source": "ChemAxon"
            },
            {
                "kind": "pKa (strongest acidic)",
                "value": "12.91",
                "source": "ChemAxon"
            },
            {
                "kind": "pKa (strongest basic)",
                "value": "-3.5",
                "source": "ChemAxon"
            },
            {
                "kind": "Physiological Charge",
                "value": "0",
                "source": "ChemAxon"
            },
            {
                "kind": "Number of Rings",
                "value": "0",
                "source": "ChemAxon"
            },
            {
                "kind": "Bioavailability",
                "value": "1",
                "source": "ChemAxon"
            },
            {
                "kind": "Rule of Five",
                "value": "1",
                "source": "ChemAxon"
            },
            {
                "kind": "Ghose Filter",
                "value": "0",
                "source": "ChemAxon"
            },
            {
                "kind": "MDDR-Like Rule",
                "value": "0",
                "source": "ChemAxon"
            }
        ]
    },
    "experimental-properties": null,
    "external-identifiers": null,
    "external-links": null,
    "pathways": null,
    "reactions": null,
    "snp-effects": null,
    "snp-adverse-drug-reactions": null,
    "targets": null,
    "enzymes": null,
    "carriers": null,
    "transporters": null
}