{
    "type": "biotech",
    "created": "2022-12-02",
    "updated": "2022-12-03",
    "drugbank-id": [
        {
            "primary": true,
            "value": "DB17293"
        }
    ],
    "name": "Hiltonol",
    "description": null,
    "cas-number": "59789-29-6",
    "unii": "7KYP9TKT70",
    "groups": {
        "group": [
            "investigational"
        ]
    },
    "general-references": {
        "articles": null,
        "textbooks": null,
        "links": null,
        "attachments": null
    },
    "synthesis-reference": null,
    "indication": null,
    "pharmacodynamics": null,
    "mechanism-of-action": null,
    "toxicity": null,
    "metabolism": null,
    "absorption": null,
    "half-life": null,
    "protein-binding": null,
    "route-of-elimination": null,
    "volume-of-distribution": null,
    "clearance": null,
    "salts": null,
    "synonyms": {
        "synonym": [
            {
                "language": "english",
                "coder": "",
                "value": "5'-cytidylic acid, homopolymer, complex with 5'-inosinic acid homopolymer (1:1), compd. with cellulose carboxymethyl ether and l-lysine homopolymer"
            },
            {
                "language": "english",
                "coder": "",
                "value": "5'-inosinic acid, homopolymer, complex with 5'-cytidylic acid homopolymer (1:1), compd. with cellulose carboxymethyl ether and l-lysine homopolymer"
            },
            {
                "language": "english",
                "coder": "",
                "value": "L-lysine, homopolymer, compd. with cellulose carboxymethyl ether and 5'-inosinic acid homopolymer complex with 5'-cytidylic acid homopolymer"
            },
            {
                "language": "english",
                "coder": "",
                "value": "Poly-IC with poly-lysine"
            },
            {
                "language": "english",
                "coder": "",
                "value": "Poly-ICLC"
            },
            {
                "language": "english",
                "coder": "",
                "value": "Poly(ICLC)"
            }
        ]
    },
    "products": null,
    "international-brands": null,
    "mixtures": null,
    "packagers": null,
    "manufacturers": null,
    "prices": null,
    "categories": {
        "category": [
            {
                "category": "Amino Acids",
                "mesh-id": "D000596"
            },
            {
                "category": "Amino Acids, Basic",
                "mesh-id": "D024361"
            },
            {
                "category": "Amino Acids, Diamino",
                "mesh-id": "D000599"
            },
            {
                "category": "Amino Acids, Peptides, and Proteins",
                "mesh-id": "D000602"
            },
            {
                "category": "Carbohydrates",
                "mesh-id": "D002241"
            },
            {
                "category": "Cellulose",
                "mesh-id": "D002482"
            },
            {
                "category": "Glucans",
                "mesh-id": "D005936"
            },
            {
                "category": "Immunologic Factors",
                "mesh-id": "D007155"
            },
            {
                "category": "Interferon Inducers",
                "mesh-id": "D007369"
            },
            {
                "category": "Lysine",
                "mesh-id": "D008239"
            },
            {
                "category": "Nucleic Acids, Nucleotides, and Nucleosides",
                "mesh-id": "D009706"
            },
            {
                "category": "Nucleotides",
                "mesh-id": "D009711"
            },
            {
                "category": "Peptides",
                "mesh-id": "D010455"
            },
            {
                "category": "Poly C",
                "mesh-id": "D011066"
            },
            {
                "category": "Poly I",
                "mesh-id": "D011069"
            },
            {
                "category": "Polynucleotides",
                "mesh-id": "D011119"
            },
            {
                "category": "Polyribonucleotides",
                "mesh-id": "D011131"
            },
            {
                "category": "Polysaccharides",
                "mesh-id": "D011134"
            }
        ]
    },
    "affected-organisms": null,
    "dosages": null,
    "atc-codes": null,
    "ahfs-codes": null,
    "pdb-entries": null,
    "patents": null,
    "food-interactions": null,
    "drug-interactions": null,
    "sequences": null,
    "experimental-properties": null,
    "external-identifiers": null,
    "external-links": null,
    "pathways": null,
    "reactions": null,
    "snp-effects": null,
    "snp-adverse-drug-reactions": null,
    "targets": null,
    "enzymes": null,
    "carriers": null,
    "transporters": null
}