{
    "type": "biotech",
    "created": "2022-11-28",
    "updated": "2022-12-06",
    "drugbank-id": [
        {
            "primary": true,
            "value": "DB17208"
        }
    ],
    "name": "Disitamab vedotin",
    "description": "Disitamab vedotin is an antibody-drug conjugate drug targeting human epidermal growth factor receptor 2 (HER2). It is currently being investigated for cancers.[A254721]",
    "cas-number": "2136633-23-1",
    "unii": "RB3U3A1S27",
    "groups": {
        "group": [
            "investigational"
        ]
    },
    "general-references": {
        "articles": {
            "article": [
                {
                    "ref-id": "A254721",
                    "pubmed-id": "35506447",
                    "citation": "Shi F, Liu Y, Zhou X, Shen P, Xue R, Zhang M: Disitamab vedotin: a novel antibody-drug conjugates for cancer therapy. Drug Deliv. 2022 Dec;29(1):1335-1344. doi: 10.1080/10717544.2022.2069883."
                }
            ]
        },
        "textbooks": null,
        "links": null,
        "attachments": null
    },
    "synthesis-reference": null,
    "indication": null,
    "pharmacodynamics": null,
    "mechanism-of-action": null,
    "toxicity": null,
    "metabolism": null,
    "absorption": null,
    "half-life": null,
    "protein-binding": null,
    "route-of-elimination": null,
    "volume-of-distribution": null,
    "clearance": null,
    "classification": {
        "description": null,
        "direct-parent": "Peptides",
        "kingdom": "Organic Compounds",
        "superclass": "Organic Acids",
        "class": "Carboxylic Acids and Derivatives",
        "subclass": "Amino Acids, Peptides, and Analogues"
    },
    "salts": null,
    "synonyms": {
        "synonym": [
            {
                "language": "english",
                "coder": "",
                "value": "RC48"
            }
        ]
    },
    "products": null,
    "international-brands": null,
    "mixtures": null,
    "packagers": null,
    "manufacturers": null,
    "prices": null,
    "categories": {
        "category": [
            {
                "category": "Antibody-drug Conjugates",
                "mesh-id": "D018796"
            }
        ]
    },
    "affected-organisms": null,
    "dosages": null,
    "atc-codes": null,
    "ahfs-codes": null,
    "pdb-entries": null,
    "patents": null,
    "food-interactions": null,
    "drug-interactions": null,
    "sequences": null,
    "experimental-properties": null,
    "external-identifiers": null,
    "external-links": null,
    "pathways": null,
    "reactions": null,
    "snp-effects": null,
    "snp-adverse-drug-reactions": null,
    "targets": null,
    "enzymes": null,
    "carriers": null,
    "transporters": null
}