{
    "type": "small molecule",
    "created": "2022-11-30",
    "updated": "2022-12-01",
    "drugbank-id": [
        {
            "primary": true,
            "value": "DB17270"
        }
    ],
    "name": "Ceclazepide",
    "description": null,
    "cas-number": "1801749-44-9",
    "unii": "99B5ZR9276",
    "average-mass": 556.623,
    "monoisotopic-mass": 556.243418154,
    "groups": {
        "group": [
            "investigational"
        ]
    },
    "general-references": {
        "articles": null,
        "textbooks": null,
        "links": null,
        "attachments": null
    },
    "synthesis-reference": null,
    "indication": null,
    "pharmacodynamics": null,
    "mechanism-of-action": null,
    "toxicity": null,
    "metabolism": null,
    "absorption": null,
    "half-life": null,
    "protein-binding": null,
    "route-of-elimination": null,
    "volume-of-distribution": null,
    "clearance": null,
    "salts": null,
    "synonyms": {
        "synonym": [
            {
                "language": "english",
                "coder": "",
                "value": "(r)-1-(1-(4-acetoxy-3,3-dimethyl-2-oxo-butyl)-2-oxo-5-(pyridin-2-yl)-2,3-dihydro-1h-benzo(e)(1,4)diazepin-3-yl)-3-(3-methylamino-phenyl)-urea"
            },
            {
                "language": "english",
                "coder": "",
                "value": "Urea, n-((3r)-1-(4-(acetyloxy)-3,3-dimethyl-2-oxobutyl)-2,3-dihydro-2-oxo-5-(2-pyridinyl)-1h-1,4-benzodiazepin-3-yl)-n'-(3-(methylamino)phenyl)-"
            }
        ]
    },
    "products": null,
    "international-brands": null,
    "mixtures": null,
    "packagers": null,
    "manufacturers": null,
    "prices": null,
    "categories": null,
    "affected-organisms": null,
    "dosages": null,
    "atc-codes": null,
    "ahfs-codes": null,
    "pdb-entries": null,
    "patents": null,
    "food-interactions": null,
    "drug-interactions": null,
    "calculated-properties": {
        "property": [
            {
                "kind": "logP",
                "value": "3.1",
                "source": "ALOGPS"
            },
            {
                "kind": "logS",
                "value": "-5.1",
                "source": "ALOGPS"
            },
            {
                "kind": "Water Solubility",
                "value": "4.48e-03 g/l",
                "source": "ALOGPS"
            },
            {
                "kind": "logP",
                "value": "3.21",
                "source": "ChemAxon"
            },
            {
                "kind": "IUPAC Name",
                "value": "2,2-dimethyl-4-[(3R)-3-({[3-(methylamino)phenyl]carbamoyl}amino)-2-oxo-5-(pyridin-2-yl)-2,3-dihydro-1H-1,4-benzodiazepin-1-yl]-3-oxobutyl acetate",
                "source": "ChemAxon"
            },
            {
                "kind": "Traditional IUPAC Name",
                "value": "2,2-dimethyl-4-[(3R)-3-({[3-(methylamino)phenyl]carbamoyl}amino)-2-oxo-5-(pyridin-2-yl)-3H-1,4-benzodiazepin-1-yl]-3-oxobutyl acetate",
                "source": "ChemAxon"
            },
            {
                "kind": "Molecular Weight",
                "value": "556.623",
                "source": "ChemAxon"
            },
            {
                "kind": "Monoisotopic Weight",
                "value": "556.243418154",
                "source": "ChemAxon"
            },
            {
                "kind": "SMILES",
                "value": "CNC1=CC(NC(=O)N[C@@H]2N=C(C3=NC=CC=C3)C3=CC=CC=C3N(CC(=O)C(C)(C)COC(C)=O)C2=O)=CC=C1",
                "source": "ChemAxon"
            },
            {
                "kind": "Molecular Formula",
                "value": "C30H32N6O5",
                "source": "ChemAxon"
            },
            {
                "kind": "InChI",
                "value": "InChI=1S/C30H32N6O5/c1-19(37)41-18-30(2,3)25(38)17-36-24-14-6-5-12-22(24)26(23-13-7-8-15-32-23)34-27(28(36)39)35-29(40)33-21-11-9-10-20(16-21)31-4/h5-16,27,31H,17-18H2,1-4H3,(H2,33,35,40)/t27-/m0/s1",
                "source": "ChemAxon"
            },
            {
                "kind": "InChIKey",
                "value": "GPEYTRIZYSZRRK-MHZLTWQESA-N",
                "source": "ChemAxon"
            },
            {
                "kind": "Polar Surface Area (PSA)",
                "value": "142.09",
                "source": "ChemAxon"
            },
            {
                "kind": "Refractivity",
                "value": "154.37",
                "source": "ChemAxon"
            },
            {
                "kind": "Polarizability",
                "value": "58",
                "source": "ChemAxon"
            },
            {
                "kind": "Rotatable Bond Count",
                "value": "10",
                "source": "ChemAxon"
            },
            {
                "kind": "H Bond Acceptor Count",
                "value": "7",
                "source": "ChemAxon"
            },
            {
                "kind": "H Bond Donor Count",
                "value": "3",
                "source": "ChemAxon"
            },
            {
                "kind": "pKa (strongest acidic)",
                "value": "13.24",
                "source": "ChemAxon"
            },
            {
                "kind": "pKa (strongest basic)",
                "value": "4.31",
                "source": "ChemAxon"
            },
            {
                "kind": "Physiological Charge",
                "value": "0",
                "source": "ChemAxon"
            },
            {
                "kind": "Number of Rings",
                "value": "4",
                "source": "ChemAxon"
            },
            {
                "kind": "Bioavailability",
                "value": "1",
                "source": "ChemAxon"
            },
            {
                "kind": "Rule of Five",
                "value": "0",
                "source": "ChemAxon"
            },
            {
                "kind": "Ghose Filter",
                "value": "0",
                "source": "ChemAxon"
            },
            {
                "kind": "MDDR-Like Rule",
                "value": "1",
                "source": "ChemAxon"
            }
        ]
    },
    "experimental-properties": null,
    "external-identifiers": {
        "external-identifier": [
            {
                "resource": "ChemSpider",
                "identifier": "59718649"
            }
        ]
    },
    "external-links": null,
    "pathways": null,
    "reactions": null,
    "snp-effects": null,
    "snp-adverse-drug-reactions": null,
    "targets": null,
    "enzymes": null,
    "carriers": null,
    "transporters": null
}