{
    "type": "biotech",
    "created": "2022-11-22",
    "updated": "2022-12-01",
    "drugbank-id": [
        {
            "primary": true,
            "value": "DB17164"
        }
    ],
    "name": "ZB131",
    "description": "ZB131 is a monoclonal antibody with a high affinity and specificity for cancer-specific plectin (CSP), a cell surface protein identified in a wide range of cancers that correlates with poor prognosis and aggressive tumors.[L44081]",
    "cas-number": null,
    "unii": null,
    "groups": {
        "group": [
            "investigational"
        ]
    },
    "general-references": {
        "articles": null,
        "textbooks": null,
        "links": {
            "link": [
                {
                    "ref-id": "L44081",
                    "title": "PR NewsWire: ZielBio Receives Orphan Drug Designation for ZB131 for the Treatment of Cholangiocarcinoma",
                    "url": "https://www.prnewswire.com/news-releases/zielbio-receives-orphan-drug-designation-for-zb131-for-the-treatment-of-cholangiocarcinoma-301678075.html"
                }
            ]
        },
        "attachments": null
    },
    "synthesis-reference": null,
    "indication": null,
    "pharmacodynamics": null,
    "mechanism-of-action": null,
    "toxicity": null,
    "metabolism": null,
    "absorption": null,
    "half-life": null,
    "protein-binding": null,
    "route-of-elimination": null,
    "volume-of-distribution": null,
    "clearance": null,
    "salts": null,
    "synonyms": null,
    "products": null,
    "international-brands": null,
    "mixtures": null,
    "packagers": null,
    "manufacturers": null,
    "prices": null,
    "categories": null,
    "affected-organisms": null,
    "dosages": null,
    "atc-codes": null,
    "ahfs-codes": null,
    "pdb-entries": null,
    "patents": null,
    "food-interactions": null,
    "drug-interactions": null,
    "sequences": null,
    "experimental-properties": null,
    "external-identifiers": null,
    "external-links": null,
    "pathways": null,
    "reactions": null,
    "snp-effects": null,
    "snp-adverse-drug-reactions": null,
    "targets": null,
    "enzymes": null,
    "carriers": null,
    "transporters": null
}