{
    "type": "small molecule",
    "created": "2022-11-30",
    "updated": "2022-12-01",
    "drugbank-id": [
        {
            "primary": true,
            "value": "DB17269"
        }
    ],
    "name": "Cirtuvivint",
    "description": null,
    "cas-number": "2143917-62-6",
    "unii": "7T1PY32ZPH",
    "average-mass": 427.512,
    "monoisotopic-mass": 427.212058453,
    "groups": {
        "group": [
            "investigational"
        ]
    },
    "general-references": {
        "articles": null,
        "textbooks": null,
        "links": null,
        "attachments": null
    },
    "synthesis-reference": null,
    "indication": null,
    "pharmacodynamics": null,
    "mechanism-of-action": null,
    "toxicity": null,
    "metabolism": null,
    "absorption": null,
    "half-life": null,
    "protein-binding": null,
    "route-of-elimination": null,
    "volume-of-distribution": null,
    "clearance": null,
    "salts": null,
    "synonyms": {
        "synonym": [
            {
                "language": "english",
                "coder": "",
                "value": "4-pyridinecarboxamide, 2-(4-methyl-1-piperazinyl)-n-(6-(1-methyl-1h-pyrazol-4-yl)-3-isoquinolinyl)-"
            }
        ]
    },
    "products": null,
    "international-brands": null,
    "mixtures": null,
    "packagers": null,
    "manufacturers": null,
    "prices": null,
    "categories": null,
    "affected-organisms": null,
    "dosages": null,
    "atc-codes": null,
    "ahfs-codes": null,
    "pdb-entries": null,
    "patents": null,
    "food-interactions": null,
    "drug-interactions": null,
    "calculated-properties": {
        "property": [
            {
                "kind": "logP",
                "value": "2.81",
                "source": "ALOGPS"
            },
            {
                "kind": "logS",
                "value": "-3.9",
                "source": "ALOGPS"
            },
            {
                "kind": "Water Solubility",
                "value": "5.91e-02 g/l",
                "source": "ALOGPS"
            },
            {
                "kind": "logP",
                "value": "2.84",
                "source": "ChemAxon"
            },
            {
                "kind": "IUPAC Name",
                "value": "N-[6-(1-methyl-1H-pyrazol-4-yl)isoquinolin-3-yl]-2-(4-methylpiperazin-1-yl)pyridine-4-carboxamide",
                "source": "ChemAxon"
            },
            {
                "kind": "Traditional IUPAC Name",
                "value": "2-(4-methylpiperazin-1-yl)-N-[6-(1-methylpyrazol-4-yl)isoquinolin-3-yl]pyridine-4-carboxamide",
                "source": "ChemAxon"
            },
            {
                "kind": "Molecular Weight",
                "value": "427.512",
                "source": "ChemAxon"
            },
            {
                "kind": "Monoisotopic Weight",
                "value": "427.212058453",
                "source": "ChemAxon"
            },
            {
                "kind": "SMILES",
                "value": "CN1C=C(C=N1)C1=CC2=C(C=C1)C=NC(NC(=O)C1=CC=NC(=C1)N1CCN(C)CC1)=C2",
                "source": "ChemAxon"
            },
            {
                "kind": "Molecular Formula",
                "value": "C24H25N7O",
                "source": "ChemAxon"
            },
            {
                "kind": "InChI",
                "value": "InChI=1S/C24H25N7O/c1-29-7-9-31(10-8-29)23-13-18(5-6-25-23)24(32)28-22-12-20-11-17(3-4-19(20)14-26-22)21-15-27-30(2)16-21/h3-6,11-16H,7-10H2,1-2H3,(H,26,28,32)",
                "source": "ChemAxon"
            },
            {
                "kind": "InChIKey",
                "value": "BQWWOBKMDWACGC-UHFFFAOYSA-N",
                "source": "ChemAxon"
            },
            {
                "kind": "Polar Surface Area (PSA)",
                "value": "79.18",
                "source": "ChemAxon"
            },
            {
                "kind": "Refractivity",
                "value": "138.87",
                "source": "ChemAxon"
            },
            {
                "kind": "Polarizability",
                "value": "48.6",
                "source": "ChemAxon"
            },
            {
                "kind": "Rotatable Bond Count",
                "value": "4",
                "source": "ChemAxon"
            },
            {
                "kind": "H Bond Acceptor Count",
                "value": "6",
                "source": "ChemAxon"
            },
            {
                "kind": "H Bond Donor Count",
                "value": "1",
                "source": "ChemAxon"
            },
            {
                "kind": "pKa (strongest acidic)",
                "value": "14.39",
                "source": "ChemAxon"
            },
            {
                "kind": "pKa (strongest basic)",
                "value": "7.39",
                "source": "ChemAxon"
            },
            {
                "kind": "Physiological Charge",
                "value": "1",
                "source": "ChemAxon"
            },
            {
                "kind": "Number of Rings",
                "value": "5",
                "source": "ChemAxon"
            },
            {
                "kind": "Bioavailability",
                "value": "1",
                "source": "ChemAxon"
            },
            {
                "kind": "Rule of Five",
                "value": "1",
                "source": "ChemAxon"
            },
            {
                "kind": "Ghose Filter",
                "value": "0",
                "source": "ChemAxon"
            },
            {
                "kind": "MDDR-Like Rule",
                "value": "0",
                "source": "ChemAxon"
            }
        ]
    },
    "experimental-properties": null,
    "external-identifiers": {
        "external-identifier": [
            {
                "resource": "ChemSpider",
                "identifier": "115006926"
            },
            {
                "resource": "BindingDB",
                "identifier": "293424"
            },
            {
                "resource": "ChEMBL",
                "identifier": "CHEMBL4784318"
            }
        ]
    },
    "external-links": null,
    "pathways": null,
    "reactions": null,
    "snp-effects": null,
    "snp-adverse-drug-reactions": null,
    "targets": null,
    "enzymes": null,
    "carriers": null,
    "transporters": null
}