{
    "type": "small molecule",
    "created": "2022-12-05",
    "updated": "2022-12-06",
    "drugbank-id": [
        {
            "primary": true,
            "value": "DB17312"
        }
    ],
    "name": "Dotamtate Pb-212",
    "description": null,
    "cas-number": null,
    "unii": "E9N7QV53AK",
    "average-mass": 1642.66,
    "monoisotopic-mass": 1641.618999761,
    "groups": {
        "group": [
            "investigational"
        ]
    },
    "general-references": {
        "articles": null,
        "textbooks": null,
        "links": null,
        "attachments": null
    },
    "synthesis-reference": null,
    "indication": null,
    "pharmacodynamics": null,
    "mechanism-of-action": null,
    "toxicity": null,
    "metabolism": null,
    "absorption": null,
    "half-life": null,
    "protein-binding": null,
    "route-of-elimination": null,
    "volume-of-distribution": null,
    "clearance": null,
    "salts": null,
    "synonyms": {
        "synonym": [
            {
                "language": "english",
                "coder": "",
                "value": "212Pb-dotamtate"
            },
            {
                "language": "english",
                "coder": "",
                "value": "Alphamedix"
            },
            {
                "language": "english",
                "coder": "",
                "value": "Dotamtate lead Pb-212"
            },
            {
                "language": "english",
                "coder": "",
                "value": "Lead-212 dotamtate"
            }
        ]
    },
    "products": null,
    "international-brands": null,
    "mixtures": null,
    "packagers": null,
    "manufacturers": null,
    "prices": null,
    "categories": null,
    "affected-organisms": null,
    "dosages": null,
    "atc-codes": null,
    "ahfs-codes": null,
    "pdb-entries": null,
    "patents": null,
    "food-interactions": null,
    "drug-interactions": null,
    "calculated-properties": {
        "property": [
            {
                "kind": "logP",
                "value": "0.94",
                "source": "ALOGPS"
            },
            {
                "kind": "logS",
                "value": "-4",
                "source": "ALOGPS"
            },
            {
                "kind": "Water Solubility",
                "value": "1.52e-01 g/l",
                "source": "ALOGPS"
            },
            {
                "kind": "logP",
                "value": "3.45",
                "source": "ChemAxon"
            },
            {
                "kind": "IUPAC Name",
                "value": "lambda2-(212Pb)lead(2+) 2-[7-({[(1R)-1-{[(4R,7S,10S,13R,16S,19R)-10-(4-aminobutyl)-4-{[(1S,2R)-1-carboxy-2-hydroxypropyl]-C-hydroxycarbonimidoyl}-6,9,12,15,18-pentahydroxy-7-[(1R)-1-hydroxyethyl]-13-[(1H-indol-3-yl)methyl]-16-[(4-oxidophenyl)methyl]-1,2-dithia-5,8,11,14,17-pentaazacycloicosa-5,8,11,14,17-pentaen-19-yl]-C-hydroxycarbonimidoyl}-2-phenylethyl]-C-hydroxycarbonimidoyl}methyl)-4,10-bis[(C-hydroxycarbonimidoyl)methyl]-1,4,7,10-tetraazacyclododecan-1-yl]ethanimidate",
                "source": "ChemAxon"
            },
            {
                "kind": "Traditional IUPAC Name",
                "value": "lambda2-(212Pb)lead(2+) 2-[7-({[(1R)-1-{[(4R,7S,10S,13R,16S,19R)-10-(4-aminobutyl)-4-{[(1S,2R)-1-carboxy-2-hydroxypropyl]-C-hydroxycarbonimidoyl}-6,9,12,15,18-pentahydroxy-7-[(1R)-1-hydroxyethyl]-13-(1H-indol-3-ylmethyl)-16-[(4-oxidophenyl)methyl]-1,2-dithia-5,8,11,14,17-pentaazacycloicosa-5,8,11,14,17-pentaen-19-yl]-C-hydroxycarbonimidoyl}-2-phenylethyl]-C-hydroxycarbonimidoyl}methyl)-4,10-bis(C-hydroxycarbonimidoylmethyl)-1,4,7,10-tetraazacyclododecan-1-yl]ethanimidate",
                "source": "ChemAxon"
            },
            {
                "kind": "Molecular Weight",
                "value": "1642.66",
                "source": "ChemAxon"
            },
            {
                "kind": "Monoisotopic Weight",
                "value": "1641.618999761",
                "source": "ChemAxon"
            },
            {
                "kind": "SMILES",
                "value": "[212Pb++].[H][C@](C)(O)[C@]([H])(N=C(O)[C@]1([H])CSSC[C@]([H])(N=C(O)[C@@]([H])(CC2=CC=CC=C2)N=C(O)CN2CCN(CC(O)=N)CCN(CC([O-])=N)CCN(CC(O)=N)CC2)C(O)=N[C@@]([H])(CC2=CC=C([O-])C=C2)C(O)=N[C@]([H])(CC2=CNC3=CC=CC=C23)C(O)=N[C@@]([H])(CCCCN)C(O)=N[C@]([H])(C(O)=N1)[C@@]([H])(C)O)C(O)=O",
                "source": "ChemAxon"
            },
            {
                "kind": "Molecular Formula",
                "value": "C65H91N17O16PbS2",
                "source": "ChemAxon"
            },
            {
                "kind": "InChI",
                "value": "InChI=1S/C65H93N17O16S2.Pb/c1-38(83)56-64(96)76-51(63(95)78-57(39(2)84)65(97)98)37-100-99-36-50(75-59(91)47(28-40-10-4-3-5-11-40)71-55(89)35-82-26-24-80(33-53(68)87)22-20-79(32-52(67)86)21-23-81(25-27-82)34-54(69)88)62(94)73-48(29-41-15-17-43(85)18-16-41)60(92)74-49(30-42-31-70-45-13-7-6-12-44(42)45)61(93)72-46(58(90)77-56)14-8-9-19-66;/h3-7,10-13,15-18,31,38-39,46-51,56-57,70,83-85H,8-9,14,19-30,32-37,66H2,1-2H3,(H2,67,86)(H2,68,87)(H2,69,88)(H,71,89)(H,72,93)(H,73,94)(H,74,92)(H,75,91)(H,76,96)(H,77,90)(H,78,95)(H,97,98);/q;+2/p-2/t38-,39-,46+,47-,48+,49-,50+,51+,56+,57+;/m1./s1/i;1+5",
                "source": "ChemAxon"
            },
            {
                "kind": "InChIKey",
                "value": "XWRQOPLCTVHUPG-DGSPUKEMSA-L",
                "source": "ChemAxon"
            },
            {
                "kind": "Polar Surface Area (PSA)",
                "value": "551.38",
                "source": "ChemAxon"
            },
            {
                "kind": "Refractivity",
                "value": "428.38",
                "source": "ChemAxon"
            },
            {
                "kind": "Polarizability",
                "value": "147.53",
                "source": "ChemAxon"
            },
            {
                "kind": "Rotatable Bond Count",
                "value": "26",
                "source": "ChemAxon"
            },
            {
                "kind": "H Bond Acceptor Count",
                "value": "32",
                "source": "ChemAxon"
            },
            {
                "kind": "H Bond Donor Count",
                "value": "18",
                "source": "ChemAxon"
            },
            {
                "kind": "pKa (strongest acidic)",
                "value": "2.48",
                "source": "ChemAxon"
            },
            {
                "kind": "Physiological Charge",
                "value": "0",
                "source": "ChemAxon"
            },
            {
                "kind": "Number of Rings",
                "value": "6",
                "source": "ChemAxon"
            },
            {
                "kind": "Bioavailability",
                "value": "0",
                "source": "ChemAxon"
            },
            {
                "kind": "Rule of Five",
                "value": "0",
                "source": "ChemAxon"
            },
            {
                "kind": "Ghose Filter",
                "value": "0",
                "source": "ChemAxon"
            },
            {
                "kind": "MDDR-Like Rule",
                "value": "1",
                "source": "ChemAxon"
            }
        ]
    },
    "experimental-properties": null,
    "external-identifiers": null,
    "external-links": null,
    "pathways": null,
    "reactions": null,
    "snp-effects": null,
    "snp-adverse-drug-reactions": null,
    "targets": null,
    "enzymes": null,
    "carriers": null,
    "transporters": null
}