{
    "type": "small molecule",
    "created": "2022-11-30",
    "updated": "2022-12-01",
    "drugbank-id": [
        {
            "primary": true,
            "value": "DB17260"
        }
    ],
    "name": "Minnelide free acid",
    "description": null,
    "cas-number": "1254885-39-6",
    "unii": "15OP6DI2OA",
    "average-mass": 470.411,
    "monoisotopic-mass": 470.134184067,
    "groups": {
        "group": [
            "investigational"
        ]
    },
    "general-references": {
        "articles": null,
        "textbooks": null,
        "links": null,
        "attachments": null
    },
    "synthesis-reference": null,
    "indication": null,
    "pharmacodynamics": null,
    "mechanism-of-action": null,
    "toxicity": null,
    "metabolism": null,
    "absorption": null,
    "half-life": null,
    "protein-binding": null,
    "route-of-elimination": null,
    "volume-of-distribution": null,
    "clearance": null,
    "salts": null,
    "synonyms": {
        "synonym": [
            {
                "language": "english",
                "coder": "",
                "value": "Trisoxireno(4b,5:6,7:8a,9)phenanthro(1,2-c)furan-1(3h)-one, 3b,4,4a,6,6a,7a,7b,8b,9,10-decahydro-8b-methyl-6a-(1-methylethyl)-6-((phosphonooxy)methoxy)-, (3bs,4as,5ar,6r,6as,7as,7bs,8as,8bs)-"
            }
        ]
    },
    "products": null,
    "international-brands": null,
    "mixtures": null,
    "packagers": null,
    "manufacturers": null,
    "prices": null,
    "categories": {
        "category": [
            {
                "category": "Alkylating Drugs",
                "mesh-id": "D000477"
            },
            {
                "category": "Antineoplastic Agents",
                "mesh-id": "D000970"
            },
            {
                "category": "Antineoplastic Agents, Alkylating",
                "mesh-id": "D018906"
            },
            {
                "category": "Ethers",
                "mesh-id": "D004987"
            },
            {
                "category": "Ethers, Cyclic",
                "mesh-id": "D004988"
            },
            {
                "category": "Noxae",
                "mesh-id": "D009676"
            },
            {
                "category": "Organophosphorus Compounds",
                "mesh-id": "D009943"
            },
            {
                "category": "Terpenes",
                "mesh-id": "D013729"
            },
            {
                "category": "Toxic Actions",
                "mesh-id": "D004786"
            }
        ]
    },
    "affected-organisms": null,
    "dosages": null,
    "atc-codes": null,
    "ahfs-codes": null,
    "pdb-entries": null,
    "patents": null,
    "food-interactions": null,
    "drug-interactions": null,
    "calculated-properties": {
        "property": [
            {
                "kind": "logP",
                "value": "1.15",
                "source": "ALOGPS"
            },
            {
                "kind": "logS",
                "value": "-2",
                "source": "ALOGPS"
            },
            {
                "kind": "Water Solubility",
                "value": "5.31e+00 g/l",
                "source": "ALOGPS"
            },
            {
                "kind": "logP",
                "value": "1.27",
                "source": "ChemAxon"
            },
            {
                "kind": "IUPAC Name",
                "value": "({[(1S,2S,4S,5S,7S,8R,9R,11S,13S)-1-methyl-17-oxo-7-(propan-2-yl)-3,6,10,16-tetraoxaheptacyclo[11.7.0.0^{2,4}.0^{2,9}.0^{5,7}.0^{9,11}.0^{14,18}]icos-14(18)-en-8-yl]oxy}methoxy)phosphonic acid",
                "source": "ChemAxon"
            },
            {
                "kind": "Traditional IUPAC Name",
                "value": "{[(1S,2S,4S,5S,7S,8R,9R,11S,13S)-7-isopropyl-1-methyl-17-oxo-3,6,10,16-tetraoxaheptacyclo[11.7.0.0^{2,4}.0^{2,9}.0^{5,7}.0^{9,11}.0^{14,18}]icos-14(18)-en-8-yl]oxy}methoxyphosphonic acid",
                "source": "ChemAxon"
            },
            {
                "kind": "Molecular Weight",
                "value": "470.411",
                "source": "ChemAxon"
            },
            {
                "kind": "Monoisotopic Weight",
                "value": "470.134184067",
                "source": "ChemAxon"
            },
            {
                "kind": "SMILES",
                "value": "[H][C@@]12C[C@@H]3O[C@@]33[C@H](OCOP(O)(O)=O)[C@]4(O[C@H]4[C@@H]4O[C@]34[C@@]1(C)CCC1=C2COC1=O)C(C)C",
                "source": "ChemAxon"
            },
            {
                "kind": "Molecular Formula",
                "value": "C21H27O10P",
                "source": "ChemAxon"
            },
            {
                "kind": "InChI",
                "value": "InChI=1S/C21H27O10P/c1-9(2)19-14(30-19)15-21(31-15)18(3)5-4-10-11(7-26-16(10)22)12(18)6-13-20(21,29-13)17(19)27-8-28-32(23,24)25/h9,12-15,17H,4-8H2,1-3H3,(H2,23,24,25)/t12-,13-,14-,15-,17+,18-,19-,20+,21+/m0/s1",
                "source": "ChemAxon"
            },
            {
                "kind": "InChIKey",
                "value": "QROUIGQWVUTWFM-RWBWCDHPSA-N",
                "source": "ChemAxon"
            },
            {
                "kind": "Polar Surface Area (PSA)",
                "value": "139.88",
                "source": "ChemAxon"
            },
            {
                "kind": "Refractivity",
                "value": "103.99",
                "source": "ChemAxon"
            },
            {
                "kind": "Polarizability",
                "value": "44.6",
                "source": "ChemAxon"
            },
            {
                "kind": "Rotatable Bond Count",
                "value": "5",
                "source": "ChemAxon"
            },
            {
                "kind": "H Bond Acceptor Count",
                "value": "8",
                "source": "ChemAxon"
            },
            {
                "kind": "H Bond Donor Count",
                "value": "2",
                "source": "ChemAxon"
            },
            {
                "kind": "pKa (strongest acidic)",
                "value": "1.46",
                "source": "ChemAxon"
            },
            {
                "kind": "pKa (strongest basic)",
                "value": "-3.7",
                "source": "ChemAxon"
            },
            {
                "kind": "Physiological Charge",
                "value": "-2",
                "source": "ChemAxon"
            },
            {
                "kind": "Number of Rings",
                "value": "7",
                "source": "ChemAxon"
            },
            {
                "kind": "Bioavailability",
                "value": "1",
                "source": "ChemAxon"
            },
            {
                "kind": "Rule of Five",
                "value": "1",
                "source": "ChemAxon"
            },
            {
                "kind": "Ghose Filter",
                "value": "1",
                "source": "ChemAxon"
            },
            {
                "kind": "MDDR-Like Rule",
                "value": "0",
                "source": "ChemAxon"
            }
        ]
    },
    "experimental-properties": null,
    "external-identifiers": {
        "external-identifier": [
            {
                "resource": "ChemSpider",
                "identifier": "32741759"
            },
            {
                "resource": "ChEMBL",
                "identifier": "CHEMBL3742465"
            },
            {
                "resource": "ZINC",
                "identifier": "ZINC000072400677"
            }
        ]
    },
    "external-links": null,
    "pathways": null,
    "reactions": null,
    "snp-effects": null,
    "snp-adverse-drug-reactions": null,
    "targets": null,
    "enzymes": null,
    "carriers": null,
    "transporters": null
}