{
    "type": "small molecule",
    "created": "2022-11-24",
    "updated": "2022-12-13",
    "drugbank-id": [
        {
            "primary": true,
            "value": "DB17180"
        }
    ],
    "name": "KX-2361",
    "description": null,
    "cas-number": "897016-26-1",
    "unii": "RVW387BA9U",
    "average-mass": 405.473,
    "monoisotopic-mass": 405.185255188,
    "groups": {
        "group": [
            "investigational"
        ]
    },
    "general-references": {
        "articles": null,
        "textbooks": null,
        "links": null,
        "attachments": null
    },
    "synthesis-reference": null,
    "indication": null,
    "pharmacodynamics": null,
    "mechanism-of-action": null,
    "toxicity": null,
    "metabolism": null,
    "absorption": null,
    "half-life": null,
    "protein-binding": null,
    "route-of-elimination": null,
    "volume-of-distribution": null,
    "clearance": null,
    "salts": {
        "salt": [
            {
                "drugbank-id": [
                    {
                        "primary": true,
                        "value": "DBSALT003302"
                    }
                ],
                "name": "KX-2361 Besylate",
                "unii": null,
                "cas-number": null,
                "inchikey": null
            }
        ]
    },
    "synonyms": {
        "synonym": [
            {
                "language": "english",
                "coder": "",
                "value": "2-pyridineacetamide, n-((3-fluorophenyl)methyl)-5-(4-(4-morpholinyl)phenyl)-"
            },
            {
                "language": "english",
                "coder": "",
                "value": "N-(3-fluorobenzyl)-2-(5-(4-morpholinophenyl) pyridin-2-yl) acetamide"
            }
        ]
    },
    "products": null,
    "international-brands": null,
    "mixtures": null,
    "packagers": null,
    "manufacturers": null,
    "prices": null,
    "categories": {
        "category": [
            {
                "category": "Acetates",
                "mesh-id": "D000085"
            },
            {
                "category": "Acids, Acyclic",
                "mesh-id": "D000144"
            },
            {
                "category": "Amides",
                "mesh-id": "D000577"
            },
            {
                "category": "Antimitotic Agents",
                "mesh-id": "D050256"
            },
            {
                "category": "Enzyme Inhibitors",
                "mesh-id": "D004791"
            },
            {
                "category": "Mitosis Modulators",
                "mesh-id": "D050258"
            },
            {
                "category": "Oxazines",
                "mesh-id": "D010078"
            },
            {
                "category": "Protein Kinase Inhibitors",
                "mesh-id": "D047428"
            },
            {
                "category": "Tubulin Modulators",
                "mesh-id": "D050257"
            }
        ]
    },
    "affected-organisms": null,
    "dosages": null,
    "atc-codes": null,
    "ahfs-codes": null,
    "pdb-entries": null,
    "patents": null,
    "food-interactions": null,
    "drug-interactions": null,
    "calculated-properties": {
        "property": [
            {
                "kind": "logP",
                "value": "3.55",
                "source": "ALOGPS"
            },
            {
                "kind": "logS",
                "value": "-4.4",
                "source": "ALOGPS"
            },
            {
                "kind": "Water Solubility",
                "value": "1.60e-02 g/l",
                "source": "ALOGPS"
            },
            {
                "kind": "logP",
                "value": "3.6",
                "source": "ChemAxon"
            },
            {
                "kind": "IUPAC Name",
                "value": "N-[(3-fluorophenyl)methyl]-2-{5-[4-(morpholin-4-yl)phenyl]pyridin-2-yl}acetamide",
                "source": "ChemAxon"
            },
            {
                "kind": "Traditional IUPAC Name",
                "value": "N-[(3-fluorophenyl)methyl]-2-{5-[4-(morpholin-4-yl)phenyl]pyridin-2-yl}acetamide",
                "source": "ChemAxon"
            },
            {
                "kind": "Molecular Weight",
                "value": "405.473",
                "source": "ChemAxon"
            },
            {
                "kind": "Monoisotopic Weight",
                "value": "405.185255188",
                "source": "ChemAxon"
            },
            {
                "kind": "SMILES",
                "value": "FC1=CC=CC(CNC(=O)CC2=NC=C(C=C2)C2=CC=C(C=C2)N2CCOCC2)=C1",
                "source": "ChemAxon"
            },
            {
                "kind": "Molecular Formula",
                "value": "C24H24FN3O2",
                "source": "ChemAxon"
            },
            {
                "kind": "InChI",
                "value": "InChI=1S/C24H24FN3O2/c25-21-3-1-2-18(14-21)16-27-24(29)15-22-7-4-20(17-26-22)19-5-8-23(9-6-19)28-10-12-30-13-11-28/h1-9,14,17H,10-13,15-16H2,(H,27,29)",
                "source": "ChemAxon"
            },
            {
                "kind": "InChIKey",
                "value": "CMKKPJNMYLOUCE-UHFFFAOYSA-N",
                "source": "ChemAxon"
            },
            {
                "kind": "Polar Surface Area (PSA)",
                "value": "54.46",
                "source": "ChemAxon"
            },
            {
                "kind": "Refractivity",
                "value": "115.02",
                "source": "ChemAxon"
            },
            {
                "kind": "Polarizability",
                "value": "43.49",
                "source": "ChemAxon"
            },
            {
                "kind": "Rotatable Bond Count",
                "value": "6",
                "source": "ChemAxon"
            },
            {
                "kind": "H Bond Acceptor Count",
                "value": "4",
                "source": "ChemAxon"
            },
            {
                "kind": "H Bond Donor Count",
                "value": "1",
                "source": "ChemAxon"
            },
            {
                "kind": "pKa (strongest acidic)",
                "value": "15.12",
                "source": "ChemAxon"
            },
            {
                "kind": "pKa (strongest basic)",
                "value": "3.97",
                "source": "ChemAxon"
            },
            {
                "kind": "Physiological Charge",
                "value": "0",
                "source": "ChemAxon"
            },
            {
                "kind": "Number of Rings",
                "value": "4",
                "source": "ChemAxon"
            },
            {
                "kind": "Bioavailability",
                "value": "1",
                "source": "ChemAxon"
            },
            {
                "kind": "Rule of Five",
                "value": "1",
                "source": "ChemAxon"
            },
            {
                "kind": "Ghose Filter",
                "value": "1",
                "source": "ChemAxon"
            },
            {
                "kind": "MDDR-Like Rule",
                "value": "1",
                "source": "ChemAxon"
            }
        ]
    },
    "experimental-properties": null,
    "external-identifiers": {
        "external-identifier": [
            {
                "resource": "ChemSpider",
                "identifier": "9720699"
            },
            {
                "resource": "BindingDB",
                "identifier": "50517924"
            },
            {
                "resource": "ChEMBL",
                "identifier": "CHEMBL4297299"
            }
        ]
    },
    "external-links": null,
    "pathways": null,
    "reactions": null,
    "snp-effects": null,
    "snp-adverse-drug-reactions": null,
    "targets": null,
    "enzymes": null,
    "carriers": null,
    "transporters": null
}