{
    "type": "small molecule",
    "created": "2022-11-24",
    "updated": "2022-12-01",
    "drugbank-id": [
        {
            "primary": true,
            "value": "DB17202"
        }
    ],
    "name": "Apomorphine palmitate",
    "description": null,
    "cas-number": "42337-33-7",
    "unii": "622ULQ7RBO",
    "average-mass": 744.158,
    "monoisotopic-mass": 743.585259963,
    "groups": {
        "group": [
            "investigational"
        ]
    },
    "general-references": {
        "articles": null,
        "textbooks": null,
        "links": null,
        "attachments": null
    },
    "synthesis-reference": null,
    "indication": null,
    "pharmacodynamics": null,
    "mechanism-of-action": null,
    "toxicity": null,
    "metabolism": null,
    "absorption": null,
    "half-life": null,
    "protein-binding": null,
    "route-of-elimination": null,
    "volume-of-distribution": null,
    "clearance": null,
    "salts": null,
    "synonyms": {
        "synonym": [
            {
                "language": "english",
                "coder": "",
                "value": "Dihexadecanoylapomorphine"
            },
            {
                "language": "english",
                "coder": "",
                "value": "Dipalmitoyl apomorphine"
            },
            {
                "language": "english",
                "coder": "",
                "value": "Hexadecanoic acid, 5,6,6a,7-tetrahydro-6-methyl-4h-dibenzo(de,g)quinoline-10,11-diyl ester, (r)-"
            }
        ]
    },
    "products": null,
    "international-brands": null,
    "mixtures": null,
    "packagers": null,
    "manufacturers": null,
    "prices": null,
    "categories": null,
    "affected-organisms": null,
    "dosages": null,
    "atc-codes": null,
    "ahfs-codes": null,
    "pdb-entries": null,
    "patents": null,
    "food-interactions": null,
    "drug-interactions": null,
    "calculated-properties": {
        "property": [
            {
                "kind": "logP",
                "value": "10.59",
                "source": "ALOGPS"
            },
            {
                "kind": "logS",
                "value": "-8.6",
                "source": "ALOGPS"
            },
            {
                "kind": "Water Solubility",
                "value": "1.94e-06 g/l",
                "source": "ALOGPS"
            },
            {
                "kind": "logP",
                "value": "15.88",
                "source": "ChemAxon"
            },
            {
                "kind": "IUPAC Name",
                "value": "(9R)-4-(hexadecanoyloxy)-10-methyl-10-azatetracyclo[7.7.1.0^{2,7}.0^{13,17}]heptadeca-1(17),2(7),3,5,13,15-hexaen-3-yl hexadecanoate",
                "source": "ChemAxon"
            },
            {
                "kind": "Traditional IUPAC Name",
                "value": "(9R)-4-(hexadecanoyloxy)-10-methyl-10-azatetracyclo[7.7.1.0^{2,7}.0^{13,17}]heptadeca-1(17),2(7),3,5,13,15-hexaen-3-yl hexadecanoate",
                "source": "ChemAxon"
            },
            {
                "kind": "Molecular Weight",
                "value": "744.158",
                "source": "ChemAxon"
            },
            {
                "kind": "Monoisotopic Weight",
                "value": "743.585259963",
                "source": "ChemAxon"
            },
            {
                "kind": "SMILES",
                "value": "[H][C@@]12CC3=C(C(OC(=O)CCCCCCCCCCCCCCC)=C(OC(=O)CCCCCCCCCCCCCCC)C=C3)C3=C1C(CCN2C)=CC=C3",
                "source": "ChemAxon"
            },
            {
                "kind": "Molecular Formula",
                "value": "C49H77NO4",
                "source": "ChemAxon"
            },
            {
                "kind": "InChI",
                "value": "InChI=1S/C49H77NO4/c1-4-6-8-10-12-14-16-18-20-22-24-26-28-33-45(51)53-44-36-35-41-39-43-47-40(37-38-50(43)3)31-30-32-42(47)48(41)49(44)54-46(52)34-29-27-25-23-21-19-17-15-13-11-9-7-5-2/h30-32,35-36,43H,4-29,33-34,37-39H2,1-3H3/t43-/m1/s1",
                "source": "ChemAxon"
            },
            {
                "kind": "InChIKey",
                "value": "MAFITCMHQZUUQZ-VZUYHUTRSA-N",
                "source": "ChemAxon"
            },
            {
                "kind": "Polar Surface Area (PSA)",
                "value": "55.84",
                "source": "ChemAxon"
            },
            {
                "kind": "Refractivity",
                "value": "227.17",
                "source": "ChemAxon"
            },
            {
                "kind": "Polarizability",
                "value": "97.07",
                "source": "ChemAxon"
            },
            {
                "kind": "Rotatable Bond Count",
                "value": "32",
                "source": "ChemAxon"
            },
            {
                "kind": "H Bond Acceptor Count",
                "value": "3",
                "source": "ChemAxon"
            },
            {
                "kind": "H Bond Donor Count",
                "value": "0",
                "source": "ChemAxon"
            },
            {
                "kind": "pKa (strongest basic)",
                "value": "7.61",
                "source": "ChemAxon"
            },
            {
                "kind": "Physiological Charge",
                "value": "1",
                "source": "ChemAxon"
            },
            {
                "kind": "Number of Rings",
                "value": "4",
                "source": "ChemAxon"
            },
            {
                "kind": "Bioavailability",
                "value": "0",
                "source": "ChemAxon"
            },
            {
                "kind": "Rule of Five",
                "value": "0",
                "source": "ChemAxon"
            },
            {
                "kind": "Ghose Filter",
                "value": "0",
                "source": "ChemAxon"
            },
            {
                "kind": "MDDR-Like Rule",
                "value": "1",
                "source": "ChemAxon"
            }
        ]
    },
    "experimental-properties": null,
    "external-identifiers": {
        "external-identifier": [
            {
                "resource": "ChemSpider",
                "identifier": "81367739"
            }
        ]
    },
    "external-links": null,
    "pathways": null,
    "reactions": null,
    "snp-effects": null,
    "snp-adverse-drug-reactions": null,
    "targets": null,
    "enzymes": null,
    "carriers": null,
    "transporters": null
}