{
    "type": "small molecule",
    "created": "2022-12-05",
    "updated": "2022-12-06",
    "drugbank-id": [
        {
            "primary": true,
            "value": "DB17319"
        }
    ],
    "name": "Aroplatin",
    "description": null,
    "cas-number": "114488-24-3",
    "unii": "J7M4Z2D183",
    "groups": {
        "group": [
            "investigational"
        ]
    },
    "general-references": {
        "articles": null,
        "textbooks": null,
        "links": null,
        "attachments": null
    },
    "synthesis-reference": null,
    "indication": null,
    "pharmacodynamics": null,
    "mechanism-of-action": null,
    "toxicity": null,
    "metabolism": null,
    "absorption": null,
    "half-life": null,
    "protein-binding": null,
    "route-of-elimination": null,
    "volume-of-distribution": null,
    "clearance": null,
    "salts": null,
    "synonyms": {
        "synonym": [
            {
                "language": "english",
                "coder": "",
                "value": "cis-bis-neodecanoato-trans-R,R-1,2-diaminocyclohexane-Pt (II)"
            },
            {
                "language": "english",
                "coder": "",
                "value": "L-NDDP"
            }
        ]
    },
    "products": null,
    "international-brands": null,
    "mixtures": null,
    "packagers": null,
    "manufacturers": null,
    "prices": null,
    "categories": {
        "category": [
            {
                "category": "Antineoplastic Agents",
                "mesh-id": "D000970"
            },
            {
                "category": "Organometallic Compounds",
                "mesh-id": "D009942"
            }
        ]
    },
    "affected-organisms": null,
    "dosages": null,
    "atc-codes": null,
    "ahfs-codes": null,
    "pdb-entries": null,
    "patents": null,
    "food-interactions": null,
    "drug-interactions": null,
    "calculated-properties": null,
    "experimental-properties": null,
    "external-identifiers": null,
    "external-links": null,
    "pathways": null,
    "reactions": null,
    "snp-effects": null,
    "snp-adverse-drug-reactions": null,
    "targets": null,
    "enzymes": null,
    "carriers": null,
    "transporters": null
}