{
    "type": "small molecule",
    "created": "2022-11-30",
    "updated": "2022-12-01",
    "drugbank-id": [
        {
            "primary": true,
            "value": "DB17257"
        }
    ],
    "name": "JS-K",
    "description": null,
    "cas-number": "205432-12-8",
    "unii": "80P1Q21652",
    "average-mass": 384.305,
    "monoisotopic-mass": 384.102961499,
    "groups": {
        "group": [
            "investigational"
        ]
    },
    "general-references": {
        "articles": null,
        "textbooks": null,
        "links": null,
        "attachments": null
    },
    "synthesis-reference": null,
    "indication": null,
    "pharmacodynamics": null,
    "mechanism-of-action": null,
    "toxicity": null,
    "metabolism": null,
    "absorption": null,
    "half-life": null,
    "protein-binding": null,
    "route-of-elimination": null,
    "volume-of-distribution": null,
    "clearance": null,
    "salts": null,
    "synonyms": {
        "synonym": [
            {
                "language": "english",
                "coder": "",
                "value": "1-piperazinecarboxylic acid, 4-((2,4-dinitrophenoxy)-nno-azoxy)-, ethyl ester"
            },
            {
                "language": "english",
                "coder": "",
                "value": "1-piperazinecarboxylic acid, 4-(2-(2,4-dinitrophenoxy)-1-oxidodiazenyl)-, ethyl ester"
            },
            {
                "language": "english",
                "coder": "",
                "value": "O2-(2,4-dinitrophenyl) 1-((4-ethoxycarbonyl)piperazin-1-yl)diazen-1-ium-1,2-diolate"
            },
            {
                "language": "english",
                "coder": "",
                "value": "O2-(2,4-dinitrophenyl) 1-((4-ethoxycarbonyl)piperazin-1yl)diazen-1-ium-1,2-diolate"
            }
        ]
    },
    "products": null,
    "international-brands": null,
    "mixtures": null,
    "packagers": null,
    "manufacturers": null,
    "prices": null,
    "categories": null,
    "affected-organisms": null,
    "dosages": null,
    "atc-codes": null,
    "ahfs-codes": null,
    "pdb-entries": null,
    "patents": null,
    "food-interactions": null,
    "drug-interactions": null,
    "calculated-properties": {
        "property": [
            {
                "kind": "logP",
                "value": "1.93",
                "source": "ALOGPS"
            },
            {
                "kind": "logS",
                "value": "-3.7",
                "source": "ALOGPS"
            },
            {
                "kind": "Water Solubility",
                "value": "7.17e-02 g/l",
                "source": "ALOGPS"
            },
            {
                "kind": "logP",
                "value": "-1.4",
                "source": "ChemAxon"
            },
            {
                "kind": "IUPAC Name",
                "value": "(1Z)-2-(2,4-dinitrophenoxy)-1-[4-(ethoxycarbonyl)piperazin-1-yl]diazen-1-ium-1-olate",
                "source": "ChemAxon"
            },
            {
                "kind": "Traditional IUPAC Name",
                "value": "js-k",
                "source": "ChemAxon"
            },
            {
                "kind": "Molecular Weight",
                "value": "384.305",
                "source": "ChemAxon"
            },
            {
                "kind": "Monoisotopic Weight",
                "value": "384.102961499",
                "source": "ChemAxon"
            },
            {
                "kind": "SMILES",
                "value": "CCOC(=O)N1CCN(CC1)[N+](\\[O-])=N\\OC1=CC=C(C=C1[N+]([O-])=O)[N+]([O-])=O",
                "source": "ChemAxon"
            },
            {
                "kind": "Molecular Formula",
                "value": "C13H16N6O8",
                "source": "ChemAxon"
            },
            {
                "kind": "InChI",
                "value": "InChI=1S/C13H16N6O8/c1-2-26-13(20)15-5-7-16(8-6-15)19(25)14-27-12-4-3-10(17(21)22)9-11(12)18(23)24/h3-4,9H,2,5-8H2,1H3/b19-14-",
                "source": "ChemAxon"
            },
            {
                "kind": "InChIKey",
                "value": "DNJRNBYZLPKSHV-RGEXLXHISA-N",
                "source": "ChemAxon"
            },
            {
                "kind": "Polar Surface Area (PSA)",
                "value": "166.72",
                "source": "ChemAxon"
            },
            {
                "kind": "Refractivity",
                "value": "90.23",
                "source": "ChemAxon"
            },
            {
                "kind": "Polarizability",
                "value": "35",
                "source": "ChemAxon"
            },
            {
                "kind": "Rotatable Bond Count",
                "value": "7",
                "source": "ChemAxon"
            },
            {
                "kind": "H Bond Acceptor Count",
                "value": "8",
                "source": "ChemAxon"
            },
            {
                "kind": "H Bond Donor Count",
                "value": "0",
                "source": "ChemAxon"
            },
            {
                "kind": "pKa (strongest acidic)",
                "value": "2.86",
                "source": "ChemAxon"
            },
            {
                "kind": "pKa (strongest basic)",
                "value": "-8.1",
                "source": "ChemAxon"
            },
            {
                "kind": "Physiological Charge",
                "value": "0",
                "source": "ChemAxon"
            },
            {
                "kind": "Number of Rings",
                "value": "2",
                "source": "ChemAxon"
            },
            {
                "kind": "Bioavailability",
                "value": "1",
                "source": "ChemAxon"
            },
            {
                "kind": "Rule of Five",
                "value": "1",
                "source": "ChemAxon"
            },
            {
                "kind": "Ghose Filter",
                "value": "0",
                "source": "ChemAxon"
            },
            {
                "kind": "MDDR-Like Rule",
                "value": "0",
                "source": "ChemAxon"
            }
        ]
    },
    "experimental-properties": null,
    "external-identifiers": {
        "external-identifier": [
            {
                "resource": "ChemSpider",
                "identifier": "7847182"
            },
            {
                "resource": "ChEMBL",
                "identifier": "CHEMBL455983"
            },
            {
                "resource": "ZINC",
                "identifier": "ZINC000003992364"
            }
        ]
    },
    "external-links": null,
    "pathways": null,
    "reactions": null,
    "snp-effects": null,
    "snp-adverse-drug-reactions": null,
    "targets": null,
    "enzymes": null,
    "carriers": null,
    "transporters": null
}