{
    "type": "biotech",
    "created": "2022-11-30",
    "updated": "2022-12-01",
    "drugbank-id": [
        {
            "primary": true,
            "value": "DB17262"
        }
    ],
    "name": "GALE-301",
    "description": "GALE-301 is an investigational cancer immunotherapy. It is made up of E39, an immunogenic peptide derived from the folate binding protein (FBP), and an immune adjuvant, granulocyte macrophage-colony stimulating factor (GM-CSF).[A254696,L44166,L44171]",
    "cas-number": null,
    "unii": null,
    "groups": {
        "group": [
            "investigational"
        ]
    },
    "general-references": {
        "articles": {
            "article": [
                {
                    "ref-id": "A254696",
                    "pubmed-id": "31274231",
                    "citation": "Brown TA, Byrd K, Vreeland TJ, Clifton GT, Jackson DO, Hale DF, Herbert GS, Myers JW, Greene JM, Berry JS, Martin J, Elkas JC, Conrads TP, Darcy KM, Hamilton CA, Maxwel GL, Peoples GE: Final analysis of a phase I/IIa trial of the folate-binding protein-derived E39 peptide vaccine to prevent recurrence in ovarian and endometrial cancer patients. Cancer Med. 2019 Aug;8(10):4678-4687. doi: 10.1002/cam4.2378. Epub 2019 Jul 5."
                }
            ]
        },
        "textbooks": null,
        "links": {
            "link": [
                {
                    "ref-id": "L44166",
                    "title": "Immuno-oncology News: GALE-301",
                    "url": "https://immuno-oncologynews.com/immuno-oncology-therapy-gale-301-is-designed-to-prevent-cancer-from-returning/"
                },
                {
                    "ref-id": "L44171",
                    "title": "BioSpace: Galena Biopharma Receives Two Orphan Drug Designations For GALE-301 And GALE-301/GALE-302",
                    "url": "https://www.biospace.com/article/releases/galena-biopharma-receives-two-orphan-drug-designations-for-gale-301-and-gale-301-gale-302-/"
                }
            ]
        },
        "attachments": null
    },
    "synthesis-reference": null,
    "indication": null,
    "pharmacodynamics": null,
    "mechanism-of-action": null,
    "toxicity": null,
    "metabolism": null,
    "absorption": null,
    "half-life": null,
    "protein-binding": null,
    "route-of-elimination": null,
    "volume-of-distribution": null,
    "clearance": null,
    "classification": {
        "description": null,
        "direct-parent": "Peptides",
        "kingdom": "Organic Compounds",
        "superclass": "Organic Acids",
        "class": "Carboxylic Acids and Derivatives",
        "subclass": "Amino Acids, Peptides, and Analogues"
    },
    "salts": null,
    "synonyms": null,
    "products": null,
    "international-brands": null,
    "mixtures": null,
    "packagers": null,
    "manufacturers": null,
    "prices": null,
    "categories": null,
    "affected-organisms": null,
    "dosages": null,
    "atc-codes": null,
    "ahfs-codes": null,
    "pdb-entries": null,
    "patents": null,
    "food-interactions": null,
    "drug-interactions": null,
    "sequences": null,
    "experimental-properties": null,
    "external-identifiers": null,
    "external-links": null,
    "pathways": null,
    "reactions": null,
    "snp-effects": null,
    "snp-adverse-drug-reactions": null,
    "targets": null,
    "enzymes": null,
    "carriers": null,
    "transporters": null
}