{
    "type": "small molecule",
    "created": "2022-11-28",
    "updated": "2022-12-01",
    "drugbank-id": [
        {
            "primary": true,
            "value": "DB17226"
        }
    ],
    "name": "Aspacytarabine",
    "description": null,
    "cas-number": "2098942-53-9",
    "unii": "JL7V54Z2BR",
    "average-mass": 358.307,
    "monoisotopic-mass": 358.112463556,
    "groups": {
        "group": [
            "investigational"
        ]
    },
    "general-references": {
        "articles": null,
        "textbooks": null,
        "links": null,
        "attachments": null
    },
    "synthesis-reference": null,
    "indication": null,
    "pharmacodynamics": null,
    "mechanism-of-action": null,
    "toxicity": null,
    "metabolism": null,
    "absorption": null,
    "half-life": null,
    "protein-binding": null,
    "route-of-elimination": null,
    "volume-of-distribution": null,
    "clearance": null,
    "salts": null,
    "synonyms": {
        "synonym": [
            {
                "language": "english",
                "coder": "",
                "value": "Astarabine"
            },
            {
                "language": "english",
                "coder": "",
                "value": "L-asparagine, n-(1-.beta.-d-arabinofuranosyl-1,2-dihydro-2-oxo-4-pyrimidinyl)-"
            },
            {
                "language": "english",
                "coder": "",
                "value": "N4-(1-.beta.-d-arabinofuranosyl-2-oxo-1,2-dihydropyrimidin-4-yl)-l-asparagine"
            }
        ]
    },
    "products": null,
    "international-brands": null,
    "mixtures": null,
    "packagers": null,
    "manufacturers": null,
    "prices": null,
    "categories": null,
    "affected-organisms": null,
    "dosages": null,
    "atc-codes": null,
    "ahfs-codes": null,
    "pdb-entries": null,
    "patents": null,
    "food-interactions": null,
    "drug-interactions": null,
    "calculated-properties": {
        "property": [
            {
                "kind": "logP",
                "value": "-2.6",
                "source": "ALOGPS"
            },
            {
                "kind": "logS",
                "value": "-1.7",
                "source": "ALOGPS"
            },
            {
                "kind": "Water Solubility",
                "value": "6.84e+00 g/l",
                "source": "ALOGPS"
            },
            {
                "kind": "logP",
                "value": "-6.1",
                "source": "ChemAxon"
            },
            {
                "kind": "IUPAC Name",
                "value": "(2S)-2-amino-3-({1-[(2R,3S,4S,5R)-3,4-dihydroxy-5-(hydroxymethyl)oxolan-2-yl]-2-oxo-1,2-dihydropyrimidin-4-yl}carbamoyl)propanoic acid",
                "source": "ChemAxon"
            },
            {
                "kind": "Traditional IUPAC Name",
                "value": "(1S,2S,3R,4S,7R,9S,10S,12R,15S)-4,12-bis(acetyloxy)-9-{[(2,3-dihydroxypropoxy)carbonyl]oxy}-1-hydroxy-15-{[(2R,3S)-2-hydroxy-3-phenyl-3-(phenylformamido)propanoyl]oxy}-10,14,17,17-tetramethyl-11-oxo-6-oxatetracyclo[11.3.1.0^{3,10}.0^{4,7}]heptadec-13-en-2-yl benzoate",
                "source": "ChemAxon"
            },
            {
                "kind": "Molecular Weight",
                "value": "358.307",
                "source": "ChemAxon"
            },
            {
                "kind": "Monoisotopic Weight",
                "value": "358.112463556",
                "source": "ChemAxon"
            },
            {
                "kind": "SMILES",
                "value": "N[C@@H](CC(=O)NC1=NC(=O)N(C=C1)[C@@H]1O[C@H](CO)[C@@H](O)[C@@H]1O)C(O)=O",
                "source": "ChemAxon"
            },
            {
                "kind": "Molecular Formula",
                "value": "C13H18N4O8",
                "source": "ChemAxon"
            },
            {
                "kind": "InChI",
                "value": "InChI=1S/C13H18N4O8/c14-5(12(22)23)3-8(19)15-7-1-2-17(13(24)16-7)11-10(21)9(20)6(4-18)25-11/h1-2,5-6,9-11,18,20-21H,3-4,14H2,(H,22,23)(H,15,16,19,24)/t5-,6+,9+,10-,11+/m0/s1",
                "source": "ChemAxon"
            },
            {
                "kind": "InChIKey",
                "value": "PVPJTBAEAQVTPN-HRAQMCAYSA-N",
                "source": "ChemAxon"
            },
            {
                "kind": "Polar Surface Area (PSA)",
                "value": "195.01",
                "source": "ChemAxon"
            },
            {
                "kind": "Refractivity",
                "value": "77.88",
                "source": "ChemAxon"
            },
            {
                "kind": "Polarizability",
                "value": "33.46",
                "source": "ChemAxon"
            },
            {
                "kind": "Rotatable Bond Count",
                "value": "6",
                "source": "ChemAxon"
            },
            {
                "kind": "H Bond Acceptor Count",
                "value": "10",
                "source": "ChemAxon"
            },
            {
                "kind": "H Bond Donor Count",
                "value": "6",
                "source": "ChemAxon"
            },
            {
                "kind": "pKa (strongest acidic)",
                "value": "1.71",
                "source": "ChemAxon"
            },
            {
                "kind": "pKa (strongest basic)",
                "value": "8.43",
                "source": "ChemAxon"
            },
            {
                "kind": "Physiological Charge",
                "value": "0",
                "source": "ChemAxon"
            },
            {
                "kind": "Number of Rings",
                "value": "2",
                "source": "ChemAxon"
            },
            {
                "kind": "Bioavailability",
                "value": "1",
                "source": "ChemAxon"
            },
            {
                "kind": "Rule of Five",
                "value": "0",
                "source": "ChemAxon"
            },
            {
                "kind": "Ghose Filter",
                "value": "0",
                "source": "ChemAxon"
            },
            {
                "kind": "MDDR-Like Rule",
                "value": "0",
                "source": "ChemAxon"
            }
        ]
    },
    "experimental-properties": null,
    "external-identifiers": {
        "external-identifier": [
            {
                "resource": "ChemSpider",
                "identifier": "81368144"
            },
            {
                "resource": "ChEMBL",
                "identifier": "CHEMBL4297599"
            }
        ]
    },
    "external-links": null,
    "pathways": null,
    "reactions": null,
    "snp-effects": null,
    "snp-adverse-drug-reactions": null,
    "targets": null,
    "enzymes": null,
    "carriers": null,
    "transporters": null
}