{
    "type": "small molecule",
    "created": "2022-11-24",
    "updated": "2022-12-13",
    "drugbank-id": [
        {
            "primary": true,
            "value": "DB17197"
        }
    ],
    "name": "AMG-900",
    "description": null,
    "cas-number": "945595-80-2",
    "unii": "9R2G075611",
    "average-mass": 503.58,
    "monoisotopic-mass": 503.152829498,
    "groups": {
        "group": [
            "investigational"
        ]
    },
    "general-references": {
        "articles": null,
        "textbooks": null,
        "links": null,
        "attachments": null
    },
    "synthesis-reference": null,
    "indication": null,
    "pharmacodynamics": null,
    "mechanism-of-action": null,
    "toxicity": null,
    "metabolism": null,
    "absorption": null,
    "half-life": null,
    "protein-binding": null,
    "route-of-elimination": null,
    "volume-of-distribution": null,
    "clearance": null,
    "salts": {
        "salt": [
            {
                "drugbank-id": [
                    {
                        "primary": true,
                        "value": "DBSALT003303"
                    }
                ],
                "name": "AMG-900 Bis-Mesylate Dihydrate",
                "unii": null,
                "cas-number": null,
                "inchikey": null
            }
        ]
    },
    "synonyms": {
        "synonym": [
            {
                "language": "english",
                "coder": "",
                "value": "1-phthalazinamine, n-(4-((3-(2-amino-4-pyrimidinyl)-2-pyridinyl)oxy)phenyl)-4-(4-methyl-2-thienyl)-"
            }
        ]
    },
    "products": null,
    "international-brands": null,
    "mixtures": null,
    "packagers": null,
    "manufacturers": null,
    "prices": null,
    "categories": {
        "category": [
            {
                "category": "Protein Kinase Inhibitors",
                "mesh-id": "D047428"
            },
            {
                "category": "Pyridazines",
                "mesh-id": "D011724"
            }
        ]
    },
    "affected-organisms": null,
    "dosages": null,
    "atc-codes": null,
    "ahfs-codes": null,
    "pdb-entries": null,
    "patents": null,
    "food-interactions": null,
    "drug-interactions": null,
    "calculated-properties": {
        "property": [
            {
                "kind": "logP",
                "value": "5.2",
                "source": "ALOGPS"
            },
            {
                "kind": "logS",
                "value": "-5.7",
                "source": "ALOGPS"
            },
            {
                "kind": "Water Solubility",
                "value": "1.07e-03 g/l",
                "source": "ALOGPS"
            },
            {
                "kind": "logP",
                "value": "5.96",
                "source": "ChemAxon"
            },
            {
                "kind": "IUPAC Name",
                "value": "N-(4-{[3-(2-aminopyrimidin-4-yl)pyridin-2-yl]oxy}phenyl)-4-(4-methylthiophen-2-yl)phthalazin-1-amine",
                "source": "ChemAxon"
            },
            {
                "kind": "Traditional IUPAC Name",
                "value": "N-(4-{[3-(2-aminopyrimidin-4-yl)pyridin-2-yl]oxy}phenyl)-4-(4-methylthiophen-2-yl)phthalazin-1-amine",
                "source": "ChemAxon"
            },
            {
                "kind": "Molecular Weight",
                "value": "503.58",
                "source": "ChemAxon"
            },
            {
                "kind": "Monoisotopic Weight",
                "value": "503.152829498",
                "source": "ChemAxon"
            },
            {
                "kind": "SMILES",
                "value": "CC1=CSC(=C1)C1=NN=C(NC2=CC=C(OC3=NC=CC=C3C3=NC(N)=NC=C3)C=C2)C2=C1C=CC=C2",
                "source": "ChemAxon"
            },
            {
                "kind": "Molecular Formula",
                "value": "C28H21N7OS",
                "source": "ChemAxon"
            },
            {
                "kind": "InChI",
                "value": "InChI=1S/C28H21N7OS/c1-17-15-24(37-16-17)25-20-5-2-3-6-21(20)26(35-34-25)32-18-8-10-19(11-9-18)36-27-22(7-4-13-30-27)23-12-14-31-28(29)33-23/h2-16H,1H3,(H,32,35)(H2,29,31,33)",
                "source": "ChemAxon"
            },
            {
                "kind": "InChIKey",
                "value": "IVUGFMLRJOCGAS-UHFFFAOYSA-N",
                "source": "ChemAxon"
            },
            {
                "kind": "Polar Surface Area (PSA)",
                "value": "111.73",
                "source": "ChemAxon"
            },
            {
                "kind": "Refractivity",
                "value": "146.18",
                "source": "ChemAxon"
            },
            {
                "kind": "Polarizability",
                "value": "53.23",
                "source": "ChemAxon"
            },
            {
                "kind": "Rotatable Bond Count",
                "value": "6",
                "source": "ChemAxon"
            },
            {
                "kind": "H Bond Acceptor Count",
                "value": "7",
                "source": "ChemAxon"
            },
            {
                "kind": "H Bond Donor Count",
                "value": "2",
                "source": "ChemAxon"
            },
            {
                "kind": "pKa (strongest acidic)",
                "value": "15.31",
                "source": "ChemAxon"
            },
            {
                "kind": "pKa (strongest basic)",
                "value": "3.48",
                "source": "ChemAxon"
            },
            {
                "kind": "Physiological Charge",
                "value": "0",
                "source": "ChemAxon"
            },
            {
                "kind": "Number of Rings",
                "value": "6",
                "source": "ChemAxon"
            },
            {
                "kind": "Bioavailability",
                "value": "0",
                "source": "ChemAxon"
            },
            {
                "kind": "Rule of Five",
                "value": "0",
                "source": "ChemAxon"
            },
            {
                "kind": "Ghose Filter",
                "value": "0",
                "source": "ChemAxon"
            },
            {
                "kind": "MDDR-Like Rule",
                "value": "1",
                "source": "ChemAxon"
            }
        ]
    },
    "experimental-properties": null,
    "external-identifiers": {
        "external-identifier": [
            {
                "resource": "ChemSpider",
                "identifier": "25069678"
            },
            {
                "resource": "BindingDB",
                "identifier": "50466803"
            },
            {
                "resource": "ChEMBL",
                "identifier": "CHEMBL2140408"
            },
            {
                "resource": "ZINC",
                "identifier": "ZINC000043208325"
            }
        ]
    },
    "external-links": null,
    "pathways": null,
    "reactions": null,
    "snp-effects": null,
    "snp-adverse-drug-reactions": null,
    "targets": null,
    "enzymes": null,
    "carriers": null,
    "transporters": null
}