{
    "type": "biotech",
    "created": "2022-12-02",
    "updated": "2022-12-03",
    "drugbank-id": [
        {
            "primary": true,
            "value": "DB17302"
        }
    ],
    "name": "SNS01-T",
    "description": "SNS01-T is a gene therapy nanoparticle. It is composed of three components: a B cell-specific plasmid expressing eIF5AK50R; an siRNA that targets the native eIF5A that promotes growth/anti-apoptosis of cancer cells; and polyethylenimine.[A254706]",
    "cas-number": null,
    "unii": null,
    "groups": {
        "group": [
            "investigational"
        ]
    },
    "general-references": {
        "articles": {
            "article": [
                {
                    "ref-id": "A254706",
                    "pubmed-id": "21638795",
                    "citation": "Authors unspecified: Abstracts of the American Society of Gene & Cell Therapy 14th Annual Meeting. May 18-May 21, 2011. Seattle, Washington, USA. Mol Ther. 2011 May;19 Suppl 1:S1-361."
                }
            ]
        },
        "textbooks": null,
        "links": null,
        "attachments": null
    },
    "synthesis-reference": null,
    "indication": null,
    "pharmacodynamics": null,
    "mechanism-of-action": null,
    "toxicity": null,
    "metabolism": null,
    "absorption": null,
    "half-life": null,
    "protein-binding": null,
    "route-of-elimination": null,
    "volume-of-distribution": null,
    "clearance": null,
    "salts": null,
    "synonyms": null,
    "products": null,
    "international-brands": null,
    "mixtures": null,
    "packagers": null,
    "manufacturers": null,
    "prices": null,
    "categories": null,
    "affected-organisms": null,
    "dosages": null,
    "atc-codes": null,
    "ahfs-codes": null,
    "pdb-entries": null,
    "patents": null,
    "food-interactions": null,
    "drug-interactions": null,
    "sequences": null,
    "experimental-properties": null,
    "external-identifiers": null,
    "external-links": null,
    "pathways": null,
    "reactions": null,
    "snp-effects": null,
    "snp-adverse-drug-reactions": null,
    "targets": null,
    "enzymes": null,
    "carriers": null,
    "transporters": null
}