{
    "type": "small molecule",
    "created": "2022-12-23",
    "updated": "2022-12-31",
    "drugbank-id": [
        {
            "primary": true,
            "value": "DB17385"
        }
    ],
    "name": "Lipotecan",
    "description": null,
    "cas-number": "1432468-79-5",
    "unii": "D47234N30N",
    "average-mass": 850.71,
    "monoisotopic-mass": 850.183062298,
    "groups": {
        "group": [
            "investigational"
        ]
    },
    "general-references": {
        "articles": null,
        "textbooks": null,
        "links": null,
        "attachments": null
    },
    "synthesis-reference": null,
    "indication": null,
    "pharmacodynamics": null,
    "mechanism-of-action": null,
    "toxicity": null,
    "metabolism": null,
    "absorption": null,
    "half-life": null,
    "protein-binding": null,
    "route-of-elimination": null,
    "volume-of-distribution": null,
    "clearance": null,
    "salts": {
        "salt": [
            {
                "drugbank-id": [
                    {
                        "primary": true,
                        "value": "DBSALT003329"
                    }
                ],
                "name": "Lipotecan hydrochloride",
                "unii": null,
                "cas-number": null,
                "inchikey": null
            }
        ]
    },
    "synonyms": {
        "synonym": [
            {
                "language": "english",
                "coder": "",
                "value": "Lipothecan free base"
            },
            {
                "language": "english",
                "coder": "",
                "value": "Propanoic acid, 2-(((2,4,5,7-tetranitro-9h-fluoren-9-ylidene)amino)oxy)-, (4s)-10-((dimethylamino)methyl)-4-ethyl-3,4,12,14-tetrahydro-9-hydroxy-3,14-dioxo-1h-pyrano(3',4':6,7)indolizino(1,2-b)quinolin-4-yl ester"
            }
        ]
    },
    "products": null,
    "international-brands": null,
    "mixtures": null,
    "packagers": null,
    "manufacturers": null,
    "prices": null,
    "categories": {
        "category": [
            {
                "category": "Alkaloids",
                "mesh-id": "D000470"
            }
        ]
    },
    "affected-organisms": null,
    "dosages": null,
    "atc-codes": null,
    "ahfs-codes": null,
    "pdb-entries": null,
    "patents": null,
    "food-interactions": null,
    "drug-interactions": null,
    "calculated-properties": {
        "property": [
            {
                "kind": "Molecular Weight",
                "value": "850.71",
                "source": "ChemAxon"
            },
            {
                "kind": "Monoisotopic Weight",
                "value": "850.183062298",
                "source": "ChemAxon"
            },
            {
                "kind": "SMILES",
                "value": "CC[C@@]1(OC(=O)C(C)ON=C2C3=C(C4=C2C=C(C=C4[N+]([O-])=O)[N+]([O-])=O)C(=CC(=C3)[N+]([O-])=O)[N+]([O-])=O)C(=O)OCC2=C1C=C1N(CC3=C1N=C1C=CC(O)=C(CN(C)C)C1=C3)C2=O",
                "source": "ChemAxon"
            },
            {
                "kind": "Molecular Formula",
                "value": "C39H30N8O15",
                "source": "ChemAxon"
            },
            {
                "kind": "InChI",
                "value": "InChI=1S/C39H30N8O15/c1-5-39(26-13-30-34-18(14-43(30)36(49)25(26)16-60-38(39)51)8-21-24(15-42(3)4)31(48)7-6-27(21)40-34)61-37(50)17(2)62-41-35-22-9-19(44(52)53)11-28(46(56)57)32(22)33-23(35)10-20(45(54)55)12-29(33)47(58)59/h6-13,17,48H,5,14-16H2,1-4H3/t17?,39-/m0/s1",
                "source": "ChemAxon"
            },
            {
                "kind": "InChIKey",
                "value": "JCCCLGDYMMTBPM-HXDHBHDHSA-N",
                "source": "ChemAxon"
            }
        ]
    },
    "experimental-properties": null,
    "external-identifiers": {
        "external-identifier": [
            {
                "resource": "ChemSpider",
                "identifier": "64854346"
            },
            {
                "resource": "ChEMBL",
                "identifier": "CHEMBL4594352"
            }
        ]
    },
    "external-links": null,
    "pathways": null,
    "reactions": null,
    "snp-effects": null,
    "snp-adverse-drug-reactions": null,
    "targets": null,
    "enzymes": null,
    "carriers": null,
    "transporters": null
}