{
    "type": "small molecule",
    "created": "2022-11-22",
    "updated": "2022-12-01",
    "drugbank-id": [
        {
            "primary": true,
            "value": "DB17167"
        }
    ],
    "name": "Phenylacetylglutamine",
    "description": null,
    "cas-number": "28047-15-6",
    "unii": null,
    "groups": {
        "group": [
            "investigational"
        ]
    },
    "general-references": {
        "articles": null,
        "textbooks": null,
        "links": null,
        "attachments": null
    },
    "synthesis-reference": null,
    "indication": null,
    "pharmacodynamics": null,
    "mechanism-of-action": null,
    "toxicity": null,
    "metabolism": null,
    "absorption": null,
    "half-life": null,
    "protein-binding": null,
    "route-of-elimination": null,
    "volume-of-distribution": null,
    "clearance": null,
    "salts": null,
    "synonyms": {
        "synonym": [
            {
                "language": "english",
                "coder": "",
                "value": "Antineoplaston as 2-1 component phenylacetylglutamine"
            },
            {
                "language": "english",
                "coder": "",
                "value": "Antineoplaston as2-1 component phenylacetylglutamine"
            },
            {
                "language": "english",
                "coder": "",
                "value": "Astugenal component phenylacetylglutamine"
            },
            {
                "language": "english",
                "coder": "",
                "value": "L-glutamine, n2-(phenylacetyl)-"
            },
            {
                "language": "english",
                "coder": "",
                "value": "Phenylacetyl-l-glutamine"
            }
        ]
    },
    "products": null,
    "international-brands": null,
    "mixtures": null,
    "packagers": null,
    "manufacturers": null,
    "prices": null,
    "categories": {
        "category": [
            {
                "category": "Amino Acids",
                "mesh-id": "D000596"
            },
            {
                "category": "Amino Acids, Basic",
                "mesh-id": "D024361"
            },
            {
                "category": "Amino Acids, Diamino",
                "mesh-id": "D000599"
            },
            {
                "category": "Amino Acids, Neutral",
                "mesh-id": "D021542"
            },
            {
                "category": "Amino Acids, Peptides, and Proteins",
                "mesh-id": "D000602"
            }
        ]
    },
    "affected-organisms": null,
    "dosages": null,
    "atc-codes": null,
    "ahfs-codes": null,
    "pdb-entries": null,
    "patents": null,
    "food-interactions": null,
    "drug-interactions": null,
    "calculated-properties": {
        "property": [
            {
                "kind": "logP",
                "value": "-0.35",
                "source": "ALOGPS"
            },
            {
                "kind": "logS",
                "value": "-2.8",
                "source": "ALOGPS"
            },
            {
                "kind": "Water Solubility",
                "value": "3.88e-01 g/l",
                "source": "ALOGPS"
            },
            {
                "kind": "logP",
                "value": "-0.086",
                "source": "ChemAxon"
            },
            {
                "kind": "IUPAC Name",
                "value": "(2S)-4-carbamoyl-2-(2-phenylacetamido)butanoic acid",
                "source": "ChemAxon"
            },
            {
                "kind": "Traditional IUPAC Name",
                "value": "phenylacetylglutamine",
                "source": "ChemAxon"
            },
            {
                "kind": "Polar Surface Area (PSA)",
                "value": "109.49",
                "source": "ChemAxon"
            },
            {
                "kind": "Refractivity",
                "value": "67.28",
                "source": "ChemAxon"
            },
            {
                "kind": "Polarizability",
                "value": "26.15",
                "source": "ChemAxon"
            },
            {
                "kind": "Rotatable Bond Count",
                "value": "7",
                "source": "ChemAxon"
            },
            {
                "kind": "H Bond Acceptor Count",
                "value": "4",
                "source": "ChemAxon"
            },
            {
                "kind": "H Bond Donor Count",
                "value": "3",
                "source": "ChemAxon"
            },
            {
                "kind": "pKa (strongest acidic)",
                "value": "3.9",
                "source": "ChemAxon"
            },
            {
                "kind": "pKa (strongest basic)",
                "value": "-1.5",
                "source": "ChemAxon"
            },
            {
                "kind": "Physiological Charge",
                "value": "-1",
                "source": "ChemAxon"
            },
            {
                "kind": "Number of Rings",
                "value": "1",
                "source": "ChemAxon"
            },
            {
                "kind": "Bioavailability",
                "value": "1",
                "source": "ChemAxon"
            },
            {
                "kind": "Rule of Five",
                "value": "1",
                "source": "ChemAxon"
            },
            {
                "kind": "Ghose Filter",
                "value": "1",
                "source": "ChemAxon"
            },
            {
                "kind": "MDDR-Like Rule",
                "value": "0",
                "source": "ChemAxon"
            }
        ]
    },
    "experimental-properties": null,
    "external-identifiers": {
        "external-identifier": [
            {
                "resource": "Wikipedia",
                "identifier": "Phenylacetylglutamine"
            }
        ]
    },
    "external-links": null,
    "pathways": null,
    "reactions": null,
    "snp-effects": null,
    "snp-adverse-drug-reactions": null,
    "targets": null,
    "enzymes": null,
    "carriers": null,
    "transporters": null
}