{
    "type": "biotech",
    "created": "2022-11-24",
    "updated": "2022-12-15",
    "drugbank-id": [
        {
            "primary": true,
            "value": "DB17176"
        }
    ],
    "name": "L-Leucyl-L-prolyl-L-prolyl-L-seryl-L-arginine",
    "description": null,
    "cas-number": "120484-65-3",
    "unii": "HFL33E395I",
    "groups": {
        "group": [
            "investigational"
        ]
    },
    "general-references": {
        "articles": null,
        "textbooks": null,
        "links": null,
        "attachments": null
    },
    "synthesis-reference": null,
    "indication": null,
    "pharmacodynamics": null,
    "mechanism-of-action": null,
    "toxicity": null,
    "metabolism": null,
    "absorption": null,
    "half-life": null,
    "protein-binding": null,
    "route-of-elimination": null,
    "volume-of-distribution": null,
    "clearance": null,
    "classification": {
        "description": null,
        "direct-parent": "Peptides",
        "kingdom": "Organic Compounds",
        "superclass": "Organic Acids",
        "class": "Carboxylic Acids and Derivatives",
        "subclass": "Amino Acids, Peptides, and Analogues"
    },
    "salts": null,
    "synonyms": {
        "synonym": [
            {
                "language": "english",
                "coder": "",
                "value": "H-Leu-Pro-Pro-Ser-Arg-OH"
            },
            {
                "language": "english",
                "coder": "",
                "value": "L-arginine, l-leucyl-l-prolyl-l-prolyl-l-seryl-"
            },
            {
                "language": "english",
                "coder": "",
                "value": "L-Leucyl-L-prolyl-L-prolyl-L-seryl-L-arginine"
            },
            {
                "language": "english",
                "coder": "",
                "value": "Lymphocyte Activating Pentapeptide"
            }
        ]
    },
    "products": null,
    "international-brands": null,
    "mixtures": null,
    "packagers": null,
    "manufacturers": null,
    "prices": null,
    "categories": null,
    "affected-organisms": null,
    "dosages": null,
    "atc-codes": null,
    "ahfs-codes": null,
    "pdb-entries": null,
    "patents": null,
    "food-interactions": null,
    "drug-interactions": null,
    "sequences": null,
    "experimental-properties": null,
    "external-identifiers": {
        "external-identifier": [
            {
                "resource": "ChemSpider",
                "identifier": "8048453"
            },
            {
                "resource": "ZINC",
                "identifier": "ZINC000135906595"
            }
        ]
    },
    "external-links": null,
    "pathways": null,
    "reactions": null,
    "snp-effects": null,
    "snp-adverse-drug-reactions": null,
    "targets": null,
    "enzymes": null,
    "carriers": null,
    "transporters": null
}