{
    "type": "small molecule",
    "created": "2022-12-02",
    "updated": "2022-12-03",
    "drugbank-id": [
        {
            "primary": true,
            "value": "DB17297"
        }
    ],
    "name": "Enitociclib",
    "description": null,
    "cas-number": "1610408-97-3",
    "unii": "1255AT22ZJ",
    "average-mass": 404.44,
    "monoisotopic-mass": 404.111853336,
    "groups": {
        "group": [
            "investigational"
        ]
    },
    "general-references": {
        "articles": null,
        "textbooks": null,
        "links": null,
        "attachments": null
    },
    "synthesis-reference": null,
    "indication": null,
    "pharmacodynamics": null,
    "mechanism-of-action": null,
    "toxicity": null,
    "metabolism": null,
    "absorption": null,
    "half-life": null,
    "protein-binding": null,
    "route-of-elimination": null,
    "volume-of-distribution": null,
    "clearance": null,
    "salts": null,
    "synonyms": {
        "synonym": [
            {
                "language": "english",
                "coder": "",
                "value": "2-pyridinamine, 5-fluoro-4-(4-fluoro-2-methoxyphenyl)-n-(4-(((s(s))-s-methylsulfonimidoyl)methyl)-2-pyridinyl)-"
            }
        ]
    },
    "products": null,
    "international-brands": null,
    "mixtures": null,
    "packagers": null,
    "manufacturers": null,
    "prices": null,
    "categories": null,
    "affected-organisms": null,
    "dosages": null,
    "atc-codes": null,
    "ahfs-codes": null,
    "pdb-entries": null,
    "patents": null,
    "food-interactions": null,
    "drug-interactions": null,
    "calculated-properties": {
        "property": [
            {
                "kind": "logP",
                "value": "3.71",
                "source": "ALOGPS"
            },
            {
                "kind": "logS",
                "value": "-4.7",
                "source": "ALOGPS"
            },
            {
                "kind": "Water Solubility",
                "value": "7.76e-03 g/l",
                "source": "ALOGPS"
            },
            {
                "kind": "logP",
                "value": "2.56",
                "source": "ChemAxon"
            },
            {
                "kind": "IUPAC Name",
                "value": "(S)-[(2-{[5-fluoro-4-(4-fluoro-2-methoxyphenyl)pyridin-2-yl]amino}pyridin-4-yl)methyl](imino)methyl-lambda6-sulfanone",
                "source": "ChemAxon"
            },
            {
                "kind": "Traditional IUPAC Name",
                "value": "(S)-[(2-{[5-fluoro-4-(4-fluoro-2-methoxyphenyl)pyridin-2-yl]amino}pyridin-4-yl)methyl](imino)methyl-lambda6-sulfanone",
                "source": "ChemAxon"
            },
            {
                "kind": "Molecular Weight",
                "value": "404.44",
                "source": "ChemAxon"
            },
            {
                "kind": "Monoisotopic Weight",
                "value": "404.111853336",
                "source": "ChemAxon"
            },
            {
                "kind": "SMILES",
                "value": "COC1=C(C=CC(F)=C1)C1=CC(NC2=NC=CC(C[S@@](C)(=N)=O)=C2)=NC=C1F",
                "source": "ChemAxon"
            },
            {
                "kind": "Molecular Formula",
                "value": "C19H18F2N4O2S",
                "source": "ChemAxon"
            },
            {
                "kind": "InChI",
                "value": "InChI=1S/C19H18F2N4O2S/c1-27-17-8-13(20)3-4-14(17)15-9-19(24-10-16(15)21)25-18-7-12(5-6-23-18)11-28(2,22)26/h3-10,22H,11H2,1-2H3,(H,23,24,25)/t28-/m0/s1",
                "source": "ChemAxon"
            },
            {
                "kind": "InChIKey",
                "value": "YZCUMZWULWOUMD-NDEPHWFRSA-N",
                "source": "ChemAxon"
            },
            {
                "kind": "Polar Surface Area (PSA)",
                "value": "87.96",
                "source": "ChemAxon"
            },
            {
                "kind": "Refractivity",
                "value": "103.02",
                "source": "ChemAxon"
            },
            {
                "kind": "Polarizability",
                "value": "39.71",
                "source": "ChemAxon"
            },
            {
                "kind": "Rotatable Bond Count",
                "value": "6",
                "source": "ChemAxon"
            },
            {
                "kind": "H Bond Acceptor Count",
                "value": "6",
                "source": "ChemAxon"
            },
            {
                "kind": "H Bond Donor Count",
                "value": "2",
                "source": "ChemAxon"
            },
            {
                "kind": "pKa (strongest acidic)",
                "value": "13.52",
                "source": "ChemAxon"
            },
            {
                "kind": "pKa (strongest basic)",
                "value": "4.46",
                "source": "ChemAxon"
            },
            {
                "kind": "Physiological Charge",
                "value": "0",
                "source": "ChemAxon"
            },
            {
                "kind": "Number of Rings",
                "value": "3",
                "source": "ChemAxon"
            },
            {
                "kind": "Bioavailability",
                "value": "1",
                "source": "ChemAxon"
            },
            {
                "kind": "Rule of Five",
                "value": "1",
                "source": "ChemAxon"
            },
            {
                "kind": "Ghose Filter",
                "value": "1",
                "source": "ChemAxon"
            },
            {
                "kind": "MDDR-Like Rule",
                "value": "1",
                "source": "ChemAxon"
            }
        ]
    },
    "experimental-properties": null,
    "external-identifiers": {
        "external-identifier": [
            {
                "resource": "ChemSpider",
                "identifier": "81367557"
            },
            {
                "resource": "ChEMBL",
                "identifier": "CHEMBL4762845"
            }
        ]
    },
    "external-links": null,
    "pathways": null,
    "reactions": null,
    "snp-effects": null,
    "snp-adverse-drug-reactions": null,
    "targets": null,
    "enzymes": null,
    "carriers": null,
    "transporters": null
}