{
    "type": "biotech",
    "created": "2022-11-28",
    "updated": "2022-12-01",
    "drugbank-id": [
        {
            "primary": true,
            "value": "DB17215"
        }
    ],
    "name": "SBT-100",
    "description": "SBT-100 is an anti-signal transducer and activator of transcription 3 (STAT3) B VHH13 single-domain antibody (sdAb). It was granted orphan drug designation by the FDA for the treatment of pancreatic cancer and osteosarcoma.[L44131,L44136]",
    "cas-number": null,
    "unii": null,
    "groups": {
        "group": [
            "investigational"
        ]
    },
    "general-references": {
        "articles": null,
        "textbooks": null,
        "links": {
            "link": [
                {
                    "ref-id": "L44131",
                    "title": "Singh Biotechnology: Singh Biotechnology Receives FDA Orphan Drug Designation for its Novel Single Domain Antibody for Treatment of Pancreatic Cancer",
                    "url": "https://www.singhbiotechnology.com/pancreatic-cancer-orphan-drug-press-release.html"
                },
                {
                    "ref-id": "L44136",
                    "title": "Singh Biotechnology: Singh Biotechnology Receives Second FDA Orphan Drug Designation for its Novel Single Domain Antibody for the Treatment of Osteosarcoma by Targeting Intracellular STAT3",
                    "url": "https://www.singhbiotechnology.com/osteosarcoma.html"
                }
            ]
        },
        "attachments": null
    },
    "synthesis-reference": null,
    "indication": null,
    "pharmacodynamics": null,
    "mechanism-of-action": null,
    "toxicity": null,
    "metabolism": null,
    "absorption": null,
    "half-life": null,
    "protein-binding": null,
    "route-of-elimination": null,
    "volume-of-distribution": null,
    "clearance": null,
    "salts": null,
    "synonyms": null,
    "products": null,
    "international-brands": null,
    "mixtures": null,
    "packagers": null,
    "manufacturers": null,
    "prices": null,
    "categories": null,
    "affected-organisms": null,
    "dosages": null,
    "atc-codes": null,
    "ahfs-codes": null,
    "pdb-entries": null,
    "patents": null,
    "food-interactions": null,
    "drug-interactions": null,
    "sequences": null,
    "experimental-properties": null,
    "external-identifiers": null,
    "external-links": null,
    "pathways": null,
    "reactions": null,
    "snp-effects": null,
    "snp-adverse-drug-reactions": null,
    "targets": null,
    "enzymes": null,
    "carriers": null,
    "transporters": null
}