{
    "type": "small molecule",
    "created": "2022-11-30",
    "updated": "2022-12-01",
    "drugbank-id": [
        {
            "primary": true,
            "value": "DB17264"
        }
    ],
    "name": "TRX-E-002-1",
    "description": null,
    "cas-number": "1803036-93-2",
    "unii": "5DVS457HEG",
    "average-mass": 408.45,
    "monoisotopic-mass": 408.157288493,
    "groups": {
        "group": [
            "investigational"
        ]
    },
    "general-references": {
        "articles": null,
        "textbooks": null,
        "links": null,
        "attachments": null
    },
    "synthesis-reference": null,
    "indication": null,
    "pharmacodynamics": null,
    "mechanism-of-action": null,
    "toxicity": null,
    "metabolism": null,
    "absorption": null,
    "half-life": null,
    "protein-binding": null,
    "route-of-elimination": null,
    "volume-of-distribution": null,
    "clearance": null,
    "salts": null,
    "synonyms": {
        "synonym": [
            {
                "language": "english",
                "coder": "",
                "value": "(+)-cis-4-(para-hydroxyphenyl)-7,4-dihydroxy-3,5-dimethoxy-8-methylisoflavan"
            },
            {
                "language": "english",
                "coder": "",
                "value": "Cantrixil"
            }
        ]
    },
    "products": null,
    "international-brands": null,
    "mixtures": null,
    "packagers": null,
    "manufacturers": null,
    "prices": null,
    "categories": {
        "category": [
            {
                "category": "Benzopyrans",
                "mesh-id": "D001578"
            },
            {
                "category": "Chromones",
                "mesh-id": "D002867"
            },
            {
                "category": "Heterocyclic Compounds, Fused-Ring",
                "mesh-id": "D000072471"
            },
            {
                "category": "Pyrans",
                "mesh-id": "D011714"
            }
        ]
    },
    "affected-organisms": null,
    "dosages": null,
    "atc-codes": null,
    "ahfs-codes": null,
    "pdb-entries": null,
    "patents": null,
    "food-interactions": null,
    "drug-interactions": null,
    "calculated-properties": {
        "property": [
            {
                "kind": "logP",
                "value": "3.99",
                "source": "ALOGPS"
            },
            {
                "kind": "logS",
                "value": "-4.9",
                "source": "ALOGPS"
            },
            {
                "kind": "Water Solubility",
                "value": "5.22e-03 g/l",
                "source": "ALOGPS"
            },
            {
                "kind": "logP",
                "value": "4.51",
                "source": "ChemAxon"
            },
            {
                "kind": "IUPAC Name",
                "value": "(3R,4S)-3-(4-hydroxy-3,5-dimethoxyphenyl)-4-(4-hydroxyphenyl)-8-methyl-3,4-dihydro-2H-1-benzopyran-7-ol",
                "source": "ChemAxon"
            },
            {
                "kind": "Traditional IUPAC Name",
                "value": "(3R,4S)-3-(4-hydroxy-3,5-dimethoxyphenyl)-4-(4-hydroxyphenyl)-8-methyl-3,4-dihydro-2H-1-benzopyran-7-ol",
                "source": "ChemAxon"
            },
            {
                "kind": "Molecular Weight",
                "value": "408.45",
                "source": "ChemAxon"
            },
            {
                "kind": "Monoisotopic Weight",
                "value": "408.157288493",
                "source": "ChemAxon"
            },
            {
                "kind": "SMILES",
                "value": "COC1=CC(=CC(OC)=C1O)[C@@H]1COC2=C(C=CC(O)=C2C)[C@@H]1C1=CC=C(O)C=C1",
                "source": "ChemAxon"
            },
            {
                "kind": "Molecular Formula",
                "value": "C24H24O6",
                "source": "ChemAxon"
            },
            {
                "kind": "InChI",
                "value": "InChI=1S/C24H24O6/c1-13-19(26)9-8-17-22(14-4-6-16(25)7-5-14)18(12-30-24(13)17)15-10-20(28-2)23(27)21(11-15)29-3/h4-11,18,22,25-27H,12H2,1-3H3/t18-,22-/m0/s1",
                "source": "ChemAxon"
            },
            {
                "kind": "InChIKey",
                "value": "JFVVPUGGRUGRBJ-AVRDEDQJSA-N",
                "source": "ChemAxon"
            },
            {
                "kind": "Polar Surface Area (PSA)",
                "value": "88.38",
                "source": "ChemAxon"
            },
            {
                "kind": "Refractivity",
                "value": "113.55",
                "source": "ChemAxon"
            },
            {
                "kind": "Polarizability",
                "value": "42.22",
                "source": "ChemAxon"
            },
            {
                "kind": "Rotatable Bond Count",
                "value": "4",
                "source": "ChemAxon"
            },
            {
                "kind": "H Bond Acceptor Count",
                "value": "6",
                "source": "ChemAxon"
            },
            {
                "kind": "H Bond Donor Count",
                "value": "3",
                "source": "ChemAxon"
            },
            {
                "kind": "pKa (strongest acidic)",
                "value": "9.3",
                "source": "ChemAxon"
            },
            {
                "kind": "pKa (strongest basic)",
                "value": "-4.4",
                "source": "ChemAxon"
            },
            {
                "kind": "Physiological Charge",
                "value": "0",
                "source": "ChemAxon"
            },
            {
                "kind": "Number of Rings",
                "value": "4",
                "source": "ChemAxon"
            },
            {
                "kind": "Bioavailability",
                "value": "1",
                "source": "ChemAxon"
            },
            {
                "kind": "Rule of Five",
                "value": "1",
                "source": "ChemAxon"
            },
            {
                "kind": "Ghose Filter",
                "value": "1",
                "source": "ChemAxon"
            },
            {
                "kind": "MDDR-Like Rule",
                "value": "0",
                "source": "ChemAxon"
            }
        ]
    },
    "experimental-properties": null,
    "external-identifiers": {
        "external-identifier": [
            {
                "resource": "ChemSpider",
                "identifier": "64854080"
            }
        ]
    },
    "external-links": null,
    "pathways": null,
    "reactions": null,
    "snp-effects": null,
    "snp-adverse-drug-reactions": null,
    "targets": null,
    "enzymes": null,
    "carriers": null,
    "transporters": null
}