{
    "type": "biotech",
    "created": "2022-12-01",
    "updated": "2022-12-01",
    "drugbank-id": [
        {
            "primary": true,
            "value": "DB17287"
        }
    ],
    "name": "Dasiprotimut-T",
    "description": "Dasiprotimut-T is a personalized therapeutic vaccine against B-cell lymphomas.[A254701] It has been investigated in clinical trials.",
    "cas-number": null,
    "unii": null,
    "groups": {
        "group": [
            "investigational"
        ]
    },
    "general-references": {
        "articles": {
            "article": [
                {
                    "ref-id": "A254701",
                    "pubmed-id": "36016143",
                    "citation": "Wong JC, Lao CT, Yousif MM, Luga JM: Fast Tracking-Vaccine Safety, Efficacy, and Lessons Learned: A Narrative Review. Vaccines (Basel). 2022 Aug 4;10(8):1256. doi: 10.3390/vaccines10081256."
                }
            ]
        },
        "textbooks": null,
        "links": null,
        "attachments": null
    },
    "synthesis-reference": null,
    "indication": null,
    "pharmacodynamics": null,
    "mechanism-of-action": null,
    "toxicity": null,
    "metabolism": null,
    "absorption": null,
    "half-life": null,
    "protein-binding": null,
    "route-of-elimination": null,
    "volume-of-distribution": null,
    "clearance": null,
    "salts": null,
    "synonyms": {
        "synonym": [
            {
                "language": "english",
                "coder": "",
                "value": "BiovaxID"
            }
        ]
    },
    "products": null,
    "international-brands": null,
    "mixtures": null,
    "packagers": null,
    "manufacturers": null,
    "prices": null,
    "categories": {
        "category": [
            {
                "category": "Adjuvants, Immunologic",
                "mesh-id": "D000276"
            },
            {
                "category": "Antineoplastic and Immunomodulating Agents",
                "mesh-id": null
            }
        ]
    },
    "affected-organisms": null,
    "dosages": null,
    "atc-codes": {
        "atc-code": [
            {
                "code": "L03AX19",
                "level": [
                    {
                        "code": "L03AX",
                        "value": "Other immunostimulants"
                    },
                    {
                        "code": "L03A",
                        "value": "IMMUNOSTIMULANTS"
                    },
                    {
                        "code": "L03",
                        "value": "IMMUNOSTIMULANTS"
                    },
                    {
                        "code": "L",
                        "value": "ANTINEOPLASTIC AND IMMUNOMODULATING AGENTS"
                    }
                ]
            }
        ]
    },
    "ahfs-codes": null,
    "pdb-entries": null,
    "patents": null,
    "food-interactions": null,
    "drug-interactions": null,
    "sequences": null,
    "experimental-properties": null,
    "external-identifiers": null,
    "external-links": null,
    "pathways": null,
    "reactions": null,
    "snp-effects": null,
    "snp-adverse-drug-reactions": null,
    "targets": null,
    "enzymes": null,
    "carriers": null,
    "transporters": null
}