{
    "type": "small molecule",
    "created": "2022-11-22",
    "updated": "2022-12-01",
    "drugbank-id": [
        {
            "primary": true,
            "value": "DB17168"
        }
    ],
    "name": "TPI-287",
    "description": null,
    "cas-number": "849213-15-6",
    "unii": "A2VM2V569A",
    "average-mass": 870.002,
    "monoisotopic-mass": 869.419770333,
    "groups": {
        "group": [
            "investigational"
        ]
    },
    "general-references": {
        "articles": null,
        "textbooks": null,
        "links": null,
        "attachments": null
    },
    "synthesis-reference": null,
    "indication": null,
    "pharmacodynamics": null,
    "mechanism-of-action": null,
    "toxicity": null,
    "metabolism": null,
    "absorption": null,
    "half-life": null,
    "protein-binding": null,
    "route-of-elimination": null,
    "volume-of-distribution": null,
    "clearance": null,
    "salts": null,
    "synonyms": null,
    "products": null,
    "international-brands": null,
    "mixtures": null,
    "packagers": null,
    "manufacturers": null,
    "prices": null,
    "categories": {
        "category": [
            {
                "category": "Cyclodecanes",
                "mesh-id": "D043822"
            },
            {
                "category": "Cycloparaffins",
                "mesh-id": "D003516"
            },
            {
                "category": "Diterpenes",
                "mesh-id": "D004224"
            },
            {
                "category": "Terpenes",
                "mesh-id": "D013729"
            }
        ]
    },
    "affected-organisms": null,
    "dosages": null,
    "atc-codes": null,
    "ahfs-codes": null,
    "pdb-entries": null,
    "patents": null,
    "food-interactions": null,
    "drug-interactions": null,
    "calculated-properties": {
        "property": [
            {
                "kind": "logP",
                "value": "4.03",
                "source": "ALOGPS"
            },
            {
                "kind": "logS",
                "value": "-5",
                "source": "ALOGPS"
            },
            {
                "kind": "Water Solubility",
                "value": "8.68e-03 g/l",
                "source": "ALOGPS"
            },
            {
                "kind": "logP",
                "value": "4.65",
                "source": "ChemAxon"
            },
            {
                "kind": "IUPAC Name",
                "value": "(1R,2S,5R,7S,11R,12S,15S,17S,18S,19S)-2,12-bis(acetyloxy)-15-{[(2R,3S)-3-{[(tert-butoxy)carbonyl]amino}-2-hydroxy-5-methylhexanoyl]oxy}-9-ethenyl-17-hydroxy-14,19,20,20-tetramethyl-4,8,10-trioxapentacyclo[9.7.1.1^{13,17}.0^{2,5}.0^{7,19}]icos-13-en-18-yl benzoate",
                "source": "ChemAxon"
            },
            {
                "kind": "Traditional IUPAC Name",
                "value": "(1R,2S,5R,7S,11R,12S,15S,17S,18S,19S)-2,12-bis(acetyloxy)-15-{[(2R,3S)-3-[(tert-butoxycarbonyl)amino]-2-hydroxy-5-methylhexanoyl]oxy}-9-ethenyl-17-hydroxy-14,19,20,20-tetramethyl-4,8,10-trioxapentacyclo[9.7.1.1^{13,17}.0^{2,5}.0^{7,19}]icos-13-en-18-yl benzoate",
                "source": "ChemAxon"
            },
            {
                "kind": "Molecular Weight",
                "value": "870.002",
                "source": "ChemAxon"
            },
            {
                "kind": "Monoisotopic Weight",
                "value": "869.419770333",
                "source": "ChemAxon"
            },
            {
                "kind": "SMILES",
                "value": "[H][C@@]12[C@H](OC(=O)C3=CC=CC=C3)[C@]3(O)C[C@H](OC(=O)[C@H](O)[C@H](CC(C)C)NC(=O)OC(C)(C)C)C(C)=C([C@H](OC(C)=O)[C@@H]4OC(O[C@@H](C[C@H]5OC[C@@]15OC(C)=O)[C@]24C)C=C)C3(C)C",
                "source": "ChemAxon"
            },
            {
                "kind": "Molecular Formula",
                "value": "C46H63NO15",
                "source": "ChemAxon"
            },
            {
                "kind": "InChI",
                "value": "InChI=1S/C46H63NO15/c1-13-32-58-30-20-31-45(22-55-31,61-26(6)49)36-38(60-39(51)27-17-15-14-16-18-27)46(54)21-29(57-40(52)34(50)28(19-23(2)3)47-41(53)62-42(7,8)9)24(4)33(43(46,10)11)35(56-25(5)48)37(59-32)44(30,36)12/h13-18,23,28-32,34-38,50,54H,1,19-22H2,2-12H3,(H,47,53)/t28-,29-,30-,31+,32?,34+,35-,36-,37-,38-,44+,45-,46+/m0/s1",
                "source": "ChemAxon"
            },
            {
                "kind": "InChIKey",
                "value": "FDTAUJJRHBRHIJ-FDJAAIFISA-N",
                "source": "ChemAxon"
            },
            {
                "kind": "Polar Surface Area (PSA)",
                "value": "211.68",
                "source": "ChemAxon"
            },
            {
                "kind": "Refractivity",
                "value": "218.99",
                "source": "ChemAxon"
            },
            {
                "kind": "Polarizability",
                "value": "90.37",
                "source": "ChemAxon"
            },
            {
                "kind": "Rotatable Bond Count",
                "value": "17",
                "source": "ChemAxon"
            },
            {
                "kind": "H Bond Acceptor Count",
                "value": "10",
                "source": "ChemAxon"
            },
            {
                "kind": "H Bond Donor Count",
                "value": "3",
                "source": "ChemAxon"
            },
            {
                "kind": "pKa (strongest acidic)",
                "value": "12.07",
                "source": "ChemAxon"
            },
            {
                "kind": "pKa (strongest basic)",
                "value": "-3.6",
                "source": "ChemAxon"
            },
            {
                "kind": "Physiological Charge",
                "value": "0",
                "source": "ChemAxon"
            },
            {
                "kind": "Number of Rings",
                "value": "6",
                "source": "ChemAxon"
            },
            {
                "kind": "Bioavailability",
                "value": "0",
                "source": "ChemAxon"
            },
            {
                "kind": "Rule of Five",
                "value": "0",
                "source": "ChemAxon"
            },
            {
                "kind": "Ghose Filter",
                "value": "0",
                "source": "ChemAxon"
            },
            {
                "kind": "MDDR-Like Rule",
                "value": "1",
                "source": "ChemAxon"
            }
        ]
    },
    "experimental-properties": null,
    "external-identifiers": {
        "external-identifier": [
            {
                "resource": "ChemSpider",
                "identifier": "9738939"
            }
        ]
    },
    "external-links": null,
    "pathways": null,
    "reactions": null,
    "snp-effects": null,
    "snp-adverse-drug-reactions": null,
    "targets": null,
    "enzymes": null,
    "carriers": null,
    "transporters": null
}