{
    "type": "biotech",
    "created": "2022-12-01",
    "updated": "2022-12-01",
    "drugbank-id": [
        {
            "primary": true,
            "value": "DB17284"
        }
    ],
    "name": "Pelareorep",
    "description": null,
    "cas-number": "1383626-61-6",
    "unii": "S9J80L3D1U",
    "groups": {
        "group": [
            "investigational"
        ]
    },
    "general-references": {
        "articles": null,
        "textbooks": null,
        "links": null,
        "attachments": null
    },
    "synthesis-reference": null,
    "indication": null,
    "pharmacodynamics": null,
    "mechanism-of-action": null,
    "toxicity": null,
    "metabolism": null,
    "absorption": null,
    "half-life": null,
    "protein-binding": null,
    "route-of-elimination": null,
    "volume-of-distribution": null,
    "clearance": null,
    "salts": null,
    "synonyms": {
        "synonym": [
            {
                "language": "english",
                "coder": "",
                "value": "Mammalian orthoreovirus 3 strain dearing"
            },
            {
                "language": "english",
                "coder": "",
                "value": "Mammalian orthoreovirus 3-dearing"
            },
            {
                "language": "english",
                "coder": "",
                "value": "Reolysin"
            },
            {
                "language": "english",
                "coder": "",
                "value": "Reovirus (type 3 / strain dearing)"
            },
            {
                "language": "english",
                "coder": "",
                "value": "Reovirus 3 (strain dearing)"
            },
            {
                "language": "english",
                "coder": "",
                "value": "Reovirus type 3 (strain dearing)"
            },
            {
                "language": "english",
                "coder": "",
                "value": "Reovirus type 3 (strain dearing) (t3d) (mammalian orthoreovirus 3)"
            },
            {
                "language": "english",
                "coder": "",
                "value": "Reovirus type 3 dearing oncolytic virus without transgenes"
            }
        ]
    },
    "products": null,
    "international-brands": null,
    "mixtures": null,
    "packagers": null,
    "manufacturers": null,
    "prices": null,
    "categories": null,
    "affected-organisms": null,
    "dosages": null,
    "atc-codes": null,
    "ahfs-codes": null,
    "pdb-entries": null,
    "patents": null,
    "food-interactions": null,
    "drug-interactions": null,
    "sequences": null,
    "experimental-properties": null,
    "external-identifiers": {
        "external-identifier": [
            {
                "resource": "Wikipedia",
                "identifier": "Pelareorep"
            }
        ]
    },
    "external-links": null,
    "pathways": null,
    "reactions": null,
    "snp-effects": null,
    "snp-adverse-drug-reactions": null,
    "targets": null,
    "enzymes": null,
    "carriers": null,
    "transporters": null
}