{
    "type": "small molecule",
    "created": "2022-11-21",
    "updated": "2022-12-01",
    "drugbank-id": [
        {
            "primary": true,
            "value": "DB17155"
        }
    ],
    "name": "BPR-0L075",
    "description": null,
    "cas-number": "613679-11-1",
    "unii": "W918223VQ6",
    "average-mass": 341.363,
    "monoisotopic-mass": 341.126322716,
    "groups": {
        "group": [
            "investigational"
        ]
    },
    "general-references": {
        "articles": null,
        "textbooks": null,
        "links": null,
        "attachments": null
    },
    "synthesis-reference": null,
    "indication": null,
    "pharmacodynamics": null,
    "mechanism-of-action": null,
    "toxicity": null,
    "metabolism": null,
    "absorption": null,
    "half-life": null,
    "protein-binding": null,
    "route-of-elimination": null,
    "volume-of-distribution": null,
    "clearance": null,
    "salts": null,
    "synonyms": {
        "synonym": [
            {
                "language": "english",
                "coder": "",
                "value": "6-methoxy-3-(3,4,5-trimethoxybenzoyl) indole"
            },
            {
                "language": "english",
                "coder": "",
                "value": "Methanone, (6-methoxy-1h-indol-3-yl)(3,4,5-trimethoxyphenyl)-"
            }
        ]
    },
    "products": null,
    "international-brands": null,
    "mixtures": null,
    "packagers": null,
    "manufacturers": null,
    "prices": null,
    "categories": null,
    "affected-organisms": null,
    "dosages": null,
    "atc-codes": null,
    "ahfs-codes": null,
    "pdb-entries": null,
    "patents": null,
    "food-interactions": null,
    "drug-interactions": null,
    "calculated-properties": {
        "property": [
            {
                "kind": "logP",
                "value": "3.12",
                "source": "ALOGPS"
            },
            {
                "kind": "logS",
                "value": "-3.8",
                "source": "ALOGPS"
            },
            {
                "kind": "Water Solubility",
                "value": "5.35e-02 g/l",
                "source": "ALOGPS"
            },
            {
                "kind": "logP",
                "value": "2.9",
                "source": "ChemAxon"
            },
            {
                "kind": "IUPAC Name",
                "value": "6-methoxy-3-(3,4,5-trimethoxybenzoyl)-1H-indole",
                "source": "ChemAxon"
            },
            {
                "kind": "Traditional IUPAC Name",
                "value": "6-methoxy-3-(3,4,5-trimethoxybenzoyl)-1H-indole",
                "source": "ChemAxon"
            },
            {
                "kind": "Molecular Weight",
                "value": "341.363",
                "source": "ChemAxon"
            },
            {
                "kind": "Monoisotopic Weight",
                "value": "341.126322716",
                "source": "ChemAxon"
            },
            {
                "kind": "SMILES",
                "value": "COC1=CC=C2C(NC=C2C(=O)C2=CC(OC)=C(OC)C(OC)=C2)=C1",
                "source": "ChemAxon"
            },
            {
                "kind": "Molecular Formula",
                "value": "C19H19NO5",
                "source": "ChemAxon"
            },
            {
                "kind": "InChI",
                "value": "InChI=1S/C19H19NO5/c1-22-12-5-6-13-14(10-20-15(13)9-12)18(21)11-7-16(23-2)19(25-4)17(8-11)24-3/h5-10,20H,1-4H3",
                "source": "ChemAxon"
            },
            {
                "kind": "InChIKey",
                "value": "UZJVBXKFBQNDTQ-UHFFFAOYSA-N",
                "source": "ChemAxon"
            },
            {
                "kind": "Polar Surface Area (PSA)",
                "value": "69.78",
                "source": "ChemAxon"
            },
            {
                "kind": "Refractivity",
                "value": "93.57",
                "source": "ChemAxon"
            },
            {
                "kind": "Polarizability",
                "value": "36.7",
                "source": "ChemAxon"
            },
            {
                "kind": "Rotatable Bond Count",
                "value": "6",
                "source": "ChemAxon"
            },
            {
                "kind": "H Bond Acceptor Count",
                "value": "5",
                "source": "ChemAxon"
            },
            {
                "kind": "H Bond Donor Count",
                "value": "1",
                "source": "ChemAxon"
            },
            {
                "kind": "pKa (strongest acidic)",
                "value": "13.28",
                "source": "ChemAxon"
            },
            {
                "kind": "pKa (strongest basic)",
                "value": "-4.3",
                "source": "ChemAxon"
            },
            {
                "kind": "Physiological Charge",
                "value": "0",
                "source": "ChemAxon"
            },
            {
                "kind": "Number of Rings",
                "value": "3",
                "source": "ChemAxon"
            },
            {
                "kind": "Bioavailability",
                "value": "1",
                "source": "ChemAxon"
            },
            {
                "kind": "Rule of Five",
                "value": "1",
                "source": "ChemAxon"
            },
            {
                "kind": "Ghose Filter",
                "value": "1",
                "source": "ChemAxon"
            },
            {
                "kind": "MDDR-Like Rule",
                "value": "1",
                "source": "ChemAxon"
            }
        ]
    },
    "experimental-properties": null,
    "external-identifiers": {
        "external-identifier": [
            {
                "resource": "ChemSpider",
                "identifier": "8535406"
            },
            {
                "resource": "BindingDB",
                "identifier": "50151101"
            },
            {
                "resource": "ChEMBL",
                "identifier": "CHEMBL364123"
            }
        ]
    },
    "external-links": null,
    "pathways": null,
    "reactions": null,
    "snp-effects": null,
    "snp-adverse-drug-reactions": null,
    "targets": null,
    "enzymes": null,
    "carriers": null,
    "transporters": null
}