{
    "type": "small molecule",
    "created": "2022-12-06",
    "updated": "2022-12-08",
    "drugbank-id": [
        {
            "primary": true,
            "value": "DB17341"
        }
    ],
    "name": "NC-6300",
    "description": "NC-6300, also known as K-912, is a novel [epirubicin] drug-conjugated polymeric micelle.",
    "cas-number": null,
    "unii": "RQU6X0IM9R",
    "groups": {
        "group": [
            "investigational"
        ]
    },
    "general-references": {
        "articles": null,
        "textbooks": null,
        "links": null,
        "attachments": null
    },
    "synthesis-reference": null,
    "indication": null,
    "pharmacodynamics": null,
    "mechanism-of-action": null,
    "toxicity": null,
    "metabolism": null,
    "absorption": null,
    "half-life": null,
    "protein-binding": null,
    "route-of-elimination": null,
    "volume-of-distribution": null,
    "clearance": null,
    "salts": null,
    "synonyms": null,
    "products": null,
    "international-brands": null,
    "mixtures": null,
    "packagers": null,
    "manufacturers": null,
    "prices": null,
    "categories": {
        "category": [
            {
                "category": "Amino Acids, Peptides, and Proteins",
                "mesh-id": "D000602"
            },
            {
                "category": "Aminoglycoside Antibacterials",
                "mesh-id": "D000617"
            },
            {
                "category": "Anthracyclines",
                "mesh-id": "D018943"
            },
            {
                "category": "Anti-Bacterial Agents",
                "mesh-id": "D000900"
            },
            {
                "category": "Carbohydrates",
                "mesh-id": "D002241"
            },
            {
                "category": "Glycosides",
                "mesh-id": "D006027"
            },
            {
                "category": "Naphthacenes",
                "mesh-id": "D009279"
            },
            {
                "category": "Polyethylene Glycols",
                "mesh-id": "D011092"
            }
        ]
    },
    "affected-organisms": null,
    "dosages": null,
    "atc-codes": null,
    "ahfs-codes": null,
    "pdb-entries": null,
    "patents": null,
    "food-interactions": null,
    "drug-interactions": null,
    "calculated-properties": null,
    "experimental-properties": null,
    "external-identifiers": null,
    "external-links": null,
    "pathways": null,
    "reactions": null,
    "snp-effects": null,
    "snp-adverse-drug-reactions": null,
    "targets": null,
    "enzymes": null,
    "carriers": null,
    "transporters": null
}