{
    "type": "small molecule",
    "created": "2022-12-07",
    "updated": "2022-12-08",
    "drugbank-id": [
        {
            "primary": true,
            "value": "DB17352"
        }
    ],
    "name": "WT-1 A1",
    "description": null,
    "cas-number": "852243-39-1",
    "unii": "V4JB309K8X",
    "average-mass": 1115.31,
    "monoisotopic-mass": 1114.515753657,
    "groups": {
        "group": [
            "investigational"
        ]
    },
    "general-references": {
        "articles": null,
        "textbooks": null,
        "links": null,
        "attachments": null
    },
    "synthesis-reference": null,
    "indication": null,
    "pharmacodynamics": null,
    "mechanism-of-action": null,
    "toxicity": null,
    "metabolism": null,
    "absorption": null,
    "half-life": null,
    "protein-binding": null,
    "route-of-elimination": null,
    "volume-of-distribution": null,
    "clearance": null,
    "salts": null,
    "synonyms": {
        "synonym": [
            {
                "language": "english",
                "coder": "",
                "value": "L-leucine, l-tyrosyl-l-methionyl-l-phenylalanyl-l-prolyl-l-asparaginyl-l-alanyl-l-prolyl-l-tyrosyl-"
            },
            {
                "language": "english",
                "coder": "",
                "value": "Tyr-met-phe-pro-asn-ala-pro-tyr-leu"
            }
        ]
    },
    "products": null,
    "international-brands": null,
    "mixtures": null,
    "packagers": null,
    "manufacturers": null,
    "prices": null,
    "categories": null,
    "affected-organisms": null,
    "dosages": null,
    "atc-codes": null,
    "ahfs-codes": null,
    "pdb-entries": null,
    "patents": null,
    "food-interactions": null,
    "drug-interactions": null,
    "calculated-properties": {
        "property": [
            {
                "kind": "logP",
                "value": "-0.4",
                "source": "ALOGPS"
            },
            {
                "kind": "logS",
                "value": "-5",
                "source": "ALOGPS"
            },
            {
                "kind": "Water Solubility",
                "value": "1.26e-02 g/l",
                "source": "ALOGPS"
            },
            {
                "kind": "logP",
                "value": "-1.8",
                "source": "ChemAxon"
            },
            {
                "kind": "IUPAC Name",
                "value": "(2S)-2-[(2S)-2-{[(2S)-1-[(2S)-2-[(2S)-2-{[(2S)-1-[(2S)-2-[(2S)-2-[(2S)-2-amino-3-(4-hydroxyphenyl)propanamido]-4-(methylsulfanyl)butanamido]-3-phenylpropanoyl]pyrrolidin-2-yl]formamido}-3-carbamoylpropanamido]propanoyl]pyrrolidin-2-yl]formamido}-3-(4-hydroxyphenyl)propanamido]-4-methylpentanoic acid",
                "source": "ChemAxon"
            },
            {
                "kind": "Traditional IUPAC Name",
                "value": "(2S)-2-[(2S)-2-{[(2S)-1-[(2S)-2-[(2S)-2-{[(2S)-1-[(2S)-2-[(2S)-2-[(2S)-2-amino-3-(4-hydroxyphenyl)propanamido]-4-(methylsulfanyl)butanamido]-3-phenylpropanoyl]pyrrolidin-2-yl]formamido}-3-carbamoylpropanamido]propanoyl]pyrrolidin-2-yl]formamido}-3-(4-hydroxyphenyl)propanamido]-4-methylpentanoic acid",
                "source": "ChemAxon"
            },
            {
                "kind": "Molecular Weight",
                "value": "1115.31",
                "source": "ChemAxon"
            },
            {
                "kind": "Monoisotopic Weight",
                "value": "1114.515753657",
                "source": "ChemAxon"
            },
            {
                "kind": "SMILES",
                "value": "CSCC[C@H](NC(=O)[C@@H](N)CC1=CC=C(O)C=C1)C(=O)N[C@@H](CC1=CC=CC=C1)C(=O)N1CCC[C@H]1C(=O)N[C@@H](CC(N)=O)C(=O)N[C@@H](C)C(=O)N1CCC[C@H]1C(=O)N[C@@H](CC1=CC=C(O)C=C1)C(=O)N[C@@H](CC(C)C)C(O)=O",
                "source": "ChemAxon"
            },
            {
                "kind": "Molecular Formula",
                "value": "C55H74N10O13S",
                "source": "ChemAxon"
            },
            {
                "kind": "InChI",
                "value": "InChI=1S/C55H74N10O13S/c1-31(2)26-43(55(77)78)63-50(72)40(28-35-16-20-37(67)21-17-35)60-51(73)44-12-8-23-64(44)53(75)32(3)58-49(71)41(30-46(57)68)61-52(74)45-13-9-24-65(45)54(76)42(29-33-10-6-5-7-11-33)62-48(70)39(22-25-79-4)59-47(69)38(56)27-34-14-18-36(66)19-15-34/h5-7,10-11,14-21,31-32,38-45,66-67H,8-9,12-13,22-30,56H2,1-4H3,(H2,57,68)(H,58,71)(H,59,69)(H,60,73)(H,61,74)(H,62,70)(H,63,72)(H,77,78)/t32-,38-,39-,40-,41-,42-,43-,44-,45-/m0/s1",
                "source": "ChemAxon"
            },
            {
                "kind": "InChIKey",
                "value": "IBNSYSWDJJQKSY-PJYANRIDSA-N",
                "source": "ChemAxon"
            },
            {
                "kind": "Polar Surface Area (PSA)",
                "value": "362.09",
                "source": "ChemAxon"
            },
            {
                "kind": "Refractivity",
                "value": "290.69",
                "source": "ChemAxon"
            },
            {
                "kind": "Polarizability",
                "value": "115.81",
                "source": "ChemAxon"
            },
            {
                "kind": "Rotatable Bond Count",
                "value": "28",
                "source": "ChemAxon"
            },
            {
                "kind": "H Bond Acceptor Count",
                "value": "14",
                "source": "ChemAxon"
            },
            {
                "kind": "H Bond Donor Count",
                "value": "11",
                "source": "ChemAxon"
            },
            {
                "kind": "pKa (strongest acidic)",
                "value": "3.47",
                "source": "ChemAxon"
            },
            {
                "kind": "pKa (strongest basic)",
                "value": "7.72",
                "source": "ChemAxon"
            },
            {
                "kind": "Physiological Charge",
                "value": "0",
                "source": "ChemAxon"
            },
            {
                "kind": "Number of Rings",
                "value": "5",
                "source": "ChemAxon"
            },
            {
                "kind": "Bioavailability",
                "value": "0",
                "source": "ChemAxon"
            },
            {
                "kind": "Rule of Five",
                "value": "0",
                "source": "ChemAxon"
            },
            {
                "kind": "Ghose Filter",
                "value": "0",
                "source": "ChemAxon"
            },
            {
                "kind": "MDDR-Like Rule",
                "value": "1",
                "source": "ChemAxon"
            }
        ]
    },
    "experimental-properties": null,
    "external-identifiers": {
        "external-identifier": [
            {
                "resource": "ChemSpider",
                "identifier": "9655063"
            }
        ]
    },
    "external-links": null,
    "pathways": null,
    "reactions": null,
    "snp-effects": null,
    "snp-adverse-drug-reactions": null,
    "targets": null,
    "enzymes": null,
    "carriers": null,
    "transporters": null
}