{
    "type": "small molecule",
    "created": "2022-11-24",
    "updated": "2022-12-01",
    "drugbank-id": [
        {
            "primary": true,
            "value": "DB17199"
        }
    ],
    "name": "AAG-1",
    "description": null,
    "cas-number": "1204408-18-3",
    "unii": "LB2951OCS5",
    "average-mass": 283.331,
    "monoisotopic-mass": 283.132076799,
    "groups": {
        "group": [
            "investigational"
        ]
    },
    "general-references": {
        "articles": null,
        "textbooks": null,
        "links": null,
        "attachments": null
    },
    "synthesis-reference": null,
    "indication": null,
    "pharmacodynamics": null,
    "mechanism-of-action": null,
    "toxicity": null,
    "metabolism": null,
    "absorption": null,
    "half-life": null,
    "protein-binding": null,
    "route-of-elimination": null,
    "volume-of-distribution": null,
    "clearance": null,
    "salts": null,
    "synonyms": {
        "synonym": [
            {
                "language": "english",
                "coder": "",
                "value": "Flag-003 free base"
            },
            {
                "language": "english",
                "coder": "",
                "value": "Furo(2,3-d)pyrimidin-4-amine, n-(4-methoxyphenyl)-n,2,6-trimethyl-"
            },
            {
                "language": "english",
                "coder": "",
                "value": "N-(4-methoxyphenyl)-n,2,6-trimethylfuro(2,3-d) pyrimidin-4-amine"
            }
        ]
    },
    "products": null,
    "international-brands": null,
    "mixtures": null,
    "packagers": null,
    "manufacturers": null,
    "prices": null,
    "categories": null,
    "affected-organisms": null,
    "dosages": null,
    "atc-codes": null,
    "ahfs-codes": null,
    "pdb-entries": null,
    "patents": null,
    "food-interactions": null,
    "drug-interactions": null,
    "calculated-properties": {
        "property": [
            {
                "kind": "logP",
                "value": "3.51",
                "source": "ALOGPS"
            },
            {
                "kind": "logS",
                "value": "-3.2",
                "source": "ALOGPS"
            },
            {
                "kind": "Water Solubility",
                "value": "1.78e-01 g/l",
                "source": "ALOGPS"
            },
            {
                "kind": "logP",
                "value": "3.31",
                "source": "ChemAxon"
            },
            {
                "kind": "IUPAC Name",
                "value": "N-(4-methoxyphenyl)-N,2,6-trimethylfuro[2,3-d]pyrimidin-4-amine",
                "source": "ChemAxon"
            },
            {
                "kind": "Traditional IUPAC Name",
                "value": "N-(4-{[3-(2-aminopyrimidin-4-yl)pyridin-2-yl]oxy}phenyl)-4-(4-methylthiophen-2-yl)phthalazin-1-amine",
                "source": "ChemAxon"
            },
            {
                "kind": "Molecular Weight",
                "value": "283.331",
                "source": "ChemAxon"
            },
            {
                "kind": "Monoisotopic Weight",
                "value": "283.132076799",
                "source": "ChemAxon"
            },
            {
                "kind": "SMILES",
                "value": "COC1=CC=C(C=C1)N(C)C1=C2C=C(C)OC2=NC(C)=N1",
                "source": "ChemAxon"
            },
            {
                "kind": "Molecular Formula",
                "value": "C16H17N3O2",
                "source": "ChemAxon"
            },
            {
                "kind": "InChI",
                "value": "InChI=1S/C16H17N3O2/c1-10-9-14-15(17-11(2)18-16(14)21-10)19(3)12-5-7-13(20-4)8-6-12/h5-9H,1-4H3",
                "source": "ChemAxon"
            },
            {
                "kind": "InChIKey",
                "value": "KVMLMFRXRZLEGU-UHFFFAOYSA-N",
                "source": "ChemAxon"
            },
            {
                "kind": "Polar Surface Area (PSA)",
                "value": "51.39",
                "source": "ChemAxon"
            },
            {
                "kind": "Refractivity",
                "value": "81.45",
                "source": "ChemAxon"
            },
            {
                "kind": "Polarizability",
                "value": "30.95",
                "source": "ChemAxon"
            },
            {
                "kind": "Rotatable Bond Count",
                "value": "3",
                "source": "ChemAxon"
            },
            {
                "kind": "H Bond Acceptor Count",
                "value": "4",
                "source": "ChemAxon"
            },
            {
                "kind": "H Bond Donor Count",
                "value": "0",
                "source": "ChemAxon"
            },
            {
                "kind": "pKa (strongest basic)",
                "value": "2.29",
                "source": "ChemAxon"
            },
            {
                "kind": "Physiological Charge",
                "value": "0",
                "source": "ChemAxon"
            },
            {
                "kind": "Number of Rings",
                "value": "3",
                "source": "ChemAxon"
            },
            {
                "kind": "Bioavailability",
                "value": "1",
                "source": "ChemAxon"
            },
            {
                "kind": "Rule of Five",
                "value": "1",
                "source": "ChemAxon"
            },
            {
                "kind": "Ghose Filter",
                "value": "1",
                "source": "ChemAxon"
            },
            {
                "kind": "MDDR-Like Rule",
                "value": "0",
                "source": "ChemAxon"
            }
        ]
    },
    "experimental-properties": null,
    "external-identifiers": {
        "external-identifier": [
            {
                "resource": "ChemSpider",
                "identifier": "34246088"
            },
            {
                "resource": "BindingDB",
                "identifier": "50022542"
            },
            {
                "resource": "ChEMBL",
                "identifier": "CHEMBL3297898"
            },
            {
                "resource": "ZINC",
                "identifier": "ZINC000141494346"
            }
        ]
    },
    "external-links": null,
    "pathways": null,
    "reactions": null,
    "snp-effects": null,
    "snp-adverse-drug-reactions": null,
    "targets": null,
    "enzymes": null,
    "carriers": null,
    "transporters": null
}