{
    "type": "small molecule",
    "created": "2022-11-30",
    "updated": "2022-12-01",
    "drugbank-id": [
        {
            "primary": true,
            "value": "DB17261"
        }
    ],
    "name": "Flubrobenguane F18",
    "description": null,
    "cas-number": "1037359-47-9",
    "unii": "8LF7W971UM",
    "average-mass": 303.166,
    "monoisotopic-mass": 302.040788,
    "groups": {
        "group": [
            "investigational"
        ]
    },
    "general-references": {
        "articles": null,
        "textbooks": null,
        "links": null,
        "attachments": null
    },
    "synthesis-reference": null,
    "indication": null,
    "pharmacodynamics": null,
    "mechanism-of-action": null,
    "toxicity": null,
    "metabolism": null,
    "absorption": null,
    "half-life": null,
    "protein-binding": null,
    "route-of-elimination": null,
    "volume-of-distribution": null,
    "clearance": null,
    "salts": null,
    "synonyms": {
        "synonym": [
            {
                "language": "english",
                "coder": "",
                "value": "Flubrobenguane (18f)"
            },
            {
                "language": "english",
                "coder": "",
                "value": "Flubrobenguane F-18"
            },
            {
                "language": "english",
                "coder": "",
                "value": "N-((3-bromo-4-(3-(fluoro-18f)propoxy)phenyl)methyl)guanidine"
            }
        ]
    },
    "products": null,
    "international-brands": null,
    "mixtures": null,
    "packagers": null,
    "manufacturers": null,
    "prices": null,
    "categories": null,
    "affected-organisms": null,
    "dosages": null,
    "atc-codes": null,
    "ahfs-codes": null,
    "pdb-entries": null,
    "patents": null,
    "food-interactions": null,
    "drug-interactions": null,
    "calculated-properties": {
        "property": [
            {
                "kind": "logP",
                "value": "1.46",
                "source": "ALOGPS"
            },
            {
                "kind": "logS",
                "value": "-4",
                "source": "ALOGPS"
            },
            {
                "kind": "Water Solubility",
                "value": "2.76e-02 g/l",
                "source": "ALOGPS"
            },
            {
                "kind": "logP",
                "value": "1.64",
                "source": "ChemAxon"
            },
            {
                "kind": "IUPAC Name",
                "value": "N-({3-bromo-4-[3-(¹⁸F)fluoropropoxy]phenyl}methyl)guanidine",
                "source": "ChemAxon"
            },
            {
                "kind": "Traditional IUPAC Name",
                "value": "N-({3-bromo-4-[3-(¹⁸F)fluoropropoxy]phenyl}methyl)guanidine",
                "source": "ChemAxon"
            },
            {
                "kind": "Molecular Weight",
                "value": "303.166",
                "source": "ChemAxon"
            },
            {
                "kind": "Monoisotopic Weight",
                "value": "302.040788",
                "source": "ChemAxon"
            },
            {
                "kind": "SMILES",
                "value": "NC(=N)NCC1=CC(Br)=C(OCCC[18F])C=C1",
                "source": "ChemAxon"
            },
            {
                "kind": "Molecular Formula",
                "value": "C11H15BrFN3O",
                "source": "ChemAxon"
            },
            {
                "kind": "InChI",
                "value": "InChI=1S/C11H15BrFN3O/c12-9-6-8(7-16-11(14)15)2-3-10(9)17-5-1-4-13/h2-3,6H,1,4-5,7H2,(H4,14,15,16)/i13-1",
                "source": "ChemAxon"
            },
            {
                "kind": "InChIKey",
                "value": "ZYULQCDNUYJBRI-HSGWXFLFSA-N",
                "source": "ChemAxon"
            },
            {
                "kind": "Polar Surface Area (PSA)",
                "value": "71.13",
                "source": "ChemAxon"
            },
            {
                "kind": "Refractivity",
                "value": "78.8",
                "source": "ChemAxon"
            },
            {
                "kind": "Polarizability",
                "value": "26.9",
                "source": "ChemAxon"
            },
            {
                "kind": "Rotatable Bond Count",
                "value": "6",
                "source": "ChemAxon"
            },
            {
                "kind": "H Bond Acceptor Count",
                "value": "4",
                "source": "ChemAxon"
            },
            {
                "kind": "H Bond Donor Count",
                "value": "3",
                "source": "ChemAxon"
            },
            {
                "kind": "pKa (strongest basic)",
                "value": "11.68",
                "source": "ChemAxon"
            },
            {
                "kind": "Physiological Charge",
                "value": "1",
                "source": "ChemAxon"
            },
            {
                "kind": "Number of Rings",
                "value": "1",
                "source": "ChemAxon"
            },
            {
                "kind": "Bioavailability",
                "value": "1",
                "source": "ChemAxon"
            },
            {
                "kind": "Rule of Five",
                "value": "1",
                "source": "ChemAxon"
            },
            {
                "kind": "Ghose Filter",
                "value": "1",
                "source": "ChemAxon"
            },
            {
                "kind": "MDDR-Like Rule",
                "value": "0",
                "source": "ChemAxon"
            }
        ]
    },
    "experimental-properties": null,
    "external-identifiers": {
        "external-identifier": [
            {
                "resource": "ChemSpider",
                "identifier": "57617978"
            },
            {
                "resource": "ChEMBL",
                "identifier": "CHEMBL4298157"
            }
        ]
    },
    "external-links": null,
    "pathways": null,
    "reactions": null,
    "snp-effects": null,
    "snp-adverse-drug-reactions": null,
    "targets": null,
    "enzymes": null,
    "carriers": null,
    "transporters": null
}