{
    "type": "small molecule",
    "created": "2022-11-30",
    "updated": "2022-12-01",
    "drugbank-id": [
        {
            "primary": true,
            "value": "DB17253"
        }
    ],
    "name": "Fimaporfin",
    "description": null,
    "cas-number": "1443547-43-0",
    "unii": "3UVT27C76J",
    "groups": {
        "group": [
            "investigational"
        ]
    },
    "general-references": {
        "articles": null,
        "textbooks": null,
        "links": null,
        "attachments": null
    },
    "synthesis-reference": null,
    "indication": null,
    "pharmacodynamics": null,
    "mechanism-of-action": null,
    "toxicity": null,
    "metabolism": null,
    "absorption": null,
    "half-life": null,
    "protein-binding": null,
    "route-of-elimination": null,
    "volume-of-distribution": null,
    "clearance": null,
    "salts": null,
    "synonyms": {
        "synonym": [
            {
                "language": "english",
                "coder": "",
                "value": "4,4'-(15,20-diphenyl-7,8(or 12,13 or 17,18)-dihydro-21h,23h-porphine-5,10-diyl)bisbenzenesulfonic acid, mixture of three isomers a, b and c (25%, 50%, 25%)"
            },
            {
                "language": "english",
                "coder": "",
                "value": "Amphinex"
            },
            {
                "language": "english",
                "coder": "",
                "value": "Benzenesulfonic acid, 4,4'-(7,8(or 17,18)-dihydro-10,15(or 15,20)-diphenyl-21h,23h-porphine-5,20(or 5,10)-diyl)bis-"
            }
        ]
    },
    "products": null,
    "international-brands": null,
    "mixtures": null,
    "packagers": null,
    "manufacturers": null,
    "prices": null,
    "categories": null,
    "affected-organisms": null,
    "dosages": null,
    "atc-codes": null,
    "ahfs-codes": null,
    "pdb-entries": null,
    "patents": null,
    "food-interactions": null,
    "drug-interactions": null,
    "calculated-properties": null,
    "experimental-properties": null,
    "external-identifiers": null,
    "external-links": null,
    "pathways": null,
    "reactions": null,
    "snp-effects": null,
    "snp-adverse-drug-reactions": null,
    "targets": null,
    "enzymes": null,
    "carriers": null,
    "transporters": null
}