{
    "type": "small molecule",
    "created": "2022-11-30",
    "updated": "2022-12-01",
    "drugbank-id": [
        {
            "primary": true,
            "value": "DB17248"
        }
    ],
    "name": "Adegramotide",
    "description": null,
    "cas-number": "1252802-98-4",
    "unii": "4XQ7W02EQ0",
    "groups": {
        "group": [
            "investigational"
        ]
    },
    "general-references": {
        "articles": null,
        "textbooks": null,
        "links": null,
        "attachments": null
    },
    "synthesis-reference": null,
    "indication": null,
    "pharmacodynamics": null,
    "mechanism-of-action": null,
    "toxicity": null,
    "metabolism": null,
    "absorption": null,
    "half-life": null,
    "protein-binding": null,
    "route-of-elimination": null,
    "volume-of-distribution": null,
    "clearance": null,
    "salts": null,
    "synonyms": {
        "synonym": [
            {
                "language": "english",
                "coder": "",
                "value": "Adegrapepimut-s"
            },
            {
                "language": "english",
                "coder": "",
                "value": "Human wilms tumor protein (wt33)-(34-51)-peptide"
            },
            {
                "language": "english",
                "coder": "",
                "value": "L-leucine, l-tryptophyl-l-alanyl-l-prolyl-l-valyl-l-leucyl-l-.alpha.-aspartyl-l-phenylalanyl-l-alanyl-l-prolyl-l-prolylglycyl-l-alanyl-l-seryl-l-alanyl-l-tyrosylglycyl-l-seryl-"
            },
            {
                "language": "english",
                "coder": "",
                "value": "Trp-ala-pro-val-leu-asp-phe-ala-pro-pro-gly-ala-ser-ala-tyr-gly-ser-leu"
            }
        ]
    },
    "products": null,
    "international-brands": null,
    "mixtures": null,
    "packagers": null,
    "manufacturers": null,
    "prices": null,
    "categories": null,
    "affected-organisms": null,
    "dosages": null,
    "atc-codes": null,
    "ahfs-codes": null,
    "pdb-entries": null,
    "patents": null,
    "food-interactions": null,
    "drug-interactions": null,
    "calculated-properties": null,
    "experimental-properties": null,
    "external-identifiers": {
        "external-identifier": [
            {
                "resource": "Wikipedia",
                "identifier": "Adegramotide"
            }
        ]
    },
    "external-links": null,
    "pathways": null,
    "reactions": null,
    "snp-effects": null,
    "snp-adverse-drug-reactions": null,
    "targets": null,
    "enzymes": null,
    "carriers": null,
    "transporters": null
}