{
    "type": "small molecule",
    "created": "2022-12-01",
    "updated": "2022-12-13",
    "drugbank-id": [
        {
            "primary": true,
            "value": "DB17277"
        }
    ],
    "name": "CBP-501",
    "description": null,
    "cas-number": "565434-85-7",
    "unii": "XH2662798I",
    "average-mass": 1929.1,
    "monoisotopic-mass": 1927.949364399,
    "groups": {
        "group": [
            "investigational"
        ]
    },
    "general-references": {
        "articles": null,
        "textbooks": null,
        "links": null,
        "attachments": null
    },
    "synthesis-reference": null,
    "indication": null,
    "pharmacodynamics": null,
    "mechanism-of-action": null,
    "toxicity": null,
    "metabolism": null,
    "absorption": null,
    "half-life": null,
    "protein-binding": null,
    "route-of-elimination": null,
    "volume-of-distribution": null,
    "clearance": null,
    "salts": {
        "salt": [
            {
                "drugbank-id": [
                    {
                        "primary": true,
                        "value": "DBSALT003316"
                    }
                ],
                "name": "CBP-501 acetate",
                "unii": "8HSP55450P",
                "cas-number": "1829512-40-4",
                "inchikey": "GKMPTIBZVGZJDN-RJLNLWLESA-N",
                "average-mass": 1989.152,
                "monoisotopic-mass": 1987.970493768
            }
        ]
    },
    "synonyms": {
        "synonym": [
            {
                "language": "english",
                "coder": "",
                "value": "D-arginine, 4-benzoyl-d-phenylalanyl-d-seryl-d-tryptophyl-d-seryl-2,3,4,5,6-pentafluoro-d-phenylalanyl-3-cyclohexyl-d-alanyl-d-arginyl-d-arginyl-d-arginyl-d-glutaminyl-d-arginyl-"
            }
        ]
    },
    "products": null,
    "international-brands": null,
    "mixtures": null,
    "packagers": null,
    "manufacturers": null,
    "prices": null,
    "categories": {
        "category": [
            {
                "category": "Amino Acids, Peptides, and Proteins",
                "mesh-id": "D000602"
            },
            {
                "category": "Cell Cycle Proteins",
                "mesh-id": "D018797"
            },
            {
                "category": "Dual-Specificity Phosphatases",
                "mesh-id": "D054637"
            },
            {
                "category": "Enzymes",
                "mesh-id": "D004798"
            },
            {
                "category": "Enzymes and Coenzymes",
                "mesh-id": "D045762"
            },
            {
                "category": "Esterases",
                "mesh-id": "D004950"
            },
            {
                "category": "Hydrolases",
                "mesh-id": "D006867"
            },
            {
                "category": "Intracellular Signaling Peptides and Proteins",
                "mesh-id": "D047908"
            },
            {
                "category": "Multifunctional Enzymes",
                "mesh-id": "D064251"
            },
            {
                "category": "Peptides",
                "mesh-id": "D010455"
            },
            {
                "category": "Phosphoprotein Phosphatases",
                "mesh-id": "D010749"
            },
            {
                "category": "Phosphoric Monoester Hydrolases",
                "mesh-id": "D010744"
            },
            {
                "category": "Protein Tyrosine Phosphatases",
                "mesh-id": "D017027"
            },
            {
                "category": "Proteins",
                "mesh-id": "D011506"
            }
        ]
    },
    "affected-organisms": null,
    "dosages": null,
    "atc-codes": null,
    "ahfs-codes": null,
    "pdb-entries": null,
    "patents": null,
    "food-interactions": null,
    "drug-interactions": null,
    "calculated-properties": {
        "property": [
            {
                "kind": "logP",
                "value": "-0.99",
                "source": "ALOGPS"
            },
            {
                "kind": "logS",
                "value": "-4.8",
                "source": "ALOGPS"
            },
            {
                "kind": "Water Solubility",
                "value": "2.92e-02 g/l",
                "source": "ALOGPS"
            },
            {
                "kind": "logP",
                "value": "-7.1",
                "source": "ChemAxon"
            },
            {
                "kind": "IUPAC Name",
                "value": "(2R)-2-[(2R)-2-[(2R)-2-[(2R)-2-[(2R)-2-[(2R)-2-[(2R)-2-[(2R)-2-[(2R)-2-[(2R)-2-[(2R)-2-[(2R)-2-amino-3-(4-benzoylphenyl)propanamido]-3-hydroxypropanamido]-3-(1H-indol-3-yl)propanamido]-3-hydroxypropanamido]-3-(2,3,4,5,6-pentafluorophenyl)propanamido]-3-cyclohexylpropanamido]-5-carbamimidamidopentanamido]-5-carbamimidamidopentanamido]-5-carbamimidamidopentanamido]-4-carbamoylbutanamido]-5-carbamimidamidopentanamido]-5-carbamimidamidopentanoic acid",
                "source": "ChemAxon"
            },
            {
                "kind": "Traditional IUPAC Name",
                "value": "(2R)-2-[(2R)-2-[(2R)-2-[(2R)-2-[(2R)-2-[(2R)-2-[(2R)-2-[(2R)-2-[(2R)-2-[(2R)-2-[(2R)-2-[(2R)-2-amino-3-(4-benzoylphenyl)propanamido]-3-hydroxypropanamido]-3-(1H-indol-3-yl)propanamido]-3-hydroxypropanamido]-3-(2,3,4,5,6-pentafluorophenyl)propanamido]-3-cyclohexylpropanamido]-5-carbamimidamidopentanamido]-5-carbamimidamidopentanamido]-5-carbamimidamidopentanamido]-4-carbamoylbutanamido]-5-carbamimidamidopentanamido]-5-carbamimidamidopentanoic acid",
                "source": "ChemAxon"
            },
            {
                "kind": "Molecular Weight",
                "value": "1929.1",
                "source": "ChemAxon"
            },
            {
                "kind": "Monoisotopic Weight",
                "value": "1927.949364399",
                "source": "ChemAxon"
            },
            {
                "kind": "SMILES",
                "value": "N[C@H](CC1=CC=C(C=C1)C(=O)C1=CC=CC=C1)C(=O)N[C@H](CO)C(=O)N[C@H](CC1=CNC2=C1C=CC=C2)C(=O)N[C@H](CO)C(=O)N[C@H](CC1=C(F)C(F)=C(F)C(F)=C1F)C(=O)N[C@H](CC1CCCCC1)C(=O)N[C@H](CCCNC(N)=N)C(=O)N[C@H](CCCNC(N)=N)C(=O)N[C@H](CCCNC(N)=N)C(=O)N[C@H](CCC(N)=O)C(=O)N[C@H](CCCNC(N)=N)C(=O)N[C@H](CCCNC(N)=N)C(O)=O",
                "source": "ChemAxon"
            },
            {
                "kind": "Molecular Formula",
                "value": "C86H122F5N29O17",
                "source": "ChemAxon"
            },
            {
                "kind": "InChI",
                "value": "InChI=1S/C86H122F5N29O17/c87-64-49(65(88)67(90)68(91)66(64)89)39-60(118-80(135)62(42-122)120-77(132)59(38-47-40-109-51-19-8-7-18-48(47)51)117-79(134)61(41-121)119-70(125)50(92)36-44-25-27-46(28-26-44)69(124)45-16-5-2-6-17-45)78(133)116-58(37-43-14-3-1-4-15-43)76(131)113-54(22-11-33-106-84(98)99)72(127)110-52(20-9-31-104-82(94)95)71(126)111-53(21-10-32-105-83(96)97)73(128)114-56(29-30-63(93)123)75(130)112-55(23-12-34-107-85(100)101)74(129)115-57(81(136)137)24-13-35-108-86(102)103/h2,5-8,16-19,25-28,40,43,50,52-62,109,121-122H,1,3-4,9-15,20-24,29-39,41-42,92H2,(H2,93,123)(H,110,127)(H,111,126)(H,112,130)(H,113,131)(H,114,128)(H,115,129)(H,116,133)(H,117,134)(H,118,135)(H,119,125)(H,120,132)(H,136,137)(H4,94,95,104)(H4,96,97,105)(H4,98,99,106)(H4,100,101,107)(H4,102,103,108)/t50-,52-,53-,54-,55-,56-,57-,58-,59-,60-,61-,62-/m1/s1",
                "source": "ChemAxon"
            },
            {
                "kind": "InChIKey",
                "value": "DEZJGRPRBZSAKI-KMGSDFBDSA-N",
                "source": "ChemAxon"
            },
            {
                "kind": "Polar Surface Area (PSA)",
                "value": "809.33",
                "source": "ChemAxon"
            },
            {
                "kind": "Refractivity",
                "value": "535.87",
                "source": "ChemAxon"
            },
            {
                "kind": "Polarizability",
                "value": "194.5",
                "source": "ChemAxon"
            },
            {
                "kind": "Rotatable Bond Count",
                "value": "58",
                "source": "ChemAxon"
            },
            {
                "kind": "H Bond Acceptor Count",
                "value": "33",
                "source": "ChemAxon"
            },
            {
                "kind": "H Bond Donor Count",
                "value": "32",
                "source": "ChemAxon"
            },
            {
                "kind": "pKa (strongest acidic)",
                "value": "3.47",
                "source": "ChemAxon"
            },
            {
                "kind": "pKa (strongest basic)",
                "value": "12.64",
                "source": "ChemAxon"
            },
            {
                "kind": "Physiological Charge",
                "value": "5",
                "source": "ChemAxon"
            },
            {
                "kind": "Number of Rings",
                "value": "6",
                "source": "ChemAxon"
            },
            {
                "kind": "Bioavailability",
                "value": "0",
                "source": "ChemAxon"
            },
            {
                "kind": "Rule of Five",
                "value": "0",
                "source": "ChemAxon"
            },
            {
                "kind": "Ghose Filter",
                "value": "0",
                "source": "ChemAxon"
            },
            {
                "kind": "MDDR-Like Rule",
                "value": "1",
                "source": "ChemAxon"
            }
        ]
    },
    "experimental-properties": null,
    "external-identifiers": {
        "external-identifier": [
            {
                "resource": "ChemSpider",
                "identifier": "17312323"
            },
            {
                "resource": "ChEMBL",
                "identifier": "CHEMBL4297362"
            }
        ]
    },
    "external-links": null,
    "pathways": null,
    "reactions": null,
    "snp-effects": null,
    "snp-adverse-drug-reactions": null,
    "targets": null,
    "enzymes": null,
    "carriers": null,
    "transporters": null
}