{
    "type": "biotech",
    "created": "2022-12-07",
    "updated": "2022-12-08",
    "drugbank-id": [
        {
            "primary": true,
            "value": "DB17377"
        }
    ],
    "name": "Bersanlimab",
    "description": "Bersanlimab is an investigational monoclonal antibody directed against intercellular adhesion molecule 1 (ICAM-1).",
    "cas-number": "1987854-08-9",
    "unii": "MP3N1L4OR6",
    "groups": {
        "group": [
            "investigational"
        ]
    },
    "general-references": {
        "articles": null,
        "textbooks": null,
        "links": null,
        "attachments": null
    },
    "synthesis-reference": null,
    "indication": null,
    "pharmacodynamics": null,
    "mechanism-of-action": null,
    "toxicity": null,
    "metabolism": null,
    "absorption": null,
    "half-life": null,
    "protein-binding": null,
    "route-of-elimination": null,
    "volume-of-distribution": null,
    "clearance": null,
    "classification": {
        "description": null,
        "direct-parent": "Peptides",
        "kingdom": "Organic Compounds",
        "superclass": "Organic Acids",
        "class": "Carboxylic Acids and Derivatives",
        "subclass": "Amino Acids, Peptides, and Analogues"
    },
    "salts": null,
    "synonyms": {
        "synonym": [
            {
                "language": "english",
                "coder": "",
                "value": "Anti-icam-1 monoclonal antibody bi-505"
            },
            {
                "language": "english",
                "coder": "",
                "value": "Immunoglobulin g1-lambda, anti-(homo sapiens icam1(intercellular adhesion molecule 1, icam-1, cd54)), human monoclonal antibody"
            },
            {
                "language": "english",
                "coder": "",
                "value": "Immunoglobulin g1, anti-(human intercellular adhesion molecule icam-1) (human monoclonal bi-505 .gamma.1-chain), disulfide with monoclonal bi-505 light-chain, dimer"
            }
        ]
    },
    "products": null,
    "international-brands": null,
    "mixtures": null,
    "packagers": null,
    "manufacturers": null,
    "prices": null,
    "categories": null,
    "affected-organisms": null,
    "dosages": null,
    "atc-codes": null,
    "ahfs-codes": null,
    "pdb-entries": null,
    "patents": null,
    "food-interactions": null,
    "drug-interactions": null,
    "sequences": null,
    "experimental-properties": null,
    "external-identifiers": null,
    "external-links": null,
    "pathways": null,
    "reactions": null,
    "snp-effects": null,
    "snp-adverse-drug-reactions": null,
    "targets": null,
    "enzymes": null,
    "carriers": null,
    "transporters": null
}