{
    "type": "biotech",
    "created": "2022-12-02",
    "updated": "2022-12-03",
    "drugbank-id": [
        {
            "primary": true,
            "value": "DB17303"
        }
    ],
    "name": "Leuvectin",
    "description": "Leuvectin (formerly known as VCL-1102) is a gene therapy. It consists of a plasmid encoding human interleukin (IL)-2 formulated with the cationic lipid 1,2-dimyristyloxypropyl-3-dimethyl-hydroxyethyl ammonium bromide/dioleyl-phosphatidyl-ethanolamine (DMRIE/DOPE).[A254711]",
    "cas-number": null,
    "unii": null,
    "groups": {
        "group": [
            "investigational"
        ]
    },
    "general-references": {
        "articles": {
            "article": [
                {
                    "ref-id": "A254711",
                    "pubmed-id": "10506635",
                    "citation": "Galanis E, Hersh EM, Stopeck AT, Gonzalez R, Burch P, Spier C, Akporiaye ET, Rinehart JJ, Edmonson J, Sobol RE, Forscher C, Sondak VK, Lewis BD, Unger EC, O'Driscoll M, Selk L, Rubin J: Immunotherapy of advanced malignancy by direct gene transfer of an interleukin-2 DNA/DMRIE/DOPE lipid complex: phase I/II experience. J Clin Oncol. 1999 Oct;17(10):3313-23. doi: 10.1200/JCO.1999.17.10.3313."
                }
            ]
        },
        "textbooks": null,
        "links": null,
        "attachments": null
    },
    "synthesis-reference": null,
    "indication": null,
    "pharmacodynamics": null,
    "mechanism-of-action": null,
    "toxicity": null,
    "metabolism": null,
    "absorption": null,
    "half-life": null,
    "protein-binding": null,
    "route-of-elimination": null,
    "volume-of-distribution": null,
    "clearance": null,
    "salts": null,
    "synonyms": {
        "synonym": [
            {
                "language": "english",
                "coder": "",
                "value": "DNA-lipid complex (DMRIE/DOPE)/plasmid vector (VCL-1102, Vical) expressing human interleukin-2"
            }
        ]
    },
    "products": null,
    "international-brands": null,
    "mixtures": null,
    "packagers": null,
    "manufacturers": null,
    "prices": null,
    "categories": {
        "category": [
            {
                "category": "Biological Products",
                "mesh-id": "D001688"
            },
            {
                "category": "Complex Mixtures",
                "mesh-id": "D045424"
            },
            {
                "category": "Gene Transfer Techniques",
                "mesh-id": "D018014"
            },
            {
                "category": "Vaccines",
                "mesh-id": "D014612"
            }
        ]
    },
    "affected-organisms": null,
    "dosages": null,
    "atc-codes": null,
    "ahfs-codes": null,
    "pdb-entries": null,
    "patents": null,
    "food-interactions": null,
    "drug-interactions": null,
    "sequences": null,
    "experimental-properties": null,
    "external-identifiers": null,
    "external-links": null,
    "pathways": null,
    "reactions": null,
    "snp-effects": null,
    "snp-adverse-drug-reactions": null,
    "targets": null,
    "enzymes": null,
    "carriers": null,
    "transporters": null
}