{
    "type": "biotech",
    "created": "2022-12-02",
    "updated": "2022-12-13",
    "drugbank-id": [
        {
            "primary": true,
            "value": "DB17294"
        }
    ],
    "name": "Pixofisiran",
    "description": null,
    "cas-number": "1152798-48-5",
    "unii": "O5QC3YP0M7",
    "groups": {
        "group": [
            "investigational"
        ]
    },
    "general-references": {
        "articles": null,
        "textbooks": null,
        "links": null,
        "attachments": null
    },
    "synthesis-reference": null,
    "indication": null,
    "pharmacodynamics": null,
    "mechanism-of-action": null,
    "toxicity": null,
    "metabolism": null,
    "absorption": null,
    "half-life": null,
    "protein-binding": null,
    "route-of-elimination": null,
    "volume-of-distribution": null,
    "clearance": null,
    "salts": {
        "salt": [
            {
                "drugbank-id": [
                    {
                        "primary": true,
                        "value": "DBSALT003319"
                    }
                ],
                "name": "Pixofisiran sodium",
                "unii": "8QFS4BAH6H",
                "cas-number": null,
                "inchikey": null
            }
        ]
    },
    "synonyms": {
        "synonym": [
            {
                "language": "english",
                "coder": "",
                "value": "Cotsiranib tgf-.beta.1 si-rna free acid component"
            },
            {
                "language": "english",
                "coder": "",
                "value": "Rna, (a-g-a-a-g-u-u-g-g-c-a-u-g-g-u-a-g-c-c-c-u-u-g-g-g), complex with rna (c-c-c-a-a-g-g-g-c-u-a-c-c-a-u-g-c-c-a-a-c-u-u-c-u) (1:1)"
            },
            {
                "language": "english",
                "coder": "",
                "value": "Stp-705 component tgf-.beta.1 si-rna free acid"
            },
            {
                "language": "english",
                "coder": "",
                "value": "Tgf-.beta.1 si-rna free acid component of cotsiranib"
            }
        ]
    },
    "products": null,
    "international-brands": null,
    "mixtures": null,
    "packagers": null,
    "manufacturers": null,
    "prices": null,
    "categories": null,
    "affected-organisms": null,
    "dosages": null,
    "atc-codes": null,
    "ahfs-codes": null,
    "pdb-entries": null,
    "patents": null,
    "food-interactions": null,
    "drug-interactions": null,
    "sequences": null,
    "experimental-properties": null,
    "external-identifiers": null,
    "external-links": null,
    "pathways": null,
    "reactions": null,
    "snp-effects": null,
    "snp-adverse-drug-reactions": null,
    "targets": null,
    "enzymes": null,
    "carriers": null,
    "transporters": null
}