{
    "type": "small molecule",
    "created": "2022-11-29",
    "updated": "2022-12-01",
    "drugbank-id": [
        {
            "primary": true,
            "value": "DB17235"
        }
    ],
    "name": "Linperlisib",
    "description": null,
    "cas-number": "1702816-75-8",
    "unii": "05HYK3CV9N",
    "average-mass": 588.7,
    "monoisotopic-mass": 588.253017652,
    "groups": {
        "group": [
            "investigational"
        ]
    },
    "general-references": {
        "articles": null,
        "textbooks": null,
        "links": null,
        "attachments": null
    },
    "synthesis-reference": null,
    "indication": null,
    "pharmacodynamics": null,
    "mechanism-of-action": null,
    "toxicity": null,
    "metabolism": null,
    "absorption": null,
    "half-life": null,
    "protein-binding": null,
    "route-of-elimination": null,
    "volume-of-distribution": null,
    "clearance": null,
    "salts": null,
    "synonyms": {
        "synonym": [
            {
                "language": "english",
                "coder": "",
                "value": "Methanesulfonamide, n-(5-(6-fluoro-8-((4-(1-hydroxy-1-methylethyl)-1-piperidinyl)methyl)-2-(4-morpholinyl)-4-quinazolinyl)-2-methoxy-3-pyridinyl)-"
            },
            {
                "language": "english",
                "coder": "",
                "value": "N-(5-(6-fluoro-8-((4-(2-hydroxypropan-2-yl) piperidin-1-yl)methyl)-2-morpholinoquinazolin-4-yl)-2-methoxypyridin-3-)methanesulfonamide"
            },
            {
                "language": "english",
                "coder": "",
                "value": "Pi3k.delta.-in-2"
            }
        ]
    },
    "products": null,
    "international-brands": null,
    "mixtures": null,
    "packagers": null,
    "manufacturers": null,
    "prices": null,
    "categories": null,
    "affected-organisms": null,
    "dosages": null,
    "atc-codes": null,
    "ahfs-codes": null,
    "pdb-entries": null,
    "patents": null,
    "food-interactions": null,
    "drug-interactions": null,
    "calculated-properties": {
        "property": [
            {
                "kind": "logP",
                "value": "2.94",
                "source": "ALOGPS"
            },
            {
                "kind": "logS",
                "value": "-3.9",
                "source": "ALOGPS"
            },
            {
                "kind": "Water Solubility",
                "value": "7.94e-02 g/l",
                "source": "ALOGPS"
            },
            {
                "kind": "logP",
                "value": "1.38",
                "source": "ChemAxon"
            },
            {
                "kind": "IUPAC Name",
                "value": "N-[5-(6-fluoro-8-{[4-(2-hydroxypropan-2-yl)piperidin-1-yl]methyl}-2-(morpholin-4-yl)quinazolin-4-yl)-2-methoxypyridin-3-yl]methanesulfonamide",
                "source": "ChemAxon"
            },
            {
                "kind": "Traditional IUPAC Name",
                "value": "N-[5-(6-fluoro-8-{[4-(2-hydroxypropan-2-yl)piperidin-1-yl]methyl}-2-(morpholin-4-yl)quinazolin-4-yl)-2-methoxypyridin-3-yl]methanesulfonamide",
                "source": "ChemAxon"
            },
            {
                "kind": "Molecular Weight",
                "value": "588.7",
                "source": "ChemAxon"
            },
            {
                "kind": "Monoisotopic Weight",
                "value": "588.253017652",
                "source": "ChemAxon"
            },
            {
                "kind": "SMILES",
                "value": "COC1=NC=C(C=C1NS(C)(=O)=O)C1=C2C=C(F)C=C(CN3CCC(CC3)C(C)(C)O)C2=NC(=N1)N1CCOCC1",
                "source": "ChemAxon"
            },
            {
                "kind": "Molecular Formula",
                "value": "C28H37FN6O5S",
                "source": "ChemAxon"
            },
            {
                "kind": "InChI",
                "value": "InChI=1S/C28H37FN6O5S/c1-28(2,36)20-5-7-34(8-6-20)17-19-13-21(29)15-22-24(31-27(32-25(19)22)35-9-11-40-12-10-35)18-14-23(33-41(4,37)38)26(39-3)30-16-18/h13-16,20,33,36H,5-12,17H2,1-4H3",
                "source": "ChemAxon"
            },
            {
                "kind": "InChIKey",
                "value": "NVWKNQGHVMMAJW-UHFFFAOYSA-N",
                "source": "ChemAxon"
            },
            {
                "kind": "Polar Surface Area (PSA)",
                "value": "130.01",
                "source": "ChemAxon"
            },
            {
                "kind": "Refractivity",
                "value": "154.68",
                "source": "ChemAxon"
            },
            {
                "kind": "Polarizability",
                "value": "61.99",
                "source": "ChemAxon"
            },
            {
                "kind": "Rotatable Bond Count",
                "value": "7",
                "source": "ChemAxon"
            },
            {
                "kind": "H Bond Acceptor Count",
                "value": "10",
                "source": "ChemAxon"
            },
            {
                "kind": "H Bond Donor Count",
                "value": "2",
                "source": "ChemAxon"
            },
            {
                "kind": "pKa (strongest acidic)",
                "value": "7.57",
                "source": "ChemAxon"
            },
            {
                "kind": "pKa (strongest basic)",
                "value": "8.36",
                "source": "ChemAxon"
            },
            {
                "kind": "Physiological Charge",
                "value": "1",
                "source": "ChemAxon"
            },
            {
                "kind": "Number of Rings",
                "value": "5",
                "source": "ChemAxon"
            },
            {
                "kind": "Bioavailability",
                "value": "1",
                "source": "ChemAxon"
            },
            {
                "kind": "Rule of Five",
                "value": "0",
                "source": "ChemAxon"
            },
            {
                "kind": "Ghose Filter",
                "value": "0",
                "source": "ChemAxon"
            },
            {
                "kind": "MDDR-Like Rule",
                "value": "1",
                "source": "ChemAxon"
            }
        ]
    },
    "experimental-properties": null,
    "external-identifiers": {
        "external-identifier": [
            {
                "resource": "ChemSpider",
                "identifier": "67886313"
            },
            {
                "resource": "BindingDB",
                "identifier": "309960"
            },
            {
                "resource": "ChEMBL",
                "identifier": "CHEMBL4574601"
            }
        ]
    },
    "external-links": null,
    "pathways": null,
    "reactions": null,
    "snp-effects": null,
    "snp-adverse-drug-reactions": null,
    "targets": null,
    "enzymes": null,
    "carriers": null,
    "transporters": null
}