{
    "type": "small molecule",
    "created": "2022-11-30",
    "updated": "2022-12-01",
    "drugbank-id": [
        {
            "primary": true,
            "value": "DB17273"
        }
    ],
    "name": "Granaticin B",
    "description": null,
    "cas-number": "19879-03-9",
    "unii": "JS606MEA30",
    "average-mass": 558.536,
    "monoisotopic-mass": 558.173726406,
    "groups": {
        "group": [
            "investigational"
        ]
    },
    "general-references": {
        "articles": null,
        "textbooks": null,
        "links": null,
        "attachments": null
    },
    "synthesis-reference": null,
    "indication": null,
    "pharmacodynamics": null,
    "mechanism-of-action": null,
    "toxicity": null,
    "metabolism": null,
    "absorption": null,
    "half-life": null,
    "protein-binding": null,
    "route-of-elimination": null,
    "volume-of-distribution": null,
    "clearance": null,
    "salts": null,
    "synonyms": {
        "synonym": [
            {
                "language": "english",
                "coder": "",
                "value": "8,11-ethanofuro(2,3-e)naphtho(2,3-c:6,7-c')dipyran-2,6,13(9h)-trione, 3,3a,5,8,11,13b-hexahydro-7,8,12-trihydroxy-5,9-dimethyl-15-(((2s,5s,6s)-tetrahydro-5-hydroxy-6-methyl-2h-pyran-2-yl)oxy)-, (3as,5s,8s,9r,11r,13bs,15r)-"
            }
        ]
    },
    "products": null,
    "international-brands": null,
    "mixtures": null,
    "packagers": null,
    "manufacturers": null,
    "prices": null,
    "categories": null,
    "affected-organisms": null,
    "dosages": null,
    "atc-codes": null,
    "ahfs-codes": null,
    "pdb-entries": null,
    "patents": null,
    "food-interactions": null,
    "drug-interactions": null,
    "calculated-properties": {
        "property": [
            {
                "kind": "logP",
                "value": "1.76",
                "source": "ALOGPS"
            },
            {
                "kind": "logS",
                "value": "-2.4",
                "source": "ALOGPS"
            },
            {
                "kind": "Water Solubility",
                "value": "2.07e+00 g/l",
                "source": "ALOGPS"
            },
            {
                "kind": "logP",
                "value": "1.34",
                "source": "ChemAxon"
            },
            {
                "kind": "IUPAC Name",
                "value": "(1R,7S,11S,13S,19S,20R,23R)-3,17,19-trihydroxy-23-{[(2S,5S,6S)-5-hydroxy-6-methyloxan-2-yl]oxy}-13,20-dimethyl-8,12,21-trioxahexacyclo[17.2.2.0^{2,18}.0^{4,16}.0^{6,14}.0^{7,11}]tricosa-2,4(16),6(14),17-tetraene-5,9,15-trione",
                "source": "ChemAxon"
            },
            {
                "kind": "Traditional IUPAC Name",
                "value": "2,2-dimethyl-4-[(3R)-3-({[3-(methylamino)phenyl]carbamoyl}amino)-2-oxo-5-(pyridin-2-yl)-3H-1,4-benzodiazepin-1-yl]-3-oxobutyl acetate",
                "source": "ChemAxon"
            },
            {
                "kind": "Molecular Weight",
                "value": "558.536",
                "source": "ChemAxon"
            },
            {
                "kind": "Monoisotopic Weight",
                "value": "558.173726406",
                "source": "ChemAxon"
            },
            {
                "kind": "SMILES",
                "value": "[H][C@]12CC(=O)O[C@@]1([H])C1=C([C@H](C)O2)C(=O)C2=C(C(O)=C3[C@H]4C[C@@H](O[C@H]5CC[C@H](O)[C@H](C)O5)[C@@](O)([C@@H](C)O4)C3=C2O)C1=O",
                "source": "ChemAxon"
            },
            {
                "kind": "Molecular Formula",
                "value": "C28H30O12",
                "source": "ChemAxon"
            },
            {
                "kind": "InChI",
                "value": "InChI=1S/C28H30O12/c1-8-11(29)4-5-16(37-8)39-14-6-12-18-22(28(14,35)10(3)38-12)26(34)20-19(24(18)32)25(33)21-17(23(20)31)9(2)36-13-7-15(30)40-27(13)21/h8-14,16,27,29,32,34-35H,4-7H2,1-3H3/t8-,9-,10+,11-,12+,13-,14+,16-,27+,28-/m0/s1",
                "source": "ChemAxon"
            },
            {
                "kind": "InChIKey",
                "value": "HLNZYALGGXMQQC-VHAJSWNUSA-N",
                "source": "ChemAxon"
            },
            {
                "kind": "Polar Surface Area (PSA)",
                "value": "178.28",
                "source": "ChemAxon"
            },
            {
                "kind": "Refractivity",
                "value": "133.73",
                "source": "ChemAxon"
            },
            {
                "kind": "Polarizability",
                "value": "58",
                "source": "ChemAxon"
            },
            {
                "kind": "Rotatable Bond Count",
                "value": "2",
                "source": "ChemAxon"
            },
            {
                "kind": "H Bond Acceptor Count",
                "value": "11",
                "source": "ChemAxon"
            },
            {
                "kind": "H Bond Donor Count",
                "value": "4",
                "source": "ChemAxon"
            },
            {
                "kind": "pKa (strongest acidic)",
                "value": "8.08",
                "source": "ChemAxon"
            },
            {
                "kind": "pKa (strongest basic)",
                "value": "-3.2",
                "source": "ChemAxon"
            },
            {
                "kind": "Physiological Charge",
                "value": "0",
                "source": "ChemAxon"
            },
            {
                "kind": "Number of Rings",
                "value": "7",
                "source": "ChemAxon"
            },
            {
                "kind": "Bioavailability",
                "value": "0",
                "source": "ChemAxon"
            },
            {
                "kind": "Rule of Five",
                "value": "0",
                "source": "ChemAxon"
            },
            {
                "kind": "Ghose Filter",
                "value": "0",
                "source": "ChemAxon"
            },
            {
                "kind": "MDDR-Like Rule",
                "value": "0",
                "source": "ChemAxon"
            }
        ]
    },
    "experimental-properties": null,
    "external-identifiers": {
        "external-identifier": [
            {
                "resource": "ChemSpider",
                "identifier": "32700012"
            },
            {
                "resource": "ChEMBL",
                "identifier": "CHEMBL3334759"
            },
            {
                "resource": "ZINC",
                "identifier": "ZINC000105559329"
            }
        ]
    },
    "external-links": null,
    "pathways": null,
    "reactions": null,
    "snp-effects": null,
    "snp-adverse-drug-reactions": null,
    "targets": null,
    "enzymes": null,
    "carriers": null,
    "transporters": null
}