{
    "type": "small molecule",
    "created": "2022-12-22",
    "updated": "2022-12-23",
    "drugbank-id": [
        {
            "primary": true,
            "value": "DB17383"
        }
    ],
    "name": "FN-1501",
    "description": null,
    "cas-number": "1429515-59-2",
    "unii": "6MC966B505",
    "average-mass": 431.504,
    "monoisotopic-mass": 431.218206461,
    "groups": {
        "group": [
            "investigational"
        ]
    },
    "general-references": {
        "articles": null,
        "textbooks": null,
        "links": null,
        "attachments": null
    },
    "synthesis-reference": null,
    "indication": null,
    "pharmacodynamics": null,
    "mechanism-of-action": null,
    "toxicity": null,
    "metabolism": null,
    "absorption": null,
    "half-life": null,
    "protein-binding": null,
    "route-of-elimination": null,
    "volume-of-distribution": null,
    "clearance": null,
    "salts": null,
    "synonyms": {
        "synonym": [
            {
                "language": "english",
                "coder": "",
                "value": "4-((7h-pyrrolo (2,3-d)pyrimidin-4-yl)amino)-n-(4-((4-methylpiperazin-1-yl)methyl)phenyl)-1h-pyrazole-3-carboxamide"
            }
        ]
    },
    "products": null,
    "international-brands": null,
    "mixtures": null,
    "packagers": null,
    "manufacturers": null,
    "prices": null,
    "categories": null,
    "affected-organisms": null,
    "dosages": null,
    "atc-codes": null,
    "ahfs-codes": null,
    "pdb-entries": null,
    "patents": null,
    "food-interactions": null,
    "drug-interactions": null,
    "calculated-properties": {
        "property": [
            {
                "kind": "Molecular Weight",
                "value": "431.504",
                "source": "ChemAxon"
            },
            {
                "kind": "Monoisotopic Weight",
                "value": "431.218206461",
                "source": "ChemAxon"
            },
            {
                "kind": "SMILES",
                "value": "CN1CCN(CC2=CC=C(NC(=O)C3=NNC=C3NC3=C4C=CNC4=NC=N3)C=C2)CC1",
                "source": "ChemAxon"
            },
            {
                "kind": "Molecular Formula",
                "value": "C22H25N9O",
                "source": "ChemAxon"
            },
            {
                "kind": "InChI",
                "value": "InChI=1S/C22H25N9O/c1-30-8-10-31(11-9-30)13-15-2-4-16(5-3-15)27-22(32)19-18(12-26-29-19)28-21-17-6-7-23-20(17)24-14-25-21/h2-7,12,14H,8-11,13H2,1H3,(H,26,29)(H,27,32)(H2,23,24,25,28)",
                "source": "ChemAxon"
            },
            {
                "kind": "InChIKey",
                "value": "VXLAKHWYGRKCGI-UHFFFAOYSA-N",
                "source": "ChemAxon"
            }
        ]
    },
    "experimental-properties": null,
    "external-identifiers": {
        "external-identifier": [
            {
                "resource": "ChemSpider",
                "identifier": "67886359"
            },
            {
                "resource": "BindingDB",
                "identifier": "50270304"
            },
            {
                "resource": "ChEMBL",
                "identifier": "CHEMBL4077071"
            }
        ]
    },
    "external-links": null,
    "pathways": null,
    "reactions": null,
    "snp-effects": null,
    "snp-adverse-drug-reactions": null,
    "targets": null,
    "enzymes": null,
    "carriers": null,
    "transporters": null
}