{
    "type": "small molecule",
    "created": "2022-12-01",
    "updated": "2022-12-01",
    "drugbank-id": [
        {
            "primary": true,
            "value": "DB17283"
        }
    ],
    "name": "Chrysoeriol",
    "description": null,
    "cas-number": "491-71-4",
    "unii": "Q813145M20",
    "average-mass": 300.266,
    "monoisotopic-mass": 300.063388106,
    "groups": {
        "group": [
            "investigational"
        ]
    },
    "general-references": {
        "articles": null,
        "textbooks": null,
        "links": null,
        "attachments": null
    },
    "synthesis-reference": null,
    "indication": null,
    "pharmacodynamics": null,
    "mechanism-of-action": null,
    "toxicity": null,
    "metabolism": null,
    "absorption": null,
    "half-life": null,
    "protein-binding": null,
    "route-of-elimination": null,
    "volume-of-distribution": null,
    "clearance": null,
    "salts": null,
    "synonyms": {
        "synonym": [
            {
                "language": "english",
                "coder": "",
                "value": "3'-methoxy-4',5,7-trihydroxyflavone"
            },
            {
                "language": "english",
                "coder": "",
                "value": "3'-methoxyapigenin"
            },
            {
                "language": "english",
                "coder": "",
                "value": "3'-o-methylluteolin"
            },
            {
                "language": "english",
                "coder": "",
                "value": "4h-1-benzopyran-4-one, 5,7-dihydroxy-2-(4-hydroxy-3-methoxyphenyl)-"
            },
            {
                "language": "english",
                "coder": "",
                "value": "5,7,4'-trihydroxy-3'-methoxyflavone"
            },
            {
                "language": "english",
                "coder": "",
                "value": "Chryseriol"
            },
            {
                "language": "english",
                "coder": "",
                "value": "Chrysoriol"
            },
            {
                "language": "english",
                "coder": "",
                "value": "Cresorol"
            },
            {
                "language": "english",
                "coder": "",
                "value": "Luteolin 3'-methyl ether"
            }
        ]
    },
    "products": null,
    "international-brands": null,
    "mixtures": null,
    "packagers": null,
    "manufacturers": null,
    "prices": null,
    "categories": {
        "category": [
            {
                "category": "Benzopyrans",
                "mesh-id": "D001578"
            },
            {
                "category": "Chromones",
                "mesh-id": "D002867"
            },
            {
                "category": "Flavonoids",
                "mesh-id": "D005419"
            },
            {
                "category": "Heterocyclic Compounds, Fused-Ring",
                "mesh-id": "D000072471"
            },
            {
                "category": "Pyrans",
                "mesh-id": "D011714"
            }
        ]
    },
    "affected-organisms": null,
    "dosages": null,
    "atc-codes": null,
    "ahfs-codes": null,
    "pdb-entries": null,
    "patents": null,
    "food-interactions": null,
    "drug-interactions": null,
    "calculated-properties": {
        "property": [
            {
                "kind": "logP",
                "value": "3.07",
                "source": "ALOGPS"
            },
            {
                "kind": "logS",
                "value": "-3.6",
                "source": "ALOGPS"
            },
            {
                "kind": "Water Solubility",
                "value": "6.84e-02 g/l",
                "source": "ALOGPS"
            },
            {
                "kind": "logP",
                "value": "2.55",
                "source": "ChemAxon"
            },
            {
                "kind": "IUPAC Name",
                "value": "5,7-dihydroxy-2-(4-hydroxy-3-methoxyphenyl)-4H-chromen-4-one",
                "source": "ChemAxon"
            },
            {
                "kind": "Traditional IUPAC Name",
                "value": "chrysoeriol",
                "source": "ChemAxon"
            },
            {
                "kind": "Molecular Weight",
                "value": "300.266",
                "source": "ChemAxon"
            },
            {
                "kind": "Monoisotopic Weight",
                "value": "300.063388106",
                "source": "ChemAxon"
            },
            {
                "kind": "SMILES",
                "value": "COC1=CC(=CC=C1O)C1=CC(=O)C2=C(O)C=C(O)C=C2O1",
                "source": "ChemAxon"
            },
            {
                "kind": "Molecular Formula",
                "value": "C16H12O6",
                "source": "ChemAxon"
            },
            {
                "kind": "InChI",
                "value": "InChI=1S/C16H12O6/c1-21-14-4-8(2-3-10(14)18)13-7-12(20)16-11(19)5-9(17)6-15(16)22-13/h2-7,17-19H,1H3",
                "source": "ChemAxon"
            },
            {
                "kind": "InChIKey",
                "value": "SCZVLDHREVKTSH-UHFFFAOYSA-N",
                "source": "ChemAxon"
            },
            {
                "kind": "Polar Surface Area (PSA)",
                "value": "96.22",
                "source": "ChemAxon"
            },
            {
                "kind": "Refractivity",
                "value": "79.38",
                "source": "ChemAxon"
            },
            {
                "kind": "Polarizability",
                "value": "29.74",
                "source": "ChemAxon"
            },
            {
                "kind": "Rotatable Bond Count",
                "value": "2",
                "source": "ChemAxon"
            },
            {
                "kind": "H Bond Acceptor Count",
                "value": "6",
                "source": "ChemAxon"
            },
            {
                "kind": "H Bond Donor Count",
                "value": "3",
                "source": "ChemAxon"
            },
            {
                "kind": "pKa (strongest acidic)",
                "value": "6.58",
                "source": "ChemAxon"
            },
            {
                "kind": "pKa (strongest basic)",
                "value": "-4.8",
                "source": "ChemAxon"
            },
            {
                "kind": "Physiological Charge",
                "value": "-1",
                "source": "ChemAxon"
            },
            {
                "kind": "Number of Rings",
                "value": "3",
                "source": "ChemAxon"
            },
            {
                "kind": "Bioavailability",
                "value": "1",
                "source": "ChemAxon"
            },
            {
                "kind": "Rule of Five",
                "value": "1",
                "source": "ChemAxon"
            },
            {
                "kind": "Ghose Filter",
                "value": "1",
                "source": "ChemAxon"
            },
            {
                "kind": "MDDR-Like Rule",
                "value": "0",
                "source": "ChemAxon"
            }
        ]
    },
    "experimental-properties": null,
    "external-identifiers": {
        "external-identifier": [
            {
                "resource": "ChEBI",
                "identifier": "16514"
            },
            {
                "resource": "KEGG Compound",
                "identifier": "C04293"
            },
            {
                "resource": "ChemSpider",
                "identifier": "4444263"
            },
            {
                "resource": "BindingDB",
                "identifier": "50241084"
            },
            {
                "resource": "Wikipedia",
                "identifier": "Chrysoeriol"
            },
            {
                "resource": "ChEMBL",
                "identifier": "CHEMBL214321"
            },
            {
                "resource": "ZINC",
                "identifier": "ZINC000000519621"
            }
        ]
    },
    "external-links": null,
    "pathways": null,
    "reactions": null,
    "snp-effects": null,
    "snp-adverse-drug-reactions": null,
    "targets": null,
    "enzymes": null,
    "carriers": null,
    "transporters": null
}