{
    "type": "small molecule",
    "created": "2022-11-30",
    "updated": "2022-12-01",
    "drugbank-id": [
        {
            "primary": true,
            "value": "DB17255"
        }
    ],
    "name": "Etoposide toniribate",
    "description": null,
    "cas-number": "433304-61-1",
    "unii": "A59HL2Q48U",
    "average-mass": 746.715,
    "monoisotopic-mass": 746.242199892,
    "groups": {
        "group": [
            "investigational"
        ]
    },
    "general-references": {
        "articles": null,
        "textbooks": null,
        "links": null,
        "attachments": null
    },
    "synthesis-reference": null,
    "indication": null,
    "pharmacodynamics": null,
    "mechanism-of-action": null,
    "toxicity": null,
    "metabolism": null,
    "absorption": null,
    "half-life": null,
    "protein-binding": null,
    "route-of-elimination": null,
    "volume-of-distribution": null,
    "clearance": null,
    "salts": null,
    "synonyms": {
        "synonym": [
            {
                "language": "english",
                "coder": "",
                "value": "((4rs)-2,2-dimethyl-1,3-dioxolan-4-yl)methyl4-((5r,5ar,8ar,9s)-9-((4,6-o-((1r)-ethane-1,1-diyl)-.beta.-d-glucopyranosyl)oxy)-6-oxo-5,5a,6,8,8a,9-hexahydro-2h-furo(3',4':6,7)naphtho(2,3-d)(1,3)dioxol-5-yl)-2,6-dimethoxyphenyl carbonate"
            },
            {
                "language": "english",
                "coder": "",
                "value": "Carbonic acid, (2,2-dimethyl-1,3-dioxolan-4-yl)methyl 4-((5r,5ar,8ar,9s)-9-((4,6-o-(1r)-ethylidene-.beta.-d-glucopyranosyl)oxy)-5,5a,6,8,8a,9-hexahydro-6-oxofuro(3',4':6,7)naphtho(2,3-d)-1,3-dioxol-5-yl)-2,6-dimethoxyphenyl ester"
            },
            {
                "language": "english",
                "coder": "",
                "value": "Provp-16i"
            }
        ]
    },
    "products": null,
    "international-brands": null,
    "mixtures": null,
    "packagers": null,
    "manufacturers": null,
    "prices": null,
    "categories": {
        "category": [
            {
                "category": "Topoisomerase Inhibitors",
                "mesh-id": "D059003"
            }
        ]
    },
    "affected-organisms": null,
    "dosages": null,
    "atc-codes": null,
    "ahfs-codes": null,
    "pdb-entries": null,
    "patents": null,
    "food-interactions": null,
    "drug-interactions": null,
    "calculated-properties": {
        "property": [
            {
                "kind": "logP",
                "value": "1.88",
                "source": "ALOGPS"
            },
            {
                "kind": "logS",
                "value": "-3.6",
                "source": "ALOGPS"
            },
            {
                "kind": "Water Solubility",
                "value": "1.94e-01 g/l",
                "source": "ALOGPS"
            },
            {
                "kind": "logP",
                "value": "2.07",
                "source": "ChemAxon"
            },
            {
                "kind": "IUPAC Name",
                "value": "4-[(10R,11R,15R,16S)-16-{[(2R,4aR,6R,7R,8R,8aS)-7,8-dihydroxy-2-methyl-hexahydro-2H-pyrano[3,2-d][1,3]dioxin-6-yl]oxy}-12-oxo-4,6,13-trioxatetracyclo[7.7.0.0^{3,7}.0^{11,15}]hexadeca-1(9),2,7-trien-10-yl]-2,6-dimethoxyphenyl (2,2-dimethyl-1,3-dioxolan-4-yl)methyl carbonate",
                "source": "ChemAxon"
            },
            {
                "kind": "Traditional IUPAC Name",
                "value": "4-[(10R,11R,15R,16S)-16-{[(2R,4aR,6R,7R,8R,8aS)-7,8-dihydroxy-2-methyl-hexahydro-2H-pyrano[3,2-d][1,3]dioxin-6-yl]oxy}-12-oxo-4,6,13-trioxatetracyclo[7.7.0.0^{3,7}.0^{11,15}]hexadeca-1(9),2,7-trien-10-yl]-2,6-dimethoxyphenyl (2,2-dimethyl-1,3-dioxolan-4-yl)methyl carbonate",
                "source": "ChemAxon"
            },
            {
                "kind": "Molecular Weight",
                "value": "746.715",
                "source": "ChemAxon"
            },
            {
                "kind": "Monoisotopic Weight",
                "value": "746.242199892",
                "source": "ChemAxon"
            },
            {
                "kind": "SMILES",
                "value": "[H][C@]12COC(=O)[C@]1([H])[C@H](C1=CC(OC)=C(OC(=O)OCC3COC(C)(C)O3)C(OC)=C1)C1=C(C=C3OCOC3=C1)[C@H]2O[C@@H]1O[C@]2([H])CO[C@@H](C)O[C@@]2([H])[C@H](O)[C@H]1O",
                "source": "ChemAxon"
            },
            {
                "kind": "Molecular Formula",
                "value": "C36H42O17",
                "source": "ChemAxon"
            },
            {
                "kind": "InChI",
                "value": "InChI=1S/C36H42O17/c1-15-43-13-25-32(49-15)28(37)29(38)34(50-25)51-30-19-9-22-21(46-14-47-22)8-18(19)26(27-20(30)12-44-33(27)39)16-6-23(41-4)31(24(7-16)42-5)52-35(40)45-10-17-11-48-36(2,3)53-17/h6-9,15,17,20,25-30,32,34,37-38H,10-14H2,1-5H3/t15-,17?,20+,25-,26-,27+,28-,29-,30-,32-,34+/m1/s1",
                "source": "ChemAxon"
            },
            {
                "kind": "InChIKey",
                "value": "FCWSQAKOPTZCOD-SQYSSJHTSA-N",
                "source": "ChemAxon"
            },
            {
                "kind": "Polar Surface Area (PSA)",
                "value": "194.59",
                "source": "ChemAxon"
            },
            {
                "kind": "Refractivity",
                "value": "174.26",
                "source": "ChemAxon"
            },
            {
                "kind": "Polarizability",
                "value": "74.1",
                "source": "ChemAxon"
            },
            {
                "kind": "Rotatable Bond Count",
                "value": "10",
                "source": "ChemAxon"
            },
            {
                "kind": "H Bond Acceptor Count",
                "value": "15",
                "source": "ChemAxon"
            },
            {
                "kind": "H Bond Donor Count",
                "value": "2",
                "source": "ChemAxon"
            },
            {
                "kind": "pKa (strongest acidic)",
                "value": "12.28",
                "source": "ChemAxon"
            },
            {
                "kind": "pKa (strongest basic)",
                "value": "-3.6",
                "source": "ChemAxon"
            },
            {
                "kind": "Physiological Charge",
                "value": "0",
                "source": "ChemAxon"
            },
            {
                "kind": "Number of Rings",
                "value": "8",
                "source": "ChemAxon"
            },
            {
                "kind": "Bioavailability",
                "value": "0",
                "source": "ChemAxon"
            },
            {
                "kind": "Rule of Five",
                "value": "0",
                "source": "ChemAxon"
            },
            {
                "kind": "Ghose Filter",
                "value": "0",
                "source": "ChemAxon"
            },
            {
                "kind": "MDDR-Like Rule",
                "value": "1",
                "source": "ChemAxon"
            }
        ]
    },
    "experimental-properties": null,
    "external-identifiers": {
        "external-identifier": [
            {
                "resource": "ChemSpider",
                "identifier": "59718650"
            }
        ]
    },
    "external-links": null,
    "pathways": null,
    "reactions": null,
    "snp-effects": null,
    "snp-adverse-drug-reactions": null,
    "targets": null,
    "enzymes": null,
    "carriers": null,
    "transporters": null
}