{
    "type": "small molecule",
    "created": "2022-12-01",
    "updated": "2022-12-13",
    "drugbank-id": [
        {
            "primary": true,
            "value": "DB17289"
        }
    ],
    "name": "L-arginine",
    "description": null,
    "cas-number": "74-79-3",
    "unii": null,
    "groups": {
        "group": [
            "approved",
            "nutraceutical"
        ]
    },
    "general-references": {
        "articles": null,
        "textbooks": null,
        "links": null,
        "attachments": null
    },
    "synthesis-reference": null,
    "indication": null,
    "pharmacodynamics": null,
    "mechanism-of-action": null,
    "toxicity": null,
    "metabolism": null,
    "absorption": null,
    "half-life": null,
    "protein-binding": null,
    "route-of-elimination": null,
    "volume-of-distribution": null,
    "clearance": null,
    "salts": {
        "salt": [
            {
                "drugbank-id": [
                    {
                        "primary": true,
                        "value": "DBSALT003317"
                    }
                ],
                "name": "L-arginine hydrochloride",
                "unii": null,
                "cas-number": "32042-43-6",
                "inchikey": null
            }
        ]
    },
    "synonyms": null,
    "products": null,
    "international-brands": null,
    "mixtures": null,
    "packagers": null,
    "manufacturers": null,
    "prices": null,
    "categories": {
        "category": [
            {
                "category": "Amino Acids",
                "mesh-id": "D000596"
            },
            {
                "category": "Amino Acids, Basic",
                "mesh-id": "D024361"
            },
            {
                "category": "Amino Acids, Diamino",
                "mesh-id": "D000599"
            },
            {
                "category": "Amino Acids, Essential",
                "mesh-id": "D000601"
            },
            {
                "category": "Amino Acids, Peptides, and Proteins",
                "mesh-id": "D000602"
            },
            {
                "category": "Arginine",
                "mesh-id": "D001120"
            }
        ]
    },
    "affected-organisms": null,
    "dosages": {
        "dosage": [
            {
                "form": "Solution",
                "route": "Intravenous",
                "strength": "18.5 g/L"
            },
            {
                "form": "Solution",
                "route": "Intravenous",
                "strength": "25 g/L"
            }
        ]
    },
    "atc-codes": null,
    "ahfs-codes": null,
    "pdb-entries": null,
    "patents": null,
    "food-interactions": null,
    "drug-interactions": null,
    "calculated-properties": null,
    "experimental-properties": null,
    "external-identifiers": {
        "external-identifier": [
            {
                "resource": "Wikipedia",
                "identifier": "Arginine"
            }
        ]
    },
    "external-links": null,
    "pathways": null,
    "reactions": null,
    "snp-effects": null,
    "snp-adverse-drug-reactions": null,
    "targets": null,
    "enzymes": null,
    "carriers": null,
    "transporters": null
}