{
    "type": "small molecule",
    "created": "2022-11-30",
    "updated": "2022-12-01",
    "drugbank-id": [
        {
            "primary": true,
            "value": "DB17263"
        }
    ],
    "name": "Caflanone",
    "description": null,
    "cas-number": "199167-23-2",
    "unii": "PH8V5N670E",
    "average-mass": 368.385,
    "monoisotopic-mass": 368.125988364,
    "groups": {
        "group": [
            "investigational"
        ]
    },
    "general-references": {
        "articles": null,
        "textbooks": null,
        "links": null,
        "attachments": null
    },
    "synthesis-reference": null,
    "indication": null,
    "pharmacodynamics": null,
    "mechanism-of-action": null,
    "toxicity": null,
    "metabolism": null,
    "absorption": null,
    "half-life": null,
    "protein-binding": null,
    "route-of-elimination": null,
    "volume-of-distribution": null,
    "clearance": null,
    "salts": null,
    "synonyms": {
        "synonym": [
            {
                "language": "english",
                "coder": "",
                "value": "4h-1-benzopyran-4-one, 5,7-dihydroxy-2-(4-hydroxy-3-methoxyphenyl)-8-(3-methyl-2-buten-1-yl)-"
            }
        ]
    },
    "products": null,
    "international-brands": null,
    "mixtures": null,
    "packagers": null,
    "manufacturers": null,
    "prices": null,
    "categories": null,
    "affected-organisms": null,
    "dosages": null,
    "atc-codes": null,
    "ahfs-codes": null,
    "pdb-entries": null,
    "patents": null,
    "food-interactions": null,
    "drug-interactions": null,
    "calculated-properties": {
        "property": [
            {
                "kind": "logP",
                "value": "3.79",
                "source": "ALOGPS"
            },
            {
                "kind": "logS",
                "value": "-4.3",
                "source": "ALOGPS"
            },
            {
                "kind": "Water Solubility",
                "value": "1.73e-02 g/l",
                "source": "ALOGPS"
            },
            {
                "kind": "logP",
                "value": "4.28",
                "source": "ChemAxon"
            },
            {
                "kind": "IUPAC Name",
                "value": "5,7-dihydroxy-2-(4-hydroxy-3-methoxyphenyl)-8-(3-methylbut-2-en-1-yl)-4H-chromen-4-one",
                "source": "ChemAxon"
            },
            {
                "kind": "Traditional IUPAC Name",
                "value": "N-({3-bromo-4-[3-(¹⁸F)fluoropropoxy]phenyl}methyl)guanidine",
                "source": "ChemAxon"
            },
            {
                "kind": "Molecular Weight",
                "value": "368.385",
                "source": "ChemAxon"
            },
            {
                "kind": "Monoisotopic Weight",
                "value": "368.125988364",
                "source": "ChemAxon"
            },
            {
                "kind": "SMILES",
                "value": "COC1=C(O)C=CC(=C1)C1=CC(=O)C2=C(O)C=C(O)C(CC=C(C)C)=C2O1",
                "source": "ChemAxon"
            },
            {
                "kind": "Molecular Formula",
                "value": "C21H20O6",
                "source": "ChemAxon"
            },
            {
                "kind": "InChI",
                "value": "InChI=1S/C21H20O6/c1-11(2)4-6-13-15(23)9-16(24)20-17(25)10-18(27-21(13)20)12-5-7-14(22)19(8-12)26-3/h4-5,7-10,22-24H,6H2,1-3H3",
                "source": "ChemAxon"
            },
            {
                "kind": "InChIKey",
                "value": "IHRNYHWGJUMPFJ-UHFFFAOYSA-N",
                "source": "ChemAxon"
            },
            {
                "kind": "Polar Surface Area (PSA)",
                "value": "96.22",
                "source": "ChemAxon"
            },
            {
                "kind": "Refractivity",
                "value": "103.62",
                "source": "ChemAxon"
            },
            {
                "kind": "Polarizability",
                "value": "38.38",
                "source": "ChemAxon"
            },
            {
                "kind": "Rotatable Bond Count",
                "value": "4",
                "source": "ChemAxon"
            },
            {
                "kind": "H Bond Acceptor Count",
                "value": "6",
                "source": "ChemAxon"
            },
            {
                "kind": "H Bond Donor Count",
                "value": "3",
                "source": "ChemAxon"
            },
            {
                "kind": "pKa (strongest acidic)",
                "value": "6.41",
                "source": "ChemAxon"
            },
            {
                "kind": "pKa (strongest basic)",
                "value": "-4.8",
                "source": "ChemAxon"
            },
            {
                "kind": "Physiological Charge",
                "value": "-1",
                "source": "ChemAxon"
            },
            {
                "kind": "Number of Rings",
                "value": "3",
                "source": "ChemAxon"
            },
            {
                "kind": "Bioavailability",
                "value": "1",
                "source": "ChemAxon"
            },
            {
                "kind": "Rule of Five",
                "value": "1",
                "source": "ChemAxon"
            },
            {
                "kind": "Ghose Filter",
                "value": "1",
                "source": "ChemAxon"
            },
            {
                "kind": "MDDR-Like Rule",
                "value": "0",
                "source": "ChemAxon"
            }
        ]
    },
    "experimental-properties": null,
    "external-identifiers": {
        "external-identifier": [
            {
                "resource": "ChemSpider",
                "identifier": "23331865"
            },
            {
                "resource": "ChEMBL",
                "identifier": "CHEMBL508977"
            },
            {
                "resource": "ZINC",
                "identifier": "ZINC000040379948"
            }
        ]
    },
    "external-links": null,
    "pathways": null,
    "reactions": null,
    "snp-effects": null,
    "snp-adverse-drug-reactions": null,
    "targets": null,
    "enzymes": null,
    "carriers": null,
    "transporters": null
}