{
    "type": "small molecule",
    "created": "2022-11-28",
    "updated": "2022-12-01",
    "drugbank-id": [
        {
            "primary": true,
            "value": "DB17223"
        }
    ],
    "name": "Paclitaxel ceribate",
    "description": null,
    "cas-number": "186040-50-6",
    "unii": "B3C86E80A0",
    "average-mass": 972.006,
    "monoisotopic-mass": 971.357563999,
    "groups": {
        "group": [
            "investigational"
        ]
    },
    "general-references": {
        "articles": null,
        "textbooks": null,
        "links": null,
        "attachments": null
    },
    "synthesis-reference": null,
    "indication": null,
    "pharmacodynamics": null,
    "mechanism-of-action": null,
    "toxicity": null,
    "metabolism": null,
    "absorption": null,
    "half-life": null,
    "protein-binding": null,
    "route-of-elimination": null,
    "volume-of-distribution": null,
    "clearance": null,
    "salts": null,
    "synonyms": {
        "synonym": [
            {
                "language": "english",
                "coder": "inn",
                "value": "Paclitaxel ceribate"
            },
            {
                "language": "english",
                "coder": "",
                "value": "Protaxel"
            }
        ]
    },
    "products": null,
    "international-brands": null,
    "mixtures": null,
    "packagers": null,
    "manufacturers": null,
    "prices": null,
    "categories": {
        "category": [
            {
                "category": "Cyclodecanes",
                "mesh-id": "D043822"
            },
            {
                "category": "Cycloparaffins",
                "mesh-id": "D003516"
            },
            {
                "category": "Diterpenes",
                "mesh-id": "D004224"
            },
            {
                "category": "Microtubule Inhibitors",
                "mesh-id": null
            },
            {
                "category": "Terpenes",
                "mesh-id": "D013729"
            }
        ]
    },
    "affected-organisms": null,
    "dosages": null,
    "atc-codes": null,
    "ahfs-codes": null,
    "pdb-entries": null,
    "patents": null,
    "food-interactions": null,
    "drug-interactions": null,
    "calculated-properties": {
        "property": [
            {
                "kind": "logP",
                "value": "2.67",
                "source": "ALOGPS"
            },
            {
                "kind": "logS",
                "value": "-5.1",
                "source": "ALOGPS"
            },
            {
                "kind": "Water Solubility",
                "value": "8.27e-03 g/l",
                "source": "ALOGPS"
            },
            {
                "kind": "logP",
                "value": "3.28",
                "source": "ChemAxon"
            },
            {
                "kind": "IUPAC Name",
                "value": "(1S,2S,3R,4S,7R,9S,10S,12R,15S)-4,12-bis(acetyloxy)-9-{[(2,3-dihydroxypropoxy)carbonyl]oxy}-1-hydroxy-15-{[(2R,3S)-2-hydroxy-3-phenyl-3-(phenylformamido)propanoyl]oxy}-10,14,17,17-tetramethyl-11-oxo-6-oxatetracyclo[11.3.1.0^{3,10}.0^{4,7}]heptadec-13-en-2-yl benzoate",
                "source": "ChemAxon"
            },
            {
                "kind": "Traditional IUPAC Name",
                "value": "(1S,2S,3R,4S,7R,9S,10S,12R,15S)-4,12-bis(acetyloxy)-9-{[(2,3-dihydroxypropoxy)carbonyl]oxy}-1-hydroxy-15-{[(2R,3S)-2-hydroxy-3-phenyl-3-(phenylformamido)propanoyl]oxy}-10,14,17,17-tetramethyl-11-oxo-6-oxatetracyclo[11.3.1.0^{3,10}.0^{4,7}]heptadec-13-en-2-yl benzoate",
                "source": "ChemAxon"
            },
            {
                "kind": "Molecular Weight",
                "value": "972.006",
                "source": "ChemAxon"
            },
            {
                "kind": "Monoisotopic Weight",
                "value": "971.357563999",
                "source": "ChemAxon"
            },
            {
                "kind": "SMILES",
                "value": "[H][C@@]12C[C@H](OC(=O)OCC(O)CO)[C@@]3(C)C(=O)[C@H](OC(C)=O)C4=C(C)[C@H](C[C@@](O)([C@@H](OC(=O)C5=CC=CC=C5)[C@]3([H])[C@@]1(CO2)OC(C)=O)C4(C)C)OC(=O)[C@H](O)[C@@H](NC(=O)C1=CC=CC=C1)C1=CC=CC=C1",
                "source": "ChemAxon"
            },
            {
                "kind": "Molecular Formula",
                "value": "C51H57NO18",
                "source": "ChemAxon"
            },
            {
                "kind": "InChI",
                "value": "InChI=1S/C51H57NO18/c1-27-34(67-46(61)39(57)38(30-16-10-7-11-17-30)52-44(59)31-18-12-8-13-19-31)23-51(63)43(69-45(60)32-20-14-9-15-21-32)41-49(6,42(58)40(66-28(2)54)37(27)48(51,4)5)35(68-47(62)64-25-33(56)24-53)22-36-50(41,26-65-36)70-29(3)55/h7-21,33-36,38-41,43,53,56-57,63H,22-26H2,1-6H3,(H,52,59)/t33?,34-,35-,36+,38-,39+,40+,41-,43-,49+,50-,51+/m0/s1",
                "source": "ChemAxon"
            },
            {
                "kind": "InChIKey",
                "value": "HSUDWURBWSUCOB-JPHWUADUSA-N",
                "source": "ChemAxon"
            },
            {
                "kind": "Polar Surface Area (PSA)",
                "value": "277.05",
                "source": "ChemAxon"
            },
            {
                "kind": "Refractivity",
                "value": "241.32",
                "source": "ChemAxon"
            },
            {
                "kind": "Polarizability",
                "value": "98.14",
                "source": "ChemAxon"
            },
            {
                "kind": "Rotatable Bond Count",
                "value": "20",
                "source": "ChemAxon"
            },
            {
                "kind": "H Bond Acceptor Count",
                "value": "13",
                "source": "ChemAxon"
            },
            {
                "kind": "H Bond Donor Count",
                "value": "5",
                "source": "ChemAxon"
            },
            {
                "kind": "pKa (strongest acidic)",
                "value": "11.9",
                "source": "ChemAxon"
            },
            {
                "kind": "pKa (strongest basic)",
                "value": "-1.2",
                "source": "ChemAxon"
            },
            {
                "kind": "Physiological Charge",
                "value": "0",
                "source": "ChemAxon"
            },
            {
                "kind": "Number of Rings",
                "value": "7",
                "source": "ChemAxon"
            },
            {
                "kind": "Bioavailability",
                "value": "0",
                "source": "ChemAxon"
            },
            {
                "kind": "Rule of Five",
                "value": "0",
                "source": "ChemAxon"
            },
            {
                "kind": "Ghose Filter",
                "value": "0",
                "source": "ChemAxon"
            },
            {
                "kind": "MDDR-Like Rule",
                "value": "1",
                "source": "ChemAxon"
            }
        ]
    },
    "experimental-properties": null,
    "external-identifiers": {
        "external-identifier": [
            {
                "resource": "ChemSpider",
                "identifier": "24958711"
            },
            {
                "resource": "ChEMBL",
                "identifier": "CHEMBL1975551"
            }
        ]
    },
    "external-links": null,
    "pathways": null,
    "reactions": null,
    "snp-effects": null,
    "snp-adverse-drug-reactions": null,
    "targets": null,
    "enzymes": null,
    "carriers": null,
    "transporters": null
}