{
    "type": "biotech",
    "created": "2022-11-24",
    "updated": "2022-12-01",
    "drugbank-id": [
        {
            "primary": true,
            "value": "DB17201"
        }
    ],
    "name": "Arcitumomab",
    "description": null,
    "cas-number": "154361-48-5",
    "unii": "79T6JRG308",
    "groups": {
        "group": [
            "investigational"
        ]
    },
    "general-references": {
        "articles": null,
        "textbooks": null,
        "links": null,
        "attachments": null
    },
    "synthesis-reference": null,
    "indication": null,
    "pharmacodynamics": null,
    "mechanism-of-action": null,
    "toxicity": null,
    "metabolism": null,
    "absorption": null,
    "half-life": null,
    "protein-binding": null,
    "route-of-elimination": null,
    "volume-of-distribution": null,
    "clearance": null,
    "classification": {
        "description": null,
        "direct-parent": "Peptides",
        "kingdom": "Organic Compounds",
        "superclass": "Organic Acids",
        "class": "Carboxylic Acids and Derivatives",
        "subclass": "Amino Acids, Peptides, and Analogues"
    },
    "salts": null,
    "synonyms": {
        "synonym": [
            {
                "language": "english",
                "coder": "",
                "value": "Immunoglobulin g 1 (mouse monoclonal immu-4 fab' fragment .gamma.-chain anti-human antigen cea), disulfide with mouse monoclonal immu-4 light chain"
            },
            {
                "language": "english",
                "coder": "",
                "value": "Immunoglobulin g 1 (mouse monoclonal immu-4 fab' fragment .gamma.-chain anti-human antigen cea), disulphide with mouse monoclonal immu-4 light chain"
            }
        ]
    },
    "products": null,
    "international-brands": null,
    "mixtures": null,
    "packagers": null,
    "manufacturers": null,
    "prices": null,
    "categories": {
        "category": [
            {
                "category": "Amino Acids, Peptides, and Proteins",
                "mesh-id": "D000602"
            },
            {
                "category": "Antibodies",
                "mesh-id": "D000906"
            },
            {
                "category": "Blood Proteins",
                "mesh-id": "D001798"
            },
            {
                "category": "Globulins",
                "mesh-id": "D005916"
            },
            {
                "category": "Immunoglobulins",
                "mesh-id": "D007136"
            },
            {
                "category": "Immunoproteins",
                "mesh-id": "D007162"
            },
            {
                "category": "Proteins",
                "mesh-id": "D011506"
            },
            {
                "category": "Serum Globulins",
                "mesh-id": "D012712"
            }
        ]
    },
    "affected-organisms": null,
    "dosages": null,
    "atc-codes": null,
    "ahfs-codes": null,
    "pdb-entries": null,
    "patents": null,
    "food-interactions": null,
    "drug-interactions": null,
    "sequences": null,
    "experimental-properties": null,
    "external-identifiers": {
        "external-identifier": [
            {
                "resource": "Wikipedia",
                "identifier": "Technetium_(99mTc)_arcitumomab"
            }
        ]
    },
    "external-links": null,
    "pathways": null,
    "reactions": null,
    "snp-effects": null,
    "snp-adverse-drug-reactions": null,
    "targets": null,
    "enzymes": null,
    "carriers": null,
    "transporters": null
}