{
    "type": "biotech",
    "created": "2022-12-07",
    "updated": "2022-12-08",
    "drugbank-id": [
        {
            "primary": true,
            "value": "DB17361"
        }
    ],
    "name": "Autologous DNP-conjugated tumour vaccine",
    "description": "Autologous DNP-conjugated tumour vaccine, or melanoma vaccine, is an investigational autologous cell vaccine technology for melanoma.[A254806]",
    "cas-number": null,
    "unii": null,
    "groups": {
        "group": [
            "investigational"
        ]
    },
    "general-references": {
        "articles": {
            "article": [
                {
                    "ref-id": "A254806",
                    "pubmed-id": "12534322",
                    "citation": "Authors unspecified: Melanoma Vaccine--AVAX Technologies: DNP-VACC, M-Vax. BioDrugs. 2003;17(1):69-72. doi: 10.2165/00063030-200317010-00007."
                }
            ]
        },
        "textbooks": null,
        "links": null,
        "attachments": null
    },
    "synthesis-reference": null,
    "indication": null,
    "pharmacodynamics": null,
    "mechanism-of-action": null,
    "toxicity": null,
    "metabolism": null,
    "absorption": null,
    "half-life": null,
    "protein-binding": null,
    "route-of-elimination": null,
    "volume-of-distribution": null,
    "clearance": null,
    "salts": null,
    "synonyms": {
        "synonym": [
            {
                "language": "english",
                "coder": "",
                "value": "DNP-VACC"
            },
            {
                "language": "english",
                "coder": "",
                "value": "M Vax"
            },
            {
                "language": "english",
                "coder": "",
                "value": "M-Vax"
            },
            {
                "language": "english",
                "coder": "",
                "value": "MVax"
            }
        ]
    },
    "products": null,
    "international-brands": null,
    "mixtures": null,
    "packagers": null,
    "manufacturers": null,
    "prices": null,
    "categories": null,
    "affected-organisms": null,
    "dosages": null,
    "atc-codes": null,
    "ahfs-codes": null,
    "pdb-entries": null,
    "patents": null,
    "food-interactions": null,
    "drug-interactions": null,
    "sequences": null,
    "experimental-properties": null,
    "external-identifiers": null,
    "external-links": null,
    "pathways": null,
    "reactions": null,
    "snp-effects": null,
    "snp-adverse-drug-reactions": null,
    "targets": null,
    "enzymes": null,
    "carriers": null,
    "transporters": null
}