{
    "type": "small molecule",
    "created": "2022-12-02",
    "updated": "2022-12-03",
    "drugbank-id": [
        {
            "primary": true,
            "value": "DB17299"
        }
    ],
    "name": "p-Toluenesulfonamide",
    "description": null,
    "cas-number": "70-55-3",
    "unii": "I8266RI90M",
    "average-mass": 171.21,
    "monoisotopic-mass": 171.035399708,
    "groups": {
        "group": [
            "investigational"
        ]
    },
    "general-references": {
        "articles": null,
        "textbooks": null,
        "links": null,
        "attachments": null
    },
    "synthesis-reference": null,
    "indication": null,
    "pharmacodynamics": null,
    "mechanism-of-action": null,
    "toxicity": null,
    "metabolism": null,
    "absorption": null,
    "half-life": null,
    "protein-binding": null,
    "route-of-elimination": null,
    "volume-of-distribution": null,
    "clearance": null,
    "salts": null,
    "synonyms": {
        "synonym": [
            {
                "language": "english",
                "coder": "",
                "value": "4-methylbenzenesulfonamide"
            },
            {
                "language": "english",
                "coder": "",
                "value": "4-toluenesulfonamide"
            },
            {
                "language": "english",
                "coder": "",
                "value": "Benzenesulfonamide, 4-methyl-"
            },
            {
                "language": "english",
                "coder": "",
                "value": "P-methylbenzenesulfonamide"
            },
            {
                "language": "english",
                "coder": "",
                "value": "P-toluenesulfonylamide"
            },
            {
                "language": "english",
                "coder": "",
                "value": "P-tosylamide"
            },
            {
                "language": "english",
                "coder": "",
                "value": "Para-toluenesulfonamide"
            },
            {
                "language": "english",
                "coder": "",
                "value": "Tolbutamide impurity a"
            },
            {
                "language": "english",
                "coder": "",
                "value": "Toluene-4-sulphonamide"
            },
            {
                "language": "english",
                "coder": "",
                "value": "Toluenesulfonamide, p-"
            }
        ]
    },
    "products": null,
    "international-brands": null,
    "mixtures": null,
    "packagers": null,
    "manufacturers": null,
    "prices": null,
    "categories": {
        "category": [
            {
                "category": "Amides",
                "mesh-id": "D000577"
            },
            {
                "category": "Benzene Derivatives",
                "mesh-id": "D001555"
            },
            {
                "category": "Sulfones",
                "mesh-id": "D013450"
            },
            {
                "category": "Sulfur Compounds",
                "mesh-id": "D013457"
            }
        ]
    },
    "affected-organisms": null,
    "dosages": null,
    "atc-codes": null,
    "ahfs-codes": null,
    "pdb-entries": {
        "pdb-entry": [
            "4yxi",
            "5rtl",
            "6gm9"
        ]
    },
    "patents": null,
    "food-interactions": null,
    "drug-interactions": null,
    "calculated-properties": {
        "property": [
            {
                "kind": "logP",
                "value": "0.72",
                "source": "ALOGPS"
            },
            {
                "kind": "logS",
                "value": "-1.9",
                "source": "ALOGPS"
            },
            {
                "kind": "Water Solubility",
                "value": "2.27e+00 g/l",
                "source": "ALOGPS"
            },
            {
                "kind": "logP",
                "value": "1.09",
                "source": "ChemAxon"
            },
            {
                "kind": "IUPAC Name",
                "value": "4-methylbenzene-1-sulfonamide",
                "source": "ChemAxon"
            },
            {
                "kind": "Traditional IUPAC Name",
                "value": "p-toluenesulfonamide",
                "source": "ChemAxon"
            },
            {
                "kind": "Molecular Weight",
                "value": "171.21",
                "source": "ChemAxon"
            },
            {
                "kind": "Monoisotopic Weight",
                "value": "171.035399708",
                "source": "ChemAxon"
            },
            {
                "kind": "SMILES",
                "value": "CC1=CC=C(C=C1)S(N)(=O)=O",
                "source": "ChemAxon"
            },
            {
                "kind": "Molecular Formula",
                "value": "C7H9NO2S",
                "source": "ChemAxon"
            },
            {
                "kind": "InChI",
                "value": "InChI=1S/C7H9NO2S/c1-6-2-4-7(5-3-6)11(8,9)10/h2-5H,1H3,(H2,8,9,10)",
                "source": "ChemAxon"
            },
            {
                "kind": "InChIKey",
                "value": "LMYRWZFENFIFIT-UHFFFAOYSA-N",
                "source": "ChemAxon"
            },
            {
                "kind": "Polar Surface Area (PSA)",
                "value": "60.16",
                "source": "ChemAxon"
            },
            {
                "kind": "Refractivity",
                "value": "43.26",
                "source": "ChemAxon"
            },
            {
                "kind": "Polarizability",
                "value": "16.97",
                "source": "ChemAxon"
            },
            {
                "kind": "Rotatable Bond Count",
                "value": "1",
                "source": "ChemAxon"
            },
            {
                "kind": "H Bond Acceptor Count",
                "value": "2",
                "source": "ChemAxon"
            },
            {
                "kind": "H Bond Donor Count",
                "value": "1",
                "source": "ChemAxon"
            },
            {
                "kind": "pKa (strongest acidic)",
                "value": "10.46",
                "source": "ChemAxon"
            },
            {
                "kind": "Physiological Charge",
                "value": "0",
                "source": "ChemAxon"
            },
            {
                "kind": "Number of Rings",
                "value": "1",
                "source": "ChemAxon"
            },
            {
                "kind": "Bioavailability",
                "value": "1",
                "source": "ChemAxon"
            },
            {
                "kind": "Rule of Five",
                "value": "1",
                "source": "ChemAxon"
            },
            {
                "kind": "Ghose Filter",
                "value": "1",
                "source": "ChemAxon"
            },
            {
                "kind": "MDDR-Like Rule",
                "value": "0",
                "source": "ChemAxon"
            }
        ]
    },
    "experimental-properties": null,
    "external-identifiers": {
        "external-identifier": [
            {
                "resource": "ChEBI",
                "identifier": "34435"
            },
            {
                "resource": "KEGG Compound",
                "identifier": "C14412"
            },
            {
                "resource": "ChemSpider",
                "identifier": "6033"
            },
            {
                "resource": "BindingDB",
                "identifier": "10859"
            },
            {
                "resource": "PDB",
                "identifier": "4J8"
            },
            {
                "resource": "ChEMBL",
                "identifier": "CHEMBL574"
            },
            {
                "resource": "ZINC",
                "identifier": "ZINC000000388056"
            }
        ]
    },
    "external-links": null,
    "pathways": null,
    "reactions": null,
    "snp-effects": null,
    "snp-adverse-drug-reactions": null,
    "targets": null,
    "enzymes": null,
    "carriers": null,
    "transporters": null
}