{
    "type": "small molecule",
    "created": "2022-11-22",
    "updated": "2022-12-01",
    "drugbank-id": [
        {
            "primary": true,
            "value": "DB17166"
        }
    ],
    "name": "Tapotoclax",
    "description": null,
    "cas-number": "1883727-34-1",
    "unii": "97W7N9T08G",
    "average-mass": 613.21,
    "monoisotopic-mass": 612.2424713,
    "groups": {
        "group": [
            "investigational"
        ]
    },
    "general-references": {
        "articles": null,
        "textbooks": null,
        "links": null,
        "attachments": null
    },
    "synthesis-reference": null,
    "indication": null,
    "pharmacodynamics": null,
    "mechanism-of-action": null,
    "toxicity": null,
    "metabolism": null,
    "absorption": null,
    "half-life": null,
    "protein-binding": null,
    "route-of-elimination": null,
    "volume-of-distribution": null,
    "clearance": null,
    "salts": null,
    "synonyms": {
        "synonym": [
            {
                "language": "english",
                "coder": "",
                "value": "MCL-1 inhibitor AMG 176"
            },
            {
                "language": "english",
                "coder": "",
                "value": "MCL-1 inhibitor AMG-176"
            }
        ]
    },
    "products": null,
    "international-brands": null,
    "mixtures": null,
    "packagers": null,
    "manufacturers": null,
    "prices": null,
    "categories": null,
    "affected-organisms": null,
    "dosages": null,
    "atc-codes": null,
    "ahfs-codes": null,
    "pdb-entries": null,
    "patents": null,
    "food-interactions": null,
    "drug-interactions": null,
    "calculated-properties": {
        "property": [
            {
                "kind": "logP",
                "value": "5.52",
                "source": "ALOGPS"
            },
            {
                "kind": "logS",
                "value": "-6.8",
                "source": "ALOGPS"
            },
            {
                "kind": "Water Solubility",
                "value": "1.01e-04 g/l",
                "source": "ALOGPS"
            },
            {
                "kind": "logP",
                "value": "5.95",
                "source": "ChemAxon"
            },
            {
                "kind": "IUPAC Name",
                "value": "(1S,3'R,6'R,7'S,8'E,11'S,12'R)-6-chloro-7'-methoxy-11',12'-dimethyl-3,4-dihydro-2H-20'-oxa-13'lambda6-thia-1',14'-diazaspiro[naphthalene-1,22'-tetracyclo[14.7.2.0^{3,6}.0^{19,24}]pentacosane]-8',16'(25'),17',19'(24')-tetraene-13',13',15'-trione",
                "source": "ChemAxon"
            },
            {
                "kind": "Traditional IUPAC Name",
                "value": "(1S,3'R,6'R,7'S,8'E,11'S,12'R)-6-chloro-7'-methoxy-11',12'-dimethyl-3,4-dihydro-2H-20'-oxa-13'lambda6-thia-1',14'-diazaspiro[naphthalene-1,22'-tetracyclo[14.7.2.0^{3,6}.0^{19,24}]pentacosane]-8',16'(25'),17',19'(24')-tetraene-13',13',15'-trione",
                "source": "ChemAxon"
            },
            {
                "kind": "Molecular Weight",
                "value": "613.21",
                "source": "ChemAxon"
            },
            {
                "kind": "Monoisotopic Weight",
                "value": "612.2424713",
                "source": "ChemAxon"
            },
            {
                "kind": "SMILES",
                "value": "CO[C@H]1\\C=C\\C[C@H](C)[C@@H](C)S(=O)(=O)NC(=O)C2=CC3=C(OC[C@]4(CCCC5=C4C=CC(Cl)=C5)CN3C[C@@H]3CC[C@@H]13)C=C2",
                "source": "ChemAxon"
            },
            {
                "kind": "Molecular Formula",
                "value": "C33H41ClN2O5S",
                "source": "ChemAxon"
            },
            {
                "kind": "InChI",
                "value": "InChI=1S/C33H41ClN2O5S/c1-21-6-4-8-30(40-3)27-12-9-25(27)18-36-19-33(15-5-7-23-16-26(34)11-13-28(23)33)20-41-31-14-10-24(17-29(31)36)32(37)35-42(38,39)22(21)2/h4,8,10-11,13-14,16-17,21-22,25,27,30H,5-7,9,12,15,18-20H2,1-3H3,(H,35,37)/b8-4+/t21-,22+,25-,27+,30-,33-/m0/s1",
                "source": "ChemAxon"
            },
            {
                "kind": "InChIKey",
                "value": "JQNINBDKGLWYMU-GEAQBIRJSA-N",
                "source": "ChemAxon"
            },
            {
                "kind": "Polar Surface Area (PSA)",
                "value": "84.94",
                "source": "ChemAxon"
            },
            {
                "kind": "Refractivity",
                "value": "167.8",
                "source": "ChemAxon"
            },
            {
                "kind": "Polarizability",
                "value": "66.78",
                "source": "ChemAxon"
            },
            {
                "kind": "Rotatable Bond Count",
                "value": "1",
                "source": "ChemAxon"
            },
            {
                "kind": "H Bond Acceptor Count",
                "value": "6",
                "source": "ChemAxon"
            },
            {
                "kind": "H Bond Donor Count",
                "value": "1",
                "source": "ChemAxon"
            },
            {
                "kind": "pKa (strongest acidic)",
                "value": "4.28",
                "source": "ChemAxon"
            },
            {
                "kind": "pKa (strongest basic)",
                "value": "3.63",
                "source": "ChemAxon"
            },
            {
                "kind": "Physiological Charge",
                "value": "-1",
                "source": "ChemAxon"
            },
            {
                "kind": "Number of Rings",
                "value": "6",
                "source": "ChemAxon"
            },
            {
                "kind": "Bioavailability",
                "value": "0",
                "source": "ChemAxon"
            },
            {
                "kind": "Rule of Five",
                "value": "0",
                "source": "ChemAxon"
            },
            {
                "kind": "Ghose Filter",
                "value": "0",
                "source": "ChemAxon"
            },
            {
                "kind": "MDDR-Like Rule",
                "value": "0",
                "source": "ChemAxon"
            }
        ]
    },
    "experimental-properties": null,
    "external-identifiers": {
        "external-identifier": [
            {
                "resource": "ChemSpider",
                "identifier": "71060718"
            },
            {
                "resource": "BindingDB",
                "identifier": "50514200"
            },
            {
                "resource": "ChEMBL",
                "identifier": "CHEMBL4446378"
            }
        ]
    },
    "external-links": null,
    "pathways": null,
    "reactions": null,
    "snp-effects": null,
    "snp-adverse-drug-reactions": null,
    "targets": null,
    "enzymes": null,
    "carriers": null,
    "transporters": null
}