{
    "type": "biotech",
    "created": "2022-12-19",
    "updated": "2022-12-23",
    "drugbank-id": [
        {
            "primary": true,
            "value": "DB17381"
        }
    ],
    "name": "Nadofaragene firadenovec",
    "description": "Nadofaragene firadenovec (nadofaragene firadenovec-vncg) is a recombinant non-replicating adenovirus serotype 5 vector containing a transgene encoding human interferon alfa-2b (IFNα2b).[L44381] It was approved by the FDA on December 2022 for the treatment of high-risk Bacillus Calmette-Guérin (BCG)-unresponsive non-muscle invasive bladder cancer (NMIBC) with carcinoma _in situ_ (CIS) with or without papillary tumors. It is the first gene therapy approved by the FDA for the treatment of bladder cancer.[L44381,L44431]\r\n\r\nBCG-unresponsive NMIBC has a high recurrence and is notably difficult to treat. Most patients with this condition undergo radical cystectomy since other non-surgical treatments are far less effective. The use of nadofaragene firadenovec provides a therapeutic alternative to patients seeking non-surgical alternatives for the treatment of BCG-unresponsive NMIBC.[A255111] Nadofaragene firadenovec is formulated with an excipient (Syn-3) that facilitates gene transfer across the urothelium and promotes the transduction of IFNα2b. The localized expression of this gene induces anti-tumor effects.[A255106,L44381] Nadofaragene firadenovec also has a manageable adverse event profile. Compared to [pembrolizumab], a smaller proportion of patients experienced grade 3-4 adverse events (4% vs 12.7%).[A255111]",
    "cas-number": "1823059-12-6",
    "unii": "0OOS09O1FH",
    "state": "liquid",
    "groups": {
        "group": [
            "approved",
            "investigational"
        ]
    },
    "general-references": {
        "articles": {
            "article": [
                {
                    "ref-id": "A255106",
                    "pubmed-id": "33253641",
                    "citation": "Boorjian SA, Alemozaffar M, Konety BR, Shore ND, Gomella LG, Kamat AM, Bivalacqua TJ, Montgomery JS, Lerner SP, Busby JE, Poch M, Crispen PL, Steinberg GD, Schuckman AK, Downs TM, Svatek RS, Mashni J Jr, Lane BR, Guzzo TJ, Bratslavsky G, Karsh LI, Woods ME, Brown G, Canter D, Luchey A, Lotan Y, Krupski T, Inman BA, Williams MB, Cookson MS, Keegan KA, Andriole GL Jr, Sankin AI, Boyd A, O'Donnell MA, Sawutz D, Philipson R, Coll R, Narayan VM, Treasure FP, Yla-Herttuala S, Parker NR, Dinney CPN: Intravesical nadofaragene firadenovec gene therapy for BCG-unresponsive non-muscle-invasive bladder cancer: a single-arm, open-label, repeat-dose clinical trial. Lancet Oncol. 2021 Jan;22(1):107-117. doi: 10.1016/S1470-2045(20)30540-4. Epub 2020 Nov 27."
                },
                {
                    "ref-id": "A255111",
                    "pubmed-id": "33253640",
                    "citation": "Kulkarni GS: Nadofaragene firadenovec: a new gold standard for BCG-unresponsive bladder cancer? Lancet Oncol. 2021 Jan;22(1):8-9. doi: 10.1016/S1470-2045(20)30586-6. Epub 2020 Nov 27."
                },
                {
                    "ref-id": "A255116",
                    "pubmed-id": "35847448",
                    "citation": "Mokkapati S, Narayan VM, Manyam GC, Lim AH, Duplisea JJ, Kokorovic A, Miest TS, Mitra AP, Plote D, Anand SS, Metcalfe MJ, Dunner K Jr, Johnson BA, Czerniak BA, Nieminen T, Heikura T, Yla-Herttuala S, Parker NR, Schluns KS, McConkey DJ, Dinney CP: Lentiviral interferon: A novel method for gene therapy in bladder cancer. Mol Ther Oncolytics. 2022 Jun 10;26:141-157. doi: 10.1016/j.omto.2022.06.005. eCollection 2022 Sep 15."
                },
                {
                    "ref-id": "A255121",
                    "pubmed-id": "35158964",
                    "citation": "Deininger S, Torzsok P, Mitterberger M, Pallauf M, Oswald D, Deininger C, Lusuardi L: From Interferon to Checkpoint Inhibition Therapy-A Systematic Review of New Immune-Modulating Agents in Bacillus Calmette-Guerin (BCG) Refractory Non-Muscle-Invasive Bladder Cancer (NMIBC). Cancers (Basel). 2022 Jan 29;14(3):694. doi: 10.3390/cancers14030694."
                }
            ]
        },
        "textbooks": null,
        "links": {
            "link": [
                {
                    "ref-id": "L44381",
                    "title": "FDA Approved Drug Products: ADSTILADRIN (nadofaragene firadenovec-vncg) suspension for intravesical use",
                    "url": "https://www.ferringusa.com/wp-content/uploads/sites/12/2022/12/ADSTILADRIN_pi.pdf"
                },
                {
                    "ref-id": "L44431",
                    "title": "Ferring Pharmaceuticals: Ferring Receives Approval from U.S. FDA for Adstiladrin for High-Risk, BCG-Unresponsive Non-Muscle Invasive Bladder Cancer",
                    "url": "https://www.ferring.com/ferring-receives-approval-from-u-s-fda-for-adstiladrin-for-high-risk-bcg-unresponsive-non-muscle-invasive-bladder-cancer/"
                }
            ]
        },
        "attachments": null
    },
    "synthesis-reference": null,
    "indication": "Nadofaragene firadenovec is indicated for the treatment of adult patients with high-risk Bacillus CalmetteGuérin (BCG)-unresponsive non-muscle invasive bladder cancer (NMIBC) with carcinoma _in situ_ (CIS) with or without papillary tumors.[L44381]",
    "pharmacodynamics": "The safety, tolerability, and maximum tolerated dose (MTD) of nadofaragene firadenovec were evaluated in a phase 1 first-in-human study that enrolled patients (n=17) with BCG-unresponsive non-muscle invasive bladder cancer (NMIBC). Patients were given five different dose levels in a dose volume of 75 ml: 3 x 10<sup>9</sup> vp/mL, 1 x 10<sup>10</sup> vp/mL, 3 x 10<sup>10</sup> vp/mL, 1 x 10<sup>11</sup> vp/mL, and 3 x 10<sup>11</sup> vp/mL; and human interferon alfa-2b (IFNα2b) protein was used as a pharmacodynamic marker. Except for two patients given the lowest nadofaragene firadenovec dose, IFNα2b protein was detected in the urine of all patients. IFNα2b protein was detected up to 10 days after nadofaragene firadenovec administration, suggesting that IFNα2b is expressed in the bladder. Following nadofaragene firadenovec administration, measurable concentrations of IFNα2b protein were detected in urine up to day 12 post-dose, and this was more common in patients at the high dose level.[L44381]",
    "mechanism-of-action": "Non-muscle invasive bladder cancer (NMIBC) that is unresponsive to Bacillus Calmette-Guérin (BCG) therapy is a type of cancer that is highly difficult to treat. Patients with BCG-unresponsive NMIBC usually undergo radical cystectomy; however, a surgical procedure may not be possible in all patients. For these patients, gene therapies such as nadofaragene firadenovec can be used as an alternative.[A255111,A255116] Nadofaragene firadenovec is a non-replicating adenoviral vector-based gene therapy carrying a copy of a human interferon-alfa 2b (IFNα2b) gene combined with Syn-3, a polyamide surfactant that facilitates gene transfer across the urothelium and enhances viral transduction.[A255106,A255121,L44381] The local expression of IFNα2b in the urothelium has pleiotropic anti-tumor effects. Preclinical studies showed that IFNα induced apoptosis in human BCG-unresponsive bladder cancer (BLCA) cells via the induction of autocrine tumor necrosis factor (TNF)-related apoptosis-inducing ligand (TRAIL) production.[A255116,L44381]",
    "toxicity": "Toxicity information regarding nadofaragene firadenovec is not readily available. Patients experiencing an overdose are at an increased risk of severe adverse effects such as disseminated adenovirus infection.[L44381] Symptomatic and supportive measures are recommended. The carcinogenic, mutagenic and fertility effects of nadofaragene firadenovec have not been evaluated.[L44381] Cynomolgus monkeys given 2.5 x 10<sup>11</sup> or 1.25 x 10<sub>13</sub> viral particles of nadofaragene firadenovec 90 days apart (1 x 10<sup>11</sup> or 5x10<sup>11 </sup>viral particles/mL) experienced inflammation, urothelial hyperplasia, cytoplasmic vacuolation, and focal/multifocal ulceration in the urinary bladder and irritation in the ureter and urethra at necropsy 7 days after the first and second doses. These findings were resolved following the 57-day recovery period after the second administration. At this point, a limited number of monkeys had minimal fibrosis in the lamina propria of the bladder.[L44381]",
    "metabolism": "As a gene therapy medicinal product, nadofaragene firadenovec is expected to be metabolized by nucleases throughout the body.",
    "absorption": "The biodistribution of nadofaragene firadenovec was evaluated in two clinical studies. One of the patients given a second dose of nadofaragene firadenovec at 3 x 10<sup>11</sup> vp/mL (2.25 x 10<sup>13</sup> vp) had measurable vector DNA in blood. The rest of the patients did not have measurable vector DNA in blood one hour after nadofaragene firadenovec administration. In a phase 1 study, one out of 4 patients given 3 x 10<sup>11</sup> vp/mL (2.25 x 10<sup>13</sup> vp) of nadofaragene firadenovec had detectable levels of vector DNA at Day 14. In a phase 2 study, 16 out of 19 patients had detectable levels of vector DNA at Day 12.[L44381]",
    "half-life": null,
    "protein-binding": null,
    "route-of-elimination": "Nadofaragene firadenovec can be detected in urine. The frequency of detection of urine samples positive for vector-derived DNA and persistence of vector-derived DNA is correlated with the dose level.[L44381]",
    "volume-of-distribution": null,
    "clearance": null,
    "salts": null,
    "synonyms": {
        "synonym": [
            {
                "language": "english",
                "coder": "",
                "value": "Instiladrin"
            },
            {
                "language": "english",
                "coder": "inn/usan",
                "value": "Nadofaragene firadenovec"
            },
            {
                "language": "english",
                "coder": "",
                "value": "Nadofaragene firadenovec-vncg"
            },
            {
                "language": "english",
                "coder": "",
                "value": "RAD-IFN"
            },
            {
                "language": "english",
                "coder": "",
                "value": "RAD-IFN-2B"
            },
            {
                "language": "english",
                "coder": "",
                "value": "Replication-deficient adenovirus type 5 (ad5) vector encoding the human interferon alpha 2 (ifna2, interferon alpha-2b) gene under the control of the cytomegalovirus (cmv) immediate-early enhancer/promoter"
            },
            {
                "language": "english",
                "coder": "",
                "value": "SCH-209702/SCH-721015"
            }
        ]
    },
    "products": null,
    "international-brands": {
        "international-brand": [
            {
                "name": "Adstiladrin",
                "company": "Ferring Pharmaceuticals"
            }
        ]
    },
    "mixtures": null,
    "packagers": null,
    "manufacturers": null,
    "prices": null,
    "categories": {
        "category": [
            {
                "category": "Adeno-associated Viral Vector Therapies",
                "mesh-id": null
            },
            {
                "category": "Antineoplastic Agents",
                "mesh-id": "D000970"
            },
            {
                "category": "Cellular and Gene Therapy",
                "mesh-id": null
            },
            {
                "category": "Genetic Therapy",
                "mesh-id": "D015316"
            },
            {
                "category": "Recombinant Proteins",
                "mesh-id": "D011994"
            }
        ]
    },
    "affected-organisms": {
        "affected-organism": [
            "Humans and other mammals"
        ]
    },
    "dosages": null,
    "atc-codes": null,
    "ahfs-codes": null,
    "pdb-entries": null,
    "patents": null,
    "food-interactions": null,
    "drug-interactions": null,
    "sequences": null,
    "experimental-properties": null,
    "external-identifiers": {
        "external-identifier": [
            {
                "resource": "Wikipedia",
                "identifier": "Nadofaragene_firadenovec"
            }
        ]
    },
    "external-links": null,
    "pathways": null,
    "reactions": null,
    "snp-effects": null,
    "snp-adverse-drug-reactions": null,
    "targets": null,
    "enzymes": null,
    "carriers": null,
    "transporters": null
}