{
    "type": "small molecule",
    "created": "2023-01-03",
    "updated": "2023-01-03",
    "drugbank-id": [
        {
            "primary": true,
            "value": "DB17386"
        }
    ],
    "name": "Xenon Xe-129",
    "description": null,
    "cas-number": "13965-99-6",
    "unii": "9C7571UDT5",
    "average-mass": 128.9048,
    "monoisotopic-mass": 128.90478086,
    "groups": {
        "group": [
            "approved"
        ]
    },
    "general-references": {
        "articles": null,
        "textbooks": null,
        "links": null,
        "attachments": null
    },
    "synthesis-reference": null,
    "indication": null,
    "pharmacodynamics": null,
    "mechanism-of-action": null,
    "toxicity": null,
    "metabolism": null,
    "absorption": null,
    "half-life": null,
    "protein-binding": null,
    "route-of-elimination": null,
    "volume-of-distribution": null,
    "clearance": null,
    "salts": null,
    "synonyms": {
        "synonym": [
            {
                "language": "english",
                "coder": "",
                "value": "Xenon xe-129m"
            },
            {
                "language": "english",
                "coder": "",
                "value": "Xenon-129m"
            },
            {
                "language": "english",
                "coder": "",
                "value": "Xenon, isotope of mass 129"
            },
            {
                "language": "english",
                "coder": "",
                "value": "Xenon, isotope of mass 129m(8.88 d)"
            },
            {
                "language": "english",
                "coder": "",
                "value": "Xenon, xe-129m"
            }
        ]
    },
    "products": null,
    "international-brands": null,
    "mixtures": null,
    "packagers": null,
    "manufacturers": null,
    "prices": null,
    "categories": null,
    "affected-organisms": null,
    "dosages": null,
    "atc-codes": null,
    "ahfs-codes": null,
    "pdb-entries": null,
    "patents": null,
    "food-interactions": null,
    "drug-interactions": null,
    "calculated-properties": {
        "property": [
            {
                "kind": "Molecular Weight",
                "value": "128.9048",
                "source": "ChemAxon"
            },
            {
                "kind": "Monoisotopic Weight",
                "value": "128.90478086",
                "source": "ChemAxon"
            },
            {
                "kind": "SMILES",
                "value": "[129Xe]",
                "source": "ChemAxon"
            },
            {
                "kind": "Molecular Formula",
                "value": "Xe",
                "source": "ChemAxon"
            },
            {
                "kind": "InChI",
                "value": "InChI=1S/Xe/i1-2",
                "source": "ChemAxon"
            },
            {
                "kind": "InChIKey",
                "value": "FHNFHKCVQCLJFQ-YPZZEJLDSA-N",
                "source": "ChemAxon"
            }
        ]
    },
    "experimental-properties": null,
    "external-identifiers": null,
    "external-links": null,
    "pathways": null,
    "reactions": null,
    "snp-effects": null,
    "snp-adverse-drug-reactions": null,
    "targets": null,
    "enzymes": null,
    "carriers": null,
    "transporters": null
}