{
    "type": "small molecule",
    "created": "2022-11-24",
    "updated": "2022-12-01",
    "drugbank-id": [
        {
            "primary": true,
            "value": "DB17193"
        }
    ],
    "name": "Ribavirin elaidate",
    "description": null,
    "cas-number": "1352921-29-9",
    "unii": "4LU13X0I13",
    "average-mass": 508.66,
    "monoisotopic-mass": 508.326085153,
    "groups": {
        "group": [
            "investigational"
        ]
    },
    "general-references": {
        "articles": null,
        "textbooks": null,
        "links": null,
        "attachments": null
    },
    "synthesis-reference": null,
    "indication": null,
    "pharmacodynamics": null,
    "mechanism-of-action": null,
    "toxicity": null,
    "metabolism": null,
    "absorption": null,
    "half-life": null,
    "protein-binding": null,
    "route-of-elimination": null,
    "volume-of-distribution": null,
    "clearance": null,
    "salts": null,
    "synonyms": {
        "synonym": [
            {
                "language": "english",
                "coder": "",
                "value": "1h-1,2,4-triazole-3-carboxamide, 1-(5-o-((9e)-1-oxo-9-octadecen-1-yl)-.beta.-d-ribofuranosyl)-"
            },
            {
                "language": "english",
                "coder": "",
                "value": "Ribavirin-5'-elaidic acid ester"
            }
        ]
    },
    "products": null,
    "international-brands": null,
    "mixtures": null,
    "packagers": null,
    "manufacturers": null,
    "prices": null,
    "categories": null,
    "affected-organisms": null,
    "dosages": null,
    "atc-codes": null,
    "ahfs-codes": null,
    "pdb-entries": null,
    "patents": null,
    "food-interactions": null,
    "drug-interactions": null,
    "calculated-properties": {
        "property": [
            {
                "kind": "logP",
                "value": "5.11",
                "source": "ALOGPS"
            },
            {
                "kind": "logS",
                "value": "-5.2",
                "source": "ALOGPS"
            },
            {
                "kind": "Water Solubility",
                "value": "3.44e-03 g/l",
                "source": "ALOGPS"
            },
            {
                "kind": "logP",
                "value": "4.3",
                "source": "ChemAxon"
            },
            {
                "kind": "IUPAC Name",
                "value": "[(2R,3S,4R,5R)-5-(3-carbamoyl-1H-1,2,4-triazol-1-yl)-3,4-dihydroxyoxolan-2-yl]methyl (9E)-octadec-9-enoate",
                "source": "ChemAxon"
            },
            {
                "kind": "Traditional IUPAC Name",
                "value": "altiratinib",
                "source": "ChemAxon"
            },
            {
                "kind": "Molecular Weight",
                "value": "508.66",
                "source": "ChemAxon"
            },
            {
                "kind": "Monoisotopic Weight",
                "value": "508.326085153",
                "source": "ChemAxon"
            },
            {
                "kind": "SMILES",
                "value": "CCCCCCCC\\C=C\\CCCCCCCC(=O)OC[C@H]1O[C@H]([C@H](O)[C@@H]1O)N1C=NC(=N1)C(N)=O",
                "source": "ChemAxon"
            },
            {
                "kind": "Molecular Formula",
                "value": "C26H44N4O6",
                "source": "ChemAxon"
            },
            {
                "kind": "InChI",
                "value": "InChI=1S/C26H44N4O6/c1-2-3-4-5-6-7-8-9-10-11-12-13-14-15-16-17-21(31)35-18-20-22(32)23(33)26(36-20)30-19-28-25(29-30)24(27)34/h9-10,19-20,22-23,26,32-33H,2-8,11-18H2,1H3,(H2,27,34)/b10-9+/t20-,22-,23-,26-/m1/s1",
                "source": "ChemAxon"
            },
            {
                "kind": "InChIKey",
                "value": "HNJWVTLAOZFLEK-OOWZQQDUSA-N",
                "source": "ChemAxon"
            },
            {
                "kind": "Polar Surface Area (PSA)",
                "value": "149.79",
                "source": "ChemAxon"
            },
            {
                "kind": "Refractivity",
                "value": "148.48",
                "source": "ChemAxon"
            },
            {
                "kind": "Polarizability",
                "value": "58.37",
                "source": "ChemAxon"
            },
            {
                "kind": "Rotatable Bond Count",
                "value": "20",
                "source": "ChemAxon"
            },
            {
                "kind": "H Bond Acceptor Count",
                "value": "7",
                "source": "ChemAxon"
            },
            {
                "kind": "H Bond Donor Count",
                "value": "3",
                "source": "ChemAxon"
            },
            {
                "kind": "pKa (strongest acidic)",
                "value": "11.88",
                "source": "ChemAxon"
            },
            {
                "kind": "pKa (strongest basic)",
                "value": "-1.2",
                "source": "ChemAxon"
            },
            {
                "kind": "Physiological Charge",
                "value": "0",
                "source": "ChemAxon"
            },
            {
                "kind": "Number of Rings",
                "value": "2",
                "source": "ChemAxon"
            },
            {
                "kind": "Bioavailability",
                "value": "0",
                "source": "ChemAxon"
            },
            {
                "kind": "Rule of Five",
                "value": "0",
                "source": "ChemAxon"
            },
            {
                "kind": "Ghose Filter",
                "value": "0",
                "source": "ChemAxon"
            },
            {
                "kind": "MDDR-Like Rule",
                "value": "0",
                "source": "ChemAxon"
            }
        ]
    },
    "experimental-properties": null,
    "external-identifiers": {
        "external-identifier": [
            {
                "resource": "ChemSpider",
                "identifier": "32702399"
            }
        ]
    },
    "external-links": null,
    "pathways": null,
    "reactions": null,
    "snp-effects": null,
    "snp-adverse-drug-reactions": null,
    "targets": null,
    "enzymes": null,
    "carriers": null,
    "transporters": null
}