{
    "type": "small molecule",
    "created": "2022-11-29",
    "updated": "2022-12-01",
    "drugbank-id": [
        {
            "primary": true,
            "value": "DB17240"
        }
    ],
    "name": "Avicin D",
    "description": null,
    "cas-number": "197787-20-5",
    "unii": "69451KN1RO",
    "average-mass": 2083.279,
    "monoisotopic-mass": 2081.982026515,
    "groups": {
        "group": [
            "investigational"
        ]
    },
    "general-references": {
        "articles": null,
        "textbooks": null,
        "links": null,
        "attachments": null
    },
    "synthesis-reference": null,
    "indication": null,
    "pharmacodynamics": null,
    "mechanism-of-action": null,
    "toxicity": null,
    "metabolism": null,
    "absorption": null,
    "half-life": null,
    "protein-binding": null,
    "route-of-elimination": null,
    "volume-of-distribution": null,
    "clearance": null,
    "salts": null,
    "synonyms": {
        "synonym": [
            {
                "language": "english",
                "coder": "",
                "value": "Elliptoside e"
            }
        ]
    },
    "products": null,
    "international-brands": null,
    "mixtures": null,
    "packagers": null,
    "manufacturers": null,
    "prices": null,
    "categories": {
        "category": [
            {
                "category": "Carbohydrates",
                "mesh-id": "D002241"
            },
            {
                "category": "Glycosides",
                "mesh-id": "D006027"
            }
        ]
    },
    "affected-organisms": null,
    "dosages": null,
    "atc-codes": null,
    "ahfs-codes": null,
    "pdb-entries": null,
    "patents": null,
    "food-interactions": null,
    "drug-interactions": null,
    "calculated-properties": {
        "property": [
            {
                "kind": "logP",
                "value": "0.95",
                "source": "ALOGPS"
            },
            {
                "kind": "logS",
                "value": "-3",
                "source": "ALOGPS"
            },
            {
                "kind": "Water Solubility",
                "value": "2.08e+00 g/l",
                "source": "ALOGPS"
            },
            {
                "kind": "logP",
                "value": "-3.5",
                "source": "ChemAxon"
            },
            {
                "kind": "IUPAC Name",
                "value": "(2S,3R,4S,5S,6R)-3-{[(2S,3R,4S,5S,6S)-5-{[(2S,3R,4R,5S)-3,4-dihydroxy-5-(hydroxymethyl)oxolan-2-yl]oxy}-3-hydroxy-6-methyl-4-{[(2S,3R,4S,5S,6R)-3,4,5-trihydroxy-6-(hydroxymethyl)oxan-2-yl]oxy}oxan-2-yl]oxy}-4,5-dihydroxy-6-(hydroxymethyl)oxan-2-yl (3S,4aR,5R,6aS,6bR,8aR,10S,12aR,12bR,14bS)-3-{[(2E,6R)-6-{[(2S,3R,4R,5S,6R)-3,4-dihydroxy-5-{[(2E,6R)-6-hydroxy-2-(hydroxymethyl)-6-methylocta-2,7-dienoyl]oxy}-6-methyloxan-2-yl]oxy}-2-(hydroxymethyl)-6-methylocta-2,7-dienoyl]oxy}-10-{[(2R,3R,4R,5S,6R)-6-({[(2R,3R,4S,5R,6R)-4,5-dihydroxy-6-methyl-3-{[(2S,3R,4S,5R)-3,4,5-trihydroxyoxan-2-yl]oxy}oxan-2-yl]oxy}methyl)-3-acetamido-4,5-dihydroxyoxan-2-yl]oxy}-5-hydroxy-2,2,6a,6b,9,9,12a-heptamethyl-1,2,3,4,4a,5,6,6a,6b,7,8,8a,9,10,11,12,12a,12b,13,14b-icosahydropicene-4a-carboxylate",
                "source": "ChemAxon"
            },
            {
                "kind": "Traditional IUPAC Name",
                "value": "(2S,3R,4S,5S,6R)-3-{[(2S,3R,4S,5S,6S)-5-{[(2S,3R,4R,5S)-3,4-dihydroxy-5-(hydroxymethyl)oxolan-2-yl]oxy}-3-hydroxy-6-methyl-4-{[(2S,3R,4S,5S,6R)-3,4,5-trihydroxy-6-(hydroxymethyl)oxan-2-yl]oxy}oxan-2-yl]oxy}-4,5-dihydroxy-6-(hydroxymethyl)oxan-2-yl (3S,4aR,5R,6aS,6bR,8aR,10S,12aR,12bR,14bS)-3-{[(2E,6R)-6-{[(2S,3R,4R,5S,6R)-3,4-dihydroxy-5-{[(2E,6R)-6-hydroxy-2-(hydroxymethyl)-6-methylocta-2,7-dienoyl]oxy}-6-methyloxan-2-yl]oxy}-2-(hydroxymethyl)-6-methylocta-2,7-dienoyl]oxy}-10-{[(2R,3R,4R,5S,6R)-6-({[(2R,3R,4S,5R,6R)-4,5-dihydroxy-6-methyl-3-{[(2S,3R,4S,5R)-3,4,5-trihydroxyoxan-2-yl]oxy}oxan-2-yl]oxy}methyl)-3-acetamido-4,5-dihydroxyoxan-2-yl]oxy}-5-hydroxy-2,2,6a,6b,9,9,12a-heptamethyl-1,3,4,5,6,7,8,8a,10,11,12,12b,13,14b-tetradecahydropicene-4a-carboxylate",
                "source": "ChemAxon"
            },
            {
                "kind": "Molecular Weight",
                "value": "2083.279",
                "source": "ChemAxon"
            },
            {
                "kind": "Monoisotopic Weight",
                "value": "2081.982026515",
                "source": "ChemAxon"
            },
            {
                "kind": "SMILES",
                "value": "[H][C@@]1(O[C@H]2[C@H](C)O[C@@]([H])(O[C@@H]3[C@@H](O)[C@H](O)[C@@H](CO)O[C@H]3OC(=O)[C@]34C[C@H](OC(=O)C(\\CO)=C\\CC[C@@](C)(O[C@@H]5O[C@H](C)[C@@H](OC(=O)C(\\CO)=C\\CC[C@@](C)(O)C=C)[C@H](O)[C@H]5O)C=C)C(C)(C)C[C@@]3([H])C3=CC[C@]5([H])[C@@]6(C)CC[C@H](O[C@]7([H])O[C@H](CO[C@@H]8O[C@H](C)[C@H](O)[C@H](O)[C@H]8O[C@]8([H])OC[C@@H](O)[C@H](O)[C@H]8O)[C@@H](O)[C@H](O)[C@H]7NC(C)=O)C(C)(C)[C@]6([H])CC[C@@]5(C)[C@]3(C)C[C@H]4O)[C@H](O)[C@@H]2O[C@]2([H])O[C@H](CO)[C@@H](O)[C@H](O)[C@H]2O)O[C@@H](CO)[C@H](O)[C@H]1O",
                "source": "ChemAxon"
            },
            {
                "kind": "Molecular Formula",
                "value": "C98H155NO46",
                "source": "ChemAxon"
            },
            {
                "kind": "InChI",
                "value": "InChI=1S/C98H155NO46/c1-16-93(11,127)26-18-20-45(34-101)81(125)139-75-41(4)132-87(73(122)69(75)118)145-94(12,17-2)27-19-21-44(33-100)80(124)137-57-32-98(90(126)144-89-79(68(117)62(111)50(36-103)135-89)143-86-74(123)77(141-85-72(121)66(115)61(110)49(35-102)133-85)76(42(5)131-86)140-84-71(120)63(112)51(37-104)134-84)47(30-91(57,7)8)46-22-23-54-95(13)28-25-56(92(9,10)53(95)24-29-96(54,14)97(46,15)31-55(98)107)138-82-58(99-43(6)105)65(114)64(113)52(136-82)39-129-88-78(67(116)59(108)40(3)130-88)142-83-70(119)60(109)48(106)38-128-83/h16-17,20-22,40-42,47-79,82-89,100-104,106-123,127H,1-2,18-19,23-39H2,3-15H3,(H,99,105)/b44-21+,45-20+/t40-,41-,42+,47+,48-,49-,50-,51+,52-,53+,54-,55-,56+,57+,58-,59+,60+,61-,62-,63+,64-,65-,66+,67+,68+,69-,70-,71-,72-,73-,74-,75-,76+,77+,78-,79-,82+,83+,84+,85+,86+,87+,88-,89+,93+,94+,95+,96-,97-,98-/m1/s1",
                "source": "ChemAxon"
            },
            {
                "kind": "InChIKey",
                "value": "HKEDBKXRDHFCFB-LUAQNYIXSA-N",
                "source": "ChemAxon"
            },
            {
                "kind": "Polar Surface Area (PSA)",
                "value": "731.97",
                "source": "ChemAxon"
            },
            {
                "kind": "Refractivity",
                "value": "490.94",
                "source": "ChemAxon"
            },
            {
                "kind": "Polarizability",
                "value": "215.55",
                "source": "ChemAxon"
            },
            {
                "kind": "Rotatable Bond Count",
                "value": "38",
                "source": "ChemAxon"
            },
            {
                "kind": "H Bond Acceptor Count",
                "value": "43",
                "source": "ChemAxon"
            },
            {
                "kind": "H Bond Donor Count",
                "value": "25",
                "source": "ChemAxon"
            },
            {
                "kind": "pKa (strongest acidic)",
                "value": "11.56",
                "source": "ChemAxon"
            },
            {
                "kind": "pKa (strongest basic)",
                "value": "-3.7",
                "source": "ChemAxon"
            },
            {
                "kind": "Physiological Charge",
                "value": "0",
                "source": "ChemAxon"
            },
            {
                "kind": "Number of Rings",
                "value": "13",
                "source": "ChemAxon"
            },
            {
                "kind": "Bioavailability",
                "value": "0",
                "source": "ChemAxon"
            },
            {
                "kind": "Rule of Five",
                "value": "0",
                "source": "ChemAxon"
            },
            {
                "kind": "Ghose Filter",
                "value": "0",
                "source": "ChemAxon"
            },
            {
                "kind": "MDDR-Like Rule",
                "value": "1",
                "source": "ChemAxon"
            }
        ]
    },
    "experimental-properties": null,
    "external-identifiers": {
        "external-identifier": [
            {
                "resource": "ChemSpider",
                "identifier": "23339551"
            },
            {
                "resource": "ChEMBL",
                "identifier": "CHEMBL508651"
            }
        ]
    },
    "external-links": null,
    "pathways": null,
    "reactions": null,
    "snp-effects": null,
    "snp-adverse-drug-reactions": null,
    "targets": null,
    "enzymes": null,
    "carriers": null,
    "transporters": null
}