{
    "type": "small molecule",
    "created": "2022-12-05",
    "updated": "2022-12-06",
    "drugbank-id": [
        {
            "primary": true,
            "value": "DB17308"
        }
    ],
    "name": "Laurocapram",
    "description": null,
    "cas-number": "59227-89-3",
    "unii": "1F3X9DRV9X",
    "average-mass": 281.484,
    "monoisotopic-mass": 281.271864751,
    "groups": {
        "group": [
            "approved"
        ]
    },
    "general-references": {
        "articles": null,
        "textbooks": null,
        "links": null,
        "attachments": null
    },
    "synthesis-reference": null,
    "indication": null,
    "pharmacodynamics": null,
    "mechanism-of-action": null,
    "toxicity": null,
    "metabolism": null,
    "absorption": null,
    "half-life": null,
    "protein-binding": null,
    "route-of-elimination": null,
    "volume-of-distribution": null,
    "clearance": null,
    "salts": null,
    "synonyms": {
        "synonym": [
            {
                "language": "english",
                "coder": "",
                "value": "1-dodecylazacycloheptan-2-one"
            },
            {
                "language": "english",
                "coder": "",
                "value": "1-dodecylhexahydro-2h-azepin-2-one"
            },
            {
                "language": "english",
                "coder": "",
                "value": "1-n-dodecylazacycloheptan-2-one"
            },
            {
                "language": "english",
                "coder": "",
                "value": "2h-azepin-2-one, 1-dodecylhexahydro-"
            },
            {
                "language": "english",
                "coder": "",
                "value": "Azone"
            },
            {
                "language": "english",
                "coder": "",
                "value": "N-dodecyl-.epsilon.-caprolactam"
            }
        ]
    },
    "products": null,
    "international-brands": null,
    "mixtures": null,
    "packagers": null,
    "manufacturers": null,
    "prices": null,
    "categories": null,
    "affected-organisms": null,
    "dosages": null,
    "atc-codes": null,
    "ahfs-codes": null,
    "pdb-entries": null,
    "patents": null,
    "food-interactions": null,
    "drug-interactions": null,
    "calculated-properties": {
        "property": [
            {
                "kind": "logP",
                "value": "5.32",
                "source": "ALOGPS"
            },
            {
                "kind": "logS",
                "value": "-5.7",
                "source": "ALOGPS"
            },
            {
                "kind": "Water Solubility",
                "value": "5.26e-04 g/l",
                "source": "ALOGPS"
            },
            {
                "kind": "logP",
                "value": "5.41",
                "source": "ChemAxon"
            },
            {
                "kind": "IUPAC Name",
                "value": "1-dodecylazepan-2-one",
                "source": "ChemAxon"
            },
            {
                "kind": "Traditional IUPAC Name",
                "value": "laurocapram",
                "source": "ChemAxon"
            },
            {
                "kind": "Molecular Weight",
                "value": "281.484",
                "source": "ChemAxon"
            },
            {
                "kind": "Monoisotopic Weight",
                "value": "281.271864751",
                "source": "ChemAxon"
            },
            {
                "kind": "SMILES",
                "value": "CCCCCCCCCCCCN1CCCCCC1=O",
                "source": "ChemAxon"
            },
            {
                "kind": "Molecular Formula",
                "value": "C18H35NO",
                "source": "ChemAxon"
            },
            {
                "kind": "InChI",
                "value": "InChI=1S/C18H35NO/c1-2-3-4-5-6-7-8-9-10-13-16-19-17-14-11-12-15-18(19)20/h2-17H2,1H3",
                "source": "ChemAxon"
            },
            {
                "kind": "InChIKey",
                "value": "AXTGDCSMTYGJND-UHFFFAOYSA-N",
                "source": "ChemAxon"
            },
            {
                "kind": "Polar Surface Area (PSA)",
                "value": "20.31",
                "source": "ChemAxon"
            },
            {
                "kind": "Refractivity",
                "value": "87.04",
                "source": "ChemAxon"
            },
            {
                "kind": "Polarizability",
                "value": "37.26",
                "source": "ChemAxon"
            },
            {
                "kind": "Rotatable Bond Count",
                "value": "11",
                "source": "ChemAxon"
            },
            {
                "kind": "H Bond Acceptor Count",
                "value": "1",
                "source": "ChemAxon"
            },
            {
                "kind": "H Bond Donor Count",
                "value": "0",
                "source": "ChemAxon"
            },
            {
                "kind": "pKa (strongest basic)",
                "value": "-0.89",
                "source": "ChemAxon"
            },
            {
                "kind": "Physiological Charge",
                "value": "0",
                "source": "ChemAxon"
            },
            {
                "kind": "Number of Rings",
                "value": "1",
                "source": "ChemAxon"
            },
            {
                "kind": "Bioavailability",
                "value": "0",
                "source": "ChemAxon"
            },
            {
                "kind": "Rule of Five",
                "value": "0",
                "source": "ChemAxon"
            },
            {
                "kind": "Ghose Filter",
                "value": "1",
                "source": "ChemAxon"
            },
            {
                "kind": "MDDR-Like Rule",
                "value": "0",
                "source": "ChemAxon"
            }
        ]
    },
    "experimental-properties": null,
    "external-identifiers": {
        "external-identifier": [
            {
                "resource": "ChemSpider",
                "identifier": "39176"
            },
            {
                "resource": "ChEMBL",
                "identifier": "CHEMBL76591"
            },
            {
                "resource": "ZINC",
                "identifier": "ZINC000008214596"
            },
            {
                "resource": "RxCUI",
                "identifier": "1603852"
            }
        ]
    },
    "external-links": null,
    "pathways": null,
    "reactions": null,
    "snp-effects": null,
    "snp-adverse-drug-reactions": null,
    "targets": null,
    "enzymes": null,
    "carriers": null,
    "transporters": null
}