{
    "type": "small molecule",
    "created": "2022-11-23",
    "updated": "2022-12-13",
    "drugbank-id": [
        {
            "primary": true,
            "value": "DB17170"
        }
    ],
    "name": "WSD-0922",
    "description": null,
    "cas-number": "2226552-64-1",
    "unii": "UF6QZ5E1AY",
    "average-mass": 442.442,
    "monoisotopic-mass": 442.161660421,
    "groups": {
        "group": [
            "investigational"
        ]
    },
    "general-references": {
        "articles": null,
        "textbooks": null,
        "links": null,
        "attachments": null
    },
    "synthesis-reference": null,
    "indication": null,
    "pharmacodynamics": null,
    "mechanism-of-action": null,
    "toxicity": null,
    "metabolism": null,
    "absorption": null,
    "half-life": null,
    "protein-binding": null,
    "route-of-elimination": null,
    "volume-of-distribution": null,
    "clearance": null,
    "salts": {
        "salt": [
            {
                "drugbank-id": [
                    {
                        "primary": true,
                        "value": "DBSALT003296"
                    }
                ],
                "name": "(R)-6-((3,3-Difluoro-1-Methylpiperidine-4-Yl)Oxy-N-(3-Ethynyl-2-Fluorophenyl)-7-Methoxyquinazolin-4-Amine Fumerate",
                "unii": null,
                "cas-number": null,
                "inchikey": null
            }
        ]
    },
    "synonyms": {
        "synonym": [
            {
                "language": "english",
                "coder": "",
                "value": "(r)-6-((3,3-difluoro-1-methylpiperidin-4-yl)oxy)-n-(3-ethynyl-2-fluorophenyl)-7-methoxyquinazolin-4-amine-"
            }
        ]
    },
    "products": null,
    "international-brands": null,
    "mixtures": null,
    "packagers": null,
    "manufacturers": null,
    "prices": null,
    "categories": null,
    "affected-organisms": null,
    "dosages": null,
    "atc-codes": null,
    "ahfs-codes": null,
    "pdb-entries": null,
    "patents": null,
    "food-interactions": null,
    "drug-interactions": null,
    "calculated-properties": {
        "property": [
            {
                "kind": "logP",
                "value": "3.98",
                "source": "ALOGPS"
            },
            {
                "kind": "logS",
                "value": "-4.8",
                "source": "ALOGPS"
            },
            {
                "kind": "Water Solubility",
                "value": "6.85e-03 g/l",
                "source": "ALOGPS"
            },
            {
                "kind": "logP",
                "value": "4.11",
                "source": "ChemAxon"
            },
            {
                "kind": "IUPAC Name",
                "value": "6-{[(4R)-3,3-difluoro-1-methylpiperidin-4-yl]oxy}-N-(3-ethynyl-2-fluorophenyl)-7-methoxyquinazolin-4-amine",
                "source": "ChemAxon"
            },
            {
                "kind": "Traditional IUPAC Name",
                "value": "6-{[(4R)-3,3-difluoro-1-methylpiperidin-4-yl]oxy}-N-(3-ethynyl-2-fluorophenyl)-7-methoxyquinazolin-4-amine",
                "source": "ChemAxon"
            },
            {
                "kind": "Molecular Weight",
                "value": "442.442",
                "source": "ChemAxon"
            },
            {
                "kind": "Monoisotopic Weight",
                "value": "442.161660421",
                "source": "ChemAxon"
            },
            {
                "kind": "SMILES",
                "value": "COC1=CC2=NC=NC(NC3=CC=CC(C#C)=C3F)=C2C=C1O[C@@H]1CCN(C)CC1(F)F",
                "source": "ChemAxon"
            },
            {
                "kind": "Molecular Formula",
                "value": "C23H21F3N4O2",
                "source": "ChemAxon"
            },
            {
                "kind": "InChI",
                "value": "InChI=1S/C23H21F3N4O2/c1-4-14-6-5-7-16(21(14)24)29-22-15-10-19(18(31-3)11-17(15)27-13-28-22)32-20-8-9-30(2)12-23(20,25)26/h1,5-7,10-11,13,20H,8-9,12H2,2-3H3,(H,27,28,29)/t20-/m1/s1",
                "source": "ChemAxon"
            },
            {
                "kind": "InChIKey",
                "value": "RIHUDRGMCALEAK-HXUWFJFHSA-N",
                "source": "ChemAxon"
            },
            {
                "kind": "Polar Surface Area (PSA)",
                "value": "59.51",
                "source": "ChemAxon"
            },
            {
                "kind": "Refractivity",
                "value": "111.17",
                "source": "ChemAxon"
            },
            {
                "kind": "Polarizability",
                "value": "43.44",
                "source": "ChemAxon"
            },
            {
                "kind": "Rotatable Bond Count",
                "value": "5",
                "source": "ChemAxon"
            },
            {
                "kind": "H Bond Acceptor Count",
                "value": "6",
                "source": "ChemAxon"
            },
            {
                "kind": "H Bond Donor Count",
                "value": "1",
                "source": "ChemAxon"
            },
            {
                "kind": "pKa (strongest acidic)",
                "value": "14.28",
                "source": "ChemAxon"
            },
            {
                "kind": "pKa (strongest basic)",
                "value": "5.18",
                "source": "ChemAxon"
            },
            {
                "kind": "Physiological Charge",
                "value": "0",
                "source": "ChemAxon"
            },
            {
                "kind": "Number of Rings",
                "value": "4",
                "source": "ChemAxon"
            },
            {
                "kind": "Bioavailability",
                "value": "1",
                "source": "ChemAxon"
            },
            {
                "kind": "Rule of Five",
                "value": "1",
                "source": "ChemAxon"
            },
            {
                "kind": "Ghose Filter",
                "value": "1",
                "source": "ChemAxon"
            },
            {
                "kind": "MDDR-Like Rule",
                "value": "0",
                "source": "ChemAxon"
            }
        ]
    },
    "experimental-properties": null,
    "external-identifiers": null,
    "external-links": null,
    "pathways": null,
    "reactions": null,
    "snp-effects": null,
    "snp-adverse-drug-reactions": null,
    "targets": null,
    "enzymes": null,
    "carriers": null,
    "transporters": null
}