{
    "type": "small molecule",
    "created": "2022-12-06",
    "updated": "2022-12-13",
    "drugbank-id": [
        {
            "primary": true,
            "value": "DB17342"
        }
    ],
    "name": "Trimethyltetradecylammonium",
    "description": null,
    "cas-number": "10182-92-0",
    "unii": "Y3IR7RCT6J",
    "average-mass": 256.497,
    "monoisotopic-mass": 256.299876648,
    "groups": {
        "group": [
            "investigational"
        ]
    },
    "general-references": {
        "articles": null,
        "textbooks": null,
        "links": null,
        "attachments": null
    },
    "synthesis-reference": null,
    "indication": null,
    "pharmacodynamics": null,
    "mechanism-of-action": null,
    "toxicity": null,
    "metabolism": null,
    "absorption": null,
    "half-life": null,
    "protein-binding": null,
    "route-of-elimination": null,
    "volume-of-distribution": null,
    "clearance": null,
    "salts": {
        "salt": [
            {
                "drugbank-id": [
                    {
                        "primary": true,
                        "value": "DBSALT003327"
                    }
                ],
                "name": "tetradonium bromide",
                "unii": "8483H94W1E",
                "cas-number": "1119-97-7",
                "inchikey": null
            }
        ]
    },
    "synonyms": {
        "synonym": [
            {
                "language": "english",
                "coder": "",
                "value": "1-tetradecanaminium, n,n,n-trimethyl-"
            },
            {
                "language": "english",
                "coder": "",
                "value": "Ammonium, trimethyltetradecyl-"
            },
            {
                "language": "english",
                "coder": "",
                "value": "Myristyltrimethylammonium"
            },
            {
                "language": "english",
                "coder": "",
                "value": "Tetradecyltrimethylammonium"
            },
            {
                "language": "english",
                "coder": "",
                "value": "Tetradonium"
            },
            {
                "language": "english",
                "coder": "",
                "value": "Tetradonium cation"
            },
            {
                "language": "english",
                "coder": "",
                "value": "Tetradonium ion"
            }
        ]
    },
    "products": null,
    "international-brands": null,
    "mixtures": null,
    "packagers": null,
    "manufacturers": null,
    "prices": null,
    "categories": {
        "category": [
            {
                "category": "Amines",
                "mesh-id": "D000588"
            },
            {
                "category": "Compounds used in a research, industrial, or household setting",
                "mesh-id": "D020313"
            },
            {
                "category": "Detergents",
                "mesh-id": "D003902"
            },
            {
                "category": "Household Products",
                "mesh-id": "D006795"
            },
            {
                "category": "Quaternary Ammonium Compounds",
                "mesh-id": "D000644"
            },
            {
                "category": "Surface-Active Agents",
                "mesh-id": "D013501"
            }
        ]
    },
    "affected-organisms": null,
    "dosages": null,
    "atc-codes": null,
    "ahfs-codes": null,
    "pdb-entries": null,
    "patents": null,
    "food-interactions": null,
    "drug-interactions": null,
    "calculated-properties": {
        "property": [
            {
                "kind": "logP",
                "value": "2.17",
                "source": "ALOGPS"
            },
            {
                "kind": "logS",
                "value": "-7.6",
                "source": "ALOGPS"
            },
            {
                "kind": "Water Solubility",
                "value": "6.68e-06 g/l",
                "source": "ALOGPS"
            },
            {
                "kind": "logP",
                "value": "1.8",
                "source": "ChemAxon"
            },
            {
                "kind": "IUPAC Name",
                "value": "trimethyl(tetradecyl)azanium",
                "source": "ChemAxon"
            },
            {
                "kind": "Traditional IUPAC Name",
                "value": "tetradonium",
                "source": "ChemAxon"
            },
            {
                "kind": "Molecular Weight",
                "value": "256.497",
                "source": "ChemAxon"
            },
            {
                "kind": "Monoisotopic Weight",
                "value": "256.299876648",
                "source": "ChemAxon"
            },
            {
                "kind": "SMILES",
                "value": "CCCCCCCCCCCCCC[N+](C)(C)C",
                "source": "ChemAxon"
            },
            {
                "kind": "Molecular Formula",
                "value": "C17H38N",
                "source": "ChemAxon"
            },
            {
                "kind": "InChI",
                "value": "InChI=1S/C17H38N/c1-5-6-7-8-9-10-11-12-13-14-15-16-17-18(2,3)4/h5-17H2,1-4H3/q+1",
                "source": "ChemAxon"
            },
            {
                "kind": "InChIKey",
                "value": "GLFDLEXFOHUASB-UHFFFAOYSA-N",
                "source": "ChemAxon"
            },
            {
                "kind": "Polar Surface Area (PSA)",
                "value": "0",
                "source": "ChemAxon"
            },
            {
                "kind": "Refractivity",
                "value": "95.79",
                "source": "ChemAxon"
            },
            {
                "kind": "Polarizability",
                "value": "36.78",
                "source": "ChemAxon"
            },
            {
                "kind": "Rotatable Bond Count",
                "value": "13",
                "source": "ChemAxon"
            },
            {
                "kind": "H Bond Acceptor Count",
                "value": "0",
                "source": "ChemAxon"
            },
            {
                "kind": "H Bond Donor Count",
                "value": "0",
                "source": "ChemAxon"
            },
            {
                "kind": "Physiological Charge",
                "value": "1",
                "source": "ChemAxon"
            },
            {
                "kind": "Number of Rings",
                "value": "0",
                "source": "ChemAxon"
            },
            {
                "kind": "Bioavailability",
                "value": "1",
                "source": "ChemAxon"
            },
            {
                "kind": "Rule of Five",
                "value": "1",
                "source": "ChemAxon"
            },
            {
                "kind": "Ghose Filter",
                "value": "1",
                "source": "ChemAxon"
            },
            {
                "kind": "MDDR-Like Rule",
                "value": "0",
                "source": "ChemAxon"
            }
        ]
    },
    "experimental-properties": null,
    "external-identifiers": {
        "external-identifier": [
            {
                "resource": "ChemSpider",
                "identifier": "13613"
            },
            {
                "resource": "BindingDB",
                "identifier": "50060597"
            },
            {
                "resource": "ChEMBL",
                "identifier": "CHEMBL1180003"
            },
            {
                "resource": "ZINC",
                "identifier": "ZINC000006845519"
            }
        ]
    },
    "external-links": null,
    "pathways": null,
    "reactions": null,
    "snp-effects": null,
    "snp-adverse-drug-reactions": null,
    "targets": null,
    "enzymes": null,
    "carriers": null,
    "transporters": null
}