{
    "type": "small molecule",
    "created": "2022-11-24",
    "updated": "2022-12-01",
    "drugbank-id": [
        {
            "primary": true,
            "value": "DB17191"
        }
    ],
    "name": "Altiratinib",
    "description": null,
    "cas-number": "1345847-93-9",
    "unii": "T678746713",
    "average-mass": 510.473,
    "monoisotopic-mass": 510.151489661,
    "groups": {
        "group": [
            "investigational"
        ]
    },
    "general-references": {
        "articles": null,
        "textbooks": null,
        "links": null,
        "attachments": null
    },
    "synthesis-reference": null,
    "indication": null,
    "pharmacodynamics": null,
    "mechanism-of-action": null,
    "toxicity": null,
    "metabolism": null,
    "absorption": null,
    "half-life": null,
    "protein-binding": null,
    "route-of-elimination": null,
    "volume-of-distribution": null,
    "clearance": null,
    "salts": null,
    "synonyms": {
        "synonym": [
            {
                "language": "english",
                "coder": "",
                "value": "1,1-cyclopropanedicarboxamide, n-(4-((2-((cyclopropylcarbonyl)amino)-4-pyridinyl)oxy)-2,5-difluorophenyl)-n'-(4-fluorophenyl)-"
            },
            {
                "language": "english",
                "coder": "",
                "value": "N-(4-((2-((cyclopropylcarbonyl)amino)pyridin-4-yl)oxy)-2,5-difluorophenyi)-n-(4- fluorophenyl)cyclopropane-1,1-dicarboxamide"
            }
        ]
    },
    "products": null,
    "international-brands": null,
    "mixtures": null,
    "packagers": null,
    "manufacturers": null,
    "prices": null,
    "categories": {
        "category": [
            {
                "category": "Amides",
                "mesh-id": "D000577"
            },
            {
                "category": "Amines",
                "mesh-id": "D000588"
            },
            {
                "category": "Aniline Compounds",
                "mesh-id": "D000814"
            },
            {
                "category": "Pyridines",
                "mesh-id": "D011725"
            }
        ]
    },
    "affected-organisms": null,
    "dosages": null,
    "atc-codes": null,
    "ahfs-codes": null,
    "pdb-entries": {
        "pdb-entry": [
            "7q4a"
        ]
    },
    "patents": null,
    "food-interactions": null,
    "drug-interactions": null,
    "calculated-properties": {
        "property": [
            {
                "kind": "logP",
                "value": "3.75",
                "source": "ALOGPS"
            },
            {
                "kind": "logS",
                "value": "-5.2",
                "source": "ALOGPS"
            },
            {
                "kind": "Water Solubility",
                "value": "2.90e-03 g/l",
                "source": "ALOGPS"
            },
            {
                "kind": "logP",
                "value": "4.5",
                "source": "ChemAxon"
            },
            {
                "kind": "IUPAC Name",
                "value": "N1-{4-[(2-cyclopropaneamidopyridin-4-yl)oxy]-2,5-difluorophenyl}-N'1-(4-fluorophenyl)cyclopropane-1,1-dicarboxamide",
                "source": "ChemAxon"
            },
            {
                "kind": "Traditional IUPAC Name",
                "value": "altiratinib",
                "source": "ChemAxon"
            },
            {
                "kind": "Molecular Weight",
                "value": "510.473",
                "source": "ChemAxon"
            },
            {
                "kind": "Monoisotopic Weight",
                "value": "510.151489661",
                "source": "ChemAxon"
            },
            {
                "kind": "SMILES",
                "value": "FC1=CC=C(NC(=O)C2(CC2)C(=O)NC2=C(F)C=C(OC3=CC=NC(NC(=O)C4CC4)=C3)C(F)=C2)C=C1",
                "source": "ChemAxon"
            },
            {
                "kind": "Molecular Formula",
                "value": "C26H21F3N4O4",
                "source": "ChemAxon"
            },
            {
                "kind": "InChI",
                "value": "InChI=1S/C26H21F3N4O4/c27-15-3-5-16(6-4-15)31-24(35)26(8-9-26)25(36)32-20-12-19(29)21(13-18(20)28)37-17-7-10-30-22(11-17)33-23(34)14-1-2-14/h3-7,10-14H,1-2,8-9H2,(H,31,35)(H,32,36)(H,30,33,34)",
                "source": "ChemAxon"
            },
            {
                "kind": "InChIKey",
                "value": "GNNDEPIMDAZHRQ-UHFFFAOYSA-N",
                "source": "ChemAxon"
            },
            {
                "kind": "Polar Surface Area (PSA)",
                "value": "109.42",
                "source": "ChemAxon"
            },
            {
                "kind": "Refractivity",
                "value": "130.12",
                "source": "ChemAxon"
            },
            {
                "kind": "Polarizability",
                "value": "47.46",
                "source": "ChemAxon"
            },
            {
                "kind": "Rotatable Bond Count",
                "value": "8",
                "source": "ChemAxon"
            },
            {
                "kind": "H Bond Acceptor Count",
                "value": "4",
                "source": "ChemAxon"
            },
            {
                "kind": "H Bond Donor Count",
                "value": "3",
                "source": "ChemAxon"
            },
            {
                "kind": "pKa (strongest acidic)",
                "value": "11.33",
                "source": "ChemAxon"
            },
            {
                "kind": "pKa (strongest basic)",
                "value": "4.83",
                "source": "ChemAxon"
            },
            {
                "kind": "Physiological Charge",
                "value": "0",
                "source": "ChemAxon"
            },
            {
                "kind": "Number of Rings",
                "value": "5",
                "source": "ChemAxon"
            },
            {
                "kind": "Bioavailability",
                "value": "1",
                "source": "ChemAxon"
            },
            {
                "kind": "Rule of Five",
                "value": "0",
                "source": "ChemAxon"
            },
            {
                "kind": "Ghose Filter",
                "value": "0",
                "source": "ChemAxon"
            },
            {
                "kind": "MDDR-Like Rule",
                "value": "1",
                "source": "ChemAxon"
            }
        ]
    },
    "experimental-properties": null,
    "external-identifiers": {
        "external-identifier": [
            {
                "resource": "ChemSpider",
                "identifier": "33427355"
            },
            {
                "resource": "BindingDB",
                "identifier": "50193395"
            },
            {
                "resource": "PDB",
                "identifier": "A9I"
            },
            {
                "resource": "ChEMBL",
                "identifier": "CHEMBL3545365"
            },
            {
                "resource": "ZINC",
                "identifier": "ZINC000113198271"
            }
        ]
    },
    "external-links": null,
    "pathways": null,
    "reactions": null,
    "snp-effects": null,
    "snp-adverse-drug-reactions": null,
    "targets": null,
    "enzymes": null,
    "carriers": null,
    "transporters": null
}