{
    "type": "small molecule",
    "created": "2022-12-02",
    "updated": "2022-12-03",
    "drugbank-id": [
        {
            "primary": true,
            "value": "DB17304"
        }
    ],
    "name": "Doranidazole",
    "description": null,
    "cas-number": "149838-23-3",
    "unii": "911XR034RX",
    "average-mass": 247.207,
    "monoisotopic-mass": 247.080435151,
    "groups": {
        "group": [
            "investigational"
        ]
    },
    "general-references": {
        "articles": null,
        "textbooks": null,
        "links": null,
        "attachments": null
    },
    "synthesis-reference": null,
    "indication": null,
    "pharmacodynamics": null,
    "mechanism-of-action": null,
    "toxicity": null,
    "metabolism": null,
    "absorption": null,
    "half-life": null,
    "protein-binding": null,
    "route-of-elimination": null,
    "volume-of-distribution": null,
    "clearance": null,
    "salts": null,
    "synonyms": {
        "synonym": [
            {
                "language": "english",
                "coder": "",
                "value": "(2rs,3sr)-3-((2-nitroimidazol-1-yl)methoxy)butane-1,2,4-triol"
            },
            {
                "language": "english",
                "coder": "",
                "value": "1,2,4-butanetriol, 3-((2-nitro-1h-imidazol-1-yl)methoxy)-, (2r,3s)-rel-"
            }
        ]
    },
    "products": null,
    "international-brands": null,
    "mixtures": null,
    "packagers": null,
    "manufacturers": null,
    "prices": null,
    "categories": {
        "category": [
            {
                "category": "Carbohydrates",
                "mesh-id": "D002241"
            },
            {
                "category": "Glycosides",
                "mesh-id": "D006027"
            },
            {
                "category": "Imidazoles",
                "mesh-id": "D007093"
            },
            {
                "category": "Nitro Compounds",
                "mesh-id": "D009574"
            },
            {
                "category": "Nucleic Acids, Nucleotides, and Nucleosides",
                "mesh-id": "D009706"
            }
        ]
    },
    "affected-organisms": null,
    "dosages": null,
    "atc-codes": null,
    "ahfs-codes": null,
    "pdb-entries": null,
    "patents": null,
    "food-interactions": null,
    "drug-interactions": null,
    "calculated-properties": {
        "property": [
            {
                "kind": "logP",
                "value": "-1.5",
                "source": "ALOGPS"
            },
            {
                "kind": "logS",
                "value": "-1.2",
                "source": "ALOGPS"
            },
            {
                "kind": "Water Solubility",
                "value": "1.55e+01 g/l",
                "source": "ALOGPS"
            },
            {
                "kind": "logP",
                "value": "-1.2",
                "source": "ChemAxon"
            },
            {
                "kind": "IUPAC Name",
                "value": "(2R,3S)-3-[(2-nitro-1H-imidazol-1-yl)methoxy]butane-1,2,4-triol",
                "source": "ChemAxon"
            },
            {
                "kind": "Traditional IUPAC Name",
                "value": "(2R,3S)-3-[(2-nitroimidazol-1-yl)methoxy]butane-1,2,4-triol",
                "source": "ChemAxon"
            },
            {
                "kind": "Molecular Weight",
                "value": "247.207",
                "source": "ChemAxon"
            },
            {
                "kind": "Monoisotopic Weight",
                "value": "247.080435151",
                "source": "ChemAxon"
            },
            {
                "kind": "SMILES",
                "value": "OC[C@@H](O)[C@H](CO)OCN1C=CN=C1[N+]([O-])=O",
                "source": "ChemAxon"
            },
            {
                "kind": "Molecular Formula",
                "value": "C8H13N3O6",
                "source": "ChemAxon"
            },
            {
                "kind": "InChI",
                "value": "InChI=1S/C8H13N3O6/c12-3-6(14)7(4-13)17-5-10-2-1-9-8(10)11(15)16/h1-2,6-7,12-14H,3-5H2/t6-,7+/m1/s1",
                "source": "ChemAxon"
            },
            {
                "kind": "InChIKey",
                "value": "FIITXXIVUIXYMI-RQJHMYQMSA-N",
                "source": "ChemAxon"
            },
            {
                "kind": "Polar Surface Area (PSA)",
                "value": "130.88",
                "source": "ChemAxon"
            },
            {
                "kind": "Refractivity",
                "value": "53.77",
                "source": "ChemAxon"
            },
            {
                "kind": "Polarizability",
                "value": "22.49",
                "source": "ChemAxon"
            },
            {
                "kind": "Rotatable Bond Count",
                "value": "7",
                "source": "ChemAxon"
            },
            {
                "kind": "H Bond Acceptor Count",
                "value": "7",
                "source": "ChemAxon"
            },
            {
                "kind": "H Bond Donor Count",
                "value": "3",
                "source": "ChemAxon"
            },
            {
                "kind": "pKa (strongest acidic)",
                "value": "13.31",
                "source": "ChemAxon"
            },
            {
                "kind": "pKa (strongest basic)",
                "value": "0.038",
                "source": "ChemAxon"
            },
            {
                "kind": "Physiological Charge",
                "value": "0",
                "source": "ChemAxon"
            },
            {
                "kind": "Number of Rings",
                "value": "1",
                "source": "ChemAxon"
            },
            {
                "kind": "Bioavailability",
                "value": "1",
                "source": "ChemAxon"
            },
            {
                "kind": "Rule of Five",
                "value": "1",
                "source": "ChemAxon"
            },
            {
                "kind": "Ghose Filter",
                "value": "0",
                "source": "ChemAxon"
            },
            {
                "kind": "MDDR-Like Rule",
                "value": "0",
                "source": "ChemAxon"
            }
        ]
    },
    "experimental-properties": null,
    "external-identifiers": {
        "external-identifier": [
            {
                "resource": "ChemSpider",
                "identifier": "144199"
            },
            {
                "resource": "ChEMBL",
                "identifier": "CHEMBL2107741"
            }
        ]
    },
    "external-links": null,
    "pathways": null,
    "reactions": null,
    "snp-effects": null,
    "snp-adverse-drug-reactions": null,
    "targets": null,
    "enzymes": null,
    "carriers": null,
    "transporters": null
}