{
    "type": "biotech",
    "created": "2022-12-05",
    "updated": "2022-12-06",
    "drugbank-id": [
        {
            "primary": true,
            "value": "DB17310"
        }
    ],
    "name": "Heme arginate",
    "description": null,
    "cas-number": "100438-92-4",
    "unii": "R1B526117P",
    "groups": {
        "group": [
            "investigational"
        ]
    },
    "general-references": {
        "articles": null,
        "textbooks": null,
        "links": null,
        "attachments": null
    },
    "synthesis-reference": null,
    "indication": null,
    "pharmacodynamics": null,
    "mechanism-of-action": null,
    "toxicity": null,
    "metabolism": null,
    "absorption": null,
    "half-life": null,
    "protein-binding": null,
    "route-of-elimination": null,
    "volume-of-distribution": null,
    "clearance": null,
    "salts": null,
    "synonyms": {
        "synonym": [
            {
                "language": "english",
                "coder": "",
                "value": "Haem arginate"
            }
        ]
    },
    "products": null,
    "international-brands": null,
    "mixtures": null,
    "packagers": null,
    "manufacturers": null,
    "prices": null,
    "categories": {
        "category": [
            {
                "category": "Amino Acids",
                "mesh-id": "D000596"
            },
            {
                "category": "Amino Acids, Basic",
                "mesh-id": "D024361"
            },
            {
                "category": "Amino Acids, Diamino",
                "mesh-id": "D000599"
            },
            {
                "category": "Amino Acids, Essential",
                "mesh-id": "D000601"
            },
            {
                "category": "Amino Acids, Peptides, and Proteins",
                "mesh-id": "D000602"
            },
            {
                "category": "Biological Factors",
                "mesh-id": "D001685"
            },
            {
                "category": "Heterocyclic Compounds, Fused-Ring",
                "mesh-id": "D000072471"
            },
            {
                "category": "Metalloporphyrins",
                "mesh-id": "D008665"
            },
            {
                "category": "Pigments, Biological",
                "mesh-id": "D010860"
            },
            {
                "category": "Porphyrias",
                "mesh-id": "D011164"
            },
            {
                "category": "Porphyrins",
                "mesh-id": "D011166"
            }
        ]
    },
    "affected-organisms": null,
    "dosages": null,
    "atc-codes": null,
    "ahfs-codes": null,
    "pdb-entries": null,
    "patents": null,
    "food-interactions": null,
    "drug-interactions": null,
    "sequences": null,
    "experimental-properties": null,
    "external-identifiers": {
        "external-identifier": [
            {
                "resource": "ChemSpider",
                "identifier": "21249455"
            },
            {
                "resource": "Wikipedia",
                "identifier": "Heme_arginate"
            },
            {
                "resource": "RxCUI",
                "identifier": "26506"
            }
        ]
    },
    "external-links": null,
    "pathways": null,
    "reactions": null,
    "snp-effects": null,
    "snp-adverse-drug-reactions": null,
    "targets": null,
    "enzymes": null,
    "carriers": null,
    "transporters": null
}