{
    "type": "biotech",
    "created": "2022-11-28",
    "updated": "2022-12-01",
    "drugbank-id": [
        {
            "primary": true,
            "value": "DB17206"
        }
    ],
    "name": "ALM201",
    "description": "ALM201 is an anti-angiogenic synthetic peptide identified from the endogenous human protein, FKBPL.[A254556]",
    "cas-number": null,
    "unii": null,
    "groups": {
        "group": [
            "investigational"
        ]
    },
    "general-references": {
        "articles": {
            "article": [
                {
                    "ref-id": "A254556",
                    "pubmed-id": "35568736",
                    "citation": "El Helali A, Plummer R, Jayson GC, Coyle VM, Drew Y, Mescallado N, Harris N, Clamp AR, McCann J, Swaisland H, Kennedy RD, Cranston AN, Wilson RH: A first-in-human Phase I dose-escalation trial of the novel therapeutic peptide, ALM201, demonstrates a favourable safety profile in unselected patients with ovarian cancer and other advanced solid tumours. Br J Cancer. 2022 Jul;127(1):92-101. doi: 10.1038/s41416-022-01780-z. Epub 2022 May 14."
                }
            ]
        },
        "textbooks": null,
        "links": null,
        "attachments": null
    },
    "synthesis-reference": null,
    "indication": null,
    "pharmacodynamics": null,
    "mechanism-of-action": null,
    "toxicity": null,
    "metabolism": null,
    "absorption": null,
    "half-life": null,
    "protein-binding": null,
    "route-of-elimination": null,
    "volume-of-distribution": null,
    "clearance": null,
    "salts": null,
    "synonyms": null,
    "products": null,
    "international-brands": null,
    "mixtures": null,
    "packagers": null,
    "manufacturers": null,
    "prices": null,
    "categories": null,
    "affected-organisms": null,
    "dosages": null,
    "atc-codes": null,
    "ahfs-codes": null,
    "pdb-entries": null,
    "patents": null,
    "food-interactions": null,
    "drug-interactions": null,
    "sequences": null,
    "experimental-properties": null,
    "external-identifiers": null,
    "external-links": null,
    "pathways": null,
    "reactions": null,
    "snp-effects": null,
    "snp-adverse-drug-reactions": null,
    "targets": null,
    "enzymes": null,
    "carriers": null,
    "transporters": null
}