{
    "type": "small molecule",
    "created": "2022-11-22",
    "updated": "2023-01-03",
    "drugbank-id": [
        {
            "primary": true,
            "value": "DB17161"
        }
    ],
    "name": "99mTc-HYNIC (Tyr3)-octreotide",
    "description": null,
    "cas-number": "913556-61-3",
    "unii": "534I87AT7J",
    "average-mass": 1494.88,
    "monoisotopic-mass": 1493.4127358,
    "groups": {
        "group": [
            "investigational"
        ]
    },
    "general-references": {
        "articles": null,
        "textbooks": null,
        "links": null,
        "attachments": null
    },
    "synthesis-reference": null,
    "indication": null,
    "pharmacodynamics": null,
    "mechanism-of-action": null,
    "toxicity": null,
    "metabolism": null,
    "absorption": null,
    "half-life": null,
    "protein-binding": null,
    "route-of-elimination": null,
    "volume-of-distribution": null,
    "clearance": null,
    "salts": null,
    "synonyms": {
        "synonym": [
            {
                "language": "english",
                "coder": "",
                "value": "99mtc-ethylenediamine n,n'-diacetic acid/hydrazinonicotinamide-tyr3-octreotide"
            },
            {
                "language": "english",
                "coder": "",
                "value": "Hynic (tyr3)-octreotide technetium tc-99m"
            }
        ]
    },
    "products": null,
    "international-brands": null,
    "mixtures": null,
    "packagers": null,
    "manufacturers": null,
    "prices": null,
    "categories": null,
    "affected-organisms": null,
    "dosages": null,
    "atc-codes": null,
    "ahfs-codes": null,
    "pdb-entries": null,
    "patents": null,
    "food-interactions": null,
    "drug-interactions": null,
    "calculated-properties": {
        "property": [
            {
                "kind": "logP",
                "value": "0.93",
                "source": "ALOGPS"
            },
            {
                "kind": "logS",
                "value": "-4.9",
                "source": "ALOGPS"
            },
            {
                "kind": "Water Solubility",
                "value": "2.04e-02 g/l",
                "source": "ALOGPS"
            },
            {
                "kind": "logP",
                "value": "-2",
                "source": "ChemAxon"
            },
            {
                "kind": "IUPAC Name",
                "value": "(99Tc)technetium(5+) 2-({2-[(carboxylatomethyl)amino]ethyl}amino)acetate 4-{[(4R,7S,10S,13R,16S,19R)-10-(4-aminobutyl)-4-{[(2R,3R)-1,3-dihydroxybutan-2-yl]carbamoyl}-19-[(2R)-2-[(6-hydrazinylpyridin-3-yl)formamido]-3-phenylpropanamido]-7-[(1R)-1-hydroxyethyl]-13-[(1H-indol-3-yl)methyl]-6,9,12,15,18-pentaoxo-1,2-dithia-5,8,11,14,17-pentaazacycloicosan-16-yl]methyl}benzen-1-olate chloride hydroxide",
                "source": "ChemAxon"
            },
            {
                "kind": "Traditional IUPAC Name",
                "value": "(99Tc)technetium(5+) 2-({2-[(carboxylatomethyl)amino]ethyl}amino)acetate 4-{[(4R,7S,10S,13R,16S,19R)-10-(4-aminobutyl)-4-{[(2R,3R)-1,3-dihydroxybutan-2-yl]carbamoyl}-19-[(2R)-2-[(6-hydrazinylpyridin-3-yl)formamido]-3-phenylpropanamido]-7-[(1R)-1-hydroxyethyl]-13-(1H-indol-3-ylmethyl)-6,9,12,15,18-pentaoxo-1,2-dithia-5,8,11,14,17-pentaazacycloicosan-16-yl]methyl}benzenolate chloride hydroxide",
                "source": "ChemAxon"
            },
            {
                "kind": "Molecular Weight",
                "value": "1494.88",
                "source": "ChemAxon"
            },
            {
                "kind": "Monoisotopic Weight",
                "value": "1493.4127358",
                "source": "ChemAxon"
            },
            {
                "kind": "SMILES",
                "value": "[OH-].[Cl-].[99Tc+5].[O-]C(=O)CNCCNCC([O-])=O.C[C@@H](O)[C@@H](CO)NC(=O)[C@@H]1CSSC[C@H](NC(=O)[C@@H](CC2=CC=CC=C2)NC(=O)C2=CN=C(NN)C=C2)C(=O)N[C@@H](CC2=CC=C([O-])C=C2)C(=O)N[C@H](CC2=CNC3=C2C=CC=C3)C(=O)N[C@@H](CCCCN)C(=O)N[C@@H]([C@@H](C)O)C(=O)N1",
                "source": "ChemAxon"
            },
            {
                "kind": "Molecular Formula",
                "value": "C61H81ClN15O17S2Tc",
                "source": "ChemAxon"
            },
            {
                "kind": "InChI",
                "value": "InChI=1S/C55H71N13O12S2.C6H12N2O4.ClH.H2O.Tc/c1-30(70)43(27-69)64-54(79)45-29-82-81-28-44(65-51(76)40(22-32-10-4-3-5-11-32)61-48(73)34-17-20-46(68-57)59-25-34)53(78)62-41(23-33-15-18-36(72)19-16-33)50(75)63-42(24-35-26-58-38-13-7-6-12-37(35)38)52(77)60-39(14-8-9-21-56)49(74)67-47(31(2)71)55(80)66-45;9-5(10)3-7-1-2-8-4-6(11)12;;;/h3-7,10-13,15-20,25-26,30-31,39-45,47,58,69-72H,8-9,14,21-24,27-29,56-57H2,1-2H3,(H,59,68)(H,60,77)(H,61,73)(H,62,78)(H,63,75)(H,64,79)(H,65,76)(H,66,80)(H,67,74);7-8H,1-4H2,(H,9,10)(H,11,12);1H;1H2;/q;;;;+5/p-5/t30-,31-,39+,40-,41?,42-,43-,44+,45?,47?;;;;/m1..../s1/i;;;;1+2",
                "source": "ChemAxon"
            },
            {
                "kind": "InChIKey",
                "value": "LGXRRVXXRJRTHK-HWLOXKIFSA-I",
                "source": "ChemAxon"
            },
            {
                "kind": "Polar Surface Area (PSA)",
                "value": "409.3",
                "source": "ChemAxon"
            },
            {
                "kind": "Refractivity",
                "value": "320.28",
                "source": "ChemAxon"
            },
            {
                "kind": "Polarizability",
                "value": "119.6",
                "source": "ChemAxon"
            },
            {
                "kind": "Rotatable Bond Count",
                "value": "27",
                "source": "ChemAxon"
            },
            {
                "kind": "H Bond Acceptor Count",
                "value": "16",
                "source": "ChemAxon"
            },
            {
                "kind": "H Bond Donor Count",
                "value": "15",
                "source": "ChemAxon"
            },
            {
                "kind": "pKa (strongest acidic)",
                "value": "9.62",
                "source": "ChemAxon"
            },
            {
                "kind": "pKa (strongest basic)",
                "value": "10.3",
                "source": "ChemAxon"
            },
            {
                "kind": "Physiological Charge",
                "value": "2",
                "source": "ChemAxon"
            },
            {
                "kind": "Number of Rings",
                "value": "6",
                "source": "ChemAxon"
            },
            {
                "kind": "Bioavailability",
                "value": "0",
                "source": "ChemAxon"
            },
            {
                "kind": "Rule of Five",
                "value": "0",
                "source": "ChemAxon"
            },
            {
                "kind": "Ghose Filter",
                "value": "0",
                "source": "ChemAxon"
            },
            {
                "kind": "MDDR-Like Rule",
                "value": "1",
                "source": "ChemAxon"
            }
        ]
    },
    "experimental-properties": null,
    "external-identifiers": null,
    "external-links": null,
    "pathways": null,
    "reactions": null,
    "snp-effects": null,
    "snp-adverse-drug-reactions": null,
    "targets": null,
    "enzymes": null,
    "carriers": null,
    "transporters": null
}