{
    "type": "small molecule",
    "created": "2022-11-23",
    "updated": "2022-12-01",
    "drugbank-id": [
        {
            "primary": true,
            "value": "DB17171"
        }
    ],
    "name": "Ziftomenib",
    "description": null,
    "cas-number": "2134675-36-6",
    "unii": "4MOD1F4ENC",
    "average-mass": 717.88,
    "monoisotopic-mass": 717.285498465,
    "groups": {
        "group": [
            "investigational"
        ]
    },
    "general-references": {
        "articles": null,
        "textbooks": null,
        "links": null,
        "attachments": null
    },
    "synthesis-reference": null,
    "indication": null,
    "pharmacodynamics": null,
    "mechanism-of-action": null,
    "toxicity": null,
    "metabolism": null,
    "absorption": null,
    "half-life": null,
    "protein-binding": null,
    "route-of-elimination": null,
    "volume-of-distribution": null,
    "clearance": null,
    "salts": null,
    "synonyms": {
        "synonym": [
            {
                "language": "english",
                "coder": "",
                "value": "(s)-4-methyl-5-((4-((2-(methylamino)-6-(2,2,2-trifluoroethyl)thieno(2,3-d)pyrimidin-4-yl)amino)piperidin-1-yl)methyl)-1-(2-(4-(methylsulfonyl)piperazin-1-yl)propyl)-1h-indole-2-carbonitrile"
            },
            {
                "language": "english",
                "coder": "",
                "value": "1h-indole-2-carbonitrile, 4-methyl-5-((4-((2-(methylamino)-6-(2,2,2-trifluoroethyl)thieno(2,3-d)pyrimidin-4-yl)amino)-1-piperidinyl)methyl)-1-((2s)-2-(4-(methylsulfonyl)-1-piperazinyl)propyl)-"
            },
            {
                "language": "english",
                "coder": "",
                "value": "Menin-mll interaction inhibitor ko 539"
            }
        ]
    },
    "products": null,
    "international-brands": null,
    "mixtures": null,
    "packagers": null,
    "manufacturers": null,
    "prices": null,
    "categories": null,
    "affected-organisms": null,
    "dosages": null,
    "atc-codes": null,
    "ahfs-codes": null,
    "pdb-entries": null,
    "patents": null,
    "food-interactions": null,
    "drug-interactions": null,
    "calculated-properties": {
        "property": [
            {
                "kind": "logP",
                "value": "4.56",
                "source": "ALOGPS"
            },
            {
                "kind": "logS",
                "value": "-4.5",
                "source": "ALOGPS"
            },
            {
                "kind": "Water Solubility",
                "value": "2.32e-02 g/l",
                "source": "ALOGPS"
            },
            {
                "kind": "logP",
                "value": "4.16",
                "source": "ChemAxon"
            },
            {
                "kind": "IUPAC Name",
                "value": "1-[(2S)-2-(4-methanesulfonylpiperazin-1-yl)propyl]-4-methyl-5-[(4-{[2-(methylamino)-6-(2,2,2-trifluoroethyl)thieno[2,3-d]pyrimidin-4-yl]amino}piperidin-1-yl)methyl]-1H-indole-2-carbonitrile",
                "source": "ChemAxon"
            },
            {
                "kind": "Traditional IUPAC Name",
                "value": "1-[(2S)-2-(4-methanesulfonylpiperazin-1-yl)propyl]-4-methyl-5-[(4-{[2-(methylamino)-6-(2,2,2-trifluoroethyl)thieno[2,3-d]pyrimidin-4-yl]amino}piperidin-1-yl)methyl]indole-2-carbonitrile",
                "source": "ChemAxon"
            },
            {
                "kind": "Molecular Weight",
                "value": "717.88",
                "source": "ChemAxon"
            },
            {
                "kind": "Monoisotopic Weight",
                "value": "717.285498465",
                "source": "ChemAxon"
            },
            {
                "kind": "SMILES",
                "value": "CNC1=NC(NC2CCN(CC3=CC=C4N(C[C@H](C)N5CCN(CC5)S(C)(=O)=O)C(=CC4=C3C)C#N)CC2)=C2C=C(CC(F)(F)F)SC2=N1",
                "source": "ChemAxon"
            },
            {
                "kind": "Molecular Formula",
                "value": "C33H42F3N9O2S2",
                "source": "ChemAxon"
            },
            {
                "kind": "InChI",
                "value": "InChI=1S/C33H42F3N9O2S2/c1-21(43-11-13-44(14-12-43)49(4,46)47)19-45-25(18-37)15-27-22(2)23(5-6-29(27)45)20-42-9-7-24(8-10-42)39-30-28-16-26(17-33(34,35)36)48-31(28)41-32(38-3)40-30/h5-6,15-16,21,24H,7-14,17,19-20H2,1-4H3,(H2,38,39,40,41)/t21-/m0/s1",
                "source": "ChemAxon"
            },
            {
                "kind": "InChIKey",
                "value": "BGGALFIXXQOTPY-NRFANRHFSA-N",
                "source": "ChemAxon"
            },
            {
                "kind": "Polar Surface Area (PSA)",
                "value": "122.42",
                "source": "ChemAxon"
            },
            {
                "kind": "Refractivity",
                "value": "189.92",
                "source": "ChemAxon"
            },
            {
                "kind": "Polarizability",
                "value": "75.13",
                "source": "ChemAxon"
            },
            {
                "kind": "Rotatable Bond Count",
                "value": "10",
                "source": "ChemAxon"
            },
            {
                "kind": "H Bond Acceptor Count",
                "value": "9",
                "source": "ChemAxon"
            },
            {
                "kind": "H Bond Donor Count",
                "value": "2",
                "source": "ChemAxon"
            },
            {
                "kind": "pKa (strongest acidic)",
                "value": "16.46",
                "source": "ChemAxon"
            },
            {
                "kind": "pKa (strongest basic)",
                "value": "8.76",
                "source": "ChemAxon"
            },
            {
                "kind": "Physiological Charge",
                "value": "1",
                "source": "ChemAxon"
            },
            {
                "kind": "Number of Rings",
                "value": "6",
                "source": "ChemAxon"
            },
            {
                "kind": "Bioavailability",
                "value": "1",
                "source": "ChemAxon"
            },
            {
                "kind": "Rule of Five",
                "value": "0",
                "source": "ChemAxon"
            },
            {
                "kind": "Ghose Filter",
                "value": "0",
                "source": "ChemAxon"
            },
            {
                "kind": "MDDR-Like Rule",
                "value": "1",
                "source": "ChemAxon"
            }
        ]
    },
    "experimental-properties": null,
    "external-identifiers": {
        "external-identifier": [
            {
                "resource": "ChemSpider",
                "identifier": "115009296"
            }
        ]
    },
    "external-links": null,
    "pathways": null,
    "reactions": null,
    "snp-effects": null,
    "snp-adverse-drug-reactions": null,
    "targets": null,
    "enzymes": null,
    "carriers": null,
    "transporters": null
}