{
    "type": "small molecule",
    "created": "2022-11-30",
    "updated": "2022-12-13",
    "drugbank-id": [
        {
            "primary": true,
            "value": "DB17247"
        }
    ],
    "name": "Bisantrene",
    "description": null,
    "cas-number": "78186-34-2",
    "unii": "39C34M111K",
    "average-mass": 398.474,
    "monoisotopic-mass": 398.19674274,
    "groups": {
        "group": [
            "investigational"
        ]
    },
    "general-references": {
        "articles": null,
        "textbooks": null,
        "links": null,
        "attachments": null
    },
    "synthesis-reference": null,
    "indication": null,
    "pharmacodynamics": null,
    "mechanism-of-action": null,
    "toxicity": null,
    "metabolism": null,
    "absorption": null,
    "half-life": null,
    "protein-binding": null,
    "route-of-elimination": null,
    "volume-of-distribution": null,
    "clearance": null,
    "salts": {
        "salt": [
            {
                "drugbank-id": [
                    {
                        "primary": true,
                        "value": "DBSALT003310"
                    }
                ],
                "name": "Bisantrene hydrochloride",
                "unii": "74GNV897RO",
                "cas-number": "71439-68-4",
                "inchikey": null
            }
        ]
    },
    "synonyms": {
        "synonym": [
            {
                "language": "english",
                "coder": "",
                "value": "9,10-anthracenedicarboxaldehyde bis(2-imidazolin-2-ylhydrazone)"
            },
            {
                "language": "english",
                "coder": "",
                "value": "9,10-anthracenedicarboxaldehyde, bis((4,5-dihydro-1h-imidazol-2-yl)hydrazone)"
            }
        ]
    },
    "products": null,
    "international-brands": null,
    "mixtures": null,
    "packagers": null,
    "manufacturers": null,
    "prices": null,
    "categories": {
        "category": [
            {
                "category": "Antibiotics, Antineoplastic",
                "mesh-id": "D000903"
            },
            {
                "category": "Antineoplastic Agents",
                "mesh-id": "D000970"
            }
        ]
    },
    "affected-organisms": null,
    "dosages": null,
    "atc-codes": null,
    "ahfs-codes": null,
    "pdb-entries": null,
    "patents": null,
    "food-interactions": null,
    "drug-interactions": null,
    "calculated-properties": {
        "property": [
            {
                "kind": "logP",
                "value": "1.24",
                "source": "ALOGPS"
            },
            {
                "kind": "logS",
                "value": "-4.2",
                "source": "ALOGPS"
            },
            {
                "kind": "Water Solubility",
                "value": "2.65e-02 g/l",
                "source": "ALOGPS"
            },
            {
                "kind": "logP",
                "value": "2.6",
                "source": "ChemAxon"
            },
            {
                "kind": "IUPAC Name",
                "value": "2-[(2E)-2-({10-[(E)-[2-(4,5-dihydro-1H-imidazol-2-yl)hydrazin-1-ylidene]methyl]anthracen-9-yl}methylidene)hydrazin-1-yl]-4,5-dihydro-1H-imidazole",
                "source": "ChemAxon"
            },
            {
                "kind": "Traditional IUPAC Name",
                "value": "2-[(2E)-2-({10-[(E)-[2-(4,5-dihydro-1H-imidazol-2-yl)hydrazin-1-ylidene]methyl]anthracen-9-yl}methylidene)hydrazin-1-yl]-4,5-dihydro-1H-imidazole",
                "source": "ChemAxon"
            },
            {
                "kind": "Molecular Weight",
                "value": "398.474",
                "source": "ChemAxon"
            },
            {
                "kind": "Monoisotopic Weight",
                "value": "398.19674274",
                "source": "ChemAxon"
            },
            {
                "kind": "SMILES",
                "value": "C1CN=C(N\\N=C\\C2=C3C=CC=CC3=C(\\C=N\\NC3=NCCN3)C3=C2C=CC=C3)N1",
                "source": "ChemAxon"
            },
            {
                "kind": "Molecular Formula",
                "value": "C22H22N8",
                "source": "ChemAxon"
            },
            {
                "kind": "InChI",
                "value": "InChI=1S/C22H22N8/c1-2-6-16-15(5-1)19(13-27-29-21-23-9-10-24-21)17-7-3-4-8-18(17)20(16)14-28-30-22-25-11-12-26-22/h1-8,13-14H,9-12H2,(H2,23,24,29)(H2,25,26,30)/b27-13+,28-14+",
                "source": "ChemAxon"
            },
            {
                "kind": "InChIKey",
                "value": "NJSMWLQOCQIOPE-OCHFTUDZSA-N",
                "source": "ChemAxon"
            },
            {
                "kind": "Polar Surface Area (PSA)",
                "value": "97.56",
                "source": "ChemAxon"
            },
            {
                "kind": "Refractivity",
                "value": "140.32",
                "source": "ChemAxon"
            },
            {
                "kind": "Polarizability",
                "value": "44.44",
                "source": "ChemAxon"
            },
            {
                "kind": "Rotatable Bond Count",
                "value": "4",
                "source": "ChemAxon"
            },
            {
                "kind": "H Bond Acceptor Count",
                "value": "8",
                "source": "ChemAxon"
            },
            {
                "kind": "H Bond Donor Count",
                "value": "4",
                "source": "ChemAxon"
            },
            {
                "kind": "pKa (strongest acidic)",
                "value": "16.83",
                "source": "ChemAxon"
            },
            {
                "kind": "pKa (strongest basic)",
                "value": "6.21",
                "source": "ChemAxon"
            },
            {
                "kind": "Physiological Charge",
                "value": "0",
                "source": "ChemAxon"
            },
            {
                "kind": "Number of Rings",
                "value": "5",
                "source": "ChemAxon"
            },
            {
                "kind": "Bioavailability",
                "value": "1",
                "source": "ChemAxon"
            },
            {
                "kind": "Rule of Five",
                "value": "1",
                "source": "ChemAxon"
            },
            {
                "kind": "Ghose Filter",
                "value": "0",
                "source": "ChemAxon"
            },
            {
                "kind": "MDDR-Like Rule",
                "value": "0",
                "source": "ChemAxon"
            }
        ]
    },
    "experimental-properties": null,
    "external-identifiers": {
        "external-identifier": [
            {
                "resource": "ChemSpider",
                "identifier": "4508346"
            },
            {
                "resource": "Wikipedia",
                "identifier": "Bisantrene"
            },
            {
                "resource": "ChEMBL",
                "identifier": "CHEMBL25336"
            },
            {
                "resource": "ZINC",
                "identifier": "ZINC000001577736"
            }
        ]
    },
    "external-links": null,
    "pathways": null,
    "reactions": null,
    "snp-effects": null,
    "snp-adverse-drug-reactions": null,
    "targets": null,
    "enzymes": null,
    "carriers": null,
    "transporters": null
}