{
    "type": "small molecule",
    "created": "2022-11-28",
    "updated": "2022-12-01",
    "drugbank-id": [
        {
            "primary": true,
            "value": "DB17219"
        }
    ],
    "name": "Redaporfin",
    "description": null,
    "cas-number": "1224104-08-8",
    "unii": "ZP3QP1H44W",
    "average-mass": 1135.11,
    "monoisotopic-mass": 1134.156770216,
    "groups": {
        "group": [
            "investigational"
        ]
    },
    "general-references": {
        "articles": null,
        "textbooks": null,
        "links": null,
        "attachments": null
    },
    "synthesis-reference": null,
    "indication": null,
    "pharmacodynamics": null,
    "mechanism-of-action": null,
    "toxicity": null,
    "metabolism": null,
    "absorption": null,
    "half-life": null,
    "protein-binding": null,
    "route-of-elimination": null,
    "volume-of-distribution": null,
    "clearance": null,
    "salts": null,
    "synonyms": {
        "synonym": [
            {
                "language": "english",
                "coder": "",
                "value": "3,3',3'',3'''-(7,8,17,18-tetrahydroporphyrin-5,10,15,20-tetrayl)tetrakis(2,4-difluoro-n-methylbenzenesulfonamide)"
            },
            {
                "language": "english",
                "coder": "",
                "value": "Benzenesulfonamide, 3,3',3'',3'''-(7,8,17,18-tetrahydro-21h,23h-porphine-5,10,15,20-tetrayl)tetrakis(2,4-difluoro-n-methyl-"
            },
            {
                "language": "english",
                "coder": "inn",
                "value": "Redaporfin"
            }
        ]
    },
    "products": null,
    "international-brands": null,
    "mixtures": null,
    "packagers": null,
    "manufacturers": null,
    "prices": null,
    "categories": {
        "category": [
            {
                "category": "Amides",
                "mesh-id": "D000577"
            },
            {
                "category": "Biological Factors",
                "mesh-id": "D001685"
            },
            {
                "category": "Heterocyclic Compounds, Fused-Ring",
                "mesh-id": "D000072471"
            },
            {
                "category": "Pigments, Biological",
                "mesh-id": "D010860"
            },
            {
                "category": "Sulfones",
                "mesh-id": "D013450"
            },
            {
                "category": "Sulfur Compounds",
                "mesh-id": "D013457"
            }
        ]
    },
    "affected-organisms": null,
    "dosages": null,
    "atc-codes": null,
    "ahfs-codes": null,
    "pdb-entries": null,
    "patents": null,
    "food-interactions": null,
    "drug-interactions": null,
    "calculated-properties": {
        "property": [
            {
                "kind": "logP",
                "value": "4.4",
                "source": "ALOGPS"
            },
            {
                "kind": "logS",
                "value": "-5.8",
                "source": "ALOGPS"
            },
            {
                "kind": "Water Solubility",
                "value": "1.78e-03 g/l",
                "source": "ALOGPS"
            },
            {
                "kind": "logP",
                "value": "6.1",
                "source": "ChemAxon"
            },
            {
                "kind": "IUPAC Name",
                "value": "2,4-difluoro-N-methyl-3-{7,12,17-tris[2,6-difluoro-3-(methylsulfamoyl)phenyl]-21,22,23,24-tetraazapentacyclo[16.2.1.1^{3,6}.1^{8,11}.1^{13,16}]tetracosa-1,3,5,7,11(23),12,14,16,18(21)-nonaen-2-yl}benzene-1-sulfonamide",
                "source": "ChemAxon"
            },
            {
                "kind": "Traditional IUPAC Name",
                "value": "2,4-difluoro-N-methyl-3-{7,12,17-tris[2,6-difluoro-3-(methylsulfamoyl)phenyl]-21,22,23,24-tetraazapentacyclo[16.2.1.1^{3,6}.1^{8,11}.1^{13,16}]tetracosa-1,3,5,7,11(23),12,14,16,18(21)-nonaen-2-yl}benzenesulfonamide",
                "source": "ChemAxon"
            },
            {
                "kind": "Molecular Weight",
                "value": "1135.11",
                "source": "ChemAxon"
            },
            {
                "kind": "Monoisotopic Weight",
                "value": "1134.156770216",
                "source": "ChemAxon"
            },
            {
                "kind": "SMILES",
                "value": "CNS(=O)(=O)C1=CC=C(F)C(=C1F)C1=C2\\CCC(=N2)\\C(=C2/N\\C(\\C=C2)=C(/C2=N/C(/CC2)=C(\\C2=CC=C\\1N2)C1=C(F)C(=CC=C1F)S(=O)(=O)NC)C1=C(F)C(=CC=C1F)S(=O)(=O)NC)\\C1=C(F)C(=CC=C1F)S(=O)(=O)NC",
                "source": "ChemAxon"
            },
            {
                "kind": "Molecular Formula",
                "value": "C48H38F8N8O8S4",
                "source": "ChemAxon"
            },
            {
                "kind": "InChI",
                "value": "InChI=1S/C48H38F8N8O8S4/c1-57-73(65,66)33-17-5-21(49)37(45(33)53)41-25-9-11-27(61-25)42(38-22(50)6-18-34(46(38)54)74(67,68)58-2)29-13-15-31(63-29)44(40-24(52)8-20-36(48(40)56)76(71,72)60-4)32-16-14-30(64-32)43(28-12-10-26(41)62-28)39-23(51)7-19-35(47(39)55)75(69,70)59-3/h5-9,11,14,16-20,57-61,64H,10,12-13,15H2,1-4H3/b41-25+,41-26+,42-27+,42-29+,43-28+,43-30+,44-31+,44-32+",
                "source": "ChemAxon"
            },
            {
                "kind": "InChIKey",
                "value": "CKRVBMUJCFKRND-ZXWMLXKTSA-N",
                "source": "ChemAxon"
            },
            {
                "kind": "Polar Surface Area (PSA)",
                "value": "242.04",
                "source": "ChemAxon"
            },
            {
                "kind": "Refractivity",
                "value": "263.78",
                "source": "ChemAxon"
            },
            {
                "kind": "Polarizability",
                "value": "107.24",
                "source": "ChemAxon"
            },
            {
                "kind": "Rotatable Bond Count",
                "value": "4",
                "source": "ChemAxon"
            },
            {
                "kind": "H Bond Acceptor Count",
                "value": "10",
                "source": "ChemAxon"
            },
            {
                "kind": "H Bond Donor Count",
                "value": "6",
                "source": "ChemAxon"
            },
            {
                "kind": "pKa (strongest acidic)",
                "value": "7.64",
                "source": "ChemAxon"
            },
            {
                "kind": "pKa (strongest basic)",
                "value": "2.56",
                "source": "ChemAxon"
            },
            {
                "kind": "Physiological Charge",
                "value": "-1",
                "source": "ChemAxon"
            },
            {
                "kind": "Number of Rings",
                "value": "9",
                "source": "ChemAxon"
            },
            {
                "kind": "Bioavailability",
                "value": "0",
                "source": "ChemAxon"
            },
            {
                "kind": "Rule of Five",
                "value": "0",
                "source": "ChemAxon"
            },
            {
                "kind": "Ghose Filter",
                "value": "0",
                "source": "ChemAxon"
            },
            {
                "kind": "MDDR-Like Rule",
                "value": "0",
                "source": "ChemAxon"
            }
        ]
    },
    "experimental-properties": null,
    "external-identifiers": {
        "external-identifier": [
            {
                "resource": "ChemSpider",
                "identifier": "52085077"
            }
        ]
    },
    "external-links": null,
    "pathways": null,
    "reactions": null,
    "snp-effects": null,
    "snp-adverse-drug-reactions": null,
    "targets": null,
    "enzymes": null,
    "carriers": null,
    "transporters": null
}