{
    "type": "small molecule",
    "created": "2022-12-01",
    "updated": "2023-01-03",
    "drugbank-id": [
        {
            "primary": true,
            "value": "DB17278"
        }
    ],
    "name": "Lutetium Lu177 Edotreotide",
    "description": null,
    "cas-number": "321835-55-6",
    "unii": "RGO812Q0C8",
    "average-mass": 1595.57,
    "monoisotopic-mass": 1594.535824417,
    "groups": {
        "group": [
            "investigational"
        ]
    },
    "general-references": {
        "articles": null,
        "textbooks": null,
        "links": null,
        "attachments": null
    },
    "synthesis-reference": null,
    "indication": null,
    "pharmacodynamics": null,
    "mechanism-of-action": null,
    "toxicity": null,
    "metabolism": null,
    "absorption": null,
    "half-life": null,
    "protein-binding": null,
    "route-of-elimination": null,
    "volume-of-distribution": null,
    "clearance": null,
    "salts": null,
    "synonyms": {
        "synonym": [
            {
                "language": "english",
                "coder": "",
                "value": "(177ludota)-toc"
            },
            {
                "language": "english",
                "coder": "",
                "value": "Dotatoc Lu-177"
            },
            {
                "language": "english",
                "coder": "",
                "value": "Edotreotide lutetium Lu-177"
            },
            {
                "language": "english",
                "coder": "",
                "value": "Lutetium (177lu) edotreotide"
            },
            {
                "language": "english",
                "coder": "",
                "value": "Lutetium (177Lu)-edotreotide"
            },
            {
                "language": "english",
                "coder": "",
                "value": "Lutetium lu 177-edotreotide"
            },
            {
                "language": "english",
                "coder": "",
                "value": "Lutetium Lu-177 dota-tyr3-octreotide"
            },
            {
                "language": "english",
                "coder": "",
                "value": "Lutetium Lu-177-edotreotide"
            }
        ]
    },
    "products": null,
    "international-brands": null,
    "mixtures": null,
    "packagers": null,
    "manufacturers": null,
    "prices": null,
    "categories": {
        "category": [
            {
                "category": "Amino Acids, Peptides, and Proteins",
                "mesh-id": "D000602"
            },
            {
                "category": "Compounds used in a research, industrial, or household setting",
                "mesh-id": "D020313"
            },
            {
                "category": "Diagnostic Uses of Chemicals",
                "mesh-id": "D064907"
            },
            {
                "category": "Indicators and Reagents",
                "mesh-id": "D007202"
            },
            {
                "category": "Laboratory Chemicals",
                "mesh-id": "D019995"
            },
            {
                "category": "Peptides",
                "mesh-id": "D010455"
            },
            {
                "category": "Peptides, Cyclic",
                "mesh-id": "D010456"
            },
            {
                "category": "Radiopharmaceuticals",
                "mesh-id": "D019275"
            }
        ]
    },
    "affected-organisms": null,
    "dosages": null,
    "atc-codes": null,
    "ahfs-codes": null,
    "pdb-entries": null,
    "patents": null,
    "food-interactions": null,
    "drug-interactions": null,
    "calculated-properties": {
        "property": [
            {
                "kind": "logP",
                "value": "1.67",
                "source": "ALOGPS"
            },
            {
                "kind": "logS",
                "value": "-4",
                "source": "ALOGPS"
            },
            {
                "kind": "Water Solubility",
                "value": "1.87e-01 g/l",
                "source": "ALOGPS"
            },
            {
                "kind": "logP",
                "value": "-9.6",
                "source": "ChemAxon"
            },
            {
                "kind": "IUPAC Name",
                "value": "(177Lu)lutetium(3+) 2-[4-({[(1R)-1-{[(4R,7S,10S,13R,16S,19R)-10-(4-aminobutyl)-4-{[(2R,3R)-1,3-dihydroxybutan-2-yl]carbamoyl}-7-[(1R)-1-hydroxyethyl]-16-[(4-hydroxyphenyl)methyl]-13-[(1H-indol-3-yl)methyl]-6,9,12,15,18-pentaoxo-1,2-dithia-5,8,11,14,17-pentaazacycloicosan-19-yl]carbamoyl}-2-phenylethyl]carbamoyl}methyl)-7,10-bis(carboxylatomethyl)-1,4,7,10-tetraazacyclododecan-1-yl]acetate",
                "source": "ChemAxon"
            },
            {
                "kind": "Traditional IUPAC Name",
                "value": "(177Lu)lutetium(3+) 2-[4-({[(1R)-1-{[(4R,7S,10S,13R,16S,19R)-10-(4-aminobutyl)-4-{[(2R,3R)-1,3-dihydroxybutan-2-yl]carbamoyl}-7-[(1R)-1-hydroxyethyl]-16-[(4-hydroxyphenyl)methyl]-13-(1H-indol-3-ylmethyl)-6,9,12,15,18-pentaoxo-1,2-dithia-5,8,11,14,17-pentaazacycloicosan-19-yl]carbamoyl}-2-phenylethyl]carbamoyl}methyl)-7,10-bis(carboxylatomethyl)-1,4,7,10-tetraazacyclododecan-1-yl]acetate",
                "source": "ChemAxon"
            },
            {
                "kind": "Molecular Weight",
                "value": "1595.57",
                "source": "ChemAxon"
            },
            {
                "kind": "Monoisotopic Weight",
                "value": "1594.535824417",
                "source": "ChemAxon"
            },
            {
                "kind": "SMILES",
                "value": "[177Lu+3].C[C@@H](O)[C@@H](CO)NC(=O)[C@@H]1CSSC[C@H](NC(=O)[C@@H](CC2=CC=CC=C2)NC(=O)CN2CCN(CC([O-])=O)CCN(CC([O-])=O)CCN(CC([O-])=O)CC2)C(=O)N[C@@H](CC2=CC=C(O)C=C2)C(=O)N[C@H](CC2=CNC3=C2C=CC=C3)C(=O)N[C@@H](CCCCN)C(=O)N[C@@H]([C@@H](C)O)C(=O)N1",
                "source": "ChemAxon"
            },
            {
                "kind": "Molecular Formula",
                "value": "C65H89LuN14O18S2",
                "source": "ChemAxon"
            },
            {
                "kind": "InChI",
                "value": "InChI=1S/C65H92N14O18S2.Lu/c1-39(81)51(36-80)72-64(96)53-38-99-98-37-52(73-60(92)48(28-41-10-4-3-5-11-41)68-54(84)32-76-20-22-77(33-55(85)86)24-26-79(35-57(89)90)27-25-78(23-21-76)34-56(87)88)63(95)70-49(29-42-15-17-44(83)18-16-42)61(93)71-50(30-43-31-67-46-13-7-6-12-45(43)46)62(94)69-47(14-8-9-19-66)59(91)75-58(40(2)82)65(97)74-53;/h3-7,10-13,15-18,31,39-40,47-53,58,67,80-83H,8-9,14,19-30,32-38,66H2,1-2H3,(H,68,84)(H,69,94)(H,70,95)(H,71,93)(H,72,96)(H,73,92)(H,74,97)(H,75,91)(H,85,86)(H,87,88)(H,89,90);/q;+3/p-3/t39-,40-,47+,48-,49?,50-,51-,52+,53?,58?;/m1./s1/i;1+2",
                "source": "ChemAxon"
            },
            {
                "kind": "InChIKey",
                "value": "XOPYQJXRGHFPOH-KIUJNHSLSA-K",
                "source": "ChemAxon"
            },
            {
                "kind": "Polar Surface Area (PSA)",
                "value": "488.88",
                "source": "ChemAxon"
            },
            {
                "kind": "Refractivity",
                "value": "397.48",
                "source": "ChemAxon"
            },
            {
                "kind": "Polarizability",
                "value": "144.65",
                "source": "ChemAxon"
            },
            {
                "kind": "Rotatable Bond Count",
                "value": "26",
                "source": "ChemAxon"
            },
            {
                "kind": "H Bond Acceptor Count",
                "value": "23",
                "source": "ChemAxon"
            },
            {
                "kind": "H Bond Donor Count",
                "value": "14",
                "source": "ChemAxon"
            },
            {
                "kind": "pKa (strongest acidic)",
                "value": "-0.48",
                "source": "ChemAxon"
            },
            {
                "kind": "pKa (strongest basic)",
                "value": "10.28",
                "source": "ChemAxon"
            },
            {
                "kind": "Physiological Charge",
                "value": "-1",
                "source": "ChemAxon"
            },
            {
                "kind": "Number of Rings",
                "value": "6",
                "source": "ChemAxon"
            },
            {
                "kind": "Bioavailability",
                "value": "0",
                "source": "ChemAxon"
            },
            {
                "kind": "Rule of Five",
                "value": "0",
                "source": "ChemAxon"
            },
            {
                "kind": "Ghose Filter",
                "value": "0",
                "source": "ChemAxon"
            },
            {
                "kind": "MDDR-Like Rule",
                "value": "1",
                "source": "ChemAxon"
            }
        ]
    },
    "experimental-properties": null,
    "external-identifiers": null,
    "external-links": null,
    "pathways": null,
    "reactions": null,
    "snp-effects": null,
    "snp-adverse-drug-reactions": null,
    "targets": null,
    "enzymes": null,
    "carriers": null,
    "transporters": null
}