{
    "type": "small molecule",
    "created": "2022-11-24",
    "updated": "2022-12-01",
    "drugbank-id": [
        {
            "primary": true,
            "value": "DB17174"
        }
    ],
    "name": "Diaziquone",
    "description": null,
    "cas-number": "57998-68-2",
    "unii": "FQL5EUP13W",
    "average-mass": 364.358,
    "monoisotopic-mass": 364.13828438,
    "groups": {
        "group": [
            "investigational"
        ]
    },
    "general-references": {
        "articles": null,
        "textbooks": null,
        "links": null,
        "attachments": null
    },
    "synthesis-reference": null,
    "indication": null,
    "pharmacodynamics": null,
    "mechanism-of-action": null,
    "toxicity": null,
    "metabolism": null,
    "absorption": null,
    "half-life": null,
    "protein-binding": null,
    "route-of-elimination": null,
    "volume-of-distribution": null,
    "clearance": null,
    "salts": null,
    "synonyms": {
        "synonym": [
            {
                "language": "english",
                "coder": "",
                "value": "Aziridinyl benzoquinone"
            },
            {
                "language": "english",
                "coder": "",
                "value": "AZQ"
            },
            {
                "language": "english",
                "coder": "iupac",
                "value": "Carbamic acid, (2,5-bis(1-aziridinyl)-3,6-dioxo-1,4-cyclohexadiene-1,4-diyl)bis-, diethyl ester"
            },
            {
                "language": "english",
                "coder": "usan",
                "value": "Diaziquone"
            },
            {
                "language": "english",
                "coder": "iupac",
                "value": "Diethyl 2,5-bis-(1-aziridinyl)-3,6-dioxo-1,4-cyclohexadiene-1,4-dicarbamate"
            },
            {
                "language": "english",
                "coder": "",
                "value": "NSC-182986"
            }
        ]
    },
    "products": null,
    "international-brands": null,
    "mixtures": null,
    "packagers": null,
    "manufacturers": null,
    "prices": null,
    "categories": {
        "category": [
            {
                "category": "Antineoplastic Agents",
                "mesh-id": "D000970"
            },
            {
                "category": "Azirines",
                "mesh-id": "D001389"
            },
            {
                "category": "Compounds used in a research, industrial, or household setting",
                "mesh-id": "D020313"
            },
            {
                "category": "Cross-Linking Reagents",
                "mesh-id": "D003432"
            },
            {
                "category": "Indicators and Reagents",
                "mesh-id": "D007202"
            },
            {
                "category": "Laboratory Chemicals",
                "mesh-id": "D019995"
            },
            {
                "category": "Quinones",
                "mesh-id": "D011809"
            }
        ]
    },
    "affected-organisms": null,
    "dosages": null,
    "atc-codes": null,
    "ahfs-codes": null,
    "pdb-entries": null,
    "patents": null,
    "food-interactions": null,
    "drug-interactions": null,
    "calculated-properties": {
        "property": [
            {
                "kind": "logP",
                "value": "0.41",
                "source": "ALOGPS"
            },
            {
                "kind": "logS",
                "value": "-2.2",
                "source": "ALOGPS"
            },
            {
                "kind": "Water Solubility",
                "value": "2.24e+00 g/l",
                "source": "ALOGPS"
            },
            {
                "kind": "logP",
                "value": "-0.72",
                "source": "ChemAxon"
            },
            {
                "kind": "IUPAC Name",
                "value": "ethyl N-[2,5-bis(aziridin-1-yl)-4-[(ethoxycarbonyl)amino]-3,6-dioxocyclohexa-1,4-dien-1-yl]carbamate",
                "source": "ChemAxon"
            },
            {
                "kind": "Traditional IUPAC Name",
                "value": "diaziquone",
                "source": "ChemAxon"
            },
            {
                "kind": "Molecular Weight",
                "value": "364.358",
                "source": "ChemAxon"
            },
            {
                "kind": "Monoisotopic Weight",
                "value": "364.13828438",
                "source": "ChemAxon"
            },
            {
                "kind": "SMILES",
                "value": "CCOC(=O)NC1=C(N2CC2)C(=O)C(NC(=O)OCC)=C(N2CC2)C1=O",
                "source": "ChemAxon"
            },
            {
                "kind": "Molecular Formula",
                "value": "C16H20N4O6",
                "source": "ChemAxon"
            },
            {
                "kind": "InChI",
                "value": "InChI=1S/C16H20N4O6/c1-3-25-15(23)17-9-11(19-5-6-19)14(22)10(18-16(24)26-4-2)12(13(9)21)20-7-8-20/h3-8H2,1-2H3,(H,17,23)(H,18,24)",
                "source": "ChemAxon"
            },
            {
                "kind": "InChIKey",
                "value": "WVYXNIXAMZOZFK-UHFFFAOYSA-N",
                "source": "ChemAxon"
            },
            {
                "kind": "Polar Surface Area (PSA)",
                "value": "116.82",
                "source": "ChemAxon"
            },
            {
                "kind": "Refractivity",
                "value": "93.36",
                "source": "ChemAxon"
            },
            {
                "kind": "Polarizability",
                "value": "36.22",
                "source": "ChemAxon"
            },
            {
                "kind": "Rotatable Bond Count",
                "value": "8",
                "source": "ChemAxon"
            },
            {
                "kind": "H Bond Acceptor Count",
                "value": "6",
                "source": "ChemAxon"
            },
            {
                "kind": "H Bond Donor Count",
                "value": "2",
                "source": "ChemAxon"
            },
            {
                "kind": "pKa (strongest acidic)",
                "value": "10.94",
                "source": "ChemAxon"
            },
            {
                "kind": "pKa (strongest basic)",
                "value": "-8.4",
                "source": "ChemAxon"
            },
            {
                "kind": "Physiological Charge",
                "value": "0",
                "source": "ChemAxon"
            },
            {
                "kind": "Number of Rings",
                "value": "3",
                "source": "ChemAxon"
            },
            {
                "kind": "Bioavailability",
                "value": "1",
                "source": "ChemAxon"
            },
            {
                "kind": "Rule of Five",
                "value": "1",
                "source": "ChemAxon"
            },
            {
                "kind": "Ghose Filter",
                "value": "0",
                "source": "ChemAxon"
            },
            {
                "kind": "MDDR-Like Rule",
                "value": "1",
                "source": "ChemAxon"
            }
        ]
    },
    "experimental-properties": null,
    "external-identifiers": {
        "external-identifier": [
            {
                "resource": "ChEBI",
                "identifier": "90185"
            },
            {
                "resource": "ChemSpider",
                "identifier": "38867"
            },
            {
                "resource": "ChEMBL",
                "identifier": "CHEMBL36016"
            },
            {
                "resource": "ZINC",
                "identifier": "ZINC000008214540"
            }
        ]
    },
    "external-links": null,
    "pathways": null,
    "reactions": null,
    "snp-effects": null,
    "snp-adverse-drug-reactions": null,
    "targets": null,
    "enzymes": null,
    "carriers": null,
    "transporters": null
}