{
    "type": "small molecule",
    "created": "2022-12-22",
    "updated": "2022-12-23",
    "drugbank-id": [
        {
            "primary": true,
            "value": "DB17382"
        }
    ],
    "name": "AUM-601",
    "description": "AUM-601 is a highly selective pan-TRK(tropomyosin receptor kinase). It is currently being investigated in clinical trials for the treatment of cancer.",
    "cas-number": null,
    "unii": null,
    "groups": {
        "group": [
            "investigational"
        ]
    },
    "general-references": {
        "articles": null,
        "textbooks": null,
        "links": null,
        "attachments": null
    },
    "synthesis-reference": null,
    "indication": null,
    "pharmacodynamics": null,
    "mechanism-of-action": null,
    "toxicity": null,
    "metabolism": null,
    "absorption": null,
    "half-life": null,
    "protein-binding": null,
    "route-of-elimination": null,
    "volume-of-distribution": null,
    "clearance": null,
    "salts": null,
    "synonyms": {
        "synonym": [
            {
                "language": "english",
                "coder": "",
                "value": "(R,E)-3-(5-(2-(2,5-difluorophenyl)pyrrolidin-1-yl)pyrazolo[1,5-a]pyrimidin-3-yl)-1-(piperazin-1-yl)prop-2-en-1-on hemi-oxalate"
            },
            {
                "language": "english",
                "coder": "",
                "value": "AUM 601"
            },
            {
                "language": "english",
                "coder": "",
                "value": "AUM601"
            },
            {
                "language": "english",
                "coder": "",
                "value": "CHC 2014"
            },
            {
                "language": "english",
                "coder": "",
                "value": "HL 5101"
            },
            {
                "language": "english",
                "coder": "",
                "value": "NOV 1601"
            }
        ]
    },
    "products": null,
    "international-brands": null,
    "mixtures": null,
    "packagers": null,
    "manufacturers": null,
    "prices": null,
    "categories": null,
    "affected-organisms": null,
    "dosages": null,
    "atc-codes": null,
    "ahfs-codes": null,
    "pdb-entries": null,
    "patents": null,
    "food-interactions": null,
    "drug-interactions": null,
    "calculated-properties": null,
    "experimental-properties": null,
    "external-identifiers": null,
    "external-links": null,
    "pathways": null,
    "reactions": null,
    "snp-effects": null,
    "snp-adverse-drug-reactions": null,
    "targets": null,
    "enzymes": null,
    "carriers": null,
    "transporters": null
}