{
    "type": "biotech",
    "created": "2022-12-02",
    "updated": "2022-12-03",
    "drugbank-id": [
        {
            "primary": true,
            "value": "DB17301"
        }
    ],
    "name": "Tavokinogene telseplasmid",
    "description": "Tavokinogene telseplasmid consists of a DNA Plasmid Vector Encoding IL-12.",
    "cas-number": "1971880-37-1",
    "unii": "MF4P7VQ2K8",
    "groups": {
        "group": [
            "investigational"
        ]
    },
    "general-references": {
        "articles": null,
        "textbooks": null,
        "links": null,
        "attachments": null
    },
    "synthesis-reference": null,
    "indication": null,
    "pharmacodynamics": null,
    "mechanism-of-action": null,
    "toxicity": null,
    "metabolism": null,
    "absorption": null,
    "half-life": null,
    "protein-binding": null,
    "route-of-elimination": null,
    "volume-of-distribution": null,
    "clearance": null,
    "salts": null,
    "synonyms": {
        "synonym": [
            {
                "language": "english",
                "coder": "",
                "value": "Dna plasmid containing genes coding for the human interleukin 12 (il-12) p35 and p40 subunits that are separated by an internal ribosomal entry site (ires) and under the control of a single cytomegalovirus (cmv) promoter"
            },
            {
                "language": "english",
                "coder": "",
                "value": "Dna plasmid encoding interleukin-12 ino-9012"
            },
            {
                "language": "english",
                "coder": "",
                "value": "Pumvc3-hil"
            },
            {
                "language": "english",
                "coder": "",
                "value": "pUMVC3-hIL-12-NGVL331"
            }
        ]
    },
    "products": null,
    "international-brands": null,
    "mixtures": null,
    "packagers": null,
    "manufacturers": null,
    "prices": null,
    "categories": null,
    "affected-organisms": null,
    "dosages": null,
    "atc-codes": null,
    "ahfs-codes": null,
    "pdb-entries": null,
    "patents": null,
    "food-interactions": null,
    "drug-interactions": null,
    "sequences": null,
    "experimental-properties": null,
    "external-identifiers": null,
    "external-links": null,
    "pathways": null,
    "reactions": null,
    "snp-effects": null,
    "snp-adverse-drug-reactions": null,
    "targets": null,
    "enzymes": null,
    "carriers": null,
    "transporters": null
}