{
    "type": "biotech",
    "created": "2022-11-29",
    "updated": "2022-12-01",
    "drugbank-id": [
        {
            "primary": true,
            "value": "DB17239"
        }
    ],
    "name": "Cantuzumab mertansine",
    "description": null,
    "cas-number": "400010-39-1",
    "unii": "7Z7EUX7R6M",
    "groups": {
        "group": [
            "investigational"
        ]
    },
    "general-references": {
        "articles": null,
        "textbooks": null,
        "links": null,
        "attachments": null
    },
    "synthesis-reference": null,
    "indication": null,
    "pharmacodynamics": null,
    "mechanism-of-action": null,
    "toxicity": null,
    "metabolism": null,
    "absorption": null,
    "half-life": null,
    "protein-binding": null,
    "route-of-elimination": null,
    "volume-of-distribution": null,
    "clearance": null,
    "classification": {
        "description": null,
        "direct-parent": "Peptides",
        "kingdom": "Organic Compounds",
        "superclass": "Organic Acids",
        "class": "Carboxylic Acids and Derivatives",
        "subclass": "Amino Acids, Peptides, and Analogues"
    },
    "salts": null,
    "synonyms": {
        "synonym": [
            {
                "language": "english",
                "coder": "",
                "value": "Immunoglobulin g1, anti-(mucin canag) (human-mouse monoclonal c242 heavy chain), disulfide with human-mouse monoclonal c242 light chain, dimer, compound with n(sup 2')-deacetyl-n(sup 2')-(3-mercapto-1-oxopropyl)maytansine (1:4)"
            },
            {
                "language": "english",
                "coder": "",
                "value": "Immunoglobulin g1, anti-(mucin canag) (human-mouse monoclonal c242 heavy chain), disulphide with human-mouse monoclonal c242 light chain, dimer, compound with n(sup 2')-deacetyl-n(sup 2')-(3-mercapto-1-oxopropyl)maytansine (1:4)"
            },
            {
                "language": "english",
                "coder": "",
                "value": "Immunoglobulin g1, anti-(mucin canag) human-mouse monoclonal c242 heavy chain), disulfide with human-mouse monoclonal c242 light chain, dimer, compound with n(sup 2')-deacetyl-n(sup 2')-(3-sulfanylpropanoyl)maytansine"
            },
            {
                "language": "english",
                "coder": "",
                "value": "Immunoglobulin g1, anti-(mucin canag) human-mouse monoclonal c242 heavy chain), disulphide with human-mouse monoclonal c242 light chain, dimer, compound with n(sup 2')-deacetyl-n(sup 2')-(3-sulphanylpropanoyl)maytansine"
            },
            {
                "language": "english",
                "coder": "",
                "value": "Maytansine, n2-deacetyl-n2-(3-mercapto-1-oxopropyl)-, conjugated humanized c242 monoclonal antibody"
            },
            {
                "language": "english",
                "coder": "",
                "value": "N2'-deacetyl-n2'-(3-mercapto-1-oxopropyl)-maytansine -conjugated humanized c242 monoclonal antibody"
            }
        ]
    },
    "products": null,
    "international-brands": null,
    "mixtures": null,
    "packagers": null,
    "manufacturers": null,
    "prices": null,
    "categories": {
        "category": [
            {
                "category": "Amino Acids, Peptides, and Proteins",
                "mesh-id": "D000602"
            },
            {
                "category": "Anti-Bacterial Agents",
                "mesh-id": "D000900"
            },
            {
                "category": "Antibodies",
                "mesh-id": "D000906"
            },
            {
                "category": "Antibodies, Monoclonal",
                "mesh-id": "D000911"
            },
            {
                "category": "Antibody-drug Conjugates",
                "mesh-id": "D018796"
            },
            {
                "category": "Antineoplastic Agents",
                "mesh-id": "D000970"
            },
            {
                "category": "Antineoplastic Agents, Immunological",
                "mesh-id": "D000074322"
            },
            {
                "category": "Antineoplastic Agents, Phytogenic",
                "mesh-id": "D000972"
            },
            {
                "category": "Blood Proteins",
                "mesh-id": "D001798"
            },
            {
                "category": "Globulins",
                "mesh-id": "D005916"
            },
            {
                "category": "Immunoconjugates",
                "mesh-id": "D018796"
            },
            {
                "category": "Immunoglobulins",
                "mesh-id": "D007136"
            },
            {
                "category": "Immunologic Factors",
                "mesh-id": "D007155"
            },
            {
                "category": "Immunoproteins",
                "mesh-id": "D007162"
            },
            {
                "category": "Immunotoxins",
                "mesh-id": "D000922"
            },
            {
                "category": "Lactams, Macrocyclic",
                "mesh-id": "D047029"
            },
            {
                "category": "Lactones",
                "mesh-id": "D007783"
            },
            {
                "category": "Macrolides",
                "mesh-id": "D018942"
            },
            {
                "category": "Noxae",
                "mesh-id": "D009676"
            },
            {
                "category": "Proteins",
                "mesh-id": "D011506"
            },
            {
                "category": "Serum Globulins",
                "mesh-id": "D012712"
            },
            {
                "category": "Toxic Actions",
                "mesh-id": "D004786"
            }
        ]
    },
    "affected-organisms": null,
    "dosages": null,
    "atc-codes": null,
    "ahfs-codes": null,
    "pdb-entries": null,
    "patents": null,
    "food-interactions": null,
    "drug-interactions": null,
    "sequences": null,
    "experimental-properties": null,
    "external-identifiers": {
        "external-identifier": [
            {
                "resource": "Wikipedia",
                "identifier": "Cantuzumab_mertansine"
            }
        ]
    },
    "external-links": null,
    "pathways": null,
    "reactions": null,
    "snp-effects": null,
    "snp-adverse-drug-reactions": null,
    "targets": null,
    "enzymes": null,
    "carriers": null,
    "transporters": null
}