{
    "type": "small molecule",
    "created": "2022-11-22",
    "updated": "2023-01-03",
    "drugbank-id": [
        {
            "primary": true,
            "value": "DB17158"
        }
    ],
    "name": "Satoreotide trizoxetan",
    "description": null,
    "cas-number": "1638746-88-9",
    "unii": "3M7TX701A4",
    "average-mass": 1660.24,
    "monoisotopic-mass": 1658.6049122,
    "groups": {
        "group": [
            "investigational"
        ]
    },
    "general-references": {
        "articles": null,
        "textbooks": null,
        "links": null,
        "attachments": null
    },
    "synthesis-reference": null,
    "indication": null,
    "pharmacodynamics": null,
    "mechanism-of-action": null,
    "toxicity": null,
    "metabolism": null,
    "absorption": null,
    "half-life": null,
    "protein-binding": null,
    "route-of-elimination": null,
    "volume-of-distribution": null,
    "clearance": null,
    "salts": null,
    "synonyms": null,
    "products": null,
    "international-brands": null,
    "mixtures": null,
    "packagers": null,
    "manufacturers": null,
    "prices": null,
    "categories": null,
    "affected-organisms": null,
    "dosages": null,
    "atc-codes": null,
    "ahfs-codes": null,
    "pdb-entries": null,
    "patents": null,
    "food-interactions": null,
    "drug-interactions": null,
    "calculated-properties": {
        "property": [
            {
                "kind": "logP",
                "value": "-1.3",
                "source": "ALOGPS"
            },
            {
                "kind": "logS",
                "value": "-4.8",
                "source": "ALOGPS"
            },
            {
                "kind": "Water Solubility",
                "value": "2.49e-02 g/l",
                "source": "ALOGPS"
            },
            {
                "kind": "logP",
                "value": "-8.8",
                "source": "ChemAxon"
            },
            {
                "kind": "IUPAC Name",
                "value": "4-{[(1S)-1-{[(4R,7S,10S,13R,16S,19S)-10-(4-aminobutyl)-4-{[(1R)-1-carbamoyl-2-(4-hydroxyphenyl)ethyl]carbamoyl}-13-{[4-(carbamoylamino)phenyl]methyl}-16-({4-[(4S)-2,6-dioxo-1,3-diazinane-4-amido]phenyl}methyl)-7-[(1R)-1-hydroxyethyl]-6,9,12,15,18-pentaoxo-1,2-dithia-5,8,11,14,17-pentaazacycloicosan-19-yl]carbamoyl}-2-(4-chlorophenyl)ethyl]carbamoyl}-2-[4,7-bis(carboxymethyl)-1,4,7-triazonan-1-yl]butanoic acid",
                "source": "ChemAxon"
            },
            {
                "kind": "Traditional IUPAC Name",
                "value": "4-{[(1S)-1-{[(4R,7S,10S,13R,16S,19S)-10-(4-aminobutyl)-4-{[(1R)-1-carbamoyl-2-(4-hydroxyphenyl)ethyl]carbamoyl}-13-{[4-(carbamoylamino)phenyl]methyl}-16-({4-[(4S)-2,6-dioxo-1,3-diazinane-4-amido]phenyl}methyl)-7-[(1R)-1-hydroxyethyl]-6,9,12,15,18-pentaoxo-1,2-dithia-5,8,11,14,17-pentaazacycloicosan-19-yl]carbamoyl}-2-(4-chlorophenyl)ethyl]carbamoyl}-2-[4,7-bis(carboxymethyl)-1,4,7-triazonan-1-yl]butanoic acid",
                "source": "ChemAxon"
            },
            {
                "kind": "Molecular Weight",
                "value": "1660.24",
                "source": "ChemAxon"
            },
            {
                "kind": "Monoisotopic Weight",
                "value": "1658.6049122",
                "source": "ChemAxon"
            },
            {
                "kind": "SMILES",
                "value": "[H][C@]1(CC2=CC=C(NC(N)=O)C=C2)NC(=O)[C@H](CC2=CC=C(NC(=O)[C@@H]3CC(=O)NC(=O)N3)C=C2)NC(=O)[C@@H](CSSC[C@H](NC(=O)[C@@]([H])(NC(=O)[C@H](CCCCN)NC1=O)[C@@H](C)O)C(=O)N[C@H](CC1=CC=C(O)C=C1)C(N)=O)NC(=O)[C@H](CC1=CC=C(Cl)C=C1)NC(=O)CCC(N1CCN(CC(O)=O)CCN(CC(O)=O)CC1)C(O)=O",
                "source": "ChemAxon"
            },
            {
                "kind": "Molecular Formula",
                "value": "C73H95ClN18O21S2",
                "source": "ChemAxon"
            },
            {
                "kind": "InChI",
                "value": "InChI=1S/C73H95ClN18O21S2/c1-39(93)61-70(109)86-55(68(107)82-49(62(76)101)30-43-11-19-47(94)20-12-43)38-115-114-37-54(85-65(104)50(31-40-5-13-44(74)14-6-40)80-57(95)22-21-56(71(110)111)92-28-26-90(35-59(97)98)24-25-91(27-29-92)36-60(99)100)69(108)84-52(33-41-7-15-45(16-8-41)78-64(103)53-34-58(96)88-73(113)87-53)67(106)83-51(32-42-9-17-46(18-10-42)79-72(77)112)66(105)81-48(63(102)89-61)4-2-3-23-75/h5-20,39,48-56,61,93-94H,2-4,21-38,75H2,1H3,(H2,76,101)(H,78,103)(H,80,95)(H,81,105)(H,82,107)(H,83,106)(H,84,108)(H,85,104)(H,86,109)(H,89,102)(H,97,98)(H,99,100)(H,110,111)(H3,77,79,112)(H2,87,88,96,113)/t39-,48?,49-,50+,51-,52+,53+,54?,55+,56?,61+/m1/s1",
                "source": "ChemAxon"
            },
            {
                "kind": "InChIKey",
                "value": "MDDXVKPIPNUPBG-LJLVINLTSA-N",
                "source": "ChemAxon"
            },
            {
                "kind": "Polar Surface Area (PSA)",
                "value": "606.41",
                "source": "ChemAxon"
            },
            {
                "kind": "Refractivity",
                "value": "417.54",
                "source": "ChemAxon"
            },
            {
                "kind": "Polarizability",
                "value": "162.82",
                "source": "ChemAxon"
            },
            {
                "kind": "Rotatable Bond Count",
                "value": "31",
                "source": "ChemAxon"
            },
            {
                "kind": "H Bond Acceptor Count",
                "value": "25",
                "source": "ChemAxon"
            },
            {
                "kind": "H Bond Donor Count",
                "value": "20",
                "source": "ChemAxon"
            },
            {
                "kind": "pKa (strongest acidic)",
                "value": "-3.1",
                "source": "ChemAxon"
            },
            {
                "kind": "pKa (strongest basic)",
                "value": "10.28",
                "source": "ChemAxon"
            },
            {
                "kind": "Physiological Charge",
                "value": "-1",
                "source": "ChemAxon"
            },
            {
                "kind": "Number of Rings",
                "value": "7",
                "source": "ChemAxon"
            },
            {
                "kind": "Bioavailability",
                "value": "0",
                "source": "ChemAxon"
            },
            {
                "kind": "Rule of Five",
                "value": "0",
                "source": "ChemAxon"
            },
            {
                "kind": "Ghose Filter",
                "value": "0",
                "source": "ChemAxon"
            },
            {
                "kind": "MDDR-Like Rule",
                "value": "1",
                "source": "ChemAxon"
            }
        ]
    },
    "experimental-properties": null,
    "external-identifiers": null,
    "external-links": null,
    "pathways": null,
    "reactions": null,
    "snp-effects": null,
    "snp-adverse-drug-reactions": null,
    "targets": null,
    "enzymes": null,
    "carriers": null,
    "transporters": null
}