{
    "type": "small molecule",
    "created": "2022-11-24",
    "updated": "2022-12-01",
    "drugbank-id": [
        {
            "primary": true,
            "value": "DB17198"
        }
    ],
    "name": "ATM-3507",
    "description": null,
    "cas-number": "1861449-70-8",
    "unii": "MC4FSR36T2",
    "average-mass": 611.806,
    "monoisotopic-mass": 611.363553904,
    "groups": {
        "group": [
            "investigational"
        ]
    },
    "general-references": {
        "articles": null,
        "textbooks": null,
        "links": null,
        "attachments": null
    },
    "synthesis-reference": null,
    "indication": null,
    "pharmacodynamics": null,
    "mechanism-of-action": null,
    "toxicity": null,
    "metabolism": null,
    "absorption": null,
    "half-life": null,
    "protein-binding": null,
    "route-of-elimination": null,
    "volume-of-distribution": null,
    "clearance": null,
    "salts": null,
    "synonyms": {
        "synonym": [
            {
                "language": "english",
                "coder": "",
                "value": "(3-((2,3-dimethyl-1-(3-(4-methylpiperazin-1-yl)propyl)-1h-indol-5-yl)oxy)phenyl)(4-(4-fluorophenethyl)piperazin-1-yl)methanone"
            },
            {
                "language": "english",
                "coder": "",
                "value": "Anisina"
            },
            {
                "language": "english",
                "coder": "",
                "value": "Methanone, (3-((2,3-dimethyl-1-(3-(4-methyl-1-piperazinyl)propyl)-1h-indol-5-yl)oxy)phenyl)(4-(2-(4-fluorophenyl)ethyl)-1-piperazinyl)-"
            }
        ]
    },
    "products": null,
    "international-brands": null,
    "mixtures": null,
    "packagers": null,
    "manufacturers": null,
    "prices": null,
    "categories": null,
    "affected-organisms": null,
    "dosages": null,
    "atc-codes": null,
    "ahfs-codes": null,
    "pdb-entries": null,
    "patents": null,
    "food-interactions": null,
    "drug-interactions": null,
    "calculated-properties": {
        "property": [
            {
                "kind": "logP",
                "value": "5.28",
                "source": "ALOGPS"
            },
            {
                "kind": "logS",
                "value": "-5.5",
                "source": "ALOGPS"
            },
            {
                "kind": "Water Solubility",
                "value": "2.12e-03 g/l",
                "source": "ALOGPS"
            },
            {
                "kind": "logP",
                "value": "5.74",
                "source": "ChemAxon"
            },
            {
                "kind": "IUPAC Name",
                "value": "5-(3-{4-[2-(4-fluorophenyl)ethyl]piperazine-1-carbonyl}phenoxy)-2,3-dimethyl-1-[3-(4-methylpiperazin-1-yl)propyl]-1H-indole",
                "source": "ChemAxon"
            },
            {
                "kind": "Traditional IUPAC Name",
                "value": "5-(3-{4-[2-(4-fluorophenyl)ethyl]piperazine-1-carbonyl}phenoxy)-2,3-dimethyl-1-[3-(4-methylpiperazin-1-yl)propyl]indole",
                "source": "ChemAxon"
            },
            {
                "kind": "Molecular Weight",
                "value": "611.806",
                "source": "ChemAxon"
            },
            {
                "kind": "Monoisotopic Weight",
                "value": "611.363553904",
                "source": "ChemAxon"
            },
            {
                "kind": "SMILES",
                "value": "CN1CCN(CCCN2C(C)=C(C)C3=CC(OC4=CC(=CC=C4)C(=O)N4CCN(CCC5=CC=C(F)C=C5)CC4)=CC=C23)CC1",
                "source": "ChemAxon"
            },
            {
                "kind": "Molecular Formula",
                "value": "C37H46FN5O2",
                "source": "ChemAxon"
            },
            {
                "kind": "InChI",
                "value": "InChI=1S/C37H46FN5O2/c1-28-29(2)43(16-5-15-40-20-18-39(3)19-21-40)36-13-12-34(27-35(28)36)45-33-7-4-6-31(26-33)37(44)42-24-22-41(23-25-42)17-14-30-8-10-32(38)11-9-30/h4,6-13,26-27H,5,14-25H2,1-3H3",
                "source": "ChemAxon"
            },
            {
                "kind": "InChIKey",
                "value": "FNEHSJQRIWHZKS-UHFFFAOYSA-N",
                "source": "ChemAxon"
            },
            {
                "kind": "Polar Surface Area (PSA)",
                "value": "44.19",
                "source": "ChemAxon"
            },
            {
                "kind": "Refractivity",
                "value": "181.91",
                "source": "ChemAxon"
            },
            {
                "kind": "Polarizability",
                "value": "70.79",
                "source": "ChemAxon"
            },
            {
                "kind": "Rotatable Bond Count",
                "value": "10",
                "source": "ChemAxon"
            },
            {
                "kind": "H Bond Acceptor Count",
                "value": "4",
                "source": "ChemAxon"
            },
            {
                "kind": "H Bond Donor Count",
                "value": "0",
                "source": "ChemAxon"
            },
            {
                "kind": "pKa (strongest basic)",
                "value": "8.57",
                "source": "ChemAxon"
            },
            {
                "kind": "Physiological Charge",
                "value": "1",
                "source": "ChemAxon"
            },
            {
                "kind": "Number of Rings",
                "value": "6",
                "source": "ChemAxon"
            },
            {
                "kind": "Bioavailability",
                "value": "0",
                "source": "ChemAxon"
            },
            {
                "kind": "Rule of Five",
                "value": "0",
                "source": "ChemAxon"
            },
            {
                "kind": "Ghose Filter",
                "value": "0",
                "source": "ChemAxon"
            },
            {
                "kind": "MDDR-Like Rule",
                "value": "1",
                "source": "ChemAxon"
            }
        ]
    },
    "experimental-properties": null,
    "external-identifiers": {
        "external-identifier": [
            {
                "resource": "ChemSpider",
                "identifier": "71117359"
            }
        ]
    },
    "external-links": null,
    "pathways": null,
    "reactions": null,
    "snp-effects": null,
    "snp-adverse-drug-reactions": null,
    "targets": null,
    "enzymes": null,
    "carriers": null,
    "transporters": null
}