{
    "type": "small molecule",
    "created": "2022-11-22",
    "updated": "2022-12-13",
    "drugbank-id": [
        {
            "primary": true,
            "value": "DB17159"
        }
    ],
    "name": "Denfivontinib",
    "description": null,
    "cas-number": "1457983-28-6",
    "unii": "B06W426B66",
    "average-mass": 521.419,
    "monoisotopic-mass": 520.122237,
    "groups": {
        "group": [
            "investigational"
        ]
    },
    "general-references": {
        "articles": null,
        "textbooks": null,
        "links": null,
        "attachments": null
    },
    "synthesis-reference": null,
    "indication": null,
    "pharmacodynamics": null,
    "mechanism-of-action": null,
    "toxicity": null,
    "metabolism": null,
    "absorption": null,
    "half-life": null,
    "protein-binding": null,
    "route-of-elimination": null,
    "volume-of-distribution": null,
    "clearance": null,
    "salts": {
        "salt": [
            {
                "drugbank-id": [
                    {
                        "primary": true,
                        "value": "DBSALT003294"
                    }
                ],
                "name": "Denfivontinib hydrochloride",
                "unii": "01ZQ25VJAL",
                "cas-number": "1457983-33-3",
                "inchikey": null
            }
        ]
    },
    "synonyms": {
        "synonym": [
            {
                "language": "english",
                "coder": "",
                "value": "8-Bromo-2-((1-methylpiperidin-4-yl)amino)-4-((4-phenoxyphenyl)amino)pyrido[4,3-D]pyrimidin-5(6H)-one"
            },
            {
                "language": "english",
                "coder": "",
                "value": "8-bromo-2-[(1-methylpiperidin-4-yl)amino]-4-(4-phenoxyanilino)-6H-pyrido[4,3-d]pyrimidin-5-one"
            },
            {
                "language": "english",
                "coder": "",
                "value": "G-749"
            }
        ]
    },
    "products": null,
    "international-brands": null,
    "mixtures": null,
    "packagers": null,
    "manufacturers": null,
    "prices": null,
    "categories": null,
    "affected-organisms": null,
    "dosages": null,
    "atc-codes": null,
    "ahfs-codes": null,
    "pdb-entries": null,
    "patents": null,
    "food-interactions": null,
    "drug-interactions": null,
    "calculated-properties": {
        "property": [
            {
                "kind": "logP",
                "value": "4.7",
                "source": "ALOGPS"
            },
            {
                "kind": "logS",
                "value": "-4.6",
                "source": "ALOGPS"
            },
            {
                "kind": "Water Solubility",
                "value": "1.33e-02 g/l",
                "source": "ALOGPS"
            },
            {
                "kind": "logP",
                "value": "5.12",
                "source": "ChemAxon"
            },
            {
                "kind": "IUPAC Name",
                "value": "8-bromo-2-[(1-methylpiperidin-4-yl)amino]-4-[(4-phenoxyphenyl)amino]-5H,6H-pyrido[4,3-d]pyrimidin-5-one",
                "source": "ChemAxon"
            },
            {
                "kind": "Traditional IUPAC Name",
                "value": "8-bromo-2-[(1-methylpiperidin-4-yl)amino]-4-[(4-phenoxyphenyl)amino]-6H-pyrido[4,3-d]pyrimidin-5-one",
                "source": "ChemAxon"
            },
            {
                "kind": "Molecular Weight",
                "value": "521.419",
                "source": "ChemAxon"
            },
            {
                "kind": "Monoisotopic Weight",
                "value": "520.122237",
                "source": "ChemAxon"
            },
            {
                "kind": "SMILES",
                "value": "CN1CCC(CC1)NC1=NC(NC2=CC=C(OC3=CC=CC=C3)C=C2)=C2C(=O)NC=C(Br)C2=N1",
                "source": "ChemAxon"
            },
            {
                "kind": "Molecular Formula",
                "value": "C25H25BrN6O2",
                "source": "ChemAxon"
            },
            {
                "kind": "InChI",
                "value": "InChI=1S/C25H25BrN6O2/c1-32-13-11-17(12-14-32)29-25-30-22-20(26)15-27-24(33)21(22)23(31-25)28-16-7-9-19(10-8-16)34-18-5-3-2-4-6-18/h2-10,15,17H,11-14H2,1H3,(H,27,33)(H2,28,29,30,31)",
                "source": "ChemAxon"
            },
            {
                "kind": "InChIKey",
                "value": "SXWMIXPJPNCXQQ-UHFFFAOYSA-N",
                "source": "ChemAxon"
            },
            {
                "kind": "Polar Surface Area (PSA)",
                "value": "91.41",
                "source": "ChemAxon"
            },
            {
                "kind": "Refractivity",
                "value": "137.89",
                "source": "ChemAxon"
            },
            {
                "kind": "Polarizability",
                "value": "51.72",
                "source": "ChemAxon"
            },
            {
                "kind": "Rotatable Bond Count",
                "value": "6",
                "source": "ChemAxon"
            },
            {
                "kind": "H Bond Acceptor Count",
                "value": "6",
                "source": "ChemAxon"
            },
            {
                "kind": "H Bond Donor Count",
                "value": "3",
                "source": "ChemAxon"
            },
            {
                "kind": "pKa (strongest acidic)",
                "value": "11.24",
                "source": "ChemAxon"
            },
            {
                "kind": "pKa (strongest basic)",
                "value": "8.44",
                "source": "ChemAxon"
            },
            {
                "kind": "Physiological Charge",
                "value": "1",
                "source": "ChemAxon"
            },
            {
                "kind": "Number of Rings",
                "value": "5",
                "source": "ChemAxon"
            },
            {
                "kind": "Bioavailability",
                "value": "0",
                "source": "ChemAxon"
            },
            {
                "kind": "Rule of Five",
                "value": "0",
                "source": "ChemAxon"
            },
            {
                "kind": "Ghose Filter",
                "value": "0",
                "source": "ChemAxon"
            },
            {
                "kind": "MDDR-Like Rule",
                "value": "1",
                "source": "ChemAxon"
            }
        ]
    },
    "experimental-properties": null,
    "external-identifiers": {
        "external-identifier": [
            {
                "resource": "ChemSpider",
                "identifier": "32813334"
            },
            {
                "resource": "ChEMBL",
                "identifier": "CHEMBL4544478"
            },
            {
                "resource": "ZINC",
                "identifier": "ZINC000095644293"
            }
        ]
    },
    "external-links": null,
    "pathways": null,
    "reactions": null,
    "snp-effects": null,
    "snp-adverse-drug-reactions": null,
    "targets": null,
    "enzymes": null,
    "carriers": null,
    "transporters": null
}