{
    "type": "small molecule",
    "created": "2022-12-02",
    "updated": "2022-12-03",
    "drugbank-id": [
        {
            "primary": true,
            "value": "DB17300"
        }
    ],
    "name": "Tyroserleutide",
    "description": null,
    "cas-number": "138168-48-6",
    "unii": "L9TIM50J8N",
    "average-mass": 381.429,
    "monoisotopic-mass": 381.189985601,
    "groups": {
        "group": [
            "investigational"
        ]
    },
    "general-references": {
        "articles": null,
        "textbooks": null,
        "links": null,
        "attachments": null
    },
    "synthesis-reference": null,
    "indication": null,
    "pharmacodynamics": null,
    "mechanism-of-action": null,
    "toxicity": null,
    "metabolism": null,
    "absorption": null,
    "half-life": null,
    "protein-binding": null,
    "route-of-elimination": null,
    "volume-of-distribution": null,
    "clearance": null,
    "salts": null,
    "synonyms": {
        "synonym": [
            {
                "language": "english",
                "coder": "",
                "value": "L-leucine, l-tyrosyl-l-seryl-"
            },
            {
                "language": "english",
                "coder": "",
                "value": "L-tyrosine-l-serine-l-leucine"
            }
        ]
    },
    "products": null,
    "international-brands": null,
    "mixtures": null,
    "packagers": null,
    "manufacturers": null,
    "prices": null,
    "categories": {
        "category": [
            {
                "category": "Amino Acids, Peptides, and Proteins",
                "mesh-id": "D000602"
            },
            {
                "category": "Peptides",
                "mesh-id": "D010455"
            }
        ]
    },
    "affected-organisms": null,
    "dosages": null,
    "atc-codes": null,
    "ahfs-codes": null,
    "pdb-entries": null,
    "patents": null,
    "food-interactions": null,
    "drug-interactions": null,
    "calculated-properties": {
        "property": [
            {
                "kind": "logP",
                "value": "-1.7",
                "source": "ALOGPS"
            },
            {
                "kind": "logS",
                "value": "-2.6",
                "source": "ALOGPS"
            },
            {
                "kind": "Water Solubility",
                "value": "9.29e-01 g/l",
                "source": "ALOGPS"
            },
            {
                "kind": "logP",
                "value": "-2.4",
                "source": "ChemAxon"
            },
            {
                "kind": "IUPAC Name",
                "value": "(2S)-2-[(2S)-2-[(2S)-2-amino-3-(4-hydroxyphenyl)propanamido]-3-hydroxypropanamido]-4-methylpentanoic acid",
                "source": "ChemAxon"
            },
            {
                "kind": "Traditional IUPAC Name",
                "value": "(2S)-2-[(2S)-2-[(2S)-2-amino-3-(4-hydroxyphenyl)propanamido]-3-hydroxypropanamido]-4-methylpentanoic acid",
                "source": "ChemAxon"
            },
            {
                "kind": "Molecular Weight",
                "value": "381.429",
                "source": "ChemAxon"
            },
            {
                "kind": "Monoisotopic Weight",
                "value": "381.189985601",
                "source": "ChemAxon"
            },
            {
                "kind": "SMILES",
                "value": "CC(C)C[C@H](NC(=O)[C@H](CO)NC(=O)[C@@H](N)CC1=CC=C(O)C=C1)C(O)=O",
                "source": "ChemAxon"
            },
            {
                "kind": "Molecular Formula",
                "value": "C18H27N3O6",
                "source": "ChemAxon"
            },
            {
                "kind": "InChI",
                "value": "InChI=1S/C18H27N3O6/c1-10(2)7-14(18(26)27)20-17(25)15(9-22)21-16(24)13(19)8-11-3-5-12(23)6-4-11/h3-6,10,13-15,22-23H,7-9,19H2,1-2H3,(H,20,25)(H,21,24)(H,26,27)/t13-,14-,15-/m0/s1",
                "source": "ChemAxon"
            },
            {
                "kind": "InChIKey",
                "value": "MQGGXGKQSVEQHR-KKUMJFAQSA-N",
                "source": "ChemAxon"
            },
            {
                "kind": "Polar Surface Area (PSA)",
                "value": "161.98",
                "source": "ChemAxon"
            },
            {
                "kind": "Refractivity",
                "value": "96.91",
                "source": "ChemAxon"
            },
            {
                "kind": "Polarizability",
                "value": "39.41",
                "source": "ChemAxon"
            },
            {
                "kind": "Rotatable Bond Count",
                "value": "10",
                "source": "ChemAxon"
            },
            {
                "kind": "H Bond Acceptor Count",
                "value": "7",
                "source": "ChemAxon"
            },
            {
                "kind": "H Bond Donor Count",
                "value": "6",
                "source": "ChemAxon"
            },
            {
                "kind": "pKa (strongest acidic)",
                "value": "3.63",
                "source": "ChemAxon"
            },
            {
                "kind": "pKa (strongest basic)",
                "value": "7.73",
                "source": "ChemAxon"
            },
            {
                "kind": "Physiological Charge",
                "value": "0",
                "source": "ChemAxon"
            },
            {
                "kind": "Number of Rings",
                "value": "1",
                "source": "ChemAxon"
            },
            {
                "kind": "Bioavailability",
                "value": "1",
                "source": "ChemAxon"
            },
            {
                "kind": "Rule of Five",
                "value": "0",
                "source": "ChemAxon"
            },
            {
                "kind": "Ghose Filter",
                "value": "0",
                "source": "ChemAxon"
            },
            {
                "kind": "MDDR-Like Rule",
                "value": "0",
                "source": "ChemAxon"
            }
        ]
    },
    "experimental-properties": null,
    "external-identifiers": {
        "external-identifier": [
            {
                "resource": "ChEBI",
                "identifier": "165965"
            },
            {
                "resource": "ChemSpider",
                "identifier": "8220951"
            }
        ]
    },
    "external-links": null,
    "pathways": null,
    "reactions": null,
    "snp-effects": null,
    "snp-adverse-drug-reactions": null,
    "targets": null,
    "enzymes": null,
    "carriers": null,
    "transporters": null
}