{
    "type": "biotech",
    "created": "2022-12-01",
    "updated": "2023-01-03",
    "drugbank-id": [
        {
            "primary": true,
            "value": "DB17285"
        }
    ],
    "name": "Sulanemadlin",
    "description": null,
    "cas-number": "1451199-98-6",
    "unii": "6BGF28R54M",
    "groups": {
        "group": [
            "investigational"
        ]
    },
    "general-references": {
        "articles": null,
        "textbooks": null,
        "links": null,
        "attachments": null
    },
    "synthesis-reference": null,
    "indication": null,
    "pharmacodynamics": null,
    "mechanism-of-action": null,
    "toxicity": null,
    "metabolism": null,
    "absorption": null,
    "half-life": null,
    "protein-binding": null,
    "route-of-elimination": null,
    "volume-of-distribution": null,
    "clearance": null,
    "salts": null,
    "synonyms": {
        "synonym": [
            {
                "language": "english",
                "coder": "",
                "value": "N-acetyl-l-leucyl-l-threonyl-l-phenylalanyl-cyclo(d-r8-l-glutamyl-ltyrosyl-ltryptophanyl-l-alanyl-l-glutaminyl-l-leucyl-l-s5)-l-alanyl-lalanyl-l-alanyl-l-alanyl-lalanyl-d-alanylamide"
            },
            {
                "language": "english",
                "coder": "inn/usan",
                "value": "Sulanemadlin"
            }
        ]
    },
    "products": null,
    "international-brands": null,
    "mixtures": null,
    "packagers": null,
    "manufacturers": null,
    "prices": null,
    "categories": null,
    "affected-organisms": null,
    "dosages": null,
    "atc-codes": null,
    "ahfs-codes": null,
    "pdb-entries": null,
    "patents": null,
    "food-interactions": null,
    "drug-interactions": null,
    "sequences": null,
    "experimental-properties": null,
    "external-identifiers": null,
    "external-links": null,
    "pathways": null,
    "reactions": null,
    "snp-effects": null,
    "snp-adverse-drug-reactions": null,
    "targets": null,
    "enzymes": null,
    "carriers": null,
    "transporters": null
}