{
    "type": "small molecule",
    "created": "2019-05-20",
    "updated": "2021-02-21",
    "drugbank-id": [
        {
            "primary": true,
            "value": "DB15393"
        }
    ],
    "name": "Telatinib",
    "description": "Telatinib is under investigation in clinical trial NCT03817411 (Telatinib in Combination With Capecitabine/ Oxaliplatin in 1st Line Gastric or GEJ Cancer).",
    "cas-number": "332012-40-5",
    "unii": "18P7197Q7J",
    "average-mass": 409.83,
    "monoisotopic-mass": 409.0941671,
    "groups": {
        "group": [
            "investigational"
        ]
    },
    "general-references": {
        "articles": null,
        "textbooks": null,
        "links": null,
        "attachments": null
    },
    "synthesis-reference": null,
    "indication": null,
    "pharmacodynamics": null,
    "mechanism-of-action": null,
    "toxicity": null,
    "metabolism": null,
    "absorption": null,
    "half-life": null,
    "protein-binding": null,
    "route-of-elimination": null,
    "volume-of-distribution": null,
    "clearance": null,
    "classification": {
        "description": "This compound belongs to the class of organic compounds known as pyridinecarboxamides. These are compounds containing a pyridine ring bearing a carboxamide.",
        "direct-parent": "Pyridinecarboxamides",
        "kingdom": "Organic compounds",
        "superclass": "Organoheterocyclic compounds",
        "class": "Pyridines and derivatives",
        "subclass": "Pyridinecarboxylic acids and derivatives",
        "alternative-parent": [
            "2-heteroaryl carboxamides",
            "Alkyl aryl ethers",
            "Amines",
            "Aminopyridazines",
            "Aniline and substituted anilines",
            "Aryl chlorides",
            "Azacyclic compounds",
            "Chlorobenzenes",
            "Furans",
            "Heteroaromatic compounds",
            "Hydrocarbon derivatives",
            "Imidolactams",
            "Organic oxides",
            "Organochlorides",
            "Oxacyclic compounds",
            "Secondary carboxylic acid amides"
        ],
        "substituent": [
            "2-heteroaryl carboxamide",
            "Alkyl aryl ether",
            "Amine",
            "Aminopyridazine",
            "Aniline or substituted anilines",
            "Aromatic heteropolycyclic compound",
            "Aryl chloride",
            "Aryl halide",
            "Azacycle",
            "Benzenoid",
            "Carboxamide group",
            "Carboxylic acid derivative",
            "Chlorobenzene",
            "Ether",
            "Furan",
            "Halobenzene",
            "Heteroaromatic compound",
            "Hydrocarbon derivative",
            "Imidolactam",
            "Monocyclic benzene moiety",
            "Organic nitrogen compound",
            "Organic oxide",
            "Organic oxygen compound",
            "Organochloride",
            "Organohalogen compound",
            "Organonitrogen compound",
            "Organooxygen compound",
            "Oxacycle",
            "Pyridazine",
            "Pyridinecarboxamide",
            "Secondary carboxylic acid amide"
        ]
    },
    "salts": null,
    "synonyms": {
        "synonym": [
            {
                "language": "english",
                "coder": "inn",
                "value": "Telatinib"
            }
        ]
    },
    "products": null,
    "international-brands": null,
    "mixtures": null,
    "packagers": null,
    "manufacturers": null,
    "prices": null,
    "categories": null,
    "affected-organisms": null,
    "dosages": null,
    "atc-codes": null,
    "ahfs-codes": null,
    "pdb-entries": null,
    "patents": null,
    "food-interactions": null,
    "drug-interactions": null,
    "calculated-properties": {
        "property": [
            {
                "kind": "logP",
                "value": "3.79",
                "source": "ALOGPS"
            },
            {
                "kind": "logS",
                "value": "-3.8",
                "source": "ALOGPS"
            },
            {
                "kind": "Water Solubility",
                "value": "6.15e-02 g/l",
                "source": "ALOGPS"
            },
            {
                "kind": "logP",
                "value": "2.98",
                "source": "ChemAxon"
            },
            {
                "kind": "IUPAC Name",
                "value": "4-[({4-[(4-chlorophenyl)amino]furo[2,3-d]pyridazin-7-yl}oxy)methyl]-N-methylpyridine-2-carboxamide",
                "source": "ChemAxon"
            },
            {
                "kind": "Traditional IUPAC Name",
                "value": "(2R)-14-fluoro-2-methyl-6,9,10,19-tetraazapentacyclo[14.2.1.0^{2,6}.0^{8,18}.0^{12,17}]nonadeca-1(18),8,12(17),13,15-pentaen-11-one",
                "source": "ChemAxon"
            },
            {
                "kind": "Molecular Weight",
                "value": "409.83",
                "source": "ChemAxon"
            },
            {
                "kind": "Monoisotopic Weight",
                "value": "409.0941671",
                "source": "ChemAxon"
            },
            {
                "kind": "SMILES",
                "value": "CNC(=O)C1=CC(COC2=C3OC=CC3=C(NC3=CC=C(Cl)C=C3)N=N2)=CC=N1",
                "source": "ChemAxon"
            },
            {
                "kind": "Molecular Formula",
                "value": "C20H16ClN5O3",
                "source": "ChemAxon"
            },
            {
                "kind": "InChI",
                "value": "InChI=1S/C20H16ClN5O3/c1-22-19(27)16-10-12(6-8-23-16)11-29-20-17-15(7-9-28-17)18(25-26-20)24-14-4-2-13(21)3-5-14/h2-10H,11H2,1H3,(H,22,27)(H,24,25)",
                "source": "ChemAxon"
            },
            {
                "kind": "InChIKey",
                "value": "QFCXANHHBCGMAS-UHFFFAOYSA-N",
                "source": "ChemAxon"
            },
            {
                "kind": "Polar Surface Area (PSA)",
                "value": "102.17",
                "source": "ChemAxon"
            },
            {
                "kind": "Refractivity",
                "value": "109.05",
                "source": "ChemAxon"
            },
            {
                "kind": "Polarizability",
                "value": "41.65",
                "source": "ChemAxon"
            },
            {
                "kind": "Rotatable Bond Count",
                "value": "6",
                "source": "ChemAxon"
            },
            {
                "kind": "H Bond Acceptor Count",
                "value": "6",
                "source": "ChemAxon"
            },
            {
                "kind": "H Bond Donor Count",
                "value": "2",
                "source": "ChemAxon"
            },
            {
                "kind": "pKa (strongest acidic)",
                "value": "14.28",
                "source": "ChemAxon"
            },
            {
                "kind": "pKa (strongest basic)",
                "value": "2.05",
                "source": "ChemAxon"
            },
            {
                "kind": "Physiological Charge",
                "value": "0",
                "source": "ChemAxon"
            },
            {
                "kind": "Number of Rings",
                "value": "4",
                "source": "ChemAxon"
            },
            {
                "kind": "Bioavailability",
                "value": "1",
                "source": "ChemAxon"
            },
            {
                "kind": "Rule of Five",
                "value": "1",
                "source": "ChemAxon"
            },
            {
                "kind": "Ghose Filter",
                "value": "1",
                "source": "ChemAxon"
            },
            {
                "kind": "MDDR-Like Rule",
                "value": "1",
                "source": "ChemAxon"
            }
        ]
    },
    "experimental-properties": null,
    "external-identifiers": {
        "external-identifier": [
            {
                "resource": "ChemSpider",
                "identifier": "7984603"
            },
            {
                "resource": "BindingDB",
                "identifier": "50399538"
            },
            {
                "resource": "PharmGKB",
                "identifier": "PA165980595"
            },
            {
                "resource": "ChEMBL",
                "identifier": "CHEMBL2079588"
            },
            {
                "resource": "ZINC",
                "identifier": "ZINC000000590964"
            }
        ]
    },
    "external-links": null,
    "pathways": null,
    "reactions": null,
    "snp-effects": null,
    "snp-adverse-drug-reactions": null,
    "targets": null,
    "enzymes": null,
    "carriers": null,
    "transporters": null
}