{
    "type": "small molecule",
    "created": "2019-05-20",
    "updated": "2021-02-21",
    "drugbank-id": [
        {
            "primary": true,
            "value": "DB15183"
        }
    ],
    "name": "Fosmanogepix",
    "description": "Fosmanogepix is under investigation in clinical trial NCT03604705 (An Efficacy and Safety Study of APX001 in Non-Neutropenic Patients With Candidemia).",
    "cas-number": "2091769-17-2",
    "unii": "1XQ871489P",
    "average-mass": 468.406,
    "monoisotopic-mass": 468.11987141,
    "groups": {
        "group": [
            "investigational"
        ]
    },
    "general-references": {
        "articles": null,
        "textbooks": null,
        "links": null,
        "attachments": null
    },
    "synthesis-reference": null,
    "indication": null,
    "pharmacodynamics": null,
    "mechanism-of-action": null,
    "toxicity": null,
    "metabolism": null,
    "absorption": null,
    "half-life": null,
    "protein-binding": null,
    "route-of-elimination": null,
    "volume-of-distribution": null,
    "clearance": null,
    "salts": null,
    "synonyms": {
        "synonym": [
            {
                "language": "english",
                "coder": "inn/usan",
                "value": "Fosmanogepix"
            }
        ]
    },
    "products": null,
    "international-brands": null,
    "mixtures": null,
    "packagers": null,
    "manufacturers": null,
    "prices": null,
    "categories": null,
    "affected-organisms": null,
    "dosages": null,
    "atc-codes": null,
    "ahfs-codes": null,
    "pdb-entries": null,
    "patents": null,
    "food-interactions": null,
    "drug-interactions": null,
    "calculated-properties": {
        "property": [
            {
                "kind": "logP",
                "value": "1.13",
                "source": "ALOGPS"
            },
            {
                "kind": "logS",
                "value": "-4.4",
                "source": "ALOGPS"
            },
            {
                "kind": "Water Solubility",
                "value": "2.09e-02 g/l",
                "source": "ALOGPS"
            },
            {
                "kind": "logP",
                "value": "-4.2",
                "source": "ChemAxon"
            },
            {
                "kind": "IUPAC Name",
                "value": "2-amino-1-[(hydrogen phosphonatooxy)methyl]-3-[3-({4-[(pyridin-2-yloxy)methyl]phenyl}methyl)-1,2-oxazol-5-yl]pyridin-1-ium",
                "source": "ChemAxon"
            },
            {
                "kind": "Traditional IUPAC Name",
                "value": "(2R)-14-fluoro-2-methyl-6,9,10,19-tetraazapentacyclo[14.2.1.0^{2,6}.0^{8,18}.0^{12,17}]nonadeca-1(18),8,12(17),13,15-pentaen-11-one",
                "source": "ChemAxon"
            },
            {
                "kind": "Molecular Weight",
                "value": "468.406",
                "source": "ChemAxon"
            },
            {
                "kind": "Monoisotopic Weight",
                "value": "468.11987141",
                "source": "ChemAxon"
            },
            {
                "kind": "SMILES",
                "value": "NC1=C(C=CC=[N+]1COP(O)([O-])=O)C1=CC(CC2=CC=C(COC3=NC=CC=C3)C=C2)=NO1",
                "source": "ChemAxon"
            },
            {
                "kind": "Molecular Formula",
                "value": "C22H21N4O6P",
                "source": "ChemAxon"
            },
            {
                "kind": "InChI",
                "value": "InChI=1S/C22H21N4O6P/c23-22-19(4-3-11-26(22)15-31-33(27,28)29)20-13-18(25-32-20)12-16-6-8-17(9-7-16)14-30-21-5-1-2-10-24-21/h1-11,13,23H,12,14-15H2,(H2,27,28,29)",
                "source": "ChemAxon"
            },
            {
                "kind": "InChIKey",
                "value": "JQONJQKKVAHONF-UHFFFAOYSA-N",
                "source": "ChemAxon"
            },
            {
                "kind": "Polar Surface Area (PSA)",
                "value": "147.64",
                "source": "ChemAxon"
            },
            {
                "kind": "Refractivity",
                "value": "119.86",
                "source": "ChemAxon"
            },
            {
                "kind": "Polarizability",
                "value": "46.35",
                "source": "ChemAxon"
            },
            {
                "kind": "Rotatable Bond Count",
                "value": "9",
                "source": "ChemAxon"
            },
            {
                "kind": "H Bond Acceptor Count",
                "value": "7",
                "source": "ChemAxon"
            },
            {
                "kind": "H Bond Donor Count",
                "value": "2",
                "source": "ChemAxon"
            },
            {
                "kind": "pKa (strongest acidic)",
                "value": "0.44",
                "source": "ChemAxon"
            },
            {
                "kind": "pKa (strongest basic)",
                "value": "3.87",
                "source": "ChemAxon"
            },
            {
                "kind": "Physiological Charge",
                "value": "-1",
                "source": "ChemAxon"
            },
            {
                "kind": "Number of Rings",
                "value": "4",
                "source": "ChemAxon"
            },
            {
                "kind": "Bioavailability",
                "value": "1",
                "source": "ChemAxon"
            },
            {
                "kind": "Rule of Five",
                "value": "1",
                "source": "ChemAxon"
            },
            {
                "kind": "Ghose Filter",
                "value": "0",
                "source": "ChemAxon"
            },
            {
                "kind": "MDDR-Like Rule",
                "value": "1",
                "source": "ChemAxon"
            }
        ]
    },
    "experimental-properties": null,
    "external-identifiers": {
        "external-identifier": [
            {
                "resource": "ChemSpider",
                "identifier": "64853722"
            }
        ]
    },
    "external-links": null,
    "pathways": null,
    "reactions": null,
    "snp-effects": null,
    "snp-adverse-drug-reactions": null,
    "targets": null,
    "enzymes": null,
    "carriers": null,
    "transporters": null
}