{
    "type": "biotech",
    "created": "2019-08-30",
    "updated": "2022-12-01",
    "drugbank-id": [
        {
            "primary": true,
            "value": "DB15474"
        }
    ],
    "name": "Haemagglutinin-strain B (Yamagata-like)",
    "description": null,
    "cas-number": null,
    "unii": null,
    "groups": {
        "group": [
            "approved"
        ]
    },
    "general-references": {
        "articles": null,
        "textbooks": null,
        "links": null,
        "attachments": null
    },
    "synthesis-reference": null,
    "indication": null,
    "pharmacodynamics": null,
    "mechanism-of-action": null,
    "toxicity": null,
    "metabolism": null,
    "absorption": null,
    "half-life": null,
    "protein-binding": null,
    "route-of-elimination": null,
    "volume-of-distribution": null,
    "clearance": null,
    "salts": null,
    "synonyms": {
        "synonym": [
            {
                "language": "english",
                "coder": "",
                "value": "Haemagglutinin-strain B (Yamagata)"
            }
        ]
    },
    "products": {
        "product": [
            {
                "name": "Afluria Tetra",
                "labeller": "Seqirus Pty Ltd",
                "ndc-id": null,
                "ndc-product-code": null,
                "dpd-id": "02473283",
                "ema-product-code": null,
                "ema-ma-number": null,
                "started-marketing-on": "2019-10-25",
                "ended-marketing-on": null,
                "dosage-form": "Suspension",
                "strength": null,
                "route": "Intramuscular",
                "fda-application-number": null,
                "generic": false,
                "over-the-counter": false,
                "approved": true,
                "country": "Canada",
                "source": "DPD"
            },
            {
                "name": "Afluria Tetra",
                "labeller": "Seqirus Pty Ltd",
                "ndc-id": null,
                "ndc-product-code": null,
                "dpd-id": "02473313",
                "ema-product-code": null,
                "ema-ma-number": null,
                "started-marketing-on": "2020-09-23",
                "ended-marketing-on": null,
                "dosage-form": "Suspension",
                "strength": null,
                "route": "Intramuscular",
                "fda-application-number": null,
                "generic": false,
                "over-the-counter": false,
                "approved": true,
                "country": "Canada",
                "source": "DPD"
            },
            {
                "name": "Flucelvax Quad",
                "labeller": "Seqirus Uk Limited",
                "ndc-id": null,
                "ndc-product-code": null,
                "dpd-id": "02494248",
                "ema-product-code": null,
                "ema-ma-number": null,
                "started-marketing-on": "2020-09-21",
                "ended-marketing-on": null,
                "dosage-form": "Suspension",
                "strength": null,
                "route": "Intramuscular",
                "fda-application-number": null,
                "generic": false,
                "over-the-counter": false,
                "approved": true,
                "country": "Canada",
                "source": "DPD"
            },
            {
                "name": "Flucelvax Quad",
                "labeller": "Seqirus Uk Limited",
                "ndc-id": null,
                "ndc-product-code": null,
                "dpd-id": "02494256",
                "ema-product-code": null,
                "ema-ma-number": null,
                "started-marketing-on": null,
                "ended-marketing-on": null,
                "dosage-form": "Suspension",
                "strength": null,
                "route": "Intramuscular",
                "fda-application-number": null,
                "generic": false,
                "over-the-counter": false,
                "approved": true,
                "country": "Canada",
                "source": "DPD"
            },
            {
                "name": "Flulaval Tetra",
                "labeller": "ID Biomedical Corporation of Quebec",
                "ndc-id": null,
                "ndc-product-code": null,
                "dpd-id": "02420783",
                "ema-product-code": null,
                "ema-ma-number": null,
                "started-marketing-on": "2015-10-14",
                "ended-marketing-on": null,
                "dosage-form": "Suspension",
                "strength": null,
                "route": "Intramuscular",
                "fda-application-number": null,
                "generic": false,
                "over-the-counter": false,
                "approved": true,
                "country": "Canada",
                "source": "DPD"
            },
            {
                "name": "Flulaval Tetra",
                "labeller": "ID Biomedical Corporation of Quebec",
                "ndc-id": null,
                "ndc-product-code": null,
                "dpd-id": "02478978",
                "ema-product-code": null,
                "ema-ma-number": null,
                "started-marketing-on": null,
                "ended-marketing-on": null,
                "dosage-form": "Suspension",
                "strength": null,
                "route": "Intramuscular",
                "fda-application-number": null,
                "generic": false,
                "over-the-counter": false,
                "approved": true,
                "country": "Canada",
                "source": "DPD"
            },
            {
                "name": "Fluzone High-dose Quadrivalent",
                "labeller": "Sanofi Pasteur Limited",
                "ndc-id": null,
                "ndc-product-code": null,
                "dpd-id": "02500523",
                "ema-product-code": null,
                "ema-ma-number": null,
                "started-marketing-on": "2021-09-17",
                "ended-marketing-on": null,
                "dosage-form": "Suspension",
                "strength": null,
                "route": "Intramuscular",
                "fda-application-number": null,
                "generic": false,
                "over-the-counter": false,
                "approved": true,
                "country": "Canada",
                "source": "DPD"
            },
            {
                "name": "Fluzone Quadrivalent",
                "labeller": "Sanofi Pasteur Limited",
                "ndc-id": null,
                "ndc-product-code": null,
                "dpd-id": "02420651",
                "ema-product-code": null,
                "ema-ma-number": null,
                "started-marketing-on": null,
                "ended-marketing-on": null,
                "dosage-form": "Suspension",
                "strength": null,
                "route": "Intramuscular",
                "fda-application-number": null,
                "generic": false,
                "over-the-counter": false,
                "approved": true,
                "country": "Canada",
                "source": "DPD"
            },
            {
                "name": "Fluzone Quadrivalent",
                "labeller": "Sanofi Pasteur Limited",
                "ndc-id": null,
                "ndc-product-code": null,
                "dpd-id": "02420635",
                "ema-product-code": null,
                "ema-ma-number": null,
                "started-marketing-on": null,
                "ended-marketing-on": null,
                "dosage-form": "Suspension",
                "strength": null,
                "route": "Intramuscular",
                "fda-application-number": null,
                "generic": false,
                "over-the-counter": false,
                "approved": true,
                "country": "Canada",
                "source": "DPD"
            },
            {
                "name": "Fluzone Quadrivalent",
                "labeller": "Sanofi Pasteur Limited",
                "ndc-id": null,
                "ndc-product-code": null,
                "dpd-id": "02432730",
                "ema-product-code": null,
                "ema-ma-number": null,
                "started-marketing-on": "2015-09-14",
                "ended-marketing-on": null,
                "dosage-form": "Suspension",
                "strength": null,
                "route": "Intramuscular",
                "fda-application-number": null,
                "generic": false,
                "over-the-counter": false,
                "approved": true,
                "country": "Canada",
                "source": "DPD"
            },
            {
                "name": "Fluzone Quadrivalent",
                "labeller": "Sanofi Pasteur Limited",
                "ndc-id": null,
                "ndc-product-code": null,
                "dpd-id": "02420643",
                "ema-product-code": null,
                "ema-ma-number": null,
                "started-marketing-on": "2014-10-15",
                "ended-marketing-on": null,
                "dosage-form": "Suspension",
                "strength": null,
                "route": "Intramuscular",
                "fda-application-number": null,
                "generic": false,
                "over-the-counter": false,
                "approved": true,
                "country": "Canada",
                "source": "DPD"
            },
            {
                "name": "Influvac Tetra",
                "labeller": "Bgp Pharma Ulc",
                "ndc-id": null,
                "ndc-product-code": null,
                "dpd-id": "02484854",
                "ema-product-code": null,
                "ema-ma-number": null,
                "started-marketing-on": "2019-10-17",
                "ended-marketing-on": null,
                "dosage-form": "Suspension",
                "strength": null,
                "route": "Intramuscular; Subcutaneous",
                "fda-application-number": null,
                "generic": false,
                "over-the-counter": false,
                "approved": true,
                "country": "Canada",
                "source": "DPD"
            }
        ]
    },
    "international-brands": null,
    "mixtures": {
        "mixture": [
            {
                "name": "Fluzone Quadrivalent",
                "ingredients": "Haemagglutinin-strain A(H1N1) + Haemagglutinin-strain A(H3N2) + Haemagglutinin-strain B (Victoria-like) + Haemagglutinin-strain B (Yamagata-like)"
            },
            {
                "name": "Fluzone Quadrivalent",
                "ingredients": "Haemagglutinin-strain A(H1N1) + Haemagglutinin-strain A(H3N2) + Haemagglutinin-strain B (Victoria-like) + Haemagglutinin-strain B (Yamagata-like)"
            },
            {
                "name": "Fluzone High-dose Quadrivalent",
                "ingredients": "Haemagglutinin-strain A(H1N1) + Haemagglutinin-strain A(H3N2) + Haemagglutinin-strain B (Victoria-like) + Haemagglutinin-strain B (Yamagata-like)"
            },
            {
                "name": "Flulaval Tetra",
                "ingredients": "Haemagglutinin-strain A(H1N1) + Haemagglutinin-strain A(H3N2) + Haemagglutinin-strain B (Victoria-like) + Haemagglutinin-strain B (Yamagata-like)"
            },
            {
                "name": "Fluzone Quadrivalent",
                "ingredients": "Haemagglutinin-strain A(H1N1) + Haemagglutinin-strain A(H3N2) + Haemagglutinin-strain B (Victoria-like) + Haemagglutinin-strain B (Yamagata-like)"
            },
            {
                "name": "Fluzone Quadrivalent",
                "ingredients": "Haemagglutinin-strain A(H1N1) + Haemagglutinin-strain A(H3N2) + Haemagglutinin-strain B (Victoria-like) + Haemagglutinin-strain B (Yamagata-like)"
            },
            {
                "name": "Afluria Tetra",
                "ingredients": "Haemagglutinin-strain A(H1N1) + Haemagglutinin-strain A(H3N2) + Haemagglutinin-strain B (Victoria-like) + Haemagglutinin-strain B (Yamagata-like)"
            },
            {
                "name": "Afluria Tetra",
                "ingredients": "Haemagglutinin-strain A(H1N1) + Haemagglutinin-strain A(H3N2) + Haemagglutinin-strain B (Victoria-like) + Haemagglutinin-strain B (Yamagata-like)"
            },
            {
                "name": "Flulaval Tetra",
                "ingredients": "Haemagglutinin-strain A(H1N1) + Haemagglutinin-strain A(H3N2) + Haemagglutinin-strain B (Victoria-like) + Haemagglutinin-strain B (Yamagata-like)"
            },
            {
                "name": "Influvac Tetra",
                "ingredients": "Haemagglutinin-strain A(H1N1) + Haemagglutinin-strain A(H3N2) + Haemagglutinin-strain B (Victoria-like) + Haemagglutinin-strain B (Yamagata-like)"
            },
            {
                "name": "Flucelvax Quad",
                "ingredients": "Haemagglutinin-strain A(H1N1) + Haemagglutinin-strain A(H3N2) + Haemagglutinin-strain B (Victoria-like) + Haemagglutinin-strain B (Yamagata-like)"
            },
            {
                "name": "Flucelvax Quad",
                "ingredients": "Haemagglutinin-strain A(H1N1) + Haemagglutinin-strain A(H3N2) + Haemagglutinin-strain B (Victoria-like) + Haemagglutinin-strain B (Yamagata-like)"
            }
        ]
    },
    "packagers": null,
    "manufacturers": null,
    "prices": null,
    "categories": null,
    "affected-organisms": null,
    "dosages": {
        "dosage": [
            {
                "form": "Suspension",
                "route": "Intramuscular",
                "strength": null
            },
            {
                "form": null,
                "route": null,
                "strength": null
            },
            {
                "form": "Suspension",
                "route": "Intramuscular; Subcutaneous",
                "strength": null
            }
        ]
    },
    "atc-codes": null,
    "ahfs-codes": null,
    "pdb-entries": null,
    "patents": null,
    "food-interactions": null,
    "drug-interactions": null,
    "sequences": null,
    "experimental-properties": null,
    "external-identifiers": {
        "external-identifier": [
            {
                "resource": "Drugs Product Database (DPD)",
                "identifier": "22251"
            }
        ]
    },
    "external-links": null,
    "pathways": null,
    "reactions": null,
    "snp-effects": null,
    "snp-adverse-drug-reactions": null,
    "targets": null,
    "enzymes": null,
    "carriers": null,
    "transporters": null
}