{
    "type": "small molecule",
    "created": "2019-05-20",
    "updated": "2020-06-12",
    "drugbank-id": [
        {
            "primary": true,
            "value": "DB15324"
        }
    ],
    "name": "ORM-13070 C-11",
    "description": "ORM-13070 C-11 is under investigation in clinical trial NCT00735774 (Suitability of 11C-ORM-13070 as a PET Tracer).",
    "cas-number": "1227170-74-2",
    "unii": "Y61S1UFN4Y",
    "average-mass": 354.438,
    "monoisotopic-mass": 354.201025495,
    "groups": {
        "group": [
            "investigational"
        ]
    },
    "general-references": {
        "articles": null,
        "textbooks": null,
        "links": null,
        "attachments": null
    },
    "synthesis-reference": null,
    "indication": null,
    "pharmacodynamics": null,
    "mechanism-of-action": null,
    "toxicity": null,
    "metabolism": null,
    "absorption": null,
    "half-life": null,
    "protein-binding": null,
    "route-of-elimination": null,
    "volume-of-distribution": null,
    "clearance": null,
    "salts": null,
    "synonyms": {
        "synonym": [
            {
                "language": "english",
                "coder": "",
                "value": "11C-ORM-13070"
            }
        ]
    },
    "products": null,
    "international-brands": null,
    "mixtures": null,
    "packagers": null,
    "manufacturers": null,
    "prices": null,
    "categories": {
        "category": [
            {
                "category": "Carbon Radioisotopes",
                "mesh-id": "D002250"
            }
        ]
    },
    "affected-organisms": null,
    "dosages": null,
    "atc-codes": null,
    "ahfs-codes": null,
    "pdb-entries": null,
    "patents": null,
    "food-interactions": null,
    "drug-interactions": null,
    "calculated-properties": {
        "property": [
            {
                "kind": "logP",
                "value": "2.36",
                "source": "ALOGPS"
            },
            {
                "kind": "logS",
                "value": "-2.6",
                "source": "ALOGPS"
            },
            {
                "kind": "Water Solubility",
                "value": "7.91e-01 g/l",
                "source": "ALOGPS"
            },
            {
                "kind": "logP",
                "value": "2.56",
                "source": "ChemAxon"
            },
            {
                "kind": "IUPAC Name",
                "value": "1-{[(2S)-2,3-dihydro-1,4-benzodioxin-2-yl]methyl}-4-{3-[(11C)methoxymethyl]pyridin-2-yl}piperazine",
                "source": "ChemAxon"
            },
            {
                "kind": "Traditional IUPAC Name",
                "value": "(2R)-14-fluoro-2-methyl-6,9,10,19-tetraazapentacyclo[14.2.1.0^{2,6}.0^{8,18}.0^{12,17}]nonadeca-1(18),8,12(17),13,15-pentaen-11-one",
                "source": "ChemAxon"
            },
            {
                "kind": "Molecular Weight",
                "value": "354.438",
                "source": "ChemAxon"
            },
            {
                "kind": "Monoisotopic Weight",
                "value": "354.201025495",
                "source": "ChemAxon"
            },
            {
                "kind": "SMILES",
                "value": "[11CH3]OCC1=CC=CN=C1N1CCN(C[C@H]2COC3=CC=CC=C3O2)CC1",
                "source": "ChemAxon"
            },
            {
                "kind": "Molecular Formula",
                "value": "C20H25N3O3",
                "source": "ChemAxon"
            },
            {
                "kind": "InChI",
                "value": "InChI=1S/C20H25N3O3/c1-24-14-16-5-4-8-21-20(16)23-11-9-22(10-12-23)13-17-15-25-18-6-2-3-7-19(18)26-17/h2-8,17H,9-15H2,1H3/t17-/m0/s1/i1-1",
                "source": "ChemAxon"
            },
            {
                "kind": "InChIKey",
                "value": "VGIYMYGMVXPMKV-GWDMYEQXSA-N",
                "source": "ChemAxon"
            },
            {
                "kind": "Polar Surface Area (PSA)",
                "value": "47.06",
                "source": "ChemAxon"
            },
            {
                "kind": "Refractivity",
                "value": "100.98",
                "source": "ChemAxon"
            },
            {
                "kind": "Polarizability",
                "value": "39.51",
                "source": "ChemAxon"
            },
            {
                "kind": "Rotatable Bond Count",
                "value": "5",
                "source": "ChemAxon"
            },
            {
                "kind": "H Bond Acceptor Count",
                "value": "6",
                "source": "ChemAxon"
            },
            {
                "kind": "H Bond Donor Count",
                "value": "0",
                "source": "ChemAxon"
            },
            {
                "kind": "pKa (strongest basic)",
                "value": "6.98",
                "source": "ChemAxon"
            },
            {
                "kind": "Physiological Charge",
                "value": "1",
                "source": "ChemAxon"
            },
            {
                "kind": "Number of Rings",
                "value": "4",
                "source": "ChemAxon"
            },
            {
                "kind": "Bioavailability",
                "value": "1",
                "source": "ChemAxon"
            },
            {
                "kind": "Rule of Five",
                "value": "1",
                "source": "ChemAxon"
            },
            {
                "kind": "Ghose Filter",
                "value": "1",
                "source": "ChemAxon"
            },
            {
                "kind": "MDDR-Like Rule",
                "value": "0",
                "source": "ChemAxon"
            }
        ]
    },
    "experimental-properties": null,
    "external-identifiers": {
        "external-identifier": [
            {
                "resource": "ChemSpider",
                "identifier": "52085734"
            }
        ]
    },
    "external-links": null,
    "pathways": null,
    "reactions": null,
    "snp-effects": null,
    "snp-adverse-drug-reactions": null,
    "targets": null,
    "enzymes": null,
    "carriers": null,
    "transporters": null
}