{
    "type": "small molecule",
    "created": "2019-08-30",
    "updated": "2020-06-12",
    "drugbank-id": [
        {
            "primary": true,
            "value": "DB15479"
        }
    ],
    "name": "Zirconium chloride hydroxide",
    "description": null,
    "cas-number": "10119-31-0",
    "unii": "R7EF6G80G1",
    "average-mass": 143.68,
    "monoisotopic-mass": 141.87629,
    "groups": {
        "group": [
            "approved",
            "experimental"
        ]
    },
    "general-references": {
        "articles": null,
        "textbooks": null,
        "links": null,
        "attachments": null
    },
    "synthesis-reference": null,
    "indication": null,
    "pharmacodynamics": null,
    "mechanism-of-action": null,
    "toxicity": null,
    "metabolism": null,
    "absorption": null,
    "half-life": null,
    "protein-binding": null,
    "route-of-elimination": null,
    "volume-of-distribution": null,
    "clearance": null,
    "salts": null,
    "synonyms": {
        "synonym": [
            {
                "language": "english",
                "coder": "",
                "value": "Zirconium chlorohydrate"
            },
            {
                "language": "english",
                "coder": "",
                "value": "Zirconium hydroxychloride"
            },
            {
                "language": "english",
                "coder": "",
                "value": "Zirconyl hydroxychloride"
            }
        ]
    },
    "products": {
        "product": [
            {
                "name": "Secret Spring Breeze Scent Antipersp Roll-ON",
                "labeller": "Procter And Gamble",
                "ndc-id": null,
                "ndc-product-code": null,
                "dpd-id": "00486256",
                "ema-product-code": null,
                "ema-ma-number": null,
                "started-marketing-on": "1987-12-31",
                "ended-marketing-on": "1997-10-31",
                "dosage-form": "Liquid",
                "strength": null,
                "route": "Topical",
                "fda-application-number": null,
                "generic": false,
                "over-the-counter": true,
                "approved": true,
                "country": "Canada",
                "source": "DPD"
            }
        ]
    },
    "international-brands": null,
    "mixtures": {
        "mixture": [
            {
                "name": "Secret Spring Breeze Scent Antipersp Roll-ON",
                "ingredients": "Aluminum chlorohydrate + Zirconium chloride hydroxide"
            }
        ]
    },
    "packagers": null,
    "manufacturers": null,
    "prices": null,
    "categories": null,
    "affected-organisms": null,
    "dosages": {
        "dosage": [
            {
                "form": "Liquid",
                "route": "Topical",
                "strength": null
            }
        ]
    },
    "atc-codes": null,
    "ahfs-codes": null,
    "pdb-entries": null,
    "patents": null,
    "food-interactions": null,
    "drug-interactions": null,
    "calculated-properties": {
        "property": [
            {
                "kind": "logP",
                "value": "-0.45",
                "source": "ALOGPS"
            },
            {
                "kind": "logS",
                "value": "0.03",
                "source": "ALOGPS"
            },
            {
                "kind": "Water Solubility",
                "value": "1.54e+02 g/l",
                "source": "ALOGPS"
            },
            {
                "kind": "logP",
                "value": "0.098",
                "source": "ChemAxon"
            },
            {
                "kind": "IUPAC Name",
                "value": "chlorozirconiumol",
                "source": "ChemAxon"
            },
            {
                "kind": "Traditional IUPAC Name",
                "value": "sodium taurocholate",
                "source": "ChemAxon"
            },
            {
                "kind": "Molecular Weight",
                "value": "143.68",
                "source": "ChemAxon"
            },
            {
                "kind": "Monoisotopic Weight",
                "value": "141.87629",
                "source": "ChemAxon"
            },
            {
                "kind": "SMILES",
                "value": "O[Zr]Cl",
                "source": "ChemAxon"
            },
            {
                "kind": "Molecular Formula",
                "value": "ClHOZr",
                "source": "ChemAxon"
            },
            {
                "kind": "InChI",
                "value": "InChI=1S/ClH.H2O.Zr/h1H;1H2;/q;;+2/p-2",
                "source": "ChemAxon"
            },
            {
                "kind": "InChIKey",
                "value": "BLKLTTCUAPDQEG-UHFFFAOYSA-L",
                "source": "ChemAxon"
            },
            {
                "kind": "Polar Surface Area (PSA)",
                "value": "20.23",
                "source": "ChemAxon"
            },
            {
                "kind": "Refractivity",
                "value": "8.7",
                "source": "ChemAxon"
            },
            {
                "kind": "Polarizability",
                "value": "5.88",
                "source": "ChemAxon"
            },
            {
                "kind": "Rotatable Bond Count",
                "value": "0",
                "source": "ChemAxon"
            },
            {
                "kind": "H Bond Acceptor Count",
                "value": "1",
                "source": "ChemAxon"
            },
            {
                "kind": "H Bond Donor Count",
                "value": "1",
                "source": "ChemAxon"
            },
            {
                "kind": "pKa (strongest acidic)",
                "value": "15.27",
                "source": "ChemAxon"
            },
            {
                "kind": "pKa (strongest basic)",
                "value": "-2.7",
                "source": "ChemAxon"
            },
            {
                "kind": "Physiological Charge",
                "value": "0",
                "source": "ChemAxon"
            },
            {
                "kind": "Number of Rings",
                "value": "0",
                "source": "ChemAxon"
            },
            {
                "kind": "Bioavailability",
                "value": "1",
                "source": "ChemAxon"
            },
            {
                "kind": "Rule of Five",
                "value": "1",
                "source": "ChemAxon"
            },
            {
                "kind": "Ghose Filter",
                "value": "0",
                "source": "ChemAxon"
            },
            {
                "kind": "MDDR-Like Rule",
                "value": "0",
                "source": "ChemAxon"
            }
        ]
    },
    "experimental-properties": null,
    "external-identifiers": {
        "external-identifier": [
            {
                "resource": "Drugs Product Database (DPD)",
                "identifier": "3400"
            },
            {
                "resource": "ChemSpider",
                "identifier": "13432518"
            }
        ]
    },
    "external-links": null,
    "pathways": null,
    "reactions": null,
    "snp-effects": null,
    "snp-adverse-drug-reactions": null,
    "targets": null,
    "enzymes": null,
    "carriers": null,
    "transporters": null
}