{
    "type": "small molecule",
    "created": "2019-05-20",
    "updated": "2021-02-21",
    "drugbank-id": [
        {
            "primary": true,
            "value": "DB15212"
        }
    ],
    "name": "Pemafibrate",
    "description": "Pemafibrate is under investigation in clinical trial NCT03350165 (A Study of Pemafibrate in Patients With Nonalcoholic Fatty Liver Disease (NAFLD)).",
    "cas-number": "848259-27-8",
    "unii": "17VGG92R23",
    "average-mass": 490.556,
    "monoisotopic-mass": 490.210386694,
    "groups": {
        "group": [
            "investigational"
        ]
    },
    "general-references": {
        "articles": null,
        "textbooks": null,
        "links": null,
        "attachments": null
    },
    "synthesis-reference": null,
    "indication": null,
    "pharmacodynamics": null,
    "mechanism-of-action": null,
    "toxicity": null,
    "metabolism": null,
    "absorption": null,
    "half-life": null,
    "protein-binding": null,
    "route-of-elimination": null,
    "volume-of-distribution": null,
    "clearance": null,
    "salts": null,
    "synonyms": {
        "synonym": [
            {
                "language": "english",
                "coder": "inn/jan",
                "value": "Pemafibrate"
            }
        ]
    },
    "products": null,
    "international-brands": null,
    "mixtures": null,
    "packagers": null,
    "manufacturers": null,
    "prices": null,
    "categories": {
        "category": [
            {
                "category": "Acids, Acyclic",
                "mesh-id": "D000144"
            },
            {
                "category": "Fatty Acids",
                "mesh-id": "D005227"
            },
            {
                "category": "Fatty Acids, Volatile",
                "mesh-id": "D005232"
            },
            {
                "category": "Heterocyclic Compounds, Fused-Ring",
                "mesh-id": "D000072471"
            },
            {
                "category": "Lipids",
                "mesh-id": "D008055"
            }
        ]
    },
    "affected-organisms": null,
    "dosages": null,
    "atc-codes": null,
    "ahfs-codes": null,
    "pdb-entries": {
        "pdb-entry": [
            "6kaz",
            "6kb4",
            "6kb9",
            "6l96",
            "7bq2",
            "7wgn",
            "7wgq"
        ]
    },
    "patents": null,
    "food-interactions": null,
    "drug-interactions": null,
    "calculated-properties": {
        "property": [
            {
                "kind": "logP",
                "value": "5.22",
                "source": "ALOGPS"
            },
            {
                "kind": "logS",
                "value": "-4.4",
                "source": "ALOGPS"
            },
            {
                "kind": "Water Solubility",
                "value": "2.12e-02 g/l",
                "source": "ALOGPS"
            },
            {
                "kind": "logP",
                "value": "5.79",
                "source": "ChemAxon"
            },
            {
                "kind": "IUPAC Name",
                "value": "(2R)-2-(3-{[(1,3-benzoxazol-2-yl)[3-(4-methoxyphenoxy)propyl]amino]methyl}phenoxy)butanoic acid",
                "source": "ChemAxon"
            },
            {
                "kind": "Traditional IUPAC Name",
                "value": "(2R)-14-fluoro-2-methyl-6,9,10,19-tetraazapentacyclo[14.2.1.0^{2,6}.0^{8,18}.0^{12,17}]nonadeca-1(18),8,12(17),13,15-pentaen-11-one",
                "source": "ChemAxon"
            },
            {
                "kind": "Molecular Weight",
                "value": "490.556",
                "source": "ChemAxon"
            },
            {
                "kind": "Monoisotopic Weight",
                "value": "490.210386694",
                "source": "ChemAxon"
            },
            {
                "kind": "SMILES",
                "value": "CC[C@@H](OC1=CC(CN(CCCOC2=CC=C(OC)C=C2)C2=NC3=C(O2)C=CC=C3)=CC=C1)C(O)=O",
                "source": "ChemAxon"
            },
            {
                "kind": "Molecular Formula",
                "value": "C28H30N2O6",
                "source": "ChemAxon"
            },
            {
                "kind": "InChI",
                "value": "InChI=1S/C28H30N2O6/c1-3-25(27(31)32)35-23-9-6-8-20(18-23)19-30(28-29-24-10-4-5-11-26(24)36-28)16-7-17-34-22-14-12-21(33-2)13-15-22/h4-6,8-15,18,25H,3,7,16-17,19H2,1-2H3,(H,31,32)/t25-/m1/s1",
                "source": "ChemAxon"
            },
            {
                "kind": "InChIKey",
                "value": "ZHKNLJLMDFQVHJ-RUZDIDTESA-N",
                "source": "ChemAxon"
            },
            {
                "kind": "Polar Surface Area (PSA)",
                "value": "94.26",
                "source": "ChemAxon"
            },
            {
                "kind": "Refractivity",
                "value": "134.68",
                "source": "ChemAxon"
            },
            {
                "kind": "Polarizability",
                "value": "53.86",
                "source": "ChemAxon"
            },
            {
                "kind": "Rotatable Bond Count",
                "value": "13",
                "source": "ChemAxon"
            },
            {
                "kind": "H Bond Acceptor Count",
                "value": "7",
                "source": "ChemAxon"
            },
            {
                "kind": "H Bond Donor Count",
                "value": "1",
                "source": "ChemAxon"
            },
            {
                "kind": "pKa (strongest acidic)",
                "value": "3.94",
                "source": "ChemAxon"
            },
            {
                "kind": "pKa (strongest basic)",
                "value": "0.39",
                "source": "ChemAxon"
            },
            {
                "kind": "Physiological Charge",
                "value": "-1",
                "source": "ChemAxon"
            },
            {
                "kind": "Number of Rings",
                "value": "4",
                "source": "ChemAxon"
            },
            {
                "kind": "Bioavailability",
                "value": "0",
                "source": "ChemAxon"
            },
            {
                "kind": "Rule of Five",
                "value": "0",
                "source": "ChemAxon"
            },
            {
                "kind": "Ghose Filter",
                "value": "0",
                "source": "ChemAxon"
            },
            {
                "kind": "MDDR-Like Rule",
                "value": "1",
                "source": "ChemAxon"
            }
        ]
    },
    "experimental-properties": null,
    "external-identifiers": {
        "external-identifier": [
            {
                "resource": "ChemSpider",
                "identifier": "9700824"
            },
            {
                "resource": "BindingDB",
                "identifier": "50214899"
            },
            {
                "resource": "PDB",
                "identifier": "P7F"
            },
            {
                "resource": "Wikipedia",
                "identifier": "Pemafibrate"
            },
            {
                "resource": "ChEMBL",
                "identifier": "CHEMBL247951"
            }
        ]
    },
    "external-links": null,
    "pathways": null,
    "reactions": null,
    "snp-effects": null,
    "snp-adverse-drug-reactions": null,
    "targets": null,
    "enzymes": null,
    "carriers": null,
    "transporters": null
}