{
    "type": "small molecule",
    "created": "2019-09-05",
    "updated": "2021-02-21",
    "drugbank-id": [
        {
            "primary": true,
            "value": "DB15490"
        }
    ],
    "name": "Zuranolone",
    "description": null,
    "cas-number": "1632051-40-1",
    "unii": "7ZW49N180B",
    "average-mass": 409.574,
    "monoisotopic-mass": 409.272927379,
    "state": "solid",
    "groups": {
        "group": [
            "experimental"
        ]
    },
    "general-references": {
        "articles": null,
        "textbooks": null,
        "links": null,
        "attachments": null
    },
    "synthesis-reference": null,
    "indication": null,
    "pharmacodynamics": null,
    "mechanism-of-action": null,
    "toxicity": null,
    "metabolism": null,
    "absorption": null,
    "half-life": null,
    "protein-binding": null,
    "route-of-elimination": null,
    "volume-of-distribution": null,
    "clearance": null,
    "salts": null,
    "synonyms": {
        "synonym": [
            {
                "language": "english",
                "coder": "inn/usan",
                "value": "Zuranolone"
            }
        ]
    },
    "products": null,
    "international-brands": null,
    "mixtures": null,
    "packagers": null,
    "manufacturers": null,
    "prices": null,
    "categories": {
        "category": [
            {
                "category": "Antidepressive Agents",
                "mesh-id": "D000928"
            },
            {
                "category": "Central Nervous System Depressants",
                "mesh-id": "D002492"
            },
            {
                "category": "Fused-Ring Compounds",
                "mesh-id": "D000072473"
            },
            {
                "category": "Steroids",
                "mesh-id": "D013256"
            }
        ]
    },
    "affected-organisms": null,
    "dosages": null,
    "atc-codes": null,
    "ahfs-codes": null,
    "pdb-entries": null,
    "patents": null,
    "food-interactions": null,
    "drug-interactions": null,
    "calculated-properties": {
        "property": [
            {
                "kind": "logP",
                "value": "4.03",
                "source": "ALOGPS"
            },
            {
                "kind": "logS",
                "value": "-4.4",
                "source": "ALOGPS"
            },
            {
                "kind": "Water Solubility",
                "value": "1.59e-02 g/l",
                "source": "ALOGPS"
            },
            {
                "kind": "logP",
                "value": "3.93",
                "source": "ChemAxon"
            },
            {
                "kind": "IUPAC Name",
                "value": "1-{2-[(1S,3aS,3bR,5aR,7R,9aS,9bR,11aS)-7-hydroxy-7,11a-dimethyl-hexadecahydro-1H-cyclopenta[a]phenanthren-1-yl]-2-oxoethyl}-1H-pyrazole-4-carbonitrile",
                "source": "ChemAxon"
            },
            {
                "kind": "Traditional IUPAC Name",
                "value": "1-{2-[(1S,3aS,3bR,5aR,7R,9aS,9bR,11aS)-7-hydroxy-7,11a-dimethyl-tetradecahydro-1H-cyclopenta[a]phenanthren-1-yl]-2-oxoethyl}pyrazole-4-carbonitrile",
                "source": "ChemAxon"
            },
            {
                "kind": "Molecular Weight",
                "value": "409.574",
                "source": "ChemAxon"
            },
            {
                "kind": "Monoisotopic Weight",
                "value": "409.272927379",
                "source": "ChemAxon"
            },
            {
                "kind": "SMILES",
                "value": "[H][C@@]1(CC[C@@]2([H])[C@]3([H])CC[C@]4([H])C[C@](C)(O)CC[C@]4([H])[C@@]3([H])CC[C@]12C)C(=O)CN1C=C(C=N1)C#N",
                "source": "ChemAxon"
            },
            {
                "kind": "Molecular Formula",
                "value": "C25H35N3O2",
                "source": "ChemAxon"
            },
            {
                "kind": "InChI",
                "value": "InChI=1S/C25H35N3O2/c1-24(30)9-7-18-17(11-24)3-4-20-19(18)8-10-25(2)21(20)5-6-22(25)23(29)15-28-14-16(12-26)13-27-28/h13-14,17-22,30H,3-11,15H2,1-2H3/t17-,18+,19-,20-,21+,22-,24-,25+/m1/s1",
                "source": "ChemAxon"
            },
            {
                "kind": "InChIKey",
                "value": "HARRKNSQXBRBGZ-GVKWWOCJSA-N",
                "source": "ChemAxon"
            },
            {
                "kind": "Polar Surface Area (PSA)",
                "value": "78.91",
                "source": "ChemAxon"
            },
            {
                "kind": "Refractivity",
                "value": "127.19",
                "source": "ChemAxon"
            },
            {
                "kind": "Polarizability",
                "value": "47.55",
                "source": "ChemAxon"
            },
            {
                "kind": "Rotatable Bond Count",
                "value": "3",
                "source": "ChemAxon"
            },
            {
                "kind": "H Bond Acceptor Count",
                "value": "4",
                "source": "ChemAxon"
            },
            {
                "kind": "H Bond Donor Count",
                "value": "1",
                "source": "ChemAxon"
            },
            {
                "kind": "pKa (strongest acidic)",
                "value": "17.85",
                "source": "ChemAxon"
            },
            {
                "kind": "pKa (strongest basic)",
                "value": "1.36",
                "source": "ChemAxon"
            },
            {
                "kind": "Physiological Charge",
                "value": "0",
                "source": "ChemAxon"
            },
            {
                "kind": "Number of Rings",
                "value": "5",
                "source": "ChemAxon"
            },
            {
                "kind": "Bioavailability",
                "value": "1",
                "source": "ChemAxon"
            },
            {
                "kind": "Rule of Five",
                "value": "1",
                "source": "ChemAxon"
            },
            {
                "kind": "Ghose Filter",
                "value": "1",
                "source": "ChemAxon"
            },
            {
                "kind": "MDDR-Like Rule",
                "value": "0",
                "source": "ChemAxon"
            }
        ]
    },
    "experimental-properties": null,
    "external-identifiers": {
        "external-identifier": [
            {
                "resource": "ChemSpider",
                "identifier": "71117610"
            },
            {
                "resource": "Wikipedia",
                "identifier": "Zuranolone"
            },
            {
                "resource": "ChEMBL",
                "identifier": "CHEMBL4105630"
            }
        ]
    },
    "external-links": null,
    "pathways": null,
    "reactions": null,
    "snp-effects": null,
    "snp-adverse-drug-reactions": null,
    "targets": null,
    "enzymes": null,
    "carriers": null,
    "transporters": null
}