{
    "type": "small molecule",
    "created": "2019-05-20",
    "updated": "2020-06-12",
    "drugbank-id": [
        {
            "primary": true,
            "value": "DB15167"
        }
    ],
    "name": "Fallypride",
    "description": "Fallypride is under investigation in clinical trial NCT02310360 (Striatal and Extra-striatal Dopamine Release in Response to Food in Healthy Humans).",
    "cas-number": "166173-78-0",
    "unii": "G9FWZ369GX",
    "average-mass": 364.461,
    "monoisotopic-mass": 364.216220965,
    "groups": {
        "group": [
            "investigational"
        ]
    },
    "general-references": {
        "articles": null,
        "textbooks": null,
        "links": null,
        "attachments": null
    },
    "synthesis-reference": null,
    "indication": null,
    "pharmacodynamics": null,
    "mechanism-of-action": null,
    "toxicity": null,
    "metabolism": null,
    "absorption": null,
    "half-life": null,
    "protein-binding": null,
    "route-of-elimination": null,
    "volume-of-distribution": null,
    "clearance": null,
    "salts": null,
    "synonyms": null,
    "products": null,
    "international-brands": null,
    "mixtures": null,
    "packagers": null,
    "manufacturers": null,
    "prices": null,
    "categories": {
        "category": [
            {
                "category": "Acids, Carbocyclic",
                "mesh-id": "D000146"
            },
            {
                "category": "Amides",
                "mesh-id": "D000577"
            },
            {
                "category": "Benzene Derivatives",
                "mesh-id": "D001555"
            },
            {
                "category": "Benzoates",
                "mesh-id": "D001565"
            },
            {
                "category": "Dopamine Agents",
                "mesh-id": "D015259"
            },
            {
                "category": "Dopamine Antagonists",
                "mesh-id": "D018492"
            },
            {
                "category": "Dopamine D2 Receptor Antagonists",
                "mesh-id": "D065127"
            },
            {
                "category": "Neurotransmitter Agents",
                "mesh-id": "D018377"
            }
        ]
    },
    "affected-organisms": null,
    "dosages": null,
    "atc-codes": null,
    "ahfs-codes": null,
    "pdb-entries": null,
    "patents": null,
    "food-interactions": null,
    "drug-interactions": {
        "drug-interaction": [
            {
                "drugbank-id": {
                    "primary": false,
                    "value": "DB04844"
                },
                "name": "Tetrabenazine",
                "description": "The risk or severity of adverse effects can be increased when Fallypride is combined with Tetrabenazine."
            },
            {
                "drugbank-id": {
                    "primary": false,
                    "value": "DB12161"
                },
                "name": "Deutetrabenazine",
                "description": "The risk or severity of adverse effects can be increased when Fallypride is combined with Deutetrabenazine."
            },
            {
                "drugbank-id": {
                    "primary": false,
                    "value": "DB00714"
                },
                "name": "Apomorphine",
                "description": "The therapeutic efficacy of Apomorphine can be decreased when used in combination with Fallypride."
            },
            {
                "drugbank-id": {
                    "primary": false,
                    "value": "DB01200"
                },
                "name": "Bromocriptine",
                "description": "The therapeutic efficacy of Bromocriptine can be decreased when used in combination with Fallypride."
            },
            {
                "drugbank-id": {
                    "primary": false,
                    "value": "DB01235"
                },
                "name": "Levodopa",
                "description": "The therapeutic efficacy of Levodopa can be decreased when used in combination with Fallypride."
            },
            {
                "drugbank-id": {
                    "primary": false,
                    "value": "DB05271"
                },
                "name": "Rotigotine",
                "description": "The therapeutic efficacy of Rotigotine can be decreased when used in combination with Fallypride."
            },
            {
                "drugbank-id": {
                    "primary": false,
                    "value": "DB12478"
                },
                "name": "Piribedil",
                "description": "The therapeutic efficacy of Piribedil can be decreased when used in combination with Fallypride."
            },
            {
                "drugbank-id": {
                    "primary": false,
                    "value": "DB00248"
                },
                "name": "Cabergoline",
                "description": "The therapeutic efficacy of Cabergoline can be decreased when used in combination with Fallypride."
            },
            {
                "drugbank-id": {
                    "primary": false,
                    "value": "DB00320"
                },
                "name": "Dihydroergotamine",
                "description": "The therapeutic efficacy of Dihydroergotamine can be decreased when used in combination with Fallypride."
            },
            {
                "drugbank-id": {
                    "primary": false,
                    "value": "DB00589"
                },
                "name": "Lisuride",
                "description": "The therapeutic efficacy of Lisuride can be decreased when used in combination with Fallypride."
            },
            {
                "drugbank-id": {
                    "primary": false,
                    "value": "DB00800"
                },
                "name": "Fenoldopam",
                "description": "The therapeutic efficacy of Fenoldopam can be decreased when used in combination with Fallypride."
            },
            {
                "drugbank-id": {
                    "primary": false,
                    "value": "DB01049"
                },
                "name": "Ergoloid mesylate",
                "description": "The therapeutic efficacy of Ergoloid mesylate can be decreased when used in combination with Fallypride."
            },
            {
                "drugbank-id": {
                    "primary": false,
                    "value": "DB01186"
                },
                "name": "Pergolide",
                "description": "The therapeutic efficacy of Pergolide can be decreased when used in combination with Fallypride."
            },
            {
                "drugbank-id": {
                    "primary": false,
                    "value": "DB01238"
                },
                "name": "Aripiprazole",
                "description": "The therapeutic efficacy of Aripiprazole can be decreased when used in combination with Fallypride."
            },
            {
                "drugbank-id": {
                    "primary": false,
                    "value": "DB09097"
                },
                "name": "Quinagolide",
                "description": "The therapeutic efficacy of Quinagolide can be decreased when used in combination with Fallypride."
            },
            {
                "drugbank-id": {
                    "primary": false,
                    "value": "DB09128"
                },
                "name": "Brexpiprazole",
                "description": "The therapeutic efficacy of Brexpiprazole can be decreased when used in combination with Fallypride."
            },
            {
                "drugbank-id": {
                    "primary": false,
                    "value": "DB11273"
                },
                "name": "Dihydroergocornine",
                "description": "The therapeutic efficacy of Dihydroergocornine can be decreased when used in combination with Fallypride."
            },
            {
                "drugbank-id": {
                    "primary": false,
                    "value": "DB12313"
                },
                "name": "Dopexamine",
                "description": "The therapeutic efficacy of Dopexamine can be decreased when used in combination with Fallypride."
            },
            {
                "drugbank-id": {
                    "primary": false,
                    "value": "DB12890"
                },
                "name": "Dihydrexidine",
                "description": "The therapeutic efficacy of Dihydrexidine can be decreased when used in combination with Fallypride."
            },
            {
                "drugbank-id": {
                    "primary": false,
                    "value": "DB13385"
                },
                "name": "Dihydroergocryptine",
                "description": "The therapeutic efficacy of Dihydroergocryptine can be decreased when used in combination with Fallypride."
            },
            {
                "drugbank-id": {
                    "primary": false,
                    "value": "DB13520"
                },
                "name": "Metergoline",
                "description": "The therapeutic efficacy of Metergoline can be decreased when used in combination with Fallypride."
            },
            {
                "drugbank-id": {
                    "primary": false,
                    "value": "DB00268"
                },
                "name": "Ropinirole",
                "description": "The therapeutic efficacy of Ropinirole can be decreased when used in combination with Fallypride."
            },
            {
                "drugbank-id": {
                    "primary": false,
                    "value": "DB00245"
                },
                "name": "Benzatropine",
                "description": "The risk or severity of adverse effects can be increased when Fallypride is combined with Benzatropine."
            },
            {
                "drugbank-id": {
                    "primary": false,
                    "value": "DB00413"
                },
                "name": "Pramipexole",
                "description": "The therapeutic efficacy of Pramipexole can be decreased when used in combination with Fallypride."
            },
            {
                "drugbank-id": {
                    "primary": false,
                    "value": "DB11275"
                },
                "name": "Epicriptine",
                "description": "The therapeutic efficacy of Epicriptine can be decreased when used in combination with Fallypride."
            }
        ]
    },
    "calculated-properties": {
        "property": [
            {
                "kind": "logP",
                "value": "2.76",
                "source": "ALOGPS"
            },
            {
                "kind": "logS",
                "value": "-3.9",
                "source": "ALOGPS"
            },
            {
                "kind": "Water Solubility",
                "value": "4.19e-02 g/l",
                "source": "ALOGPS"
            },
            {
                "kind": "logP",
                "value": "2.8",
                "source": "ChemAxon"
            },
            {
                "kind": "IUPAC Name",
                "value": "5-(3-fluoropropyl)-2,3-dimethoxy-N-{[(2S)-1-(prop-2-en-1-yl)pyrrolidin-2-yl]methyl}benzamide",
                "source": "ChemAxon"
            },
            {
                "kind": "Traditional IUPAC Name",
                "value": "(2R)-14-fluoro-2-methyl-6,9,10,19-tetraazapentacyclo[14.2.1.0^{2,6}.0^{8,18}.0^{12,17}]nonadeca-1(18),8,12(17),13,15-pentaen-11-one",
                "source": "ChemAxon"
            },
            {
                "kind": "Molecular Weight",
                "value": "364.461",
                "source": "ChemAxon"
            },
            {
                "kind": "Monoisotopic Weight",
                "value": "364.216220965",
                "source": "ChemAxon"
            },
            {
                "kind": "SMILES",
                "value": "COC1=C(OC)C(=CC(CCCF)=C1)C(=O)NC[C@@H]1CCCN1CC=C",
                "source": "ChemAxon"
            },
            {
                "kind": "Molecular Formula",
                "value": "C20H29FN2O3",
                "source": "ChemAxon"
            },
            {
                "kind": "InChI",
                "value": "InChI=1S/C20H29FN2O3/c1-4-10-23-11-6-8-16(23)14-22-20(24)17-12-15(7-5-9-21)13-18(25-2)19(17)26-3/h4,12-13,16H,1,5-11,14H2,2-3H3,(H,22,24)/t16-/m0/s1",
                "source": "ChemAxon"
            },
            {
                "kind": "InChIKey",
                "value": "OABRYNHZQBZDMG-INIZCTEOSA-N",
                "source": "ChemAxon"
            },
            {
                "kind": "Polar Surface Area (PSA)",
                "value": "50.8",
                "source": "ChemAxon"
            },
            {
                "kind": "Refractivity",
                "value": "101.83",
                "source": "ChemAxon"
            },
            {
                "kind": "Polarizability",
                "value": "40.09",
                "source": "ChemAxon"
            },
            {
                "kind": "Rotatable Bond Count",
                "value": "10",
                "source": "ChemAxon"
            },
            {
                "kind": "H Bond Acceptor Count",
                "value": "4",
                "source": "ChemAxon"
            },
            {
                "kind": "H Bond Donor Count",
                "value": "1",
                "source": "ChemAxon"
            },
            {
                "kind": "pKa (strongest acidic)",
                "value": "13.84",
                "source": "ChemAxon"
            },
            {
                "kind": "pKa (strongest basic)",
                "value": "7.93",
                "source": "ChemAxon"
            },
            {
                "kind": "Physiological Charge",
                "value": "1",
                "source": "ChemAxon"
            },
            {
                "kind": "Number of Rings",
                "value": "2",
                "source": "ChemAxon"
            },
            {
                "kind": "Bioavailability",
                "value": "1",
                "source": "ChemAxon"
            },
            {
                "kind": "Rule of Five",
                "value": "1",
                "source": "ChemAxon"
            },
            {
                "kind": "Ghose Filter",
                "value": "1",
                "source": "ChemAxon"
            },
            {
                "kind": "MDDR-Like Rule",
                "value": "0",
                "source": "ChemAxon"
            }
        ]
    },
    "experimental-properties": null,
    "external-identifiers": {
        "external-identifier": [
            {
                "resource": "ChemSpider",
                "identifier": "8197265"
            },
            {
                "resource": "BindingDB",
                "identifier": "50220541"
            },
            {
                "resource": "Wikipedia",
                "identifier": "Fallypride"
            },
            {
                "resource": "ChEMBL",
                "identifier": "CHEMBL392158"
            },
            {
                "resource": "ZINC",
                "identifier": "ZINC000006483622"
            }
        ]
    },
    "external-links": null,
    "pathways": null,
    "reactions": null,
    "snp-effects": null,
    "snp-adverse-drug-reactions": null,
    "targets": null,
    "enzymes": null,
    "carriers": null,
    "transporters": null
}