{
    "type": "small molecule",
    "created": "2019-05-20",
    "updated": "2020-06-12",
    "drugbank-id": [
        {
            "primary": true,
            "value": "DB15098"
        }
    ],
    "name": "Morinidazole",
    "description": "Morinidazole is under investigation in clinical trial NCT03380793 (A Trial to Assess the Efficacy and Safety of Morinidazole in Patients With Appendicitis).",
    "cas-number": "92478-27-8",
    "unii": "TUPWG40JAL",
    "average-mass": 270.289,
    "monoisotopic-mass": 270.132805076,
    "groups": {
        "group": [
            "investigational"
        ]
    },
    "general-references": {
        "articles": null,
        "textbooks": null,
        "links": null,
        "attachments": null
    },
    "synthesis-reference": null,
    "indication": null,
    "pharmacodynamics": null,
    "mechanism-of-action": null,
    "toxicity": null,
    "metabolism": null,
    "absorption": null,
    "half-life": null,
    "protein-binding": null,
    "route-of-elimination": null,
    "volume-of-distribution": null,
    "clearance": null,
    "salts": null,
    "synonyms": null,
    "products": null,
    "international-brands": null,
    "mixtures": null,
    "packagers": null,
    "manufacturers": null,
    "prices": null,
    "categories": {
        "category": [
            {
                "category": "Imidazoles",
                "mesh-id": "D007093"
            },
            {
                "category": "Nitro Compounds",
                "mesh-id": "D009574"
            }
        ]
    },
    "affected-organisms": null,
    "dosages": null,
    "atc-codes": null,
    "ahfs-codes": null,
    "pdb-entries": null,
    "patents": null,
    "food-interactions": null,
    "drug-interactions": null,
    "calculated-properties": {
        "property": [
            {
                "kind": "logP",
                "value": "-0.31",
                "source": "ALOGPS"
            },
            {
                "kind": "logS",
                "value": "-1.3",
                "source": "ALOGPS"
            },
            {
                "kind": "Water Solubility",
                "value": "1.25e+01 g/l",
                "source": "ALOGPS"
            },
            {
                "kind": "logP",
                "value": "-0.6",
                "source": "ChemAxon"
            },
            {
                "kind": "IUPAC Name",
                "value": "1-(2-methyl-5-nitro-1H-imidazol-1-yl)-3-(morpholin-4-yl)propan-2-ol",
                "source": "ChemAxon"
            },
            {
                "kind": "Traditional IUPAC Name",
                "value": "(2R)-14-fluoro-2-methyl-6,9,10,19-tetraazapentacyclo[14.2.1.0^{2,6}.0^{8,18}.0^{12,17}]nonadeca-1(18),8,12(17),13,15-pentaen-11-one",
                "source": "ChemAxon"
            },
            {
                "kind": "Molecular Weight",
                "value": "270.289",
                "source": "ChemAxon"
            },
            {
                "kind": "Monoisotopic Weight",
                "value": "270.132805076",
                "source": "ChemAxon"
            },
            {
                "kind": "SMILES",
                "value": "CC1=NC=C(N1CC(O)CN1CCOCC1)[N+]([O-])=O",
                "source": "ChemAxon"
            },
            {
                "kind": "Molecular Formula",
                "value": "C11H18N4O4",
                "source": "ChemAxon"
            },
            {
                "kind": "InChI",
                "value": "InChI=1S/C11H18N4O4/c1-9-12-6-11(15(17)18)14(9)8-10(16)7-13-2-4-19-5-3-13/h6,10,16H,2-5,7-8H2,1H3",
                "source": "ChemAxon"
            },
            {
                "kind": "InChIKey",
                "value": "GAZGHCHCYRSPIV-UHFFFAOYSA-N",
                "source": "ChemAxon"
            },
            {
                "kind": "Polar Surface Area (PSA)",
                "value": "93.66",
                "source": "ChemAxon"
            },
            {
                "kind": "Refractivity",
                "value": "66.98",
                "source": "ChemAxon"
            },
            {
                "kind": "Polarizability",
                "value": "26.61",
                "source": "ChemAxon"
            },
            {
                "kind": "Rotatable Bond Count",
                "value": "5",
                "source": "ChemAxon"
            },
            {
                "kind": "H Bond Acceptor Count",
                "value": "6",
                "source": "ChemAxon"
            },
            {
                "kind": "H Bond Donor Count",
                "value": "1",
                "source": "ChemAxon"
            },
            {
                "kind": "pKa (strongest acidic)",
                "value": "14.37",
                "source": "ChemAxon"
            },
            {
                "kind": "pKa (strongest basic)",
                "value": "6.47",
                "source": "ChemAxon"
            },
            {
                "kind": "Physiological Charge",
                "value": "0",
                "source": "ChemAxon"
            },
            {
                "kind": "Number of Rings",
                "value": "2",
                "source": "ChemAxon"
            },
            {
                "kind": "Bioavailability",
                "value": "1",
                "source": "ChemAxon"
            },
            {
                "kind": "Rule of Five",
                "value": "1",
                "source": "ChemAxon"
            },
            {
                "kind": "Ghose Filter",
                "value": "0",
                "source": "ChemAxon"
            },
            {
                "kind": "MDDR-Like Rule",
                "value": "0",
                "source": "ChemAxon"
            }
        ]
    },
    "experimental-properties": null,
    "external-identifiers": {
        "external-identifier": [
            {
                "resource": "ChemSpider",
                "identifier": "9819465"
            },
            {
                "resource": "ChEMBL",
                "identifier": "CHEMBL3884248"
            }
        ]
    },
    "external-links": null,
    "pathways": null,
    "reactions": null,
    "snp-effects": null,
    "snp-adverse-drug-reactions": null,
    "targets": null,
    "enzymes": null,
    "carriers": null,
    "transporters": null
}