{
    "type": "small molecule",
    "created": "2019-05-20",
    "updated": "2020-06-12",
    "drugbank-id": [
        {
            "primary": true,
            "value": "DB15429"
        }
    ],
    "name": "Thioglycolic acid",
    "description": "Thioglycolic acid is under investigation in clinical trial NCT03238105 (Treatment of Periorbicular Hyperchromia Comparing 10% Thioglycolic Acid Peeling Versus Pulsed Intense Light).",
    "cas-number": "68-11-1",
    "unii": "7857H94KHM",
    "average-mass": 92.117,
    "monoisotopic-mass": 91.993200062,
    "groups": {
        "group": [
            "investigational"
        ]
    },
    "general-references": {
        "articles": null,
        "textbooks": null,
        "links": null,
        "attachments": null
    },
    "synthesis-reference": null,
    "indication": null,
    "pharmacodynamics": null,
    "mechanism-of-action": null,
    "toxicity": null,
    "metabolism": null,
    "absorption": null,
    "half-life": null,
    "protein-binding": null,
    "route-of-elimination": null,
    "volume-of-distribution": null,
    "clearance": null,
    "classification": {
        "description": "This compound belongs to the class of organic compounds known as alpha-mercaptocarboxylic acids. These are carboxylic acids that bear a thiol group at the C-2 position. Alpha-mercaptocarboxylic acids have the general formula RC(S)C(=O)O, where R = H, organyl group.",
        "direct-parent": "alpha-Mercaptocarboxylic acids",
        "kingdom": "Organic compounds",
        "superclass": "Organic acids and derivatives",
        "class": "Carboxylic acids and derivatives",
        "subclass": "Carboxylic acids",
        "alternative-parent": [
            "Alkylthiols",
            "Carbonyl compounds",
            "Hydrocarbon derivatives",
            "Monocarboxylic acids and derivatives",
            "Organic oxides"
        ],
        "substituent": [
            "2-mercaptocarboxylic acid",
            "Aliphatic acyclic compound",
            "Alkylthiol",
            "Carbonyl group",
            "Hydrocarbon derivative",
            "Monocarboxylic acid or derivatives",
            "Organic oxide",
            "Organic oxygen compound",
            "Organooxygen compound",
            "Organosulfur compound"
        ]
    },
    "salts": null,
    "synonyms": null,
    "products": null,
    "international-brands": null,
    "mixtures": null,
    "packagers": null,
    "manufacturers": null,
    "prices": null,
    "categories": {
        "category": [
            {
                "category": "Acetates",
                "mesh-id": "D000085"
            },
            {
                "category": "Acids, Acyclic",
                "mesh-id": "D000144"
            },
            {
                "category": "Sulfhydryl Compounds",
                "mesh-id": "D013438"
            },
            {
                "category": "Sulfur Compounds",
                "mesh-id": "D013457"
            }
        ]
    },
    "affected-organisms": null,
    "dosages": null,
    "atc-codes": null,
    "ahfs-codes": null,
    "pdb-entries": {
        "pdb-entry": [
            "1t0q",
            "1t0s",
            "3vqz",
            "3w92",
            "6jed"
        ]
    },
    "patents": null,
    "food-interactions": null,
    "drug-interactions": null,
    "calculated-properties": {
        "property": [
            {
                "kind": "logP",
                "value": "0.09",
                "source": "ALOGPS"
            },
            {
                "kind": "logS",
                "value": "-0.61",
                "source": "ALOGPS"
            },
            {
                "kind": "Water Solubility",
                "value": "2.26e+01 g/l",
                "source": "ALOGPS"
            },
            {
                "kind": "logP",
                "value": "0.0032",
                "source": "ChemAxon"
            },
            {
                "kind": "IUPAC Name",
                "value": "2-sulfanylacetic acid",
                "source": "ChemAxon"
            },
            {
                "kind": "Traditional IUPAC Name",
                "value": "(2R)-14-fluoro-2-methyl-6,9,10,19-tetraazapentacyclo[14.2.1.0^{2,6}.0^{8,18}.0^{12,17}]nonadeca-1(18),8,12(17),13,15-pentaen-11-one",
                "source": "ChemAxon"
            },
            {
                "kind": "Molecular Weight",
                "value": "92.117",
                "source": "ChemAxon"
            },
            {
                "kind": "Monoisotopic Weight",
                "value": "91.993200062",
                "source": "ChemAxon"
            },
            {
                "kind": "SMILES",
                "value": "OC(=O)CS",
                "source": "ChemAxon"
            },
            {
                "kind": "Molecular Formula",
                "value": "C2H4O2S",
                "source": "ChemAxon"
            },
            {
                "kind": "InChI",
                "value": "InChI=1S/C2H4O2S/c3-2(4)1-5/h5H,1H2,(H,3,4)",
                "source": "ChemAxon"
            },
            {
                "kind": "InChIKey",
                "value": "CWERGRDVMFNCDR-UHFFFAOYSA-N",
                "source": "ChemAxon"
            },
            {
                "kind": "Polar Surface Area (PSA)",
                "value": "37.3",
                "source": "ChemAxon"
            },
            {
                "kind": "Refractivity",
                "value": "20.47",
                "source": "ChemAxon"
            },
            {
                "kind": "Polarizability",
                "value": "8.17",
                "source": "ChemAxon"
            },
            {
                "kind": "Rotatable Bond Count",
                "value": "1",
                "source": "ChemAxon"
            },
            {
                "kind": "H Bond Acceptor Count",
                "value": "2",
                "source": "ChemAxon"
            },
            {
                "kind": "H Bond Donor Count",
                "value": "2",
                "source": "ChemAxon"
            },
            {
                "kind": "pKa (strongest acidic)",
                "value": "4.2",
                "source": "ChemAxon"
            },
            {
                "kind": "Physiological Charge",
                "value": "-1",
                "source": "ChemAxon"
            },
            {
                "kind": "Number of Rings",
                "value": "0",
                "source": "ChemAxon"
            },
            {
                "kind": "Bioavailability",
                "value": "1",
                "source": "ChemAxon"
            },
            {
                "kind": "Rule of Five",
                "value": "1",
                "source": "ChemAxon"
            },
            {
                "kind": "Ghose Filter",
                "value": "0",
                "source": "ChemAxon"
            },
            {
                "kind": "MDDR-Like Rule",
                "value": "0",
                "source": "ChemAxon"
            }
        ]
    },
    "experimental-properties": null,
    "external-identifiers": {
        "external-identifier": [
            {
                "resource": "ChEBI",
                "identifier": "30065"
            },
            {
                "resource": "KEGG Compound",
                "identifier": "C02086"
            },
            {
                "resource": "ChemSpider",
                "identifier": "1101"
            },
            {
                "resource": "BindingDB",
                "identifier": "50336509"
            },
            {
                "resource": "PDB",
                "identifier": "MCR"
            },
            {
                "resource": "Wikipedia",
                "identifier": "Thioglycolic_acid"
            },
            {
                "resource": "ChEMBL",
                "identifier": "CHEMBL116455"
            },
            {
                "resource": "ZINC",
                "identifier": "ZINC000004658574"
            }
        ]
    },
    "external-links": null,
    "pathways": null,
    "reactions": null,
    "snp-effects": null,
    "snp-adverse-drug-reactions": null,
    "targets": null,
    "enzymes": null,
    "carriers": null,
    "transporters": null
}