{
    "type": "biotech",
    "created": "2019-10-10",
    "updated": "2020-06-12",
    "drugbank-id": [
        {
            "primary": true,
            "value": "DB15545"
        }
    ],
    "name": "Pisum sativum whole",
    "description": "Pisum sativum whole allergenic extract is used in allergenic testing.",
    "cas-number": null,
    "unii": "J21YE3W98E",
    "groups": {
        "group": [
            "approved"
        ]
    },
    "general-references": {
        "articles": null,
        "textbooks": null,
        "links": null,
        "attachments": null
    },
    "synthesis-reference": null,
    "indication": null,
    "pharmacodynamics": null,
    "mechanism-of-action": null,
    "toxicity": null,
    "metabolism": null,
    "absorption": null,
    "half-life": null,
    "protein-binding": null,
    "route-of-elimination": null,
    "volume-of-distribution": null,
    "clearance": null,
    "salts": null,
    "synonyms": {
        "synonym": [
            {
                "language": "english",
                "coder": "",
                "value": "Garden pea whole"
            },
            {
                "language": "english",
                "coder": "",
                "value": "Lathyrus oleraceus whole"
            },
            {
                "language": "english",
                "coder": "",
                "value": "Pisum abyssinicum whole"
            },
            {
                "language": "english",
                "coder": "",
                "value": "Pisum album whole"
            },
            {
                "language": "english",
                "coder": "",
                "value": "Pisum arvense whole"
            },
            {
                "language": "english",
                "coder": "",
                "value": "Pisum biflorum whole"
            },
            {
                "language": "english",
                "coder": "",
                "value": "Pisum elatius whole"
            },
            {
                "language": "english",
                "coder": "",
                "value": "Pisum leptolobum whole"
            },
            {
                "language": "english",
                "coder": "",
                "value": "Pisum quadratum whole"
            },
            {
                "language": "english",
                "coder": "",
                "value": "Pisum ramulare whole"
            },
            {
                "language": "english",
                "coder": "",
                "value": "Pisum saccharatum whole"
            },
            {
                "language": "english",
                "coder": "",
                "value": "Pisum sativum l."
            },
            {
                "language": "english",
                "coder": "",
                "value": "Pisum sativum whole"
            },
            {
                "language": "english",
                "coder": "",
                "value": "Pisum thebaicum whole"
            },
            {
                "language": "english",
                "coder": "",
                "value": "Pisum umbellatum whole"
            },
            {
                "language": "english",
                "coder": "",
                "value": "Pisum vulgare whole"
            }
        ]
    },
    "products": {
        "product": [
            {
                "name": "Green English Pea",
                "labeller": "Greer Laboratories, Inc.",
                "ndc-id": null,
                "ndc-product-code": "22840-5737",
                "dpd-id": null,
                "ema-product-code": null,
                "ema-ma-number": null,
                "started-marketing-on": "1981-09-15",
                "ended-marketing-on": null,
                "dosage-form": "Solution",
                "strength": "0.05 g/1mL",
                "route": "Intradermal; Percutaneous; Subcutaneous",
                "fda-application-number": "BLA101833",
                "generic": false,
                "over-the-counter": false,
                "approved": true,
                "country": "US",
                "source": "FDA NDC"
            }
        ]
    },
    "international-brands": null,
    "mixtures": null,
    "packagers": null,
    "manufacturers": null,
    "prices": null,
    "categories": null,
    "affected-organisms": null,
    "dosages": {
        "dosage": [
            {
                "form": "Solution",
                "route": "Intradermal; Percutaneous; Subcutaneous",
                "strength": "0.05 g/1mL"
            }
        ]
    },
    "atc-codes": null,
    "ahfs-codes": null,
    "pdb-entries": null,
    "patents": null,
    "food-interactions": null,
    "drug-interactions": null,
    "sequences": null,
    "experimental-properties": null,
    "external-identifiers": {
        "external-identifier": [
            {
                "resource": "RxCUI",
                "identifier": "1866393"
            }
        ]
    },
    "external-links": null,
    "pathways": null,
    "reactions": null,
    "snp-effects": null,
    "snp-adverse-drug-reactions": null,
    "targets": null,
    "enzymes": null,
    "carriers": null,
    "transporters": null
}