{
    "type": "biotech",
    "created": "2019-10-10",
    "updated": "2020-06-12",
    "drugbank-id": [
        {
            "primary": true,
            "value": "DB15548"
        }
    ],
    "name": "Channel catfish",
    "description": "Channel catfish allergenic extract is used in allergenic testing.",
    "cas-number": null,
    "unii": "FIX499R7DR",
    "groups": {
        "group": [
            "approved"
        ]
    },
    "general-references": {
        "articles": null,
        "textbooks": null,
        "links": null,
        "attachments": null
    },
    "synthesis-reference": null,
    "indication": null,
    "pharmacodynamics": null,
    "mechanism-of-action": null,
    "toxicity": null,
    "metabolism": null,
    "absorption": null,
    "half-life": null,
    "protein-binding": null,
    "route-of-elimination": null,
    "volume-of-distribution": null,
    "clearance": null,
    "salts": null,
    "synonyms": {
        "synonym": [
            {
                "language": "english",
                "coder": "",
                "value": "Catfish (ictalurus punctatus)"
            },
            {
                "language": "english",
                "coder": "",
                "value": "Catfish,channel,farmed,raw"
            },
            {
                "language": "english",
                "coder": "",
                "value": "Catfish,channel,wild,raw"
            },
            {
                "language": "english",
                "coder": "",
                "value": "Channel catfish"
            },
            {
                "language": "english",
                "coder": "",
                "value": "Channel catfish flesh"
            },
            {
                "language": "english",
                "coder": "",
                "value": "Fish, catfish, channel, farmed, raw"
            },
            {
                "language": "english",
                "coder": "",
                "value": "Fish, catfish, channel, wild, raw"
            },
            {
                "language": "english",
                "coder": "",
                "value": "Graceful catfish"
            },
            {
                "language": "english",
                "coder": "",
                "value": "Graceful catfish flesh"
            },
            {
                "language": "english",
                "coder": "",
                "value": "Ictalurus punctatus flesh"
            },
            {
                "language": "english",
                "coder": "",
                "value": "Ictalurus punctatus muscle"
            },
            {
                "language": "english",
                "coder": "",
                "value": "Lake catfish"
            },
            {
                "language": "english",
                "coder": "",
                "value": "Silurus punctatus flesh"
            },
            {
                "language": "english",
                "coder": "",
                "value": "Spotted cat"
            }
        ]
    },
    "products": {
        "product": [
            {
                "name": "Catfish",
                "labeller": "Greer Laboratories, Inc.",
                "ndc-id": null,
                "ndc-product-code": "22840-5767",
                "dpd-id": null,
                "ema-product-code": null,
                "ema-ma-number": null,
                "started-marketing-on": "1981-09-15",
                "ended-marketing-on": null,
                "dosage-form": "Solution",
                "strength": "0.05 g/1mL",
                "route": "Intradermal; Percutaneous; Subcutaneous",
                "fda-application-number": "BLA101833",
                "generic": false,
                "over-the-counter": false,
                "approved": true,
                "country": "US",
                "source": "FDA NDC"
            }
        ]
    },
    "international-brands": null,
    "mixtures": null,
    "packagers": null,
    "manufacturers": null,
    "prices": null,
    "categories": null,
    "affected-organisms": null,
    "dosages": {
        "dosage": [
            {
                "form": "Solution",
                "route": "Intradermal; Percutaneous; Subcutaneous",
                "strength": "0.05 g/1mL"
            }
        ]
    },
    "atc-codes": null,
    "ahfs-codes": null,
    "pdb-entries": null,
    "patents": null,
    "food-interactions": null,
    "drug-interactions": null,
    "sequences": null,
    "experimental-properties": null,
    "external-identifiers": {
        "external-identifier": [
            {
                "resource": "Wikipedia",
                "identifier": "Channel_catfish"
            },
            {
                "resource": "RxCUI",
                "identifier": "2102475"
            }
        ]
    },
    "external-links": null,
    "pathways": null,
    "reactions": null,
    "snp-effects": null,
    "snp-adverse-drug-reactions": null,
    "targets": null,
    "enzymes": null,
    "carriers": null,
    "transporters": null
}