{
    "type": "small molecule",
    "created": "2019-05-20",
    "updated": "2020-12-21",
    "drugbank-id": [
        {
            "primary": true,
            "value": "DB15373"
        }
    ],
    "name": "Tilmanocept",
    "description": "Tilmanocept is under investigation in clinical trial NCT03241446 (Pharmacokinetics and Dosimetry of Tc 99m Tilmanocept Following a Single Intravenous Dose Administration in Male and Female Subjects Diagnosed With Rheumatoid Arthritis (RA)).",
    "cas-number": "1185986-76-8",
    "unii": "MDU8BQ474H",
    "groups": {
        "group": [
            "approved",
            "investigational"
        ]
    },
    "general-references": {
        "articles": null,
        "textbooks": null,
        "links": null,
        "attachments": null
    },
    "synthesis-reference": null,
    "indication": null,
    "pharmacodynamics": null,
    "mechanism-of-action": null,
    "toxicity": null,
    "metabolism": null,
    "absorption": null,
    "half-life": null,
    "protein-binding": null,
    "route-of-elimination": null,
    "volume-of-distribution": null,
    "clearance": null,
    "salts": null,
    "synonyms": null,
    "products": {
        "product": [
            {
                "name": "Lymphoseek",
                "labeller": "Navidea Biopharmaceuticals Europe Ltd.",
                "ndc-id": null,
                "ndc-product-code": null,
                "dpd-id": null,
                "ema-product-code": "EMEA/H/C/002085",
                "ema-ma-number": "EU/1/14/955/002",
                "started-marketing-on": "2020-12-16",
                "ended-marketing-on": null,
                "dosage-form": "Kit",
                "strength": "50 µg",
                "route": null,
                "fda-application-number": null,
                "generic": false,
                "over-the-counter": false,
                "approved": true,
                "country": "EU",
                "source": "EMA"
            },
            {
                "name": "Lymphoseek",
                "labeller": "Navidea Biopharmaceuticals Europe Ltd.",
                "ndc-id": null,
                "ndc-product-code": null,
                "dpd-id": null,
                "ema-product-code": "EMEA/H/C/002085",
                "ema-ma-number": "EU/1/14/955/001",
                "started-marketing-on": "2020-12-16",
                "ended-marketing-on": null,
                "dosage-form": "Kit",
                "strength": "50 µg",
                "route": null,
                "fda-application-number": null,
                "generic": false,
                "over-the-counter": false,
                "approved": true,
                "country": "EU",
                "source": "EMA"
            }
        ]
    },
    "international-brands": null,
    "mixtures": {
        "mixture": [
            {
                "name": "Lymphoseek",
                "ingredients": "Tilmanocept"
            },
            {
                "name": "Lymphoseek",
                "ingredients": "Tilmanocept"
            }
        ]
    },
    "packagers": null,
    "manufacturers": null,
    "prices": null,
    "categories": null,
    "affected-organisms": null,
    "dosages": {
        "dosage": [
            {
                "form": "Injection, powder, lyophilized, for solution; kit",
                "route": "Intradermal; Intratumor; Subcutaneous",
                "strength": "50 mcg"
            },
            {
                "form": "Kit",
                "route": null,
                "strength": "50 µg"
            }
        ]
    },
    "atc-codes": null,
    "ahfs-codes": null,
    "pdb-entries": null,
    "patents": null,
    "food-interactions": null,
    "drug-interactions": null,
    "calculated-properties": null,
    "experimental-properties": null,
    "external-identifiers": {
        "external-identifier": [
            {
                "resource": "Wikipedia",
                "identifier": "Technetium_(99mTc)_tilmanocept"
            }
        ]
    },
    "external-links": null,
    "pathways": null,
    "reactions": null,
    "snp-effects": null,
    "snp-adverse-drug-reactions": null,
    "targets": null,
    "enzymes": null,
    "carriers": null,
    "transporters": null
}