{
    "type": "biotech",
    "created": "2019-05-20",
    "updated": "2021-02-21",
    "drugbank-id": [
        {
            "primary": true,
            "value": "DB15332"
        }
    ],
    "name": "Radavirsen",
    "description": "Radavirsen is under investigation in clinical trial NCT01375985 (Safety Study of Single Administration Intravenous Treatment for Influenza).",
    "cas-number": "1228284-45-4",
    "unii": "9P30PF804H",
    "groups": {
        "group": [
            "investigational"
        ]
    },
    "general-references": {
        "articles": null,
        "textbooks": null,
        "links": null,
        "attachments": null
    },
    "synthesis-reference": null,
    "indication": null,
    "pharmacodynamics": null,
    "mechanism-of-action": null,
    "toxicity": null,
    "metabolism": null,
    "absorption": null,
    "half-life": null,
    "protein-binding": null,
    "route-of-elimination": null,
    "volume-of-distribution": null,
    "clearance": null,
    "salts": null,
    "synonyms": {
        "synonym": [
            {
                "language": "english",
                "coder": "inn/usan",
                "value": "Radavirsen"
            }
        ]
    },
    "products": null,
    "international-brands": null,
    "mixtures": null,
    "packagers": null,
    "manufacturers": null,
    "prices": null,
    "categories": {
        "category": [
            {
                "category": "Anti-Infective Agents",
                "mesh-id": "D000890"
            },
            {
                "category": "Antiviral Agents",
                "mesh-id": "D000998"
            },
            {
                "category": "Morpholines",
                "mesh-id": "D009025"
            },
            {
                "category": "Nucleic Acids, Nucleotides, and Nucleosides",
                "mesh-id": "D009706"
            },
            {
                "category": "Nucleotides",
                "mesh-id": "D009711"
            },
            {
                "category": "Oligonucleotides",
                "mesh-id": "D009841"
            },
            {
                "category": "Oxazines",
                "mesh-id": "D010078"
            },
            {
                "category": "Polynucleotides",
                "mesh-id": "D011119"
            }
        ]
    },
    "affected-organisms": null,
    "dosages": null,
    "atc-codes": null,
    "ahfs-codes": null,
    "pdb-entries": null,
    "patents": null,
    "food-interactions": null,
    "drug-interactions": {
        "drug-interaction": [
            {
                "drugbank-id": {
                    "primary": false,
                    "value": "DB10317"
                },
                "name": "Rubella virus vaccine",
                "description": "The therapeutic efficacy of Rubella virus vaccine can be decreased when used in combination with Radavirsen."
            },
            {
                "drugbank-id": {
                    "primary": false,
                    "value": "DB10343"
                },
                "name": "Bacillus calmette-guerin substrain tice live antigen",
                "description": "The therapeutic efficacy of Bacillus calmette-guerin substrain tice live antigen can be decreased when used in combination with Radavirsen."
            },
            {
                "drugbank-id": {
                    "primary": false,
                    "value": "DB10804"
                },
                "name": "Bacillus calmette-guerin substrain connaught live antigen",
                "description": "The therapeutic efficacy of Bacillus calmette-guerin substrain connaught live antigen can be decreased when used in combination with Radavirsen."
            },
            {
                "drugbank-id": {
                    "primary": false,
                    "value": "DB10805"
                },
                "name": "Yellow fever vaccine",
                "description": "The therapeutic efficacy of Yellow fever vaccine can be decreased when used in combination with Radavirsen."
            },
            {
                "drugbank-id": {
                    "primary": false,
                    "value": "DB11003"
                },
                "name": "Anthrax vaccine",
                "description": "The therapeutic efficacy of Anthrax vaccine can be decreased when used in combination with Radavirsen."
            },
            {
                "drugbank-id": {
                    "primary": false,
                    "value": "DB11050"
                },
                "name": "Typhoid Vaccine Live",
                "description": "The therapeutic efficacy of Typhoid Vaccine Live can be decreased when used in combination with Radavirsen."
            },
            {
                "drugbank-id": {
                    "primary": false,
                    "value": "DB12768"
                },
                "name": "BCG vaccine",
                "description": "The therapeutic efficacy of BCG vaccine can be decreased when used in combination with Radavirsen."
            },
            {
                "drugbank-id": {
                    "primary": false,
                    "value": "DB14409"
                },
                "name": "Human adenovirus e serotype 4 strain cl-68578 antigen",
                "description": "The therapeutic efficacy of Human adenovirus e serotype 4 strain cl-68578 antigen can be decreased when used in combination with Radavirsen."
            },
            {
                "drugbank-id": {
                    "primary": false,
                    "value": "DB14443"
                },
                "name": "Vibrio cholerae CVD 103-HgR strain live antigen",
                "description": "The therapeutic efficacy of Vibrio cholerae CVD 103-HgR strain live antigen can be decreased when used in combination with Radavirsen."
            },
            {
                "drugbank-id": {
                    "primary": false,
                    "value": "DB14685"
                },
                "name": "Adenovirus type 7 vaccine live",
                "description": "The therapeutic efficacy of Adenovirus type 7 vaccine live can be decreased when used in combination with Radavirsen."
            },
            {
                "drugbank-id": {
                    "primary": false,
                    "value": "DB10318"
                },
                "name": "Varicella zoster vaccine (live/attenuated)",
                "description": "The therapeutic efficacy of Varicella zoster vaccine (live/attenuated) can be decreased when used in combination with Radavirsen."
            },
            {
                "drugbank-id": {
                    "primary": false,
                    "value": "DB16648"
                },
                "name": "Bacillus calmette-guerin substrain russian BCG-I live antigen",
                "description": "The therapeutic efficacy of Bacillus calmette-guerin substrain russian BCG-I live antigen can be decreased when used in combination with Radavirsen."
            }
        ]
    },
    "sequences": null,
    "experimental-properties": null,
    "external-identifiers": null,
    "external-links": null,
    "pathways": null,
    "reactions": null,
    "snp-effects": null,
    "snp-adverse-drug-reactions": null,
    "targets": null,
    "enzymes": null,
    "carriers": null,
    "transporters": null
}