{
    "type": "small molecule",
    "created": "2019-05-20",
    "updated": "2020-06-12",
    "drugbank-id": [
        {
            "primary": true,
            "value": "DB15424"
        }
    ],
    "name": "Bfpet F-18",
    "description": "Bfpet F-18 is under investigation in clinical trial NCT03265431 (Evaluation of PET/MR in Patients Selected for Ablation Therapy).",
    "cas-number": "863644-14-8",
    "unii": "BHG7KQ27XV",
    "average-mass": 356.39,
    "monoisotopic-mass": 356.122826697,
    "groups": {
        "group": [
            "investigational"
        ]
    },
    "general-references": {
        "articles": null,
        "textbooks": null,
        "links": null,
        "attachments": null
    },
    "synthesis-reference": null,
    "indication": null,
    "pharmacodynamics": null,
    "mechanism-of-action": null,
    "toxicity": null,
    "metabolism": null,
    "absorption": null,
    "half-life": null,
    "protein-binding": null,
    "route-of-elimination": null,
    "volume-of-distribution": null,
    "clearance": null,
    "classification": {
        "description": "This compound belongs to the class of organic compounds known as phenylphosphines and derivatives. These are compounds containing a phenylphosphine, which consists of phosphine substituent bound to a phenyl group.",
        "direct-parent": "Phenylphosphines and derivatives",
        "kingdom": "Organic compounds",
        "superclass": "Benzenoids",
        "class": "Benzene and substituted derivatives",
        "subclass": "Phenylphosphines and derivatives",
        "alternative-parent": [
            "Aryl fluorides",
            "Fluorobenzenes",
            "Hydrocarbon derivatives",
            "Organic cations",
            "Organofluorides",
            "Organophosphorus compounds"
        ],
        "substituent": [
            "Aromatic homomonocyclic compound",
            "Aryl fluoride",
            "Aryl halide",
            "Fluorobenzene",
            "Halobenzene",
            "Hydrocarbon derivative",
            "Organic cation",
            "Organofluoride",
            "Organohalogen compound",
            "Organophosphorus compound",
            "Phenylphosphine",
            "Triphenylphosphine"
        ]
    },
    "salts": null,
    "synonyms": {
        "synonym": [
            {
                "language": "english",
                "coder": "",
                "value": "18F-TPP"
            }
        ]
    },
    "products": null,
    "international-brands": null,
    "mixtures": null,
    "packagers": null,
    "manufacturers": null,
    "prices": null,
    "categories": null,
    "affected-organisms": null,
    "dosages": null,
    "atc-codes": null,
    "ahfs-codes": null,
    "pdb-entries": null,
    "patents": null,
    "food-interactions": null,
    "drug-interactions": null,
    "calculated-properties": {
        "property": [
            {
                "kind": "logP",
                "value": "6.51",
                "source": "ALOGPS"
            },
            {
                "kind": "logS",
                "value": "-7.6",
                "source": "ALOGPS"
            },
            {
                "kind": "Water Solubility",
                "value": "8.74e-06 g/l",
                "source": "ALOGPS"
            },
            {
                "kind": "logP",
                "value": "6.22",
                "source": "ChemAxon"
            },
            {
                "kind": "IUPAC Name",
                "value": "[4-(¹⁸F)fluorophenyl]triphenylphosphanium",
                "source": "ChemAxon"
            },
            {
                "kind": "Traditional IUPAC Name",
                "value": "(2R)-14-fluoro-2-methyl-6,9,10,19-tetraazapentacyclo[14.2.1.0^{2,6}.0^{8,18}.0^{12,17}]nonadeca-1(18),8,12(17),13,15-pentaen-11-one",
                "source": "ChemAxon"
            },
            {
                "kind": "Molecular Weight",
                "value": "356.39",
                "source": "ChemAxon"
            },
            {
                "kind": "Monoisotopic Weight",
                "value": "356.122826697",
                "source": "ChemAxon"
            },
            {
                "kind": "SMILES",
                "value": "[18F]C1=CC=C(C=C1)[P+](C1=CC=CC=C1)(C1=CC=CC=C1)C1=CC=CC=C1",
                "source": "ChemAxon"
            },
            {
                "kind": "Molecular Formula",
                "value": "C24H19FP",
                "source": "ChemAxon"
            },
            {
                "kind": "InChI",
                "value": "InChI=1S/C24H19FP/c25-20-16-18-24(19-17-20)26(21-10-4-1-5-11-21,22-12-6-2-7-13-22)23-14-8-3-9-15-23/h1-19H/q+1/i25-1",
                "source": "ChemAxon"
            },
            {
                "kind": "InChIKey",
                "value": "QWPLCHDPESWJRN-FNNGWQQSSA-N",
                "source": "ChemAxon"
            },
            {
                "kind": "Polar Surface Area (PSA)",
                "value": "0",
                "source": "ChemAxon"
            },
            {
                "kind": "Refractivity",
                "value": "107.31",
                "source": "ChemAxon"
            },
            {
                "kind": "Polarizability",
                "value": "37.69",
                "source": "ChemAxon"
            },
            {
                "kind": "Rotatable Bond Count",
                "value": "4",
                "source": "ChemAxon"
            },
            {
                "kind": "H Bond Acceptor Count",
                "value": "0",
                "source": "ChemAxon"
            },
            {
                "kind": "H Bond Donor Count",
                "value": "0",
                "source": "ChemAxon"
            },
            {
                "kind": "Physiological Charge",
                "value": "1",
                "source": "ChemAxon"
            },
            {
                "kind": "Number of Rings",
                "value": "4",
                "source": "ChemAxon"
            },
            {
                "kind": "Bioavailability",
                "value": "1",
                "source": "ChemAxon"
            },
            {
                "kind": "Rule of Five",
                "value": "0",
                "source": "ChemAxon"
            },
            {
                "kind": "Ghose Filter",
                "value": "0",
                "source": "ChemAxon"
            },
            {
                "kind": "MDDR-Like Rule",
                "value": "0",
                "source": "ChemAxon"
            }
        ]
    },
    "experimental-properties": null,
    "external-identifiers": {
        "external-identifier": [
            {
                "resource": "ChemSpider",
                "identifier": "9387314"
            },
            {
                "resource": "ChEMBL",
                "identifier": "CHEMBL2181666"
            }
        ]
    },
    "external-links": null,
    "pathways": null,
    "reactions": null,
    "snp-effects": null,
    "snp-adverse-drug-reactions": null,
    "targets": null,
    "enzymes": null,
    "carriers": null,
    "transporters": null
}