{
    "type": "biotech",
    "created": "2019-10-09",
    "updated": "2021-05-14",
    "drugbank-id": [
        {
            "primary": true,
            "value": "DB15515"
        }
    ],
    "name": "Influenza A virus A/Brisbane/02/2018 IVR-190 (H1N1) antigen (formaldehyde inactivated)",
    "description": "A seasonally-specific component of the influenza vaccine. The influenza vaccine, also known as the \"flu shot\", is a vaccine that protects against infection from the influenza viruses. Vaccines provide protection from influenza by exposing the immune system to the virus (or parts of the virus) which stimulates an immunological defence against future exposure to the virus, or \"antigen\". This defence includes the production of humoral immunity through the development of antibodies (through memory B cells) and of cell-mediated immunity through the production of T-lymphocytes. Upon re-exposure to infectious influenza virus, the immune system is prepared to identify and destroy the virus as there are circulating antibodies that recognize that particular component of the virus that it was previously exposed to.\r\n\r\nThere are two basic types of vaccines available: inactivated influenza vaccine (IIV) and live attenuated influenza vaccine (LAIV). Inactivated vaccines contain a virus particle that has been grown in media and then subsequently killed, or inactivated, through exposure to heat or chemicals such as formaldehyde 3. Inactivated virus cannot replicate, and therefore cannot cause disease from infection, even in immunocompromised individuals. In contrast, live vaccines are produced from \"wild-type\" or disease-causing viruses that have been attenuated, or weakened, through various laboratory techniques. Live vaccines maintain their replicative ability.",
    "cas-number": null,
    "unii": "XW4JB03TI5",
    "groups": {
        "group": [
            "approved"
        ]
    },
    "general-references": {
        "articles": null,
        "textbooks": null,
        "links": {
            "link": [
                {
                    "ref-id": "L34009",
                    "title": "AIFA: Influvac S (Trivalent flu vaccine) Intramuscular Injection",
                    "url": "https://farmaci.agenziafarmaco.gov.it/aifa/servlet/PdfDownloadServlet?pdfFileName=footer_004157_028851_RCP.pdf&retry=0&sys=m0b1l3"
                }
            ]
        },
        "attachments": null
    },
    "synthesis-reference": null,
    "indication": null,
    "pharmacodynamics": null,
    "mechanism-of-action": null,
    "toxicity": null,
    "metabolism": null,
    "absorption": null,
    "half-life": null,
    "protein-binding": null,
    "route-of-elimination": null,
    "volume-of-distribution": null,
    "clearance": null,
    "salts": null,
    "synonyms": null,
    "products": {
        "product": [
            {
                "name": "Fluad",
                "labeller": "Seqirus, Inc.",
                "ndc-id": null,
                "ndc-product-code": "70461-019",
                "dpd-id": null,
                "ema-product-code": null,
                "ema-ma-number": null,
                "started-marketing-on": "2015-11-24",
                "ended-marketing-on": "2020-07-31",
                "dosage-form": "Injection, suspension",
                "strength": null,
                "route": "Intramuscular",
                "fda-application-number": "BLA125510",
                "generic": false,
                "over-the-counter": false,
                "approved": true,
                "country": "US",
                "source": "FDA NDC"
            },
            {
                "name": "Fluarix Quadrivalent 2019/2020",
                "labeller": "GlaxoSmithKline Biologicals SA",
                "ndc-id": null,
                "ndc-product-code": "58160-896",
                "dpd-id": null,
                "ema-product-code": null,
                "ema-ma-number": null,
                "started-marketing-on": "2019-07-02",
                "ended-marketing-on": "2020-06-30",
                "dosage-form": "Suspension",
                "strength": null,
                "route": "Intramuscular",
                "fda-application-number": "BLA125127",
                "generic": false,
                "over-the-counter": false,
                "approved": true,
                "country": "US",
                "source": "FDA NDC"
            },
            {
                "name": "FLUZONE High-Dose",
                "labeller": "Sanofi Pasteur Inc.",
                "ndc-id": null,
                "ndc-product-code": "49281-405",
                "dpd-id": null,
                "ema-product-code": null,
                "ema-ma-number": null,
                "started-marketing-on": "2019-07-01",
                "ended-marketing-on": "2020-06-30",
                "dosage-form": "Injection, suspension",
                "strength": null,
                "route": "Intramuscular",
                "fda-application-number": "BLA103914",
                "generic": false,
                "over-the-counter": false,
                "approved": true,
                "country": "US",
                "source": "FDA NDC"
            },
            {
                "name": "Fluzone Quadrivalent",
                "labeller": "Sanofi Pasteur Inc.",
                "ndc-id": null,
                "ndc-product-code": "49281-419",
                "dpd-id": null,
                "ema-product-code": null,
                "ema-ma-number": null,
                "started-marketing-on": "2019-07-01",
                "ended-marketing-on": "2020-06-30",
                "dosage-form": "Injection, suspension",
                "strength": null,
                "route": "Intramuscular",
                "fda-application-number": "BLA103914",
                "generic": false,
                "over-the-counter": false,
                "approved": true,
                "country": "US",
                "source": "FDA NDC"
            },
            {
                "name": "Fluzone Quadrivalent",
                "labeller": "Sanofi Pasteur Inc.",
                "ndc-id": null,
                "ndc-product-code": "49281-519",
                "dpd-id": null,
                "ema-product-code": null,
                "ema-ma-number": null,
                "started-marketing-on": "2019-07-01",
                "ended-marketing-on": "2020-06-30",
                "dosage-form": "Injection, suspension",
                "strength": null,
                "route": "Intramuscular",
                "fda-application-number": "BLA103914",
                "generic": false,
                "over-the-counter": false,
                "approved": true,
                "country": "US",
                "source": "FDA NDC"
            },
            {
                "name": "Fluzone Quadrivalent",
                "labeller": "Sanofi Pasteur Inc.",
                "ndc-id": null,
                "ndc-product-code": "49281-631",
                "dpd-id": null,
                "ema-product-code": null,
                "ema-ma-number": null,
                "started-marketing-on": "2019-07-01",
                "ended-marketing-on": "2020-06-30",
                "dosage-form": "Injection, suspension",
                "strength": null,
                "route": "Intramuscular",
                "fda-application-number": "BLA103914",
                "generic": false,
                "over-the-counter": false,
                "approved": true,
                "country": "US",
                "source": "FDA NDC"
            },
            {
                "name": "Fluzone Quadrivalent Southern Hemisphere",
                "labeller": "Sanofi Pasteur Inc.",
                "ndc-id": null,
                "ndc-product-code": "49281-320",
                "dpd-id": null,
                "ema-product-code": null,
                "ema-ma-number": null,
                "started-marketing-on": "2019-09-30",
                "ended-marketing-on": "2020-12-31",
                "dosage-form": "Injection, suspension",
                "strength": null,
                "route": "Intramuscular",
                "fda-application-number": "BLA103914",
                "generic": false,
                "over-the-counter": false,
                "approved": true,
                "country": "US",
                "source": "FDA NDC"
            },
            {
                "name": "Fluzone Quadrivalent Southern Hemisphere",
                "labeller": "Sanofi Pasteur Inc.",
                "ndc-id": null,
                "ndc-product-code": "49281-181",
                "dpd-id": null,
                "ema-product-code": null,
                "ema-ma-number": null,
                "started-marketing-on": "2019-09-30",
                "ended-marketing-on": "2020-12-31",
                "dosage-form": "Injection, suspension",
                "strength": null,
                "route": "Intramuscular",
                "fda-application-number": "BLA103914",
                "generic": false,
                "over-the-counter": false,
                "approved": true,
                "country": "US",
                "source": "FDA NDC"
            },
            {
                "name": "Fluzone Quadrivalent Southern Hemisphere",
                "labeller": "Sanofi Pasteur Inc.",
                "ndc-id": null,
                "ndc-product-code": "49281-336",
                "dpd-id": null,
                "ema-product-code": null,
                "ema-ma-number": null,
                "started-marketing-on": "2019-09-30",
                "ended-marketing-on": "2020-12-31",
                "dosage-form": "Injection, suspension",
                "strength": null,
                "route": "Intramuscular",
                "fda-application-number": "BLA103914",
                "generic": false,
                "over-the-counter": false,
                "approved": true,
                "country": "US",
                "source": "FDA NDC"
            }
        ]
    },
    "international-brands": null,
    "mixtures": {
        "mixture": [
            {
                "name": "Fluzone Quadrivalent",
                "ingredients": "Influenza A virus A/Brisbane/02/2018 IVR-190 (H1N1) antigen (formaldehyde inactivated) + Influenza A virus A/Kansas/14/2017 X-327 (H3N2) antigen (formaldehyde inactivated) + Influenza B virus B/Maryland/15/2016 BX-69A antigen (formaldehyde inactivated) + Influenza B virus B/Phuket/3073/2013 antigen (formaldehyde inactivated)"
            },
            {
                "name": "Fluzone Quadrivalent",
                "ingredients": "Influenza A virus A/Brisbane/02/2018 IVR-190 (H1N1) antigen (formaldehyde inactivated) + Influenza A virus A/Kansas/14/2017 X-327 (H3N2) antigen (formaldehyde inactivated) + Influenza B virus B/Maryland/15/2016 BX-69A antigen (formaldehyde inactivated) + Influenza B virus B/Phuket/3073/2013 antigen (formaldehyde inactivated)"
            },
            {
                "name": "Fluzone Quadrivalent",
                "ingredients": "Influenza A virus A/Brisbane/02/2018 IVR-190 (H1N1) antigen (formaldehyde inactivated) + Influenza A virus A/Kansas/14/2017 X-327 (H3N2) antigen (formaldehyde inactivated) + Influenza B virus B/Maryland/15/2016 BX-69A antigen (formaldehyde inactivated) + Influenza B virus B/Phuket/3073/2013 antigen (formaldehyde inactivated)"
            },
            {
                "name": "Fluad",
                "ingredients": "Influenza A virus A/Brisbane/02/2018 IVR-190 (H1N1) antigen (formaldehyde inactivated) + Influenza A virus A/Kansas/14/2017 X-327 (H3N2) antigen (formaldehyde inactivated) + Influenza B virus B/Maryland/15/2016 antigen (formaldehyde inactivated)"
            },
            {
                "name": "FLUZONE High-Dose",
                "ingredients": "Influenza A virus A/Brisbane/02/2018 IVR-190 (H1N1) antigen (formaldehyde inactivated) + Influenza A virus A/Kansas/14/2017 X-327 (H3N2) antigen (formaldehyde inactivated) + Influenza B virus B/Maryland/15/2016 BX-69A antigen (formaldehyde inactivated)"
            },
            {
                "name": "Fluzone Quadrivalent Southern Hemisphere",
                "ingredients": "Influenza A virus A/Brisbane/02/2018 IVR-190 (H1N1) antigen (formaldehyde inactivated) + Influenza A virus A/South Australia/34/2019 IVR-197 (H3N2) antigen (formaldehyde inactivated) + Influenza B virus B/Phuket/3073/2013 antigen (formaldehyde inactivated) + Influenza B virus B/Washington/02/2019 antigen (formaldehyde inactivated)"
            },
            {
                "name": "Fluzone Quadrivalent Southern Hemisphere",
                "ingredients": "Influenza A virus A/Brisbane/02/2018 IVR-190 (H1N1) antigen (formaldehyde inactivated) + Influenza A virus A/South Australia/34/2019 IVR-197 (H3N2) antigen (formaldehyde inactivated) + Influenza B virus B/Phuket/3073/2013 antigen (formaldehyde inactivated) + Influenza B virus B/Washington/02/2019 antigen (formaldehyde inactivated)"
            },
            {
                "name": "Fluzone Quadrivalent Southern Hemisphere",
                "ingredients": "Influenza A virus A/Brisbane/02/2018 IVR-190 (H1N1) antigen (formaldehyde inactivated) + Influenza A virus A/South Australia/34/2019 IVR-197 (H3N2) antigen (formaldehyde inactivated) + Influenza B virus B/Phuket/3073/2013 antigen (formaldehyde inactivated) + Influenza B virus B/Washington/02/2019 antigen (formaldehyde inactivated)"
            },
            {
                "name": "Fluarix Quadrivalent 2019/2020",
                "ingredients": "Influenza A virus A/Brisbane/02/2018 IVR-190 (H1N1) antigen (formaldehyde inactivated) + Influenza A virus A/Kansas/14/2017 X-327 (H3N2) antigen (formaldehyde inactivated) + Influenza B virus B/Maryland/15/2016 BX-69A antigen (formaldehyde inactivated) + Influenza B virus B/Phuket/3073/2013 antigen (formaldehyde inactivated)"
            }
        ]
    },
    "packagers": null,
    "manufacturers": null,
    "prices": null,
    "categories": null,
    "affected-organisms": null,
    "dosages": {
        "dosage": [
            {
                "form": "Suspension",
                "route": "Intramuscular",
                "strength": null
            },
            {
                "form": "Injection, suspension",
                "route": "Intramuscular",
                "strength": null
            },
            {
                "form": "Injection, suspension",
                "route": "Intramuscular; Subcutaneous",
                "strength": null
            }
        ]
    },
    "atc-codes": null,
    "ahfs-codes": null,
    "pdb-entries": null,
    "patents": null,
    "food-interactions": null,
    "drug-interactions": null,
    "sequences": null,
    "experimental-properties": null,
    "external-identifiers": null,
    "external-links": null,
    "pathways": null,
    "reactions": null,
    "snp-effects": null,
    "snp-adverse-drug-reactions": null,
    "targets": null,
    "enzymes": null,
    "carriers": null,
    "transporters": null
}