{
    "type": "biotech",
    "created": "2019-05-20",
    "updated": "2021-02-21",
    "drugbank-id": [
        {
            "primary": true,
            "value": "DB15280"
        }
    ],
    "name": "Gimsilumab",
    "description": "Gimsilumab is under investigation in clinical trial NCT01357759 (Safety and Tolerability of MORAb-022 in Healthy and Rheumatoid Arthritis Subjects).",
    "cas-number": "1648796-29-5",
    "unii": "8961SFA7R3",
    "groups": {
        "group": [
            "investigational"
        ]
    },
    "general-references": {
        "articles": null,
        "textbooks": null,
        "links": null,
        "attachments": null
    },
    "synthesis-reference": null,
    "indication": null,
    "pharmacodynamics": null,
    "mechanism-of-action": null,
    "toxicity": null,
    "metabolism": null,
    "absorption": null,
    "half-life": null,
    "protein-binding": null,
    "route-of-elimination": null,
    "volume-of-distribution": null,
    "clearance": null,
    "salts": null,
    "synonyms": {
        "synonym": [
            {
                "language": "english",
                "coder": "inn/usan",
                "value": "Gimsilumab"
            }
        ]
    },
    "products": null,
    "international-brands": null,
    "mixtures": null,
    "packagers": null,
    "manufacturers": null,
    "prices": null,
    "categories": {
        "category": [
            {
                "category": "Amino Acids, Peptides, and Proteins",
                "mesh-id": "D000602"
            },
            {
                "category": "Anti-Infective Agents",
                "mesh-id": "D000890"
            },
            {
                "category": "Anti-Inflammatory Agents",
                "mesh-id": "D000893"
            },
            {
                "category": "Antibodies",
                "mesh-id": "D000906"
            },
            {
                "category": "Antibodies, Monoclonal",
                "mesh-id": "D000911"
            },
            {
                "category": "Antiviral Agents",
                "mesh-id": "D000998"
            },
            {
                "category": "Blood Proteins",
                "mesh-id": "D001798"
            },
            {
                "category": "Globulins",
                "mesh-id": "D005916"
            },
            {
                "category": "Immunoglobulins",
                "mesh-id": "D007136"
            },
            {
                "category": "Immunoproteins",
                "mesh-id": "D007162"
            },
            {
                "category": "Proteins",
                "mesh-id": "D011506"
            },
            {
                "category": "Serum Globulins",
                "mesh-id": "D012712"
            }
        ]
    },
    "affected-organisms": null,
    "dosages": null,
    "atc-codes": null,
    "ahfs-codes": null,
    "pdb-entries": null,
    "patents": null,
    "food-interactions": null,
    "drug-interactions": null,
    "sequences": null,
    "experimental-properties": null,
    "external-identifiers": null,
    "external-links": null,
    "pathways": null,
    "reactions": null,
    "snp-effects": null,
    "snp-adverse-drug-reactions": null,
    "targets": null,
    "enzymes": null,
    "carriers": null,
    "transporters": null
}