{
    "type": "small molecule",
    "created": "2019-05-20",
    "updated": "2021-02-21",
    "drugbank-id": [
        {
            "primary": true,
            "value": "DB15426"
        }
    ],
    "name": "Giripladib",
    "description": "Giripladib is under investigation in clinical trial NCT00396955 (A Study Comparing 4 Dose Regimens of PLA-695, Naproxen, and Placebo In Subjects With Osteoarthritis Of The Knee).",
    "cas-number": "865200-20-0",
    "unii": "1W10Q5H7WD",
    "average-mass": 745.25,
    "monoisotopic-mass": 744.203641,
    "groups": {
        "group": [
            "investigational"
        ]
    },
    "general-references": {
        "articles": null,
        "textbooks": null,
        "links": null,
        "attachments": null
    },
    "synthesis-reference": null,
    "indication": null,
    "pharmacodynamics": null,
    "mechanism-of-action": null,
    "toxicity": null,
    "metabolism": null,
    "absorption": null,
    "half-life": null,
    "protein-binding": null,
    "route-of-elimination": null,
    "volume-of-distribution": null,
    "clearance": null,
    "salts": null,
    "synonyms": {
        "synonym": [
            {
                "language": "english",
                "coder": "inn/usan",
                "value": "Giripladib"
            }
        ]
    },
    "products": null,
    "international-brands": null,
    "mixtures": null,
    "packagers": null,
    "manufacturers": null,
    "prices": null,
    "categories": {
        "category": [
            {
                "category": "Acids, Carbocyclic",
                "mesh-id": "D000146"
            },
            {
                "category": "Amides",
                "mesh-id": "D000577"
            },
            {
                "category": "Benzene Derivatives",
                "mesh-id": "D001555"
            },
            {
                "category": "Radiation-Sensitizing Agents",
                "mesh-id": "D011838"
            },
            {
                "category": "Sulfones",
                "mesh-id": "D013450"
            },
            {
                "category": "Sulfur Compounds",
                "mesh-id": "D013457"
            }
        ]
    },
    "affected-organisms": null,
    "dosages": null,
    "atc-codes": null,
    "ahfs-codes": null,
    "pdb-entries": null,
    "patents": null,
    "food-interactions": null,
    "drug-interactions": null,
    "calculated-properties": {
        "property": [
            {
                "kind": "logP",
                "value": "7.35",
                "source": "ALOGPS"
            },
            {
                "kind": "logS",
                "value": "-7.5",
                "source": "ALOGPS"
            },
            {
                "kind": "Water Solubility",
                "value": "2.49e-05 g/l",
                "source": "ALOGPS"
            },
            {
                "kind": "logP",
                "value": "10.22",
                "source": "ChemAxon"
            },
            {
                "kind": "IUPAC Name",
                "value": "4-{3-[5-chloro-1-(diphenylmethyl)-2-(2-{[2-(trifluoromethyl)phenyl]methanesulfonamido}ethyl)-1H-indol-3-yl]propyl}benzoic acid",
                "source": "ChemAxon"
            },
            {
                "kind": "Traditional IUPAC Name",
                "value": "(2R)-14-fluoro-2-methyl-6,9,10,19-tetraazapentacyclo[14.2.1.0^{2,6}.0^{8,18}.0^{12,17}]nonadeca-1(18),8,12(17),13,15-pentaen-11-one",
                "source": "ChemAxon"
            },
            {
                "kind": "Molecular Weight",
                "value": "745.25",
                "source": "ChemAxon"
            },
            {
                "kind": "Monoisotopic Weight",
                "value": "744.203641",
                "source": "ChemAxon"
            },
            {
                "kind": "SMILES",
                "value": "OC(=O)C1=CC=C(CCCC2=C(CCNS(=O)(=O)CC3=C(C=CC=C3)C(F)(F)F)N(C(C3=CC=CC=C3)C3=CC=CC=C3)C3=C2C=C(Cl)C=C3)C=C1",
                "source": "ChemAxon"
            },
            {
                "kind": "Molecular Formula",
                "value": "C41H36ClF3N2O4S",
                "source": "ChemAxon"
            },
            {
                "kind": "InChI",
                "value": "InChI=1S/C41H36ClF3N2O4S/c42-33-22-23-37-35(26-33)34(16-9-10-28-18-20-31(21-19-28)40(48)49)38(47(37)39(29-11-3-1-4-12-29)30-13-5-2-6-14-30)24-25-46-52(50,51)27-32-15-7-8-17-36(32)41(43,44)45/h1-8,11-15,17-23,26,39,46H,9-10,16,24-25,27H2,(H,48,49)",
                "source": "ChemAxon"
            },
            {
                "kind": "InChIKey",
                "value": "NHHBNHIPCSPSHQ-UHFFFAOYSA-N",
                "source": "ChemAxon"
            },
            {
                "kind": "Polar Surface Area (PSA)",
                "value": "88.4",
                "source": "ChemAxon"
            },
            {
                "kind": "Refractivity",
                "value": "198.91",
                "source": "ChemAxon"
            },
            {
                "kind": "Polarizability",
                "value": "76.7",
                "source": "ChemAxon"
            },
            {
                "kind": "Rotatable Bond Count",
                "value": "14",
                "source": "ChemAxon"
            },
            {
                "kind": "H Bond Acceptor Count",
                "value": "4",
                "source": "ChemAxon"
            },
            {
                "kind": "H Bond Donor Count",
                "value": "2",
                "source": "ChemAxon"
            },
            {
                "kind": "pKa (strongest acidic)",
                "value": "4.24",
                "source": "ChemAxon"
            },
            {
                "kind": "Physiological Charge",
                "value": "-1",
                "source": "ChemAxon"
            },
            {
                "kind": "Number of Rings",
                "value": "6",
                "source": "ChemAxon"
            },
            {
                "kind": "Bioavailability",
                "value": "0",
                "source": "ChemAxon"
            },
            {
                "kind": "Rule of Five",
                "value": "0",
                "source": "ChemAxon"
            },
            {
                "kind": "Ghose Filter",
                "value": "0",
                "source": "ChemAxon"
            },
            {
                "kind": "MDDR-Like Rule",
                "value": "1",
                "source": "ChemAxon"
            }
        ]
    },
    "experimental-properties": null,
    "external-identifiers": {
        "external-identifier": [
            {
                "resource": "ChemSpider",
                "identifier": "9896558"
            },
            {
                "resource": "ChEMBL",
                "identifier": "CHEMBL2104969"
            },
            {
                "resource": "ZINC",
                "identifier": "ZINC000085537113"
            }
        ]
    },
    "external-links": null,
    "pathways": null,
    "reactions": null,
    "snp-effects": null,
    "snp-adverse-drug-reactions": null,
    "targets": null,
    "enzymes": null,
    "carriers": null,
    "transporters": null
}