{
    "type": "small molecule",
    "created": "2019-05-20",
    "updated": "2020-06-12",
    "drugbank-id": [
        {
            "primary": true,
            "value": "DB15202"
        }
    ],
    "name": "Fluoroacetic acid F-18",
    "description": "Fluoroacetic acid F-18 is under investigation in clinical trial NCT01320787 (18-F-Fluoroacetate as PET Imaging Agent).",
    "cas-number": "7574-44-9",
    "unii": "74Q3U8O789",
    "average-mass": 77.045,
    "monoisotopic-mass": 77.014242004,
    "groups": {
        "group": [
            "investigational"
        ]
    },
    "general-references": {
        "articles": null,
        "textbooks": null,
        "links": null,
        "attachments": null
    },
    "synthesis-reference": null,
    "indication": null,
    "pharmacodynamics": null,
    "mechanism-of-action": null,
    "toxicity": null,
    "metabolism": null,
    "absorption": null,
    "half-life": null,
    "protein-binding": null,
    "route-of-elimination": null,
    "volume-of-distribution": null,
    "clearance": null,
    "salts": null,
    "synonyms": {
        "synonym": [
            {
                "language": "english",
                "coder": "",
                "value": "18F-FLUOROACETATE"
            }
        ]
    },
    "products": null,
    "international-brands": null,
    "mixtures": null,
    "packagers": null,
    "manufacturers": null,
    "prices": null,
    "categories": null,
    "affected-organisms": null,
    "dosages": null,
    "atc-codes": null,
    "ahfs-codes": null,
    "pdb-entries": null,
    "patents": null,
    "food-interactions": null,
    "drug-interactions": null,
    "calculated-properties": {
        "property": [
            {
                "kind": "logP",
                "value": "-0.31",
                "source": "ALOGPS"
            },
            {
                "kind": "logS",
                "value": "0.05",
                "source": "ALOGPS"
            },
            {
                "kind": "Water Solubility",
                "value": "8.78e+01 g/l",
                "source": "ALOGPS"
            },
            {
                "kind": "logP",
                "value": "-0.15",
                "source": "ChemAxon"
            },
            {
                "kind": "IUPAC Name",
                "value": "2-(¹⁸F)fluoroacetic acid",
                "source": "ChemAxon"
            },
            {
                "kind": "Traditional IUPAC Name",
                "value": "(2R)-14-fluoro-2-methyl-6,9,10,19-tetraazapentacyclo[14.2.1.0^{2,6}.0^{8,18}.0^{12,17}]nonadeca-1(18),8,12(17),13,15-pentaen-11-one",
                "source": "ChemAxon"
            },
            {
                "kind": "Molecular Weight",
                "value": "77.045",
                "source": "ChemAxon"
            },
            {
                "kind": "Monoisotopic Weight",
                "value": "77.014242004",
                "source": "ChemAxon"
            },
            {
                "kind": "SMILES",
                "value": "OC(=O)C[18F]",
                "source": "ChemAxon"
            },
            {
                "kind": "Molecular Formula",
                "value": "C2H3FO2",
                "source": "ChemAxon"
            },
            {
                "kind": "InChI",
                "value": "InChI=1S/C2H3FO2/c3-1-2(4)5/h1H2,(H,4,5)/i3-1",
                "source": "ChemAxon"
            },
            {
                "kind": "InChIKey",
                "value": "QEWYKACRFQMRMB-KTXUZGJCSA-N",
                "source": "ChemAxon"
            },
            {
                "kind": "Polar Surface Area (PSA)",
                "value": "37.3",
                "source": "ChemAxon"
            },
            {
                "kind": "Refractivity",
                "value": "12.65",
                "source": "ChemAxon"
            },
            {
                "kind": "Polarizability",
                "value": "5.42",
                "source": "ChemAxon"
            },
            {
                "kind": "Rotatable Bond Count",
                "value": "1",
                "source": "ChemAxon"
            },
            {
                "kind": "H Bond Acceptor Count",
                "value": "2",
                "source": "ChemAxon"
            },
            {
                "kind": "H Bond Donor Count",
                "value": "1",
                "source": "ChemAxon"
            },
            {
                "kind": "pKa (strongest acidic)",
                "value": "3.13",
                "source": "ChemAxon"
            },
            {
                "kind": "Physiological Charge",
                "value": "-1",
                "source": "ChemAxon"
            },
            {
                "kind": "Number of Rings",
                "value": "0",
                "source": "ChemAxon"
            },
            {
                "kind": "Bioavailability",
                "value": "1",
                "source": "ChemAxon"
            },
            {
                "kind": "Rule of Five",
                "value": "1",
                "source": "ChemAxon"
            },
            {
                "kind": "Ghose Filter",
                "value": "0",
                "source": "ChemAxon"
            },
            {
                "kind": "MDDR-Like Rule",
                "value": "0",
                "source": "ChemAxon"
            }
        ]
    },
    "experimental-properties": null,
    "external-identifiers": {
        "external-identifier": [
            {
                "resource": "ChemSpider",
                "identifier": "396929"
            }
        ]
    },
    "external-links": null,
    "pathways": null,
    "reactions": null,
    "snp-effects": null,
    "snp-adverse-drug-reactions": null,
    "targets": null,
    "enzymes": null,
    "carriers": null,
    "transporters": null
}