{
    "type": "small molecule",
    "created": "2019-05-20",
    "updated": "2020-06-12",
    "drugbank-id": [
        {
            "primary": true,
            "value": "DB15264"
        }
    ],
    "name": "PD-0299685",
    "description": "PD-0299685 is under investigation in clinical trial NCT00314964 (Study Evaluating PD-0299685 for the Treatment of Vasomotor Symptoms (Hot Flashes / Flushes) Associated With Menopause).",
    "cas-number": "313651-33-1",
    "unii": "61SA6645RL",
    "average-mass": 187.283,
    "monoisotopic-mass": 187.15722892,
    "groups": {
        "group": [
            "investigational"
        ]
    },
    "general-references": {
        "articles": null,
        "textbooks": null,
        "links": null,
        "attachments": null
    },
    "synthesis-reference": null,
    "indication": null,
    "pharmacodynamics": null,
    "mechanism-of-action": null,
    "toxicity": null,
    "metabolism": null,
    "absorption": null,
    "half-life": null,
    "protein-binding": null,
    "route-of-elimination": null,
    "volume-of-distribution": null,
    "clearance": null,
    "salts": null,
    "synonyms": null,
    "products": null,
    "international-brands": null,
    "mixtures": null,
    "packagers": null,
    "manufacturers": null,
    "prices": null,
    "categories": null,
    "affected-organisms": null,
    "dosages": null,
    "atc-codes": null,
    "ahfs-codes": null,
    "pdb-entries": null,
    "patents": null,
    "food-interactions": null,
    "drug-interactions": null,
    "calculated-properties": {
        "property": [
            {
                "kind": "logP",
                "value": "-0.26",
                "source": "ALOGPS"
            },
            {
                "kind": "logS",
                "value": "-2.2",
                "source": "ALOGPS"
            },
            {
                "kind": "Water Solubility",
                "value": "1.22e+00 g/l",
                "source": "ALOGPS"
            },
            {
                "kind": "logP",
                "value": "-0.46",
                "source": "ChemAxon"
            },
            {
                "kind": "IUPAC Name",
                "value": "(3S,5R)-3-(aminomethyl)-5-methyloctanoic acid",
                "source": "ChemAxon"
            },
            {
                "kind": "Traditional IUPAC Name",
                "value": "(2R)-14-fluoro-2-methyl-6,9,10,19-tetraazapentacyclo[14.2.1.0^{2,6}.0^{8,18}.0^{12,17}]nonadeca-1(18),8,12(17),13,15-pentaen-11-one",
                "source": "ChemAxon"
            },
            {
                "kind": "Molecular Weight",
                "value": "187.283",
                "source": "ChemAxon"
            },
            {
                "kind": "Monoisotopic Weight",
                "value": "187.15722892",
                "source": "ChemAxon"
            },
            {
                "kind": "SMILES",
                "value": "CCC[C@@H](C)C[C@H](CN)CC(O)=O",
                "source": "ChemAxon"
            },
            {
                "kind": "Molecular Formula",
                "value": "C10H21NO2",
                "source": "ChemAxon"
            },
            {
                "kind": "InChI",
                "value": "InChI=1S/C10H21NO2/c1-3-4-8(2)5-9(7-11)6-10(12)13/h8-9H,3-7,11H2,1-2H3,(H,12,13)/t8-,9+/m1/s1",
                "source": "ChemAxon"
            },
            {
                "kind": "InChIKey",
                "value": "KKXFMWXZXDUYBF-BDAKNGLRSA-N",
                "source": "ChemAxon"
            },
            {
                "kind": "Polar Surface Area (PSA)",
                "value": "63.32",
                "source": "ChemAxon"
            },
            {
                "kind": "Refractivity",
                "value": "52.88",
                "source": "ChemAxon"
            },
            {
                "kind": "Polarizability",
                "value": "21.88",
                "source": "ChemAxon"
            },
            {
                "kind": "Rotatable Bond Count",
                "value": "7",
                "source": "ChemAxon"
            },
            {
                "kind": "H Bond Acceptor Count",
                "value": "3",
                "source": "ChemAxon"
            },
            {
                "kind": "H Bond Donor Count",
                "value": "2",
                "source": "ChemAxon"
            },
            {
                "kind": "pKa (strongest acidic)",
                "value": "4.87",
                "source": "ChemAxon"
            },
            {
                "kind": "pKa (strongest basic)",
                "value": "10.23",
                "source": "ChemAxon"
            },
            {
                "kind": "Physiological Charge",
                "value": "0",
                "source": "ChemAxon"
            },
            {
                "kind": "Number of Rings",
                "value": "0",
                "source": "ChemAxon"
            },
            {
                "kind": "Bioavailability",
                "value": "1",
                "source": "ChemAxon"
            },
            {
                "kind": "Rule of Five",
                "value": "1",
                "source": "ChemAxon"
            },
            {
                "kind": "Ghose Filter",
                "value": "0",
                "source": "ChemAxon"
            },
            {
                "kind": "MDDR-Like Rule",
                "value": "0",
                "source": "ChemAxon"
            }
        ]
    },
    "experimental-properties": null,
    "external-identifiers": {
        "external-identifier": [
            {
                "resource": "ChemSpider",
                "identifier": "8324560"
            }
        ]
    },
    "external-links": null,
    "pathways": null,
    "reactions": null,
    "snp-effects": null,
    "snp-adverse-drug-reactions": null,
    "targets": null,
    "enzymes": null,
    "carriers": null,
    "transporters": null
}