{
    "type": "small molecule",
    "created": "2019-05-20",
    "updated": "2020-06-12",
    "drugbank-id": [
        {
            "primary": true,
            "value": "DB15121"
        }
    ],
    "name": "AT-001",
    "description": "AT-001 is under investigation in clinical trial NCT03062384 (AT-001 for Long-term Preservation of Brain Health in Aging).",
    "cas-number": "1355612-71-3",
    "unii": "E8I3O45DDU",
    "average-mass": 421.35,
    "monoisotopic-mass": 421.045644865,
    "groups": {
        "group": [
            "investigational"
        ]
    },
    "general-references": {
        "articles": null,
        "textbooks": null,
        "links": null,
        "attachments": null
    },
    "synthesis-reference": null,
    "indication": null,
    "pharmacodynamics": null,
    "mechanism-of-action": null,
    "toxicity": null,
    "metabolism": null,
    "absorption": null,
    "half-life": null,
    "protein-binding": null,
    "route-of-elimination": null,
    "volume-of-distribution": null,
    "clearance": null,
    "salts": null,
    "synonyms": null,
    "products": null,
    "international-brands": null,
    "mixtures": null,
    "packagers": null,
    "manufacturers": null,
    "prices": null,
    "categories": null,
    "affected-organisms": null,
    "dosages": null,
    "atc-codes": null,
    "ahfs-codes": null,
    "pdb-entries": null,
    "patents": null,
    "food-interactions": null,
    "drug-interactions": null,
    "calculated-properties": {
        "property": [
            {
                "kind": "logP",
                "value": "2.05",
                "source": "ALOGPS"
            },
            {
                "kind": "logS",
                "value": "-5",
                "source": "ALOGPS"
            },
            {
                "kind": "Water Solubility",
                "value": "4.53e-03 g/l",
                "source": "ALOGPS"
            },
            {
                "kind": "logP",
                "value": "1.89",
                "source": "ChemAxon"
            },
            {
                "kind": "IUPAC Name",
                "value": "2-(8-oxo-7-{[5-(trifluoromethyl)-1,3-benzothiazol-2-yl]methyl}-7H,8H-pyrazino[2,3-d]pyridazin-5-yl)acetic acid",
                "source": "ChemAxon"
            },
            {
                "kind": "Traditional IUPAC Name",
                "value": "(2R)-14-fluoro-2-methyl-6,9,10,19-tetraazapentacyclo[14.2.1.0^{2,6}.0^{8,18}.0^{12,17}]nonadeca-1(18),8,12(17),13,15-pentaen-11-one",
                "source": "ChemAxon"
            },
            {
                "kind": "Molecular Weight",
                "value": "421.35",
                "source": "ChemAxon"
            },
            {
                "kind": "Monoisotopic Weight",
                "value": "421.045644865",
                "source": "ChemAxon"
            },
            {
                "kind": "SMILES",
                "value": "OC(=O)CC1=NN(CC2=NC3=C(S2)C=CC(=C3)C(F)(F)F)C(=O)C2=C1N=CC=N2",
                "source": "ChemAxon"
            },
            {
                "kind": "Molecular Formula",
                "value": "C17H10F3N5O3S",
                "source": "ChemAxon"
            },
            {
                "kind": "InChI",
                "value": "InChI=1S/C17H10F3N5O3S/c18-17(19,20)8-1-2-11-9(5-8)23-12(29-11)7-25-16(28)15-14(21-3-4-22-15)10(24-25)6-13(26)27/h1-5H,6-7H2,(H,26,27)",
                "source": "ChemAxon"
            },
            {
                "kind": "InChIKey",
                "value": "YRGPAXAVTDMKDK-UHFFFAOYSA-N",
                "source": "ChemAxon"
            },
            {
                "kind": "Polar Surface Area (PSA)",
                "value": "108.64",
                "source": "ChemAxon"
            },
            {
                "kind": "Refractivity",
                "value": "93.16",
                "source": "ChemAxon"
            },
            {
                "kind": "Polarizability",
                "value": "36.25",
                "source": "ChemAxon"
            },
            {
                "kind": "Rotatable Bond Count",
                "value": "5",
                "source": "ChemAxon"
            },
            {
                "kind": "H Bond Acceptor Count",
                "value": "7",
                "source": "ChemAxon"
            },
            {
                "kind": "H Bond Donor Count",
                "value": "1",
                "source": "ChemAxon"
            },
            {
                "kind": "pKa (strongest acidic)",
                "value": "3.58",
                "source": "ChemAxon"
            },
            {
                "kind": "pKa (strongest basic)",
                "value": "2.27",
                "source": "ChemAxon"
            },
            {
                "kind": "Physiological Charge",
                "value": "-1",
                "source": "ChemAxon"
            },
            {
                "kind": "Number of Rings",
                "value": "4",
                "source": "ChemAxon"
            },
            {
                "kind": "Bioavailability",
                "value": "1",
                "source": "ChemAxon"
            },
            {
                "kind": "Rule of Five",
                "value": "1",
                "source": "ChemAxon"
            },
            {
                "kind": "Ghose Filter",
                "value": "1",
                "source": "ChemAxon"
            },
            {
                "kind": "MDDR-Like Rule",
                "value": "0",
                "source": "ChemAxon"
            }
        ]
    },
    "experimental-properties": null,
    "external-identifiers": {
        "external-identifier": [
            {
                "resource": "ChemSpider",
                "identifier": "38772337"
            },
            {
                "resource": "ZINC",
                "identifier": "ZINC000113653985"
            }
        ]
    },
    "external-links": null,
    "pathways": null,
    "reactions": null,
    "snp-effects": null,
    "snp-adverse-drug-reactions": null,
    "targets": null,
    "enzymes": null,
    "carriers": null,
    "transporters": null
}