{
    "type": "small molecule",
    "created": "2019-05-20",
    "updated": "2021-02-21",
    "drugbank-id": [
        {
            "primary": true,
            "value": "DB15256"
        }
    ],
    "name": "Reldesemtiv",
    "description": "Reldesemtiv is under investigation in clinical trial NCT03160898 (A Study to Evaluate Efficacy, Safety and Tolerability of CK-2127107 in Patients With Amyotrophic Lateral Sclerosis (ALS)).",
    "cas-number": "1345410-31-2",
    "unii": "4S0HBYW6QE",
    "average-mass": 384.391,
    "monoisotopic-mass": 384.15101555,
    "groups": {
        "group": [
            "investigational"
        ]
    },
    "general-references": {
        "articles": null,
        "textbooks": null,
        "links": null,
        "attachments": null
    },
    "synthesis-reference": null,
    "indication": null,
    "pharmacodynamics": null,
    "mechanism-of-action": null,
    "toxicity": null,
    "metabolism": null,
    "absorption": null,
    "half-life": null,
    "protein-binding": null,
    "route-of-elimination": null,
    "volume-of-distribution": null,
    "clearance": null,
    "salts": null,
    "synonyms": {
        "synonym": [
            {
                "language": "english",
                "coder": "",
                "value": "CK-2127107"
            },
            {
                "language": "english",
                "coder": "inn/usan",
                "value": "Reldesemtiv"
            }
        ]
    },
    "products": null,
    "international-brands": null,
    "mixtures": null,
    "packagers": null,
    "manufacturers": null,
    "prices": null,
    "categories": null,
    "affected-organisms": null,
    "dosages": null,
    "atc-codes": null,
    "ahfs-codes": null,
    "pdb-entries": null,
    "patents": null,
    "food-interactions": null,
    "drug-interactions": null,
    "calculated-properties": {
        "property": [
            {
                "kind": "logP",
                "value": "1.96",
                "source": "ALOGPS"
            },
            {
                "kind": "logS",
                "value": "-3.8",
                "source": "ALOGPS"
            },
            {
                "kind": "Water Solubility",
                "value": "5.40e-02 g/l",
                "source": "ALOGPS"
            },
            {
                "kind": "logP",
                "value": "1.57",
                "source": "ChemAxon"
            },
            {
                "kind": "IUPAC Name",
                "value": "1-[2-({[(1r,3r)-3-fluoro-1-(3-fluoropyridin-2-yl)cyclobutyl]methyl}amino)pyrimidin-5-yl]-1H-pyrrole-3-carboxamide",
                "source": "ChemAxon"
            },
            {
                "kind": "Traditional IUPAC Name",
                "value": "(2R)-14-fluoro-2-methyl-6,9,10,19-tetraazapentacyclo[14.2.1.0^{2,6}.0^{8,18}.0^{12,17}]nonadeca-1(18),8,12(17),13,15-pentaen-11-one",
                "source": "ChemAxon"
            },
            {
                "kind": "Molecular Weight",
                "value": "384.391",
                "source": "ChemAxon"
            },
            {
                "kind": "Monoisotopic Weight",
                "value": "384.15101555",
                "source": "ChemAxon"
            },
            {
                "kind": "SMILES",
                "value": "NC(=O)C1=CN(C=C1)C1=CN=C(NC[C@@]2(C[C@H](F)C2)C2=NC=CC=C2F)N=C1",
                "source": "ChemAxon"
            },
            {
                "kind": "Molecular Formula",
                "value": "C19H18F2N6O",
                "source": "ChemAxon"
            },
            {
                "kind": "InChI",
                "value": "InChI=1S/C19H18F2N6O/c20-13-6-19(7-13,16-15(21)2-1-4-23-16)11-26-18-24-8-14(9-25-18)27-5-3-12(10-27)17(22)28/h1-5,8-10,13H,6-7,11H2,(H2,22,28)(H,24,25,26)/t13-,19-",
                "source": "ChemAxon"
            },
            {
                "kind": "InChIKey",
                "value": "MQXWPWOCXGARRK-HJGJAMNPSA-N",
                "source": "ChemAxon"
            },
            {
                "kind": "Polar Surface Area (PSA)",
                "value": "98.72",
                "source": "ChemAxon"
            },
            {
                "kind": "Refractivity",
                "value": "110.39",
                "source": "ChemAxon"
            },
            {
                "kind": "Polarizability",
                "value": "38.18",
                "source": "ChemAxon"
            },
            {
                "kind": "Rotatable Bond Count",
                "value": "6",
                "source": "ChemAxon"
            },
            {
                "kind": "H Bond Acceptor Count",
                "value": "5",
                "source": "ChemAxon"
            },
            {
                "kind": "H Bond Donor Count",
                "value": "2",
                "source": "ChemAxon"
            },
            {
                "kind": "pKa (strongest acidic)",
                "value": "14.19",
                "source": "ChemAxon"
            },
            {
                "kind": "pKa (strongest basic)",
                "value": "3.28",
                "source": "ChemAxon"
            },
            {
                "kind": "Physiological Charge",
                "value": "0",
                "source": "ChemAxon"
            },
            {
                "kind": "Number of Rings",
                "value": "4",
                "source": "ChemAxon"
            },
            {
                "kind": "Bioavailability",
                "value": "1",
                "source": "ChemAxon"
            },
            {
                "kind": "Rule of Five",
                "value": "1",
                "source": "ChemAxon"
            },
            {
                "kind": "Ghose Filter",
                "value": "1",
                "source": "ChemAxon"
            },
            {
                "kind": "MDDR-Like Rule",
                "value": "1",
                "source": "ChemAxon"
            }
        ]
    },
    "experimental-properties": null,
    "external-identifiers": {
        "external-identifier": [
            {
                "resource": "ChemSpider",
                "identifier": "75531291"
            }
        ]
    },
    "external-links": null,
    "pathways": null,
    "reactions": null,
    "snp-effects": null,
    "snp-adverse-drug-reactions": null,
    "targets": null,
    "enzymes": null,
    "carriers": null,
    "transporters": null
}