{
    "type": "biotech",
    "created": "2019-05-20",
    "updated": "2022-12-01",
    "drugbank-id": [
        {
            "primary": true,
            "value": "DB15375"
        }
    ],
    "name": "Tozuleristide",
    "description": "Tozuleristide is under investigation in clinical trial NCT02464332 (Safety Study of BLZ-100 in Adult Subjects With Sarcoma Undergoing Surgery).",
    "cas-number": "1673565-40-6",
    "unii": "835UH424TU",
    "groups": {
        "group": [
            "investigational"
        ]
    },
    "general-references": {
        "articles": null,
        "textbooks": null,
        "links": null,
        "attachments": null
    },
    "synthesis-reference": null,
    "indication": null,
    "pharmacodynamics": null,
    "mechanism-of-action": null,
    "toxicity": null,
    "metabolism": null,
    "absorption": null,
    "half-life": null,
    "protein-binding": null,
    "route-of-elimination": null,
    "volume-of-distribution": null,
    "clearance": null,
    "classification": {
        "description": null,
        "direct-parent": "Peptides",
        "kingdom": "Organic Compounds",
        "superclass": "Organic Acids",
        "class": "Carboxylic Acids and Derivatives",
        "subclass": "Amino Acids, Peptides, and Analogues"
    },
    "salts": null,
    "synonyms": {
        "synonym": [
            {
                "language": "english",
                "coder": "inn/usan",
                "value": "Tozuleristide"
            }
        ]
    },
    "products": null,
    "international-brands": null,
    "mixtures": null,
    "packagers": null,
    "manufacturers": null,
    "prices": null,
    "categories": {
        "category": [
            {
                "category": "Arthropod Venoms",
                "mesh-id": "D001180"
            },
            {
                "category": "Biological Factors",
                "mesh-id": "D001685"
            },
            {
                "category": "Complex Mixtures",
                "mesh-id": "D045424"
            },
            {
                "category": "Compounds used in a research, industrial, or household setting",
                "mesh-id": "D020313"
            },
            {
                "category": "Contrast Media",
                "mesh-id": "D003287"
            },
            {
                "category": "Diagnostic Uses of Chemicals",
                "mesh-id": "D064907"
            },
            {
                "category": "Heterocyclic Compounds, Fused-Ring",
                "mesh-id": "D000072471"
            },
            {
                "category": "Indoles",
                "mesh-id": "D007211"
            },
            {
                "category": "Toxins, Biological",
                "mesh-id": "D014118"
            },
            {
                "category": "Venoms",
                "mesh-id": "D014688"
            }
        ]
    },
    "affected-organisms": null,
    "dosages": null,
    "atc-codes": null,
    "ahfs-codes": null,
    "pdb-entries": null,
    "patents": null,
    "food-interactions": null,
    "drug-interactions": null,
    "sequences": null,
    "experimental-properties": null,
    "external-identifiers": null,
    "external-links": null,
    "pathways": null,
    "reactions": null,
    "snp-effects": null,
    "snp-adverse-drug-reactions": null,
    "targets": null,
    "enzymes": null,
    "carriers": null,
    "transporters": null
}