{
    "type": "small molecule",
    "created": "2019-05-20",
    "updated": "2020-06-12",
    "drugbank-id": [
        {
            "primary": true,
            "value": "DB15243"
        }
    ],
    "name": "2-(1-Hexyloxyethyl)-2-devinyl pyropheophorbide-a",
    "description": "2-(1-Hexyloxyethyl)-2-devinyl pyropheophorbide-a is under investigation in clinical trial NCT01668823 (Photodynamic Therapy in Treating Patients With Lung Cancer).",
    "cas-number": "149402-51-7",
    "unii": "DOB7Y3RSX0",
    "average-mass": 636.837,
    "monoisotopic-mass": 636.367556042,
    "groups": {
        "group": [
            "investigational"
        ]
    },
    "general-references": {
        "articles": null,
        "textbooks": null,
        "links": null,
        "attachments": null
    },
    "synthesis-reference": null,
    "indication": null,
    "pharmacodynamics": null,
    "mechanism-of-action": null,
    "toxicity": null,
    "metabolism": null,
    "absorption": null,
    "half-life": null,
    "protein-binding": null,
    "route-of-elimination": null,
    "volume-of-distribution": null,
    "clearance": null,
    "salts": null,
    "synonyms": {
        "synonym": [
            {
                "language": "english",
                "coder": "",
                "value": "HPPH"
            }
        ]
    },
    "products": null,
    "international-brands": {
        "international-brand": [
            {
                "name": "Photochlor",
                "company": null
            }
        ]
    },
    "mixtures": null,
    "packagers": null,
    "manufacturers": null,
    "prices": null,
    "categories": {
        "category": [
            {
                "category": "Heterocyclic Compounds, Fused-Ring",
                "mesh-id": "D000072471"
            }
        ]
    },
    "affected-organisms": null,
    "dosages": null,
    "atc-codes": null,
    "ahfs-codes": null,
    "pdb-entries": null,
    "patents": null,
    "food-interactions": null,
    "drug-interactions": null,
    "calculated-properties": {
        "property": [
            {
                "kind": "logP",
                "value": "6.37",
                "source": "ALOGPS"
            },
            {
                "kind": "logS",
                "value": "-4.8",
                "source": "ALOGPS"
            },
            {
                "kind": "Water Solubility",
                "value": "1.12e-02 g/l",
                "source": "ALOGPS"
            },
            {
                "kind": "logP",
                "value": "7.53",
                "source": "ChemAxon"
            },
            {
                "kind": "IUPAC Name",
                "value": "3-[(21S,22S)-11-ethyl-16-[1-(hexyloxy)ethyl]-12,17,21,26-tetramethyl-4-oxo-7,23,24,25-tetraazahexacyclo[18.2.1.1^{5,8}.1^{10,13}.1^{15,18}.0^{2,6}]hexacosa-1(23),2(6),5(26),8,10(25),11,13,15,17,19-decaen-22-yl]propanoic acid",
                "source": "ChemAxon"
            },
            {
                "kind": "Traditional IUPAC Name",
                "value": "[(2R,3R,4S,5S)-3,4-dihydroxy-5-{4-oxo-1H,5H-pyrrolo[3,2-d]pyrimidin-7-yl}pyrrolidin-2-yl]methoxyphosphonic acid",
                "source": "ChemAxon"
            },
            {
                "kind": "Molecular Weight",
                "value": "636.837",
                "source": "ChemAxon"
            },
            {
                "kind": "Monoisotopic Weight",
                "value": "636.367556042",
                "source": "ChemAxon"
            },
            {
                "kind": "SMILES",
                "value": "CCCCCCOC(C)C1=C2NC(\\C=C3/N=C([C@@H](CCC(O)=O)[C@@H]3C)C3=C4N\\C(=C/C5=N/C(=C\\2)/C(C)=C5CC)C(C)=C4C(=O)C3)=C1C",
                "source": "ChemAxon"
            },
            {
                "kind": "Molecular Formula",
                "value": "C39H48N4O4",
                "source": "ChemAxon"
            },
            {
                "kind": "InChI",
                "value": "InChI=1S/C39H48N4O4/c1-8-10-11-12-15-47-24(7)36-22(5)30-17-29-21(4)26(13-14-35(45)46)38(42-29)27-16-34(44)37-23(6)31(43-39(27)37)18-32-25(9-2)20(3)28(40-32)19-33(36)41-30/h17-19,21,24,26,41,43H,8-16H2,1-7H3,(H,45,46)/b28-19-,29-17-,30-17-,31-18-,32-18-,33-19-,38-27-/t21-,24?,26-/m0/s1",
                "source": "ChemAxon"
            },
            {
                "kind": "InChIKey",
                "value": "PVXGCBZIVFCMJK-NMWXTPPCSA-N",
                "source": "ChemAxon"
            },
            {
                "kind": "Polar Surface Area (PSA)",
                "value": "120.96",
                "source": "ChemAxon"
            },
            {
                "kind": "Refractivity",
                "value": "185.78",
                "source": "ChemAxon"
            },
            {
                "kind": "Polarizability",
                "value": "77.71",
                "source": "ChemAxon"
            },
            {
                "kind": "Rotatable Bond Count",
                "value": "11",
                "source": "ChemAxon"
            },
            {
                "kind": "H Bond Acceptor Count",
                "value": "6",
                "source": "ChemAxon"
            },
            {
                "kind": "H Bond Donor Count",
                "value": "3",
                "source": "ChemAxon"
            },
            {
                "kind": "pKa (strongest acidic)",
                "value": "3.75",
                "source": "ChemAxon"
            },
            {
                "kind": "pKa (strongest basic)",
                "value": "5.04",
                "source": "ChemAxon"
            },
            {
                "kind": "Physiological Charge",
                "value": "-1",
                "source": "ChemAxon"
            },
            {
                "kind": "Number of Rings",
                "value": "6",
                "source": "ChemAxon"
            },
            {
                "kind": "Bioavailability",
                "value": "0",
                "source": "ChemAxon"
            },
            {
                "kind": "Rule of Five",
                "value": "0",
                "source": "ChemAxon"
            },
            {
                "kind": "Ghose Filter",
                "value": "0",
                "source": "ChemAxon"
            },
            {
                "kind": "MDDR-Like Rule",
                "value": "1",
                "source": "ChemAxon"
            }
        ]
    },
    "experimental-properties": null,
    "external-identifiers": {
        "external-identifier": [
            {
                "resource": "ChemSpider",
                "identifier": "24710790"
            },
            {
                "resource": "Wikipedia",
                "identifier": "2-(1-Hexyloxyethyl)-2-devinyl_pyropheophorbide-a"
            },
            {
                "resource": "ChEMBL",
                "identifier": "CHEMBL500853"
            }
        ]
    },
    "external-links": null,
    "pathways": null,
    "reactions": null,
    "snp-effects": null,
    "snp-adverse-drug-reactions": null,
    "targets": null,
    "enzymes": null,
    "carriers": null,
    "transporters": null
}