{
    "type": "small molecule",
    "created": "2019-05-20",
    "updated": "2020-06-12",
    "drugbank-id": [
        {
            "primary": true,
            "value": "DB15457"
        }
    ],
    "name": "Snubh-nm-333 F-18",
    "description": "Snubh-nm-333 F-18 is under investigation in clinical trial NCT02149017 (Phase 1 and Phase 2 Clinical Trials of SNUBH-NM-333(18F)).",
    "cas-number": "1226795-18-1",
    "unii": "I8WEG59XVM",
    "average-mass": 257.32,
    "monoisotopic-mass": 257.065232203,
    "groups": {
        "group": [
            "investigational"
        ]
    },
    "general-references": {
        "articles": null,
        "textbooks": null,
        "links": null,
        "attachments": null
    },
    "synthesis-reference": null,
    "indication": null,
    "pharmacodynamics": null,
    "mechanism-of-action": null,
    "toxicity": null,
    "metabolism": null,
    "absorption": null,
    "half-life": null,
    "protein-binding": null,
    "route-of-elimination": null,
    "volume-of-distribution": null,
    "clearance": null,
    "salts": null,
    "synonyms": {
        "synonym": [
            {
                "language": "english",
                "coder": "",
                "value": "SNUBH-NM-333(18F)"
            }
        ]
    },
    "products": null,
    "international-brands": null,
    "mixtures": null,
    "packagers": null,
    "manufacturers": null,
    "prices": null,
    "categories": null,
    "affected-organisms": null,
    "dosages": null,
    "atc-codes": null,
    "ahfs-codes": null,
    "pdb-entries": null,
    "patents": null,
    "food-interactions": null,
    "drug-interactions": null,
    "calculated-properties": {
        "property": [
            {
                "kind": "logP",
                "value": "4.28",
                "source": "ALOGPS"
            },
            {
                "kind": "logS",
                "value": "-4.6",
                "source": "ALOGPS"
            },
            {
                "kind": "Water Solubility",
                "value": "7.21e-03 g/l",
                "source": "ALOGPS"
            },
            {
                "kind": "logP",
                "value": "3.75",
                "source": "ChemAxon"
            },
            {
                "kind": "IUPAC Name",
                "value": "4-[6-(¹⁸F)fluoro-1,3-benzothiazol-2-yl]-N-methylaniline",
                "source": "ChemAxon"
            },
            {
                "kind": "Traditional IUPAC Name",
                "value": "(2R)-14-fluoro-2-methyl-6,9,10,19-tetraazapentacyclo[14.2.1.0^{2,6}.0^{8,18}.0^{12,17}]nonadeca-1(18),8,12(17),13,15-pentaen-11-one",
                "source": "ChemAxon"
            },
            {
                "kind": "Molecular Weight",
                "value": "257.32",
                "source": "ChemAxon"
            },
            {
                "kind": "Monoisotopic Weight",
                "value": "257.065232203",
                "source": "ChemAxon"
            },
            {
                "kind": "SMILES",
                "value": "CNC1=CC=C(C=C1)C1=NC2=C(S1)C=C([18F])C=C2",
                "source": "ChemAxon"
            },
            {
                "kind": "Molecular Formula",
                "value": "C14H11FN2S",
                "source": "ChemAxon"
            },
            {
                "kind": "InChI",
                "value": "InChI=1S/C14H11FN2S/c1-16-11-5-2-9(3-6-11)14-17-12-7-4-10(15)8-13(12)18-14/h2-8,16H,1H3/i15-1",
                "source": "ChemAxon"
            },
            {
                "kind": "InChIKey",
                "value": "QLWFXLJVGCECSV-HUYCHCPVSA-N",
                "source": "ChemAxon"
            },
            {
                "kind": "Polar Surface Area (PSA)",
                "value": "24.92",
                "source": "ChemAxon"
            },
            {
                "kind": "Refractivity",
                "value": "82.64",
                "source": "ChemAxon"
            },
            {
                "kind": "Polarizability",
                "value": "27.18",
                "source": "ChemAxon"
            },
            {
                "kind": "Rotatable Bond Count",
                "value": "2",
                "source": "ChemAxon"
            },
            {
                "kind": "H Bond Acceptor Count",
                "value": "2",
                "source": "ChemAxon"
            },
            {
                "kind": "H Bond Donor Count",
                "value": "1",
                "source": "ChemAxon"
            },
            {
                "kind": "pKa (strongest basic)",
                "value": "3.64",
                "source": "ChemAxon"
            },
            {
                "kind": "Physiological Charge",
                "value": "0",
                "source": "ChemAxon"
            },
            {
                "kind": "Number of Rings",
                "value": "3",
                "source": "ChemAxon"
            },
            {
                "kind": "Bioavailability",
                "value": "1",
                "source": "ChemAxon"
            },
            {
                "kind": "Rule of Five",
                "value": "1",
                "source": "ChemAxon"
            },
            {
                "kind": "Ghose Filter",
                "value": "1",
                "source": "ChemAxon"
            },
            {
                "kind": "MDDR-Like Rule",
                "value": "0",
                "source": "ChemAxon"
            }
        ]
    },
    "experimental-properties": null,
    "external-identifiers": {
        "external-identifier": [
            {
                "resource": "ChemSpider",
                "identifier": "26347687"
            },
            {
                "resource": "ChEMBL",
                "identifier": "CHEMBL1774645"
            },
            {
                "resource": "ZINC",
                "identifier": "ZINC000102827579"
            }
        ]
    },
    "external-links": null,
    "pathways": null,
    "reactions": null,
    "snp-effects": null,
    "snp-adverse-drug-reactions": null,
    "targets": null,
    "enzymes": null,
    "carriers": null,
    "transporters": null
}