{
    "type": "small molecule",
    "created": "2019-05-20",
    "updated": "2020-06-12",
    "drugbank-id": [
        {
            "primary": true,
            "value": "DB15289"
        }
    ],
    "name": "Perillyl alcohol",
    "description": "Perillyl alcohol is under investigation in clinical trial NCT02704858 (Safety and Efficacy Study in Recurrent Grade IV Glioma).",
    "cas-number": "18457-55-1",
    "unii": "3UL4QIY642",
    "average-mass": 152.237,
    "monoisotopic-mass": 152.120115135,
    "groups": {
        "group": [
            "investigational"
        ]
    },
    "general-references": {
        "articles": null,
        "textbooks": null,
        "links": null,
        "attachments": null
    },
    "synthesis-reference": null,
    "indication": null,
    "pharmacodynamics": null,
    "mechanism-of-action": null,
    "toxicity": null,
    "metabolism": null,
    "absorption": null,
    "half-life": null,
    "protein-binding": null,
    "route-of-elimination": null,
    "volume-of-distribution": null,
    "clearance": null,
    "salts": null,
    "synonyms": {
        "synonym": [
            {
                "language": "english",
                "coder": "",
                "value": "Perilla alcohol"
            }
        ]
    },
    "products": null,
    "international-brands": null,
    "mixtures": null,
    "packagers": null,
    "manufacturers": null,
    "prices": null,
    "categories": {
        "category": [
            {
                "category": "Antineoplastic Agents",
                "mesh-id": "D000970"
            },
            {
                "category": "Enzyme Inhibitors",
                "mesh-id": "D004791"
            },
            {
                "category": "Perilla",
                "mesh-id": "D031343"
            },
            {
                "category": "Terpenes",
                "mesh-id": "D013729"
            }
        ]
    },
    "affected-organisms": null,
    "dosages": null,
    "atc-codes": null,
    "ahfs-codes": null,
    "pdb-entries": null,
    "patents": null,
    "food-interactions": null,
    "drug-interactions": {
        "drug-interaction": [
            {
                "drugbank-id": {
                    "primary": false,
                    "value": "DB00012"
                },
                "name": "Darbepoetin alfa",
                "description": "The risk or severity of Thrombosis can be increased when Darbepoetin alfa is combined with Perillyl alcohol."
            },
            {
                "drugbank-id": {
                    "primary": false,
                    "value": "DB00016"
                },
                "name": "Erythropoietin",
                "description": "The risk or severity of Thrombosis can be increased when Erythropoietin is combined with Perillyl alcohol."
            },
            {
                "drugbank-id": {
                    "primary": false,
                    "value": "DB08894"
                },
                "name": "Peginesatide",
                "description": "The risk or severity of Thrombosis can be increased when Peginesatide is combined with Perillyl alcohol."
            },
            {
                "drugbank-id": {
                    "primary": false,
                    "value": "DB09107"
                },
                "name": "Methoxy polyethylene glycol-epoetin beta",
                "description": "The risk or severity of Thrombosis can be increased when Methoxy polyethylene glycol-epoetin beta is combined with Perillyl alcohol."
            },
            {
                "drugbank-id": {
                    "primary": false,
                    "value": "DB00281"
                },
                "name": "Lidocaine",
                "description": "The risk or severity of methemoglobinemia can be increased when Perillyl alcohol is combined with Lidocaine."
            },
            {
                "drugbank-id": {
                    "primary": false,
                    "value": "DB00296"
                },
                "name": "Ropivacaine",
                "description": "The risk or severity of methemoglobinemia can be increased when Perillyl alcohol is combined with Ropivacaine."
            },
            {
                "drugbank-id": {
                    "primary": false,
                    "value": "DB00297"
                },
                "name": "Bupivacaine",
                "description": "The risk or severity of methemoglobinemia can be increased when Perillyl alcohol is combined with Bupivacaine."
            },
            {
                "drugbank-id": {
                    "primary": false,
                    "value": "DB00527"
                },
                "name": "Cinchocaine",
                "description": "The risk or severity of methemoglobinemia can be increased when Perillyl alcohol is combined with Cinchocaine."
            },
            {
                "drugbank-id": {
                    "primary": false,
                    "value": "DB00645"
                },
                "name": "Dyclonine",
                "description": "The risk or severity of methemoglobinemia can be increased when Perillyl alcohol is combined with Dyclonine."
            },
            {
                "drugbank-id": {
                    "primary": false,
                    "value": "DB00721"
                },
                "name": "Procaine",
                "description": "The risk or severity of methemoglobinemia can be increased when Perillyl alcohol is combined with Procaine."
            },
            {
                "drugbank-id": {
                    "primary": false,
                    "value": "DB00750"
                },
                "name": "Prilocaine",
                "description": "The risk or severity of methemoglobinemia can be increased when Perillyl alcohol is combined with Prilocaine."
            },
            {
                "drugbank-id": {
                    "primary": false,
                    "value": "DB00807"
                },
                "name": "Proparacaine",
                "description": "The risk or severity of methemoglobinemia can be increased when Perillyl alcohol is combined with Proparacaine."
            },
            {
                "drugbank-id": {
                    "primary": false,
                    "value": "DB00814"
                },
                "name": "Meloxicam",
                "description": "The risk or severity of methemoglobinemia can be increased when Perillyl alcohol is combined with Meloxicam."
            },
            {
                "drugbank-id": {
                    "primary": false,
                    "value": "DB00892"
                },
                "name": "Oxybuprocaine",
                "description": "The risk or severity of methemoglobinemia can be increased when Perillyl alcohol is combined with Oxybuprocaine."
            },
            {
                "drugbank-id": {
                    "primary": false,
                    "value": "DB00907"
                },
                "name": "Cocaine",
                "description": "The risk or severity of methemoglobinemia can be increased when Perillyl alcohol is combined with Cocaine."
            },
            {
                "drugbank-id": {
                    "primary": false,
                    "value": "DB00961"
                },
                "name": "Mepivacaine",
                "description": "The risk or severity of methemoglobinemia can be increased when Perillyl alcohol is combined with Mepivacaine."
            },
            {
                "drugbank-id": {
                    "primary": false,
                    "value": "DB01002"
                },
                "name": "Levobupivacaine",
                "description": "The risk or severity of methemoglobinemia can be increased when Perillyl alcohol is combined with Levobupivacaine."
            },
            {
                "drugbank-id": {
                    "primary": false,
                    "value": "DB01075"
                },
                "name": "Diphenhydramine",
                "description": "The risk or severity of methemoglobinemia can be increased when Perillyl alcohol is combined with Diphenhydramine."
            },
            {
                "drugbank-id": {
                    "primary": false,
                    "value": "DB01086"
                },
                "name": "Benzocaine",
                "description": "The risk or severity of methemoglobinemia can be increased when Perillyl alcohol is combined with Benzocaine."
            },
            {
                "drugbank-id": {
                    "primary": false,
                    "value": "DB01161"
                },
                "name": "Chloroprocaine",
                "description": "The risk or severity of methemoglobinemia can be increased when Perillyl alcohol is combined with Chloroprocaine."
            },
            {
                "drugbank-id": {
                    "primary": false,
                    "value": "DB03255"
                },
                "name": "Phenol",
                "description": "The risk or severity of methemoglobinemia can be increased when Perillyl alcohol is combined with Phenol."
            },
            {
                "drugbank-id": {
                    "primary": false,
                    "value": "DB05232"
                },
                "name": "Tetrodotoxin",
                "description": "The risk or severity of methemoglobinemia can be increased when Perillyl alcohol is combined with Tetrodotoxin."
            },
            {
                "drugbank-id": {
                    "primary": false,
                    "value": "DB06770"
                },
                "name": "Benzyl alcohol",
                "description": "The risk or severity of methemoglobinemia can be increased when Perillyl alcohol is combined with Benzyl alcohol."
            },
            {
                "drugbank-id": {
                    "primary": false,
                    "value": "DB06774"
                },
                "name": "Capsaicin",
                "description": "The risk or severity of methemoglobinemia can be increased when Perillyl alcohol is combined with Capsaicin."
            },
            {
                "drugbank-id": {
                    "primary": false,
                    "value": "DB08987"
                },
                "name": "Etidocaine",
                "description": "The risk or severity of methemoglobinemia can be increased when Perillyl alcohol is combined with Etidocaine."
            },
            {
                "drugbank-id": {
                    "primary": false,
                    "value": "DB09009"
                },
                "name": "Articaine",
                "description": "The risk or severity of methemoglobinemia can be increased when Perillyl alcohol is combined with Articaine."
            },
            {
                "drugbank-id": {
                    "primary": false,
                    "value": "DB09085"
                },
                "name": "Tetracaine",
                "description": "The risk or severity of methemoglobinemia can be increased when Perillyl alcohol is combined with Tetracaine."
            },
            {
                "drugbank-id": {
                    "primary": false,
                    "value": "DB09342"
                },
                "name": "Propoxycaine",
                "description": "The risk or severity of methemoglobinemia can be increased when Perillyl alcohol is combined with Propoxycaine."
            },
            {
                "drugbank-id": {
                    "primary": false,
                    "value": "DB09345"
                },
                "name": "Pramocaine",
                "description": "The risk or severity of methemoglobinemia can be increased when Perillyl alcohol is combined with Pramocaine."
            },
            {
                "drugbank-id": {
                    "primary": false,
                    "value": "DB11148"
                },
                "name": "Butamben",
                "description": "The risk or severity of methemoglobinemia can be increased when Perillyl alcohol is combined with Butamben."
            },
            {
                "drugbank-id": {
                    "primary": false,
                    "value": "DB11502"
                },
                "name": "Butacaine",
                "description": "The risk or severity of methemoglobinemia can be increased when Perillyl alcohol is combined with Butacaine."
            },
            {
                "drugbank-id": {
                    "primary": false,
                    "value": "DB12532"
                },
                "name": "Oxetacaine",
                "description": "The risk or severity of methemoglobinemia can be increased when Perillyl alcohol is combined with Oxetacaine."
            },
            {
                "drugbank-id": {
                    "primary": false,
                    "value": "DB13259"
                },
                "name": "Ethyl chloride",
                "description": "The risk or severity of methemoglobinemia can be increased when Perillyl alcohol is combined with Ethyl chloride."
            },
            {
                "drugbank-id": {
                    "primary": false,
                    "value": "DB13328"
                },
                "name": "Butanilicaine",
                "description": "The risk or severity of methemoglobinemia can be increased when Perillyl alcohol is combined with Butanilicaine."
            },
            {
                "drugbank-id": {
                    "primary": false,
                    "value": "DB13578"
                },
                "name": "Metabutethamine",
                "description": "The risk or severity of methemoglobinemia can be increased when Perillyl alcohol is combined with Metabutethamine."
            },
            {
                "drugbank-id": {
                    "primary": false,
                    "value": "DB13683"
                },
                "name": "Quinisocaine",
                "description": "The risk or severity of methemoglobinemia can be increased when Perillyl alcohol is combined with Quinisocaine."
            }
        ]
    },
    "calculated-properties": {
        "property": [
            {
                "kind": "logP",
                "value": "2.5",
                "source": "ALOGPS"
            },
            {
                "kind": "logS",
                "value": "-1.9",
                "source": "ALOGPS"
            },
            {
                "kind": "Water Solubility",
                "value": "1.90e+00 g/l",
                "source": "ALOGPS"
            },
            {
                "kind": "logP",
                "value": "1.94",
                "source": "ChemAxon"
            },
            {
                "kind": "IUPAC Name",
                "value": "[(4S)-4-(prop-1-en-2-yl)cyclohex-1-en-1-yl]methanol",
                "source": "ChemAxon"
            },
            {
                "kind": "Traditional IUPAC Name",
                "value": "(2R)-14-fluoro-2-methyl-6,9,10,19-tetraazapentacyclo[14.2.1.0^{2,6}.0^{8,18}.0^{12,17}]nonadeca-1(18),8,12(17),13,15-pentaen-11-one",
                "source": "ChemAxon"
            },
            {
                "kind": "Molecular Weight",
                "value": "152.237",
                "source": "ChemAxon"
            },
            {
                "kind": "Monoisotopic Weight",
                "value": "152.120115135",
                "source": "ChemAxon"
            },
            {
                "kind": "SMILES",
                "value": "CC(=C)[C@H]1CCC(CO)=CC1",
                "source": "ChemAxon"
            },
            {
                "kind": "Molecular Formula",
                "value": "C10H16O",
                "source": "ChemAxon"
            },
            {
                "kind": "InChI",
                "value": "InChI=1S/C10H16O/c1-8(2)10-5-3-9(7-11)4-6-10/h3,10-11H,1,4-7H2,2H3/t10-/m1/s1",
                "source": "ChemAxon"
            },
            {
                "kind": "InChIKey",
                "value": "NDTYTMIUWGWIMO-SNVBAGLBSA-N",
                "source": "ChemAxon"
            },
            {
                "kind": "Polar Surface Area (PSA)",
                "value": "20.23",
                "source": "ChemAxon"
            },
            {
                "kind": "Refractivity",
                "value": "48.26",
                "source": "ChemAxon"
            },
            {
                "kind": "Polarizability",
                "value": "18.25",
                "source": "ChemAxon"
            },
            {
                "kind": "Rotatable Bond Count",
                "value": "2",
                "source": "ChemAxon"
            },
            {
                "kind": "H Bond Acceptor Count",
                "value": "1",
                "source": "ChemAxon"
            },
            {
                "kind": "H Bond Donor Count",
                "value": "1",
                "source": "ChemAxon"
            },
            {
                "kind": "pKa (strongest acidic)",
                "value": "16.86",
                "source": "ChemAxon"
            },
            {
                "kind": "pKa (strongest basic)",
                "value": "-2",
                "source": "ChemAxon"
            },
            {
                "kind": "Physiological Charge",
                "value": "0",
                "source": "ChemAxon"
            },
            {
                "kind": "Number of Rings",
                "value": "1",
                "source": "ChemAxon"
            },
            {
                "kind": "Bioavailability",
                "value": "1",
                "source": "ChemAxon"
            },
            {
                "kind": "Rule of Five",
                "value": "1",
                "source": "ChemAxon"
            },
            {
                "kind": "Ghose Filter",
                "value": "0",
                "source": "ChemAxon"
            },
            {
                "kind": "MDDR-Like Rule",
                "value": "0",
                "source": "ChemAxon"
            }
        ]
    },
    "experimental-properties": null,
    "external-identifiers": {
        "external-identifier": [
            {
                "resource": "ChEBI",
                "identifier": "10782"
            },
            {
                "resource": "KEGG Compound",
                "identifier": "C02452"
            },
            {
                "resource": "ChemSpider",
                "identifier": "327861"
            },
            {
                "resource": "Wikipedia",
                "identifier": "Perillyl_alcohol"
            },
            {
                "resource": "ChEMBL",
                "identifier": "CHEMBL236687"
            },
            {
                "resource": "ZINC",
                "identifier": "ZINC000003861538"
            }
        ]
    },
    "external-links": null,
    "pathways": null,
    "reactions": null,
    "snp-effects": null,
    "snp-adverse-drug-reactions": null,
    "targets": null,
    "enzymes": null,
    "carriers": null,
    "transporters": null
}