{
    "type": "small molecule",
    "created": "2019-05-20",
    "updated": "2020-06-12",
    "drugbank-id": [
        {
            "primary": true,
            "value": "DB15374"
        }
    ],
    "name": "Cobalt Co-60",
    "description": "Cobalt Co-60 is under investigation in clinical trial NCT02891083 (Adjuvant Therapies or Surgery Alone for High Risk pN0 Esophageal Cancer).",
    "cas-number": "10198-40-0",
    "unii": "5C8182XDPZ",
    "average-mass": 59.9338,
    "monoisotopic-mass": 59.933822196,
    "groups": {
        "group": [
            "investigational"
        ]
    },
    "general-references": {
        "articles": null,
        "textbooks": null,
        "links": null,
        "attachments": null
    },
    "synthesis-reference": null,
    "indication": null,
    "pharmacodynamics": null,
    "mechanism-of-action": null,
    "toxicity": null,
    "metabolism": null,
    "absorption": null,
    "half-life": null,
    "protein-binding": null,
    "route-of-elimination": null,
    "volume-of-distribution": null,
    "clearance": null,
    "salts": null,
    "synonyms": null,
    "products": null,
    "international-brands": null,
    "mixtures": null,
    "packagers": null,
    "manufacturers": null,
    "prices": null,
    "categories": {
        "category": [
            {
                "category": "Cobalt Isotopes",
                "mesh-id": "D003036"
            },
            {
                "category": "Elements",
                "mesh-id": "D004602"
            },
            {
                "category": "Isotopes",
                "mesh-id": "D007554"
            },
            {
                "category": "Metals",
                "mesh-id": "D008670"
            },
            {
                "category": "Metals, Heavy",
                "mesh-id": "D019216"
            },
            {
                "category": "Radioisotopes",
                "mesh-id": "D011868"
            },
            {
                "category": "Transition Elements",
                "mesh-id": "D028561"
            }
        ]
    },
    "affected-organisms": null,
    "dosages": null,
    "atc-codes": null,
    "ahfs-codes": null,
    "pdb-entries": null,
    "patents": null,
    "food-interactions": null,
    "drug-interactions": null,
    "calculated-properties": {
        "property": [
            {
                "kind": "logP",
                "value": "-1.3",
                "source": "ALOGPS"
            },
            {
                "kind": "logS",
                "value": "1.08",
                "source": "ALOGPS"
            },
            {
                "kind": "Water Solubility",
                "value": "0.00e+00 g/l",
                "source": "ALOGPS"
            },
            {
                "kind": "logP",
                "value": "0.23",
                "source": "ChemAxon"
            },
            {
                "kind": "IUPAC Name",
                "value": "(60Co)cobalt",
                "source": "ChemAxon"
            },
            {
                "kind": "Traditional IUPAC Name",
                "value": "(2R)-14-fluoro-2-methyl-6,9,10,19-tetraazapentacyclo[14.2.1.0^{2,6}.0^{8,18}.0^{12,17}]nonadeca-1(18),8,12(17),13,15-pentaen-11-one",
                "source": "ChemAxon"
            },
            {
                "kind": "Molecular Weight",
                "value": "59.9338",
                "source": "ChemAxon"
            },
            {
                "kind": "Monoisotopic Weight",
                "value": "59.933822196",
                "source": "ChemAxon"
            },
            {
                "kind": "SMILES",
                "value": "[60Co]",
                "source": "ChemAxon"
            },
            {
                "kind": "Molecular Formula",
                "value": "Co",
                "source": "ChemAxon"
            },
            {
                "kind": "InChI",
                "value": "InChI=1S/Co/i1+1",
                "source": "ChemAxon"
            },
            {
                "kind": "InChIKey",
                "value": "GUTLYIVDDKVIGB-OUBTZVSYSA-N",
                "source": "ChemAxon"
            },
            {
                "kind": "Polar Surface Area (PSA)",
                "value": "0",
                "source": "ChemAxon"
            },
            {
                "kind": "Refractivity",
                "value": "0",
                "source": "ChemAxon"
            },
            {
                "kind": "Polarizability",
                "value": "1.78",
                "source": "ChemAxon"
            },
            {
                "kind": "Rotatable Bond Count",
                "value": "0",
                "source": "ChemAxon"
            },
            {
                "kind": "H Bond Acceptor Count",
                "value": "0",
                "source": "ChemAxon"
            },
            {
                "kind": "H Bond Donor Count",
                "value": "0",
                "source": "ChemAxon"
            },
            {
                "kind": "Physiological Charge",
                "value": "0",
                "source": "ChemAxon"
            },
            {
                "kind": "Number of Rings",
                "value": "0",
                "source": "ChemAxon"
            },
            {
                "kind": "Bioavailability",
                "value": "1",
                "source": "ChemAxon"
            },
            {
                "kind": "Rule of Five",
                "value": "1",
                "source": "ChemAxon"
            },
            {
                "kind": "Ghose Filter",
                "value": "0",
                "source": "ChemAxon"
            },
            {
                "kind": "MDDR-Like Rule",
                "value": "0",
                "source": "ChemAxon"
            }
        ]
    },
    "experimental-properties": null,
    "external-identifiers": {
        "external-identifier": [
            {
                "resource": "ChemSpider",
                "identifier": "55412"
            }
        ]
    },
    "external-links": null,
    "pathways": null,
    "reactions": null,
    "snp-effects": null,
    "snp-adverse-drug-reactions": null,
    "targets": null,
    "enzymes": null,
    "carriers": null,
    "transporters": null
}