{
    "type": "small molecule",
    "created": "2019-10-10",
    "updated": "2021-03-03",
    "drugbank-id": [
        {
            "primary": true,
            "value": "DB15536"
        }
    ],
    "name": "Ferric chloride",
    "description": null,
    "cas-number": "7705-08-0",
    "unii": "U38V3ZVV3V",
    "average-mass": 162.204,
    "monoisotopic-mass": 160.841500254,
    "groups": {
        "group": [
            "approved",
            "experimental"
        ]
    },
    "general-references": {
        "articles": null,
        "textbooks": null,
        "links": null,
        "attachments": null
    },
    "synthesis-reference": null,
    "indication": null,
    "pharmacodynamics": null,
    "mechanism-of-action": null,
    "toxicity": null,
    "metabolism": null,
    "absorption": null,
    "half-life": null,
    "protein-binding": null,
    "route-of-elimination": null,
    "volume-of-distribution": null,
    "clearance": null,
    "classification": {
        "description": "This compound belongs to the class of inorganic compounds known as transition metal chlorides. These are inorganic compounds in which the largest halogen atom is Chlorine, and the heaviest metal atom is a transition metal.",
        "direct-parent": "Transition metal chlorides",
        "kingdom": "Inorganic compounds",
        "superclass": "Mixed metal/non-metal compounds",
        "class": "Transition metal salts",
        "subclass": "Transition metal chlorides",
        "alternative-parent": [
            "Inorganic chloride salts"
        ],
        "substituent": [
            "Inorganic chloride salt",
            "Inorganic salt",
            "Transition metal chloride"
        ]
    },
    "salts": {
        "salt": [
            {
                "drugbank-id": [
                    {
                        "primary": true,
                        "value": "DBSALT003012"
                    }
                ],
                "name": "Ferric chloride hexahydrate",
                "unii": "0I2XIN602U",
                "cas-number": "10025-77-1",
                "inchikey": "NQXWGWZJXJUMQB-UHFFFAOYSA-K",
                "average-mass": 270.29,
                "monoisotopic-mass": 268.904882
            }
        ]
    },
    "synonyms": {
        "synonym": [
            {
                "language": "english",
                "coder": "",
                "value": "Ferric chloride, anhydrous"
            },
            {
                "language": "english",
                "coder": "",
                "value": "Iron (III) chloride"
            },
            {
                "language": "english",
                "coder": "",
                "value": "Iron chloride"
            },
            {
                "language": "english",
                "coder": "",
                "value": "Iron perchloride"
            }
        ]
    },
    "products": {
        "product": [
            {
                "name": "Addamel N",
                "labeller": "Fresenius Kabi USA, LLC",
                "ndc-id": null,
                "ndc-product-code": "63323-143",
                "dpd-id": null,
                "ema-product-code": null,
                "ema-ma-number": null,
                "started-marketing-on": "2013-05-07",
                "ended-marketing-on": "2017-03-31",
                "dosage-form": "Injection, solution",
                "strength": null,
                "route": "Intravenous",
                "fda-application-number": null,
                "generic": false,
                "over-the-counter": false,
                "approved": false,
                "country": "US",
                "source": "FDA NDC"
            },
            {
                "name": "Addnutriv",
                "labeller": "Fresenius Kabi",
                "ndc-id": null,
                "ndc-product-code": null,
                "dpd-id": "02497697",
                "ema-product-code": null,
                "ema-ma-number": null,
                "started-marketing-on": "2020-12-01",
                "ended-marketing-on": null,
                "dosage-form": "Solution",
                "strength": null,
                "route": "Intravenous",
                "fda-application-number": null,
                "generic": false,
                "over-the-counter": false,
                "approved": true,
                "country": "Canada",
                "source": "DPD"
            }
        ]
    },
    "international-brands": null,
    "mixtures": {
        "mixture": [
            {
                "name": "Addamel N",
                "ingredients": "Chromic chloride + Cuprous chloride + Ferric chloride + Manganese + Potassium Iodide + Selenious acid + Sodium fluoride + Sodium molybdate + Zinc chloride"
            },
            {
                "name": "Addnutriv",
                "ingredients": "Chromic chloride + Cupric Chloride + Ferric chloride + Manganese + Potassium Iodide + Selenious acid + Sodium fluoride + Sodium molybdate + Zinc chloride"
            }
        ]
    },
    "packagers": null,
    "manufacturers": null,
    "prices": null,
    "categories": {
        "category": [
            {
                "category": "Acids",
                "mesh-id": "D000143"
            },
            {
                "category": "Acids, Noncarboxylic",
                "mesh-id": "D000148"
            },
            {
                "category": "Anions",
                "mesh-id": "D000838"
            },
            {
                "category": "Caustics",
                "mesh-id": "D002424"
            },
            {
                "category": "Chlorine Compounds",
                "mesh-id": "D017606"
            },
            {
                "category": "Electrolytes",
                "mesh-id": "D004573"
            },
            {
                "category": "Ions",
                "mesh-id": "D007477"
            },
            {
                "category": "Iron Compounds",
                "mesh-id": "D058085"
            },
            {
                "category": "Noxae",
                "mesh-id": "D009676"
            },
            {
                "category": "Toxic Actions",
                "mesh-id": "D004786"
            }
        ]
    },
    "affected-organisms": null,
    "dosages": {
        "dosage": [
            {
                "form": "Injection, solution",
                "route": "Intravenous",
                "strength": null
            },
            {
                "form": "Injection, solution, concentrate",
                "route": "Intravenous",
                "strength": null
            },
            {
                "form": "Injection",
                "route": "Intravenous",
                "strength": "5.33 mcg/ml"
            },
            {
                "form": "Injection, solution",
                "route": "Intravenous drip",
                "strength": null
            },
            {
                "form": "Solution",
                "route": "Intravenous",
                "strength": "5.33 mcg/ml"
            },
            {
                "form": "Solution",
                "route": "Intravenous",
                "strength": null
            },
            {
                "form": "Solution, concentrate",
                "route": "Intravenous",
                "strength": null
            },
            {
                "form": "Injection, solution",
                "route": "Parenteral",
                "strength": null
            }
        ]
    },
    "atc-codes": null,
    "ahfs-codes": null,
    "pdb-entries": null,
    "patents": null,
    "food-interactions": null,
    "drug-interactions": null,
    "calculated-properties": {
        "property": [
            {
                "kind": "logP",
                "value": "2.06",
                "source": "ALOGPS"
            },
            {
                "kind": "logS",
                "value": "-1.4",
                "source": "ALOGPS"
            },
            {
                "kind": "Water Solubility",
                "value": "7.29e+00 g/l",
                "source": "ALOGPS"
            },
            {
                "kind": "logP",
                "value": "2.3",
                "source": "ChemAxon"
            },
            {
                "kind": "IUPAC Name",
                "value": "trichloroiron",
                "source": "ChemAxon"
            },
            {
                "kind": "Traditional IUPAC Name",
                "value": "ferric chloride",
                "source": "ChemAxon"
            },
            {
                "kind": "Molecular Weight",
                "value": "162.204",
                "source": "ChemAxon"
            },
            {
                "kind": "Monoisotopic Weight",
                "value": "160.841500254",
                "source": "ChemAxon"
            },
            {
                "kind": "SMILES",
                "value": "Cl[Fe](Cl)Cl",
                "source": "ChemAxon"
            },
            {
                "kind": "Molecular Formula",
                "value": "Cl3Fe",
                "source": "ChemAxon"
            },
            {
                "kind": "InChI",
                "value": "InChI=1S/3ClH.Fe/h3*1H;/q;;;+3/p-3",
                "source": "ChemAxon"
            },
            {
                "kind": "InChIKey",
                "value": "RBTARNINKXHZNM-UHFFFAOYSA-K",
                "source": "ChemAxon"
            },
            {
                "kind": "Polar Surface Area (PSA)",
                "value": "0",
                "source": "ChemAxon"
            },
            {
                "kind": "Refractivity",
                "value": "18.41",
                "source": "ChemAxon"
            },
            {
                "kind": "Polarizability",
                "value": "10.16",
                "source": "ChemAxon"
            },
            {
                "kind": "Rotatable Bond Count",
                "value": "0",
                "source": "ChemAxon"
            },
            {
                "kind": "H Bond Acceptor Count",
                "value": "0",
                "source": "ChemAxon"
            },
            {
                "kind": "H Bond Donor Count",
                "value": "0",
                "source": "ChemAxon"
            },
            {
                "kind": "Physiological Charge",
                "value": "0",
                "source": "ChemAxon"
            },
            {
                "kind": "Number of Rings",
                "value": "0",
                "source": "ChemAxon"
            },
            {
                "kind": "Bioavailability",
                "value": "1",
                "source": "ChemAxon"
            },
            {
                "kind": "Rule of Five",
                "value": "1",
                "source": "ChemAxon"
            },
            {
                "kind": "Ghose Filter",
                "value": "0",
                "source": "ChemAxon"
            },
            {
                "kind": "MDDR-Like Rule",
                "value": "0",
                "source": "ChemAxon"
            }
        ]
    },
    "experimental-properties": null,
    "external-identifiers": {
        "external-identifier": [
            {
                "resource": "Drugs Product Database (DPD)",
                "identifier": "309"
            },
            {
                "resource": "ChEBI",
                "identifier": "30808"
            },
            {
                "resource": "ChemSpider",
                "identifier": "22792"
            },
            {
                "resource": "Wikipedia",
                "identifier": "Iron(III)_chloride"
            },
            {
                "resource": "ChEMBL",
                "identifier": "CHEMBL2219605"
            },
            {
                "resource": "RxCUI",
                "identifier": "24898"
            }
        ]
    },
    "external-links": null,
    "pathways": null,
    "reactions": null,
    "snp-effects": null,
    "snp-adverse-drug-reactions": null,
    "targets": null,
    "enzymes": null,
    "carriers": null,
    "transporters": null
}