{
    "type": "small molecule",
    "created": "2019-05-20",
    "updated": "2020-06-12",
    "drugbank-id": [
        {
            "primary": true,
            "value": "DB15193"
        }
    ],
    "name": "BMS-955176",
    "description": "BMS-955176 is under investigation in clinical trial NCT02415595 (Dose-finding Study of BMS-955176 to Treat HIV-1 Infected Treatment-naive Adults).",
    "cas-number": "1392312-45-6",
    "unii": "4CA9IAU7RJ",
    "average-mass": 691.03,
    "monoisotopic-mass": 690.443029658,
    "groups": {
        "group": [
            "investigational"
        ]
    },
    "general-references": {
        "articles": null,
        "textbooks": null,
        "links": null,
        "attachments": null
    },
    "synthesis-reference": null,
    "indication": null,
    "pharmacodynamics": null,
    "mechanism-of-action": null,
    "toxicity": null,
    "metabolism": null,
    "absorption": null,
    "half-life": null,
    "protein-binding": null,
    "route-of-elimination": null,
    "volume-of-distribution": null,
    "clearance": null,
    "salts": null,
    "synonyms": null,
    "products": null,
    "international-brands": null,
    "mixtures": null,
    "packagers": null,
    "manufacturers": null,
    "prices": null,
    "categories": {
        "category": [
            {
                "category": "Anti-HIV Agents",
                "mesh-id": "D019380"
            },
            {
                "category": "Anti-Infective Agents",
                "mesh-id": "D000890"
            },
            {
                "category": "Anti-Retroviral Agents",
                "mesh-id": "D044966"
            },
            {
                "category": "Antiviral Agents",
                "mesh-id": "D000998"
            },
            {
                "category": "Terpenes",
                "mesh-id": "D013729"
            }
        ]
    },
    "affected-organisms": null,
    "dosages": null,
    "atc-codes": null,
    "ahfs-codes": null,
    "pdb-entries": null,
    "patents": null,
    "food-interactions": null,
    "drug-interactions": null,
    "calculated-properties": {
        "property": [
            {
                "kind": "logP",
                "value": "6.82",
                "source": "ALOGPS"
            },
            {
                "kind": "logS",
                "value": "-6.9",
                "source": "ALOGPS"
            },
            {
                "kind": "Water Solubility",
                "value": "8.57e-05 g/l",
                "source": "ALOGPS"
            },
            {
                "kind": "logP",
                "value": "4.49",
                "source": "ChemAxon"
            },
            {
                "kind": "IUPAC Name",
                "value": "4-[(1R,3aS,5aR,5bR,7aR,11aS,11bR,13aR,13bR)-3a-{[2-(1,1-dioxo-1lambda6-thiomorpholin-4-yl)ethyl]amino}-5a,5b,8,8,11a-pentamethyl-1-(prop-1-en-2-yl)-1H,2H,3H,3aH,4H,5H,5aH,5bH,6H,7H,7aH,8H,11H,11aH,11bH,12H,13H,13aH,13bH-cyclopenta[a]chrysen-9-yl]benzoic acid",
                "source": "ChemAxon"
            },
            {
                "kind": "Traditional IUPAC Name",
                "value": "(2R)-14-fluoro-2-methyl-6,9,10,19-tetraazapentacyclo[14.2.1.0^{2,6}.0^{8,18}.0^{12,17}]nonadeca-1(18),8,12(17),13,15-pentaen-11-one",
                "source": "ChemAxon"
            },
            {
                "kind": "Molecular Weight",
                "value": "691.03",
                "source": "ChemAxon"
            },
            {
                "kind": "Monoisotopic Weight",
                "value": "690.443029658",
                "source": "ChemAxon"
            },
            {
                "kind": "SMILES",
                "value": "CC(=C)[C@@H]1CC[C@@]2(CC[C@]3(C)[C@H](CC[C@@H]4[C@@]5(C)CC=C(C6=CC=C(C=C6)C(O)=O)C(C)(C)[C@@H]5CC[C@@]34C)[C@@H]12)NCCN1CCS(=O)(=O)CC1",
                "source": "ChemAxon"
            },
            {
                "kind": "Molecular Formula",
                "value": "C42H62N2O4S",
                "source": "ChemAxon"
            },
            {
                "kind": "InChI",
                "value": "InChI=1S/C42H62N2O4S/c1-28(2)31-14-19-42(43-22-23-44-24-26-49(47,48)27-25-44)21-20-40(6)33(36(31)42)12-13-35-39(5)17-15-32(29-8-10-30(11-9-29)37(45)46)38(3,4)34(39)16-18-41(35,40)7/h8-11,15,31,33-36,43H,1,12-14,16-27H2,2-7H3,(H,45,46)/t31-,33+,34-,35+,36+,39-,40+,41+,42-/m0/s1",
                "source": "ChemAxon"
            },
            {
                "kind": "InChIKey",
                "value": "XDMUFNNPLXHNKA-ZTESCHFWSA-N",
                "source": "ChemAxon"
            },
            {
                "kind": "Polar Surface Area (PSA)",
                "value": "86.71",
                "source": "ChemAxon"
            },
            {
                "kind": "Refractivity",
                "value": "199.33",
                "source": "ChemAxon"
            },
            {
                "kind": "Polarizability",
                "value": "81.48",
                "source": "ChemAxon"
            },
            {
                "kind": "Rotatable Bond Count",
                "value": "7",
                "source": "ChemAxon"
            },
            {
                "kind": "H Bond Acceptor Count",
                "value": "6",
                "source": "ChemAxon"
            },
            {
                "kind": "H Bond Donor Count",
                "value": "2",
                "source": "ChemAxon"
            },
            {
                "kind": "pKa (strongest acidic)",
                "value": "4.1",
                "source": "ChemAxon"
            },
            {
                "kind": "pKa (strongest basic)",
                "value": "10.72",
                "source": "ChemAxon"
            },
            {
                "kind": "Physiological Charge",
                "value": "0",
                "source": "ChemAxon"
            },
            {
                "kind": "Number of Rings",
                "value": "7",
                "source": "ChemAxon"
            },
            {
                "kind": "Bioavailability",
                "value": "1",
                "source": "ChemAxon"
            },
            {
                "kind": "Rule of Five",
                "value": "0",
                "source": "ChemAxon"
            },
            {
                "kind": "Ghose Filter",
                "value": "0",
                "source": "ChemAxon"
            },
            {
                "kind": "MDDR-Like Rule",
                "value": "1",
                "source": "ChemAxon"
            }
        ]
    },
    "experimental-properties": null,
    "external-identifiers": {
        "external-identifier": [
            {
                "resource": "ChemSpider",
                "identifier": "58922159"
            },
            {
                "resource": "Wikipedia",
                "identifier": "BMS-955176"
            },
            {
                "resource": "ChEMBL",
                "identifier": "CHEMBL3827379"
            },
            {
                "resource": "ZINC",
                "identifier": "ZINC000653825436"
            }
        ]
    },
    "external-links": null,
    "pathways": null,
    "reactions": null,
    "snp-effects": null,
    "snp-adverse-drug-reactions": null,
    "targets": null,
    "enzymes": null,
    "carriers": null,
    "transporters": null
}