{
    "type": "small molecule",
    "created": "2019-05-20",
    "updated": "2021-02-21",
    "drugbank-id": [
        {
            "primary": true,
            "value": "DB15449"
        }
    ],
    "name": "Citarinostat",
    "description": "Citarinostat is under investigation in clinical trial NCT02886065 (A Study of PVX-410, a Cancer Vaccine, and Citarinostat +/- Lenalidomide for Smoldering MM).",
    "cas-number": "1316215-12-9",
    "unii": "441P620G3P",
    "average-mass": 467.95,
    "monoisotopic-mass": 467.1724174,
    "groups": {
        "group": [
            "investigational"
        ]
    },
    "general-references": {
        "articles": null,
        "textbooks": null,
        "links": null,
        "attachments": null
    },
    "synthesis-reference": null,
    "indication": null,
    "pharmacodynamics": null,
    "mechanism-of-action": null,
    "toxicity": null,
    "metabolism": null,
    "absorption": null,
    "half-life": null,
    "protein-binding": null,
    "route-of-elimination": null,
    "volume-of-distribution": null,
    "clearance": null,
    "classification": {
        "description": "This compound belongs to the class of organic compounds known as pyrimidinecarboxylic acids and derivatives. These are compounds containing a pyrimidine ring which bears a carboxylic acid group (or a derivative thereof).",
        "direct-parent": "Pyrimidinecarboxylic acids and derivatives",
        "kingdom": "Organic compounds",
        "superclass": "Organoheterocyclic compounds",
        "class": "Diazines",
        "subclass": "Pyrimidines and pyrimidine derivatives",
        "alternative-parent": [
            "Amines",
            "Aminopyrimidines and derivatives",
            "Aniline and substituted anilines",
            "Aryl chlorides",
            "Azacyclic compounds",
            "Carbonyl compounds",
            "Chlorobenzenes",
            "Heteroaromatic compounds",
            "Hydrocarbon derivatives",
            "Hydroxamic acids",
            "Organic oxides",
            "Organochlorides",
            "Organopnictogen compounds",
            "Secondary carboxylic acid amides"
        ],
        "substituent": [
            "Amine",
            "Aminopyrimidine",
            "Aniline or substituted anilines",
            "Aromatic heteromonocyclic compound",
            "Aryl chloride",
            "Aryl halide",
            "Azacycle",
            "Benzenoid",
            "Carbonyl group",
            "Carboxamide group",
            "Carboxylic acid derivative",
            "Chlorobenzene",
            "Halobenzene",
            "Heteroaromatic compound",
            "Hydrocarbon derivative",
            "Hydroxamic acid",
            "Monocyclic benzene moiety",
            "Organic nitrogen compound",
            "Organic oxide",
            "Organic oxygen compound",
            "Organochloride",
            "Organohalogen compound",
            "Organonitrogen compound",
            "Organooxygen compound",
            "Organopnictogen compound",
            "Pyrimidine-5-carboxylic acid or derivatives",
            "Secondary carboxylic acid amide"
        ]
    },
    "salts": null,
    "synonyms": {
        "synonym": [
            {
                "language": "english",
                "coder": "inn/usan",
                "value": "Citarinostat"
            }
        ]
    },
    "products": null,
    "international-brands": null,
    "mixtures": null,
    "packagers": null,
    "manufacturers": null,
    "prices": null,
    "categories": {
        "category": [
            {
                "category": "Antineoplastic Agents",
                "mesh-id": "D000970"
            },
            {
                "category": "Enzyme Inhibitors",
                "mesh-id": "D004791"
            },
            {
                "category": "Histone Deacetylase Inhibitors",
                "mesh-id": "D056572"
            }
        ]
    },
    "affected-organisms": null,
    "dosages": null,
    "atc-codes": null,
    "ahfs-codes": null,
    "pdb-entries": null,
    "patents": null,
    "food-interactions": null,
    "drug-interactions": null,
    "calculated-properties": {
        "property": [
            {
                "kind": "logP",
                "value": "3.61",
                "source": "ALOGPS"
            },
            {
                "kind": "logS",
                "value": "-4.7",
                "source": "ALOGPS"
            },
            {
                "kind": "Water Solubility",
                "value": "9.59e-03 g/l",
                "source": "ALOGPS"
            },
            {
                "kind": "logP",
                "value": "4.26",
                "source": "ChemAxon"
            },
            {
                "kind": "IUPAC Name",
                "value": "7-({2-[(2-chlorophenyl)(phenyl)amino]pyrimidin-5-yl}formamido)-N-hydroxyheptanamide",
                "source": "ChemAxon"
            },
            {
                "kind": "Traditional IUPAC Name",
                "value": "(2R)-14-fluoro-2-methyl-6,9,10,19-tetraazapentacyclo[14.2.1.0^{2,6}.0^{8,18}.0^{12,17}]nonadeca-1(18),8,12(17),13,15-pentaen-11-one",
                "source": "ChemAxon"
            },
            {
                "kind": "Molecular Weight",
                "value": "467.95",
                "source": "ChemAxon"
            },
            {
                "kind": "Monoisotopic Weight",
                "value": "467.1724174",
                "source": "ChemAxon"
            },
            {
                "kind": "SMILES",
                "value": "ONC(=O)CCCCCCNC(=O)C1=CN=C(N=C1)N(C1=CC=CC=C1)C1=CC=CC=C1Cl",
                "source": "ChemAxon"
            },
            {
                "kind": "Molecular Formula",
                "value": "C24H26ClN5O3",
                "source": "ChemAxon"
            },
            {
                "kind": "InChI",
                "value": "InChI=1S/C24H26ClN5O3/c25-20-12-7-8-13-21(20)30(19-10-4-3-5-11-19)24-27-16-18(17-28-24)23(32)26-15-9-2-1-6-14-22(31)29-33/h3-5,7-8,10-13,16-17,33H,1-2,6,9,14-15H2,(H,26,32)(H,29,31)",
                "source": "ChemAxon"
            },
            {
                "kind": "InChIKey",
                "value": "VLIUIBXPEDFJRF-UHFFFAOYSA-N",
                "source": "ChemAxon"
            },
            {
                "kind": "Polar Surface Area (PSA)",
                "value": "107.45",
                "source": "ChemAxon"
            },
            {
                "kind": "Refractivity",
                "value": "127.54",
                "source": "ChemAxon"
            },
            {
                "kind": "Polarizability",
                "value": "50.03",
                "source": "ChemAxon"
            },
            {
                "kind": "Rotatable Bond Count",
                "value": "11",
                "source": "ChemAxon"
            },
            {
                "kind": "H Bond Acceptor Count",
                "value": "6",
                "source": "ChemAxon"
            },
            {
                "kind": "H Bond Donor Count",
                "value": "3",
                "source": "ChemAxon"
            },
            {
                "kind": "pKa (strongest acidic)",
                "value": "8.91",
                "source": "ChemAxon"
            },
            {
                "kind": "pKa (strongest basic)",
                "value": "-1.3",
                "source": "ChemAxon"
            },
            {
                "kind": "Physiological Charge",
                "value": "0",
                "source": "ChemAxon"
            },
            {
                "kind": "Number of Rings",
                "value": "3",
                "source": "ChemAxon"
            },
            {
                "kind": "Bioavailability",
                "value": "1",
                "source": "ChemAxon"
            },
            {
                "kind": "Rule of Five",
                "value": "1",
                "source": "ChemAxon"
            },
            {
                "kind": "Ghose Filter",
                "value": "1",
                "source": "ChemAxon"
            },
            {
                "kind": "MDDR-Like Rule",
                "value": "1",
                "source": "ChemAxon"
            }
        ]
    },
    "experimental-properties": null,
    "external-identifiers": {
        "external-identifier": [
            {
                "resource": "ChemSpider",
                "identifier": "32055291"
            },
            {
                "resource": "BindingDB",
                "identifier": "110036"
            },
            {
                "resource": "ChEMBL",
                "identifier": "CHEMBL3693786"
            },
            {
                "resource": "ZINC",
                "identifier": "ZINC000098023187"
            }
        ]
    },
    "external-links": null,
    "pathways": null,
    "reactions": null,
    "snp-effects": null,
    "snp-adverse-drug-reactions": null,
    "targets": null,
    "enzymes": null,
    "carriers": null,
    "transporters": null
}