{
    "type": "small molecule",
    "created": "2019-05-20",
    "updated": "2021-02-21",
    "drugbank-id": [
        {
            "primary": true,
            "value": "DB15168"
        }
    ],
    "name": "Cilofexor",
    "description": "Cilofexor is under investigation in clinical trial NCT02943447 (Safety, Tolerability, and Efficacy of Cilofexor in Adults With Primary Biliary Cholangitis Without Cirrhosis).",
    "cas-number": "1418274-28-8",
    "unii": "YUN2306954",
    "average-mass": 586.85,
    "monoisotopic-mass": 585.0625039,
    "groups": {
        "group": [
            "investigational"
        ]
    },
    "general-references": {
        "articles": null,
        "textbooks": null,
        "links": null,
        "attachments": null
    },
    "synthesis-reference": null,
    "indication": null,
    "pharmacodynamics": null,
    "mechanism-of-action": null,
    "toxicity": null,
    "metabolism": null,
    "absorption": null,
    "half-life": null,
    "protein-binding": null,
    "route-of-elimination": null,
    "volume-of-distribution": null,
    "clearance": null,
    "classification": {
        "description": "This compound belongs to the class of organic compounds known as phenylazetidines. These are polycyclic aromatic compounds containing a phenyl ring substituted with an azetidine ring.",
        "direct-parent": "Phenylazetidines",
        "kingdom": "Organic compounds",
        "superclass": "Organoheterocyclic compounds",
        "class": "Azetidines",
        "subclass": "Phenylazetidines",
        "alternative-parent": [
            "5-cyclopropylisoxazoles",
            "Alkyl aryl ethers",
            "Aminopyridines and derivatives",
            "Aryl chlorides",
            "Azacyclic compounds",
            "Carboxylic acids",
            "Dialkylarylamines",
            "Dichlorobenzenes",
            "Heteroaromatic compounds",
            "Hydrocarbon derivatives",
            "Imidolactams",
            "Organic oxides",
            "Organochlorides",
            "Oxacyclic compounds",
            "Phenol ethers",
            "Phenoxy compounds",
            "Pyridinecarboxylic acids",
            "Tertiary alcohols"
        ],
        "substituent": [
            "1,3-dichlorobenzene",
            "3-phenylazetidine",
            "5-cyclopropylisoxazole",
            "Alcohol",
            "Alkyl aryl ether",
            "Amine",
            "Aminopyridine",
            "Aromatic heteromonocyclic compound",
            "Aryl chloride",
            "Aryl halide",
            "Azacycle",
            "Azole",
            "Benzenoid",
            "Carboxylic acid",
            "Carboxylic acid derivative",
            "Chlorobenzene",
            "Cyclopropylisoxazole",
            "Dialkylarylamine",
            "Ether",
            "Halobenzene",
            "Heteroaromatic compound",
            "Hydrocarbon derivative",
            "Imidolactam",
            "Isoxazole",
            "Monocyclic benzene moiety",
            "Organic nitrogen compound",
            "Organic oxide",
            "Organic oxygen compound",
            "Organochloride",
            "Organohalogen compound",
            "Organonitrogen compound",
            "Organooxygen compound",
            "Oxacycle",
            "Phenol ether",
            "Phenoxy compound",
            "Pyridine",
            "Pyridine carboxylic acid",
            "Pyridine carboxylic acid or derivatives",
            "Tertiary alcohol"
        ]
    },
    "salts": null,
    "synonyms": {
        "synonym": [
            {
                "language": "english",
                "coder": "inn",
                "value": "Cilofexor"
            }
        ]
    },
    "products": null,
    "international-brands": null,
    "mixtures": null,
    "packagers": null,
    "manufacturers": null,
    "prices": null,
    "categories": {
        "category": [
            {
                "category": "Azetines",
                "mesh-id": "D001385"
            },
            {
                "category": "Pyridines",
                "mesh-id": "D011725"
            }
        ]
    },
    "affected-organisms": null,
    "dosages": null,
    "atc-codes": null,
    "ahfs-codes": null,
    "pdb-entries": {
        "pdb-entry": [
            "7vue"
        ]
    },
    "patents": null,
    "food-interactions": null,
    "drug-interactions": null,
    "calculated-properties": {
        "property": [
            {
                "kind": "logP",
                "value": "5.36",
                "source": "ALOGPS"
            },
            {
                "kind": "logS",
                "value": "-4.3",
                "source": "ALOGPS"
            },
            {
                "kind": "Water Solubility",
                "value": "2.95e-02 g/l",
                "source": "ALOGPS"
            },
            {
                "kind": "logP",
                "value": "4.65",
                "source": "ChemAxon"
            },
            {
                "kind": "IUPAC Name",
                "value": "2-[3-(2-chloro-4-{[5-cyclopropyl-3-(2,6-dichlorophenyl)-1,2-oxazol-4-yl]methoxy}phenyl)-3-hydroxyazetidin-1-yl]pyridine-4-carboxylic acid",
                "source": "ChemAxon"
            },
            {
                "kind": "Traditional IUPAC Name",
                "value": "(2R)-14-fluoro-2-methyl-6,9,10,19-tetraazapentacyclo[14.2.1.0^{2,6}.0^{8,18}.0^{12,17}]nonadeca-1(18),8,12(17),13,15-pentaen-11-one",
                "source": "ChemAxon"
            },
            {
                "kind": "Molecular Weight",
                "value": "586.85",
                "source": "ChemAxon"
            },
            {
                "kind": "Monoisotopic Weight",
                "value": "585.0625039",
                "source": "ChemAxon"
            },
            {
                "kind": "SMILES",
                "value": "OC(=O)C1=CC=NC(=C1)N1CC(O)(C1)C1=C(Cl)C=C(OCC2=C(ON=C2C2=C(Cl)C=CC=C2Cl)C2CC2)C=C1",
                "source": "ChemAxon"
            },
            {
                "kind": "Molecular Formula",
                "value": "C28H22Cl3N3O5",
                "source": "ChemAxon"
            },
            {
                "kind": "InChI",
                "value": "InChI=1S/C28H22Cl3N3O5/c29-20-2-1-3-21(30)24(20)25-18(26(39-33-25)15-4-5-15)12-38-17-6-7-19(22(31)11-17)28(37)13-34(14-28)23-10-16(27(35)36)8-9-32-23/h1-3,6-11,15,37H,4-5,12-14H2,(H,35,36)",
                "source": "ChemAxon"
            },
            {
                "kind": "InChIKey",
                "value": "KZSKGLFYQAYZCO-UHFFFAOYSA-N",
                "source": "ChemAxon"
            },
            {
                "kind": "Polar Surface Area (PSA)",
                "value": "108.92",
                "source": "ChemAxon"
            },
            {
                "kind": "Refractivity",
                "value": "148.43",
                "source": "ChemAxon"
            },
            {
                "kind": "Polarizability",
                "value": "56.81",
                "source": "ChemAxon"
            },
            {
                "kind": "Rotatable Bond Count",
                "value": "7",
                "source": "ChemAxon"
            },
            {
                "kind": "H Bond Acceptor Count",
                "value": "7",
                "source": "ChemAxon"
            },
            {
                "kind": "H Bond Donor Count",
                "value": "2",
                "source": "ChemAxon"
            },
            {
                "kind": "pKa (strongest acidic)",
                "value": "0.45",
                "source": "ChemAxon"
            },
            {
                "kind": "pKa (strongest basic)",
                "value": "8.14",
                "source": "ChemAxon"
            },
            {
                "kind": "Physiological Charge",
                "value": "0",
                "source": "ChemAxon"
            },
            {
                "kind": "Number of Rings",
                "value": "6",
                "source": "ChemAxon"
            },
            {
                "kind": "Bioavailability",
                "value": "1",
                "source": "ChemAxon"
            },
            {
                "kind": "Rule of Five",
                "value": "0",
                "source": "ChemAxon"
            },
            {
                "kind": "Ghose Filter",
                "value": "0",
                "source": "ChemAxon"
            },
            {
                "kind": "MDDR-Like Rule",
                "value": "1",
                "source": "ChemAxon"
            }
        ]
    },
    "experimental-properties": null,
    "external-identifiers": {
        "external-identifier": [
            {
                "resource": "ChemSpider",
                "identifier": "68007315"
            },
            {
                "resource": "PDB",
                "identifier": "811"
            }
        ]
    },
    "external-links": null,
    "pathways": null,
    "reactions": null,
    "snp-effects": null,
    "snp-adverse-drug-reactions": null,
    "targets": null,
    "enzymes": null,
    "carriers": null,
    "transporters": null
}