{
    "type": "small molecule",
    "created": "2019-05-20",
    "updated": "2020-06-12",
    "drugbank-id": [
        {
            "primary": true,
            "value": "DB15450"
        }
    ],
    "name": "PF-05105679",
    "description": "PF-05105679 is under investigation in clinical trial NCT01393652 (Single Dose, Dose Escalation Healthy Volunteers Study Of PF-05105679).",
    "cas-number": "1398583-31-7",
    "unii": "F2B10OFV7Y",
    "average-mass": 428.463,
    "monoisotopic-mass": 428.153620707,
    "groups": {
        "group": [
            "investigational"
        ]
    },
    "general-references": {
        "articles": null,
        "textbooks": null,
        "links": null,
        "attachments": null
    },
    "synthesis-reference": null,
    "indication": null,
    "pharmacodynamics": null,
    "mechanism-of-action": null,
    "toxicity": null,
    "metabolism": null,
    "absorption": null,
    "half-life": null,
    "protein-binding": null,
    "route-of-elimination": null,
    "volume-of-distribution": null,
    "clearance": null,
    "salts": null,
    "synonyms": null,
    "products": null,
    "international-brands": null,
    "mixtures": null,
    "packagers": null,
    "manufacturers": null,
    "prices": null,
    "categories": null,
    "affected-organisms": null,
    "dosages": null,
    "atc-codes": null,
    "ahfs-codes": null,
    "pdb-entries": null,
    "patents": null,
    "food-interactions": null,
    "drug-interactions": null,
    "calculated-properties": {
        "property": [
            {
                "kind": "logP",
                "value": "4.18",
                "source": "ALOGPS"
            },
            {
                "kind": "logS",
                "value": "-5.6",
                "source": "ALOGPS"
            },
            {
                "kind": "Water Solubility",
                "value": "9.90e-04 g/l",
                "source": "ALOGPS"
            },
            {
                "kind": "logP",
                "value": "4.77",
                "source": "ChemAxon"
            },
            {
                "kind": "IUPAC Name",
                "value": "3-({N-[(1R)-1-(4-fluorophenyl)ethyl]-1-(quinolin-3-yl)formamido}methyl)benzoic acid",
                "source": "ChemAxon"
            },
            {
                "kind": "Traditional IUPAC Name",
                "value": "(2R)-14-fluoro-2-methyl-6,9,10,19-tetraazapentacyclo[14.2.1.0^{2,6}.0^{8,18}.0^{12,17}]nonadeca-1(18),8,12(17),13,15-pentaen-11-one",
                "source": "ChemAxon"
            },
            {
                "kind": "Molecular Weight",
                "value": "428.463",
                "source": "ChemAxon"
            },
            {
                "kind": "Monoisotopic Weight",
                "value": "428.153620707",
                "source": "ChemAxon"
            },
            {
                "kind": "SMILES",
                "value": "C[C@@H](N(CC1=CC(=CC=C1)C(O)=O)C(=O)C1=CC2=C(C=CC=C2)N=C1)C1=CC=C(F)C=C1",
                "source": "ChemAxon"
            },
            {
                "kind": "Molecular Formula",
                "value": "C26H21FN2O3",
                "source": "ChemAxon"
            },
            {
                "kind": "InChI",
                "value": "InChI=1S/C26H21FN2O3/c1-17(19-9-11-23(27)12-10-19)29(16-18-5-4-7-21(13-18)26(31)32)25(30)22-14-20-6-2-3-8-24(20)28-15-22/h2-15,17H,16H2,1H3,(H,31,32)/t17-/m1/s1",
                "source": "ChemAxon"
            },
            {
                "kind": "InChIKey",
                "value": "BXNMZRPTQFVRFA-QGZVFWFLSA-N",
                "source": "ChemAxon"
            },
            {
                "kind": "Polar Surface Area (PSA)",
                "value": "70.5",
                "source": "ChemAxon"
            },
            {
                "kind": "Refractivity",
                "value": "119.97",
                "source": "ChemAxon"
            },
            {
                "kind": "Polarizability",
                "value": "43.74",
                "source": "ChemAxon"
            },
            {
                "kind": "Rotatable Bond Count",
                "value": "6",
                "source": "ChemAxon"
            },
            {
                "kind": "H Bond Acceptor Count",
                "value": "4",
                "source": "ChemAxon"
            },
            {
                "kind": "H Bond Donor Count",
                "value": "1",
                "source": "ChemAxon"
            },
            {
                "kind": "pKa (strongest acidic)",
                "value": "4.07",
                "source": "ChemAxon"
            },
            {
                "kind": "pKa (strongest basic)",
                "value": "2.97",
                "source": "ChemAxon"
            },
            {
                "kind": "Physiological Charge",
                "value": "-1",
                "source": "ChemAxon"
            },
            {
                "kind": "Number of Rings",
                "value": "4",
                "source": "ChemAxon"
            },
            {
                "kind": "Bioavailability",
                "value": "1",
                "source": "ChemAxon"
            },
            {
                "kind": "Rule of Five",
                "value": "1",
                "source": "ChemAxon"
            },
            {
                "kind": "Ghose Filter",
                "value": "1",
                "source": "ChemAxon"
            },
            {
                "kind": "MDDR-Like Rule",
                "value": "1",
                "source": "ChemAxon"
            }
        ]
    },
    "experimental-properties": null,
    "external-identifiers": {
        "external-identifier": [
            {
                "resource": "ChemSpider",
                "identifier": "57871141"
            },
            {
                "resource": "BindingDB",
                "identifier": "50089245"
            },
            {
                "resource": "ChEMBL",
                "identifier": "CHEMBL3577885"
            },
            {
                "resource": "ZINC",
                "identifier": "ZINC000149966028"
            }
        ]
    },
    "external-links": null,
    "pathways": null,
    "reactions": null,
    "snp-effects": null,
    "snp-adverse-drug-reactions": null,
    "targets": null,
    "enzymes": null,
    "carriers": null,
    "transporters": null
}