{
    "type": "small molecule",
    "created": "2019-05-20",
    "updated": "2021-02-21",
    "drugbank-id": [
        {
            "primary": true,
            "value": "DB15204"
        }
    ],
    "name": "Fosravuconazole",
    "description": "Fosravuconazole is under investigation in clinical trial NCT03378661 (BENDITA BEnznidazole New Doses Improved Treatment and Associations).",
    "cas-number": "351227-64-0",
    "unii": "L4Q6O5430L",
    "average-mass": 547.47,
    "monoisotopic-mass": 547.089083262,
    "groups": {
        "group": [
            "investigational"
        ]
    },
    "general-references": {
        "articles": null,
        "textbooks": null,
        "links": null,
        "attachments": null
    },
    "synthesis-reference": null,
    "indication": null,
    "pharmacodynamics": null,
    "mechanism-of-action": null,
    "toxicity": null,
    "metabolism": null,
    "absorption": null,
    "half-life": null,
    "protein-binding": null,
    "route-of-elimination": null,
    "volume-of-distribution": null,
    "clearance": null,
    "salts": null,
    "synonyms": {
        "synonym": [
            {
                "language": "english",
                "coder": "inn",
                "value": "Fosravuconazole"
            }
        ]
    },
    "products": null,
    "international-brands": null,
    "mixtures": null,
    "packagers": null,
    "manufacturers": null,
    "prices": null,
    "categories": {
        "category": [
            {
                "category": "Antifungals for Dermatological Use",
                "mesh-id": null
            },
            {
                "category": "Antifungals for Systemic Use",
                "mesh-id": null
            },
            {
                "category": "Dermatologicals",
                "mesh-id": "D003879"
            }
        ]
    },
    "affected-organisms": null,
    "dosages": null,
    "atc-codes": {
        "atc-code": [
            {
                "code": "D01BA03",
                "level": [
                    {
                        "code": "D01BA",
                        "value": "Antifungals for systemic use"
                    },
                    {
                        "code": "D01B",
                        "value": "ANTIFUNGALS FOR SYSTEMIC USE"
                    },
                    {
                        "code": "D01",
                        "value": "ANTIFUNGALS FOR DERMATOLOGICAL USE"
                    },
                    {
                        "code": "D",
                        "value": "DERMATOLOGICALS"
                    }
                ]
            }
        ]
    },
    "ahfs-codes": null,
    "pdb-entries": null,
    "patents": null,
    "food-interactions": null,
    "drug-interactions": null,
    "calculated-properties": {
        "property": [
            {
                "kind": "logP",
                "value": "2.39",
                "source": "ALOGPS"
            },
            {
                "kind": "logS",
                "value": "-4.4",
                "source": "ALOGPS"
            },
            {
                "kind": "Water Solubility",
                "value": "2.14e-02 g/l",
                "source": "ALOGPS"
            },
            {
                "kind": "logP",
                "value": "2.88",
                "source": "ChemAxon"
            },
            {
                "kind": "IUPAC Name",
                "value": "({[(2R,3R)-3-[4-(4-cyanophenyl)-1,3-thiazol-2-yl]-2-(2,4-difluorophenyl)-1-(1H-1,2,4-triazol-1-yl)butan-2-yl]oxy}methoxy)phosphonic acid",
                "source": "ChemAxon"
            },
            {
                "kind": "Traditional IUPAC Name",
                "value": "(2R)-14-fluoro-2-methyl-6,9,10,19-tetraazapentacyclo[14.2.1.0^{2,6}.0^{8,18}.0^{12,17}]nonadeca-1(18),8,12(17),13,15-pentaen-11-one",
                "source": "ChemAxon"
            },
            {
                "kind": "Molecular Weight",
                "value": "547.47",
                "source": "ChemAxon"
            },
            {
                "kind": "Monoisotopic Weight",
                "value": "547.089083262",
                "source": "ChemAxon"
            },
            {
                "kind": "SMILES",
                "value": "C[C@@H](C1=NC(=CS1)C1=CC=C(C=C1)C#N)[C@@](CN1C=NC=N1)(OCOP(O)(O)=O)C1=CC=C(F)C=C1F",
                "source": "ChemAxon"
            },
            {
                "kind": "Molecular Formula",
                "value": "C23H20F2N5O5PS",
                "source": "ChemAxon"
            },
            {
                "kind": "InChI",
                "value": "InChI=1S/C23H20F2N5O5PS/c1-15(22-29-21(10-37-22)17-4-2-16(9-26)3-5-17)23(11-30-13-27-12-28-30,34-14-35-36(31,32)33)19-7-6-18(24)8-20(19)25/h2-8,10,12-13,15H,11,14H2,1H3,(H2,31,32,33)/t15-,23+/m0/s1",
                "source": "ChemAxon"
            },
            {
                "kind": "InChIKey",
                "value": "SYTNEMZCCLUTNX-NPMXOYFQSA-N",
                "source": "ChemAxon"
            },
            {
                "kind": "Polar Surface Area (PSA)",
                "value": "143.38",
                "source": "ChemAxon"
            },
            {
                "kind": "Refractivity",
                "value": "140.67",
                "source": "ChemAxon"
            },
            {
                "kind": "Polarizability",
                "value": "50.78",
                "source": "ChemAxon"
            },
            {
                "kind": "Rotatable Bond Count",
                "value": "10",
                "source": "ChemAxon"
            },
            {
                "kind": "H Bond Acceptor Count",
                "value": "8",
                "source": "ChemAxon"
            },
            {
                "kind": "H Bond Donor Count",
                "value": "2",
                "source": "ChemAxon"
            },
            {
                "kind": "pKa (strongest acidic)",
                "value": "1.26",
                "source": "ChemAxon"
            },
            {
                "kind": "pKa (strongest basic)",
                "value": "2.37",
                "source": "ChemAxon"
            },
            {
                "kind": "Physiological Charge",
                "value": "-2",
                "source": "ChemAxon"
            },
            {
                "kind": "Number of Rings",
                "value": "4",
                "source": "ChemAxon"
            },
            {
                "kind": "Bioavailability",
                "value": "1",
                "source": "ChemAxon"
            },
            {
                "kind": "Rule of Five",
                "value": "0",
                "source": "ChemAxon"
            },
            {
                "kind": "Ghose Filter",
                "value": "0",
                "source": "ChemAxon"
            },
            {
                "kind": "MDDR-Like Rule",
                "value": "1",
                "source": "ChemAxon"
            }
        ]
    },
    "experimental-properties": null,
    "external-identifiers": {
        "external-identifier": [
            {
                "resource": "ChEBI",
                "identifier": "34549"
            },
            {
                "resource": "KEGG Compound",
                "identifier": "C14817"
            },
            {
                "resource": "ChemSpider",
                "identifier": "7983266"
            },
            {
                "resource": "Wikipedia",
                "identifier": "Fosravuconazole"
            },
            {
                "resource": "ChEMBL",
                "identifier": "CHEMBL333325"
            },
            {
                "resource": "ZINC",
                "identifier": "ZINC000001553335"
            }
        ]
    },
    "external-links": null,
    "pathways": null,
    "reactions": null,
    "snp-effects": null,
    "snp-adverse-drug-reactions": null,
    "targets": null,
    "enzymes": null,
    "carriers": null,
    "transporters": null
}