{
    "type": "small molecule",
    "created": "2019-05-20",
    "updated": "2020-06-12",
    "drugbank-id": [
        {
            "primary": true,
            "value": "DB15213"
        }
    ],
    "name": "25-desacetylrifapentine",
    "description": "25-desacetylrifapentine is under investigation in clinical trial NCT00023387 (TBTC Study 25PK: Intensive Pharmacokinetic Study of Three Doses of Rifapentine and 25-Desacetyl Rifapentine).",
    "cas-number": "79039-56-8",
    "unii": "29A0K44SJO",
    "average-mass": 835.008,
    "monoisotopic-mass": 834.441508832,
    "groups": {
        "group": [
            "investigational"
        ]
    },
    "general-references": {
        "articles": null,
        "textbooks": null,
        "links": null,
        "attachments": null
    },
    "synthesis-reference": null,
    "indication": null,
    "pharmacodynamics": null,
    "mechanism-of-action": null,
    "toxicity": null,
    "metabolism": null,
    "absorption": null,
    "half-life": null,
    "protein-binding": null,
    "route-of-elimination": null,
    "volume-of-distribution": null,
    "clearance": null,
    "salts": null,
    "synonyms": {
        "synonym": [
            {
                "language": "english",
                "coder": "",
                "value": "25-DESACETYL RIFAPENTINE"
            }
        ]
    },
    "products": null,
    "international-brands": null,
    "mixtures": null,
    "packagers": null,
    "manufacturers": null,
    "prices": null,
    "categories": {
        "category": [
            {
                "category": "Anti-Bacterial Agents",
                "mesh-id": "D000900"
            },
            {
                "category": "Heterocyclic Compounds, Fused-Ring",
                "mesh-id": "D000072471"
            },
            {
                "category": "Lactams, Macrocyclic",
                "mesh-id": "D047029"
            },
            {
                "category": "Rifamycins",
                "mesh-id": "D012294"
            }
        ]
    },
    "affected-organisms": null,
    "dosages": null,
    "atc-codes": null,
    "ahfs-codes": null,
    "pdb-entries": null,
    "patents": null,
    "food-interactions": null,
    "drug-interactions": {
        "drug-interaction": [
            {
                "drugbank-id": {
                    "primary": false,
                    "value": "DB00758"
                },
                "name": "Clopidogrel",
                "description": "The therapeutic efficacy of Clopidogrel can be increased when used in combination with 25-desacetylrifapentine."
            },
            {
                "drugbank-id": {
                    "primary": false,
                    "value": "DB00951"
                },
                "name": "Isoniazid",
                "description": "25-desacetylrifapentine may increase the hepatotoxic activities of Isoniazid."
            },
            {
                "drugbank-id": {
                    "primary": false,
                    "value": "DB00688"
                },
                "name": "Mycophenolate mofetil",
                "description": "The serum concentration of Mycophenolate mofetil can be decreased when it is combined with 25-desacetylrifapentine."
            },
            {
                "drugbank-id": {
                    "primary": false,
                    "value": "DB01024"
                },
                "name": "Mycophenolic acid",
                "description": "The serum concentration of Mycophenolic acid can be decreased when it is combined with 25-desacetylrifapentine."
            },
            {
                "drugbank-id": {
                    "primary": false,
                    "value": "DB09268"
                },
                "name": "Picosulfuric acid",
                "description": "The therapeutic efficacy of Picosulfuric acid can be decreased when used in combination with 25-desacetylrifapentine."
            },
            {
                "drugbank-id": {
                    "primary": false,
                    "value": "DB12768"
                },
                "name": "BCG vaccine",
                "description": "The therapeutic efficacy of BCG vaccine can be decreased when used in combination with 25-desacetylrifapentine."
            },
            {
                "drugbank-id": {
                    "primary": false,
                    "value": "DB14022"
                },
                "name": "Typhoid vaccine",
                "description": "The therapeutic efficacy of Typhoid vaccine can be decreased when used in combination with 25-desacetylrifapentine."
            },
            {
                "drugbank-id": {
                    "primary": false,
                    "value": "DB00187"
                },
                "name": "Esmolol",
                "description": "The metabolism of Esmolol can be increased when combined with 25-desacetylrifapentine."
            },
            {
                "drugbank-id": {
                    "primary": false,
                    "value": "DB00195"
                },
                "name": "Betaxolol",
                "description": "The metabolism of Betaxolol can be increased when combined with 25-desacetylrifapentine."
            },
            {
                "drugbank-id": {
                    "primary": false,
                    "value": "DB00264"
                },
                "name": "Metoprolol",
                "description": "The metabolism of Metoprolol can be increased when combined with 25-desacetylrifapentine."
            },
            {
                "drugbank-id": {
                    "primary": false,
                    "value": "DB00335"
                },
                "name": "Atenolol",
                "description": "The metabolism of Atenolol can be increased when combined with 25-desacetylrifapentine."
            },
            {
                "drugbank-id": {
                    "primary": false,
                    "value": "DB00373"
                },
                "name": "Timolol",
                "description": "The metabolism of Timolol can be increased when combined with 25-desacetylrifapentine."
            },
            {
                "drugbank-id": {
                    "primary": false,
                    "value": "DB00489"
                },
                "name": "Sotalol",
                "description": "The metabolism of Sotalol can be increased when combined with 25-desacetylrifapentine."
            },
            {
                "drugbank-id": {
                    "primary": false,
                    "value": "DB00571"
                },
                "name": "Propranolol",
                "description": "The metabolism of Propranolol can be increased when combined with 25-desacetylrifapentine."
            },
            {
                "drugbank-id": {
                    "primary": false,
                    "value": "DB00598"
                },
                "name": "Labetalol",
                "description": "The metabolism of Labetalol can be increased when combined with 25-desacetylrifapentine."
            },
            {
                "drugbank-id": {
                    "primary": false,
                    "value": "DB00612"
                },
                "name": "Bisoprolol",
                "description": "The metabolism of Bisoprolol can be increased when combined with 25-desacetylrifapentine."
            },
            {
                "drugbank-id": {
                    "primary": false,
                    "value": "DB00866"
                },
                "name": "Alprenolol",
                "description": "The metabolism of Alprenolol can be increased when combined with 25-desacetylrifapentine."
            },
            {
                "drugbank-id": {
                    "primary": false,
                    "value": "DB00960"
                },
                "name": "Pindolol",
                "description": "The metabolism of Pindolol can be increased when combined with 25-desacetylrifapentine."
            },
            {
                "drugbank-id": {
                    "primary": false,
                    "value": "DB01136"
                },
                "name": "Carvedilol",
                "description": "The metabolism of Carvedilol can be increased when combined with 25-desacetylrifapentine."
            },
            {
                "drugbank-id": {
                    "primary": false,
                    "value": "DB01182"
                },
                "name": "Propafenone",
                "description": "The metabolism of Propafenone can be increased when combined with 25-desacetylrifapentine."
            },
            {
                "drugbank-id": {
                    "primary": false,
                    "value": "DB01193"
                },
                "name": "Acebutolol",
                "description": "The metabolism of Acebutolol can be increased when combined with 25-desacetylrifapentine."
            },
            {
                "drugbank-id": {
                    "primary": false,
                    "value": "DB01203"
                },
                "name": "Nadolol",
                "description": "The metabolism of Nadolol can be increased when combined with 25-desacetylrifapentine."
            },
            {
                "drugbank-id": {
                    "primary": false,
                    "value": "DB01295"
                },
                "name": "Bevantolol",
                "description": "The metabolism of Bevantolol can be increased when combined with 25-desacetylrifapentine."
            },
            {
                "drugbank-id": {
                    "primary": false,
                    "value": "DB01297"
                },
                "name": "Practolol",
                "description": "The metabolism of Practolol can be increased when combined with 25-desacetylrifapentine."
            },
            {
                "drugbank-id": {
                    "primary": false,
                    "value": "DB01359"
                },
                "name": "Penbutolol",
                "description": "The metabolism of Penbutolol can be increased when combined with 25-desacetylrifapentine."
            },
            {
                "drugbank-id": {
                    "primary": false,
                    "value": "DB01580"
                },
                "name": "Oxprenolol",
                "description": "The metabolism of Oxprenolol can be increased when combined with 25-desacetylrifapentine."
            },
            {
                "drugbank-id": {
                    "primary": false,
                    "value": "DB03322"
                },
                "name": "Dexpropranolol",
                "description": "The metabolism of Dexpropranolol can be increased when combined with 25-desacetylrifapentine."
            },
            {
                "drugbank-id": {
                    "primary": false,
                    "value": "DB04846"
                },
                "name": "Celiprolol",
                "description": "The metabolism of Celiprolol can be increased when combined with 25-desacetylrifapentine."
            },
            {
                "drugbank-id": {
                    "primary": false,
                    "value": "DB04861"
                },
                "name": "Nebivolol",
                "description": "The metabolism of Nebivolol can be increased when combined with 25-desacetylrifapentine."
            },
            {
                "drugbank-id": {
                    "primary": false,
                    "value": "DB06726"
                },
                "name": "Bufuralol",
                "description": "The metabolism of Bufuralol can be increased when combined with 25-desacetylrifapentine."
            },
            {
                "drugbank-id": {
                    "primary": false,
                    "value": "DB08807"
                },
                "name": "Bopindolol",
                "description": "The metabolism of Bopindolol can be increased when combined with 25-desacetylrifapentine."
            },
            {
                "drugbank-id": {
                    "primary": false,
                    "value": "DB08808"
                },
                "name": "Bupranolol",
                "description": "The metabolism of Bupranolol can be increased when combined with 25-desacetylrifapentine."
            },
            {
                "drugbank-id": {
                    "primary": false,
                    "value": "DB08952"
                },
                "name": "Indenolol",
                "description": "The metabolism of Indenolol can be increased when combined with 25-desacetylrifapentine."
            },
            {
                "drugbank-id": {
                    "primary": false,
                    "value": "DB09204"
                },
                "name": "Arotinolol",
                "description": "The metabolism of Arotinolol can be increased when combined with 25-desacetylrifapentine."
            },
            {
                "drugbank-id": {
                    "primary": false,
                    "value": "DB09351"
                },
                "name": "Levobetaxolol",
                "description": "The metabolism of Levobetaxolol can be increased when combined with 25-desacetylrifapentine."
            },
            {
                "drugbank-id": {
                    "primary": false,
                    "value": "DB11770"
                },
                "name": "Talinolol",
                "description": "The metabolism of Talinolol can be increased when combined with 25-desacetylrifapentine."
            },
            {
                "drugbank-id": {
                    "primary": false,
                    "value": "DB11785"
                },
                "name": "Anisodamine",
                "description": "The metabolism of Anisodamine can be increased when combined with 25-desacetylrifapentine."
            },
            {
                "drugbank-id": {
                    "primary": false,
                    "value": "DB12752"
                },
                "name": "Bucindolol",
                "description": "The metabolism of Bucindolol can be increased when combined with 25-desacetylrifapentine."
            },
            {
                "drugbank-id": {
                    "primary": false,
                    "value": "DB13443"
                },
                "name": "Esatenolol",
                "description": "The metabolism of Esatenolol can be increased when combined with 25-desacetylrifapentine."
            },
            {
                "drugbank-id": {
                    "primary": false,
                    "value": "DB13508"
                },
                "name": "Cloranolol",
                "description": "The metabolism of Cloranolol can be increased when combined with 25-desacetylrifapentine."
            },
            {
                "drugbank-id": {
                    "primary": false,
                    "value": "DB13530"
                },
                "name": "Mepindolol",
                "description": "The metabolism of Mepindolol can be increased when combined with 25-desacetylrifapentine."
            },
            {
                "drugbank-id": {
                    "primary": false,
                    "value": "DB13757"
                },
                "name": "Epanolol",
                "description": "The metabolism of Epanolol can be increased when combined with 25-desacetylrifapentine."
            },
            {
                "drugbank-id": {
                    "primary": false,
                    "value": "DB13775"
                },
                "name": "Tertatolol",
                "description": "The metabolism of Tertatolol can be increased when combined with 25-desacetylrifapentine."
            },
            {
                "drugbank-id": {
                    "primary": false,
                    "value": "DB12212"
                },
                "name": "Landiolol",
                "description": "The metabolism of Landiolol can be increased when combined with 25-desacetylrifapentine."
            },
            {
                "drugbank-id": {
                    "primary": false,
                    "value": "DB00266"
                },
                "name": "Dicoumarol",
                "description": "The risk or severity of bleeding can be increased when 25-desacetylrifapentine is combined with Dicoumarol."
            },
            {
                "drugbank-id": {
                    "primary": false,
                    "value": "DB00498"
                },
                "name": "Phenindione",
                "description": "The risk or severity of bleeding can be increased when 25-desacetylrifapentine is combined with Phenindione."
            },
            {
                "drugbank-id": {
                    "primary": false,
                    "value": "DB00682"
                },
                "name": "Warfarin",
                "description": "The risk or severity of bleeding can be increased when 25-desacetylrifapentine is combined with Warfarin."
            },
            {
                "drugbank-id": {
                    "primary": false,
                    "value": "DB00946"
                },
                "name": "Phenprocoumon",
                "description": "The risk or severity of bleeding can be increased when 25-desacetylrifapentine is combined with Phenprocoumon."
            },
            {
                "drugbank-id": {
                    "primary": false,
                    "value": "DB01418"
                },
                "name": "Acenocoumarol",
                "description": "The risk or severity of bleeding can be increased when 25-desacetylrifapentine is combined with Acenocoumarol."
            },
            {
                "drugbank-id": {
                    "primary": false,
                    "value": "DB03410"
                },
                "name": "4-hydroxycoumarin",
                "description": "The risk or severity of bleeding can be increased when 25-desacetylrifapentine is combined with 4-hydroxycoumarin."
            },
            {
                "drugbank-id": {
                    "primary": false,
                    "value": "DB04665"
                },
                "name": "Coumarin",
                "description": "The risk or severity of bleeding can be increased when 25-desacetylrifapentine is combined with Coumarin."
            },
            {
                "drugbank-id": {
                    "primary": false,
                    "value": "DB08496"
                },
                "name": "(R)-warfarin",
                "description": "The risk or severity of bleeding can be increased when 25-desacetylrifapentine is combined with (R)-warfarin."
            },
            {
                "drugbank-id": {
                    "primary": false,
                    "value": "DB08794"
                },
                "name": "Ethyl biscoumacetate",
                "description": "The risk or severity of bleeding can be increased when 25-desacetylrifapentine is combined with Ethyl biscoumacetate."
            },
            {
                "drugbank-id": {
                    "primary": false,
                    "value": "DB13136"
                },
                "name": "Fluindione",
                "description": "The risk or severity of bleeding can be increased when 25-desacetylrifapentine is combined with Fluindione."
            },
            {
                "drugbank-id": {
                    "primary": false,
                    "value": "DB13275"
                },
                "name": "Clorindione",
                "description": "The risk or severity of bleeding can be increased when 25-desacetylrifapentine is combined with Clorindione."
            },
            {
                "drugbank-id": {
                    "primary": false,
                    "value": "DB13347"
                },
                "name": "Diphenadione",
                "description": "The risk or severity of bleeding can be increased when 25-desacetylrifapentine is combined with Diphenadione."
            },
            {
                "drugbank-id": {
                    "primary": false,
                    "value": "DB13451"
                },
                "name": "Tioclomarol",
                "description": "The risk or severity of bleeding can be increased when 25-desacetylrifapentine is combined with Tioclomarol."
            },
            {
                "drugbank-id": {
                    "primary": false,
                    "value": "DB14055"
                },
                "name": "(S)-Warfarin",
                "description": "The risk or severity of bleeding can be increased when 25-desacetylrifapentine is combined with (S)-Warfarin."
            },
            {
                "drugbank-id": {
                    "primary": false,
                    "value": "DB00581"
                },
                "name": "Lactulose",
                "description": "The therapeutic efficacy of Lactulose can be decreased when used in combination with 25-desacetylrifapentine."
            },
            {
                "drugbank-id": {
                    "primary": false,
                    "value": "DB14443"
                },
                "name": "Vibrio cholerae CVD 103-HgR strain live antigen",
                "description": "The therapeutic efficacy of Vibrio cholerae CVD 103-HgR strain live antigen can be decreased when used in combination with 25-desacetylrifapentine."
            },
            {
                "drugbank-id": {
                    "primary": false,
                    "value": "DB12235"
                },
                "name": "Estetrol",
                "description": "The therapeutic efficacy of Estetrol can be decreased when used in combination with 25-desacetylrifapentine."
            },
            {
                "drugbank-id": {
                    "primary": false,
                    "value": "DB00281"
                },
                "name": "Lidocaine",
                "description": "The risk or severity of methemoglobinemia can be increased when 25-desacetylrifapentine is combined with Lidocaine."
            },
            {
                "drugbank-id": {
                    "primary": false,
                    "value": "DB00296"
                },
                "name": "Ropivacaine",
                "description": "The risk or severity of methemoglobinemia can be increased when 25-desacetylrifapentine is combined with Ropivacaine."
            },
            {
                "drugbank-id": {
                    "primary": false,
                    "value": "DB00297"
                },
                "name": "Bupivacaine",
                "description": "The risk or severity of methemoglobinemia can be increased when 25-desacetylrifapentine is combined with Bupivacaine."
            },
            {
                "drugbank-id": {
                    "primary": false,
                    "value": "DB00527"
                },
                "name": "Cinchocaine",
                "description": "The risk or severity of methemoglobinemia can be increased when 25-desacetylrifapentine is combined with Cinchocaine."
            },
            {
                "drugbank-id": {
                    "primary": false,
                    "value": "DB00645"
                },
                "name": "Dyclonine",
                "description": "The risk or severity of methemoglobinemia can be increased when 25-desacetylrifapentine is combined with Dyclonine."
            },
            {
                "drugbank-id": {
                    "primary": false,
                    "value": "DB00721"
                },
                "name": "Procaine",
                "description": "The risk or severity of methemoglobinemia can be increased when 25-desacetylrifapentine is combined with Procaine."
            },
            {
                "drugbank-id": {
                    "primary": false,
                    "value": "DB00750"
                },
                "name": "Prilocaine",
                "description": "The risk or severity of methemoglobinemia can be increased when 25-desacetylrifapentine is combined with Prilocaine."
            },
            {
                "drugbank-id": {
                    "primary": false,
                    "value": "DB00807"
                },
                "name": "Proparacaine",
                "description": "The risk or severity of methemoglobinemia can be increased when 25-desacetylrifapentine is combined with Proparacaine."
            },
            {
                "drugbank-id": {
                    "primary": false,
                    "value": "DB00814"
                },
                "name": "Meloxicam",
                "description": "The risk or severity of methemoglobinemia can be increased when 25-desacetylrifapentine is combined with Meloxicam."
            },
            {
                "drugbank-id": {
                    "primary": false,
                    "value": "DB00892"
                },
                "name": "Oxybuprocaine",
                "description": "The risk or severity of methemoglobinemia can be increased when 25-desacetylrifapentine is combined with Oxybuprocaine."
            },
            {
                "drugbank-id": {
                    "primary": false,
                    "value": "DB00907"
                },
                "name": "Cocaine",
                "description": "The risk or severity of methemoglobinemia can be increased when 25-desacetylrifapentine is combined with Cocaine."
            },
            {
                "drugbank-id": {
                    "primary": false,
                    "value": "DB00961"
                },
                "name": "Mepivacaine",
                "description": "The risk or severity of methemoglobinemia can be increased when 25-desacetylrifapentine is combined with Mepivacaine."
            },
            {
                "drugbank-id": {
                    "primary": false,
                    "value": "DB01002"
                },
                "name": "Levobupivacaine",
                "description": "The risk or severity of methemoglobinemia can be increased when 25-desacetylrifapentine is combined with Levobupivacaine."
            },
            {
                "drugbank-id": {
                    "primary": false,
                    "value": "DB01075"
                },
                "name": "Diphenhydramine",
                "description": "The risk or severity of methemoglobinemia can be increased when 25-desacetylrifapentine is combined with Diphenhydramine."
            },
            {
                "drugbank-id": {
                    "primary": false,
                    "value": "DB01086"
                },
                "name": "Benzocaine",
                "description": "The risk or severity of methemoglobinemia can be increased when 25-desacetylrifapentine is combined with Benzocaine."
            },
            {
                "drugbank-id": {
                    "primary": false,
                    "value": "DB01161"
                },
                "name": "Chloroprocaine",
                "description": "The risk or severity of methemoglobinemia can be increased when 25-desacetylrifapentine is combined with Chloroprocaine."
            },
            {
                "drugbank-id": {
                    "primary": false,
                    "value": "DB03255"
                },
                "name": "Phenol",
                "description": "The risk or severity of methemoglobinemia can be increased when 25-desacetylrifapentine is combined with Phenol."
            },
            {
                "drugbank-id": {
                    "primary": false,
                    "value": "DB05232"
                },
                "name": "Tetrodotoxin",
                "description": "The risk or severity of methemoglobinemia can be increased when 25-desacetylrifapentine is combined with Tetrodotoxin."
            },
            {
                "drugbank-id": {
                    "primary": false,
                    "value": "DB06770"
                },
                "name": "Benzyl alcohol",
                "description": "The risk or severity of methemoglobinemia can be increased when 25-desacetylrifapentine is combined with Benzyl alcohol."
            },
            {
                "drugbank-id": {
                    "primary": false,
                    "value": "DB06774"
                },
                "name": "Capsaicin",
                "description": "The risk or severity of methemoglobinemia can be increased when 25-desacetylrifapentine is combined with Capsaicin."
            },
            {
                "drugbank-id": {
                    "primary": false,
                    "value": "DB08987"
                },
                "name": "Etidocaine",
                "description": "The risk or severity of methemoglobinemia can be increased when 25-desacetylrifapentine is combined with Etidocaine."
            },
            {
                "drugbank-id": {
                    "primary": false,
                    "value": "DB09009"
                },
                "name": "Articaine",
                "description": "The risk or severity of methemoglobinemia can be increased when 25-desacetylrifapentine is combined with Articaine."
            },
            {
                "drugbank-id": {
                    "primary": false,
                    "value": "DB09085"
                },
                "name": "Tetracaine",
                "description": "The risk or severity of methemoglobinemia can be increased when 25-desacetylrifapentine is combined with Tetracaine."
            },
            {
                "drugbank-id": {
                    "primary": false,
                    "value": "DB09342"
                },
                "name": "Propoxycaine",
                "description": "The risk or severity of methemoglobinemia can be increased when 25-desacetylrifapentine is combined with Propoxycaine."
            },
            {
                "drugbank-id": {
                    "primary": false,
                    "value": "DB09345"
                },
                "name": "Pramocaine",
                "description": "The risk or severity of methemoglobinemia can be increased when 25-desacetylrifapentine is combined with Pramocaine."
            },
            {
                "drugbank-id": {
                    "primary": false,
                    "value": "DB11148"
                },
                "name": "Butamben",
                "description": "The risk or severity of methemoglobinemia can be increased when 25-desacetylrifapentine is combined with Butamben."
            },
            {
                "drugbank-id": {
                    "primary": false,
                    "value": "DB11502"
                },
                "name": "Butacaine",
                "description": "The risk or severity of methemoglobinemia can be increased when 25-desacetylrifapentine is combined with Butacaine."
            },
            {
                "drugbank-id": {
                    "primary": false,
                    "value": "DB12532"
                },
                "name": "Oxetacaine",
                "description": "The risk or severity of methemoglobinemia can be increased when 25-desacetylrifapentine is combined with Oxetacaine."
            },
            {
                "drugbank-id": {
                    "primary": false,
                    "value": "DB13259"
                },
                "name": "Ethyl chloride",
                "description": "The risk or severity of methemoglobinemia can be increased when 25-desacetylrifapentine is combined with Ethyl chloride."
            },
            {
                "drugbank-id": {
                    "primary": false,
                    "value": "DB13328"
                },
                "name": "Butanilicaine",
                "description": "The risk or severity of methemoglobinemia can be increased when 25-desacetylrifapentine is combined with Butanilicaine."
            },
            {
                "drugbank-id": {
                    "primary": false,
                    "value": "DB13578"
                },
                "name": "Metabutethamine",
                "description": "The risk or severity of methemoglobinemia can be increased when 25-desacetylrifapentine is combined with Metabutethamine."
            },
            {
                "drugbank-id": {
                    "primary": false,
                    "value": "DB13683"
                },
                "name": "Quinisocaine",
                "description": "The risk or severity of methemoglobinemia can be increased when 25-desacetylrifapentine is combined with Quinisocaine."
            },
            {
                "drugbank-id": {
                    "primary": false,
                    "value": "DB00565"
                },
                "name": "Cisatracurium",
                "description": "25-desacetylrifapentine may increase the neuromuscular blocking activities of Cisatracurium."
            }
        ]
    },
    "calculated-properties": {
        "property": [
            {
                "kind": "logP",
                "value": "4.38",
                "source": "ALOGPS"
            },
            {
                "kind": "logS",
                "value": "-4.4",
                "source": "ALOGPS"
            },
            {
                "kind": "Water Solubility",
                "value": "3.77e-02 g/l",
                "source": "ALOGPS"
            },
            {
                "kind": "logP",
                "value": "3.26",
                "source": "ChemAxon"
            },
            {
                "kind": "IUPAC Name",
                "value": "(7S,9E,11S,12S,13S,14R,15R,16R,17S,18S,19E,21E)-26-[(E)-[(4-cyclopentylpiperazin-1-yl)imino]methyl]-2,13,15,17,27,29-hexahydroxy-11-methoxy-3,7,12,14,16,18,22-heptamethyl-8,30-dioxa-24-azatetracyclo[23.3.1.1^{4,7}.0^{5,28}]triaconta-1(29),2,4,9,19,21,25,27-octaene-6,23-dione",
                "source": "ChemAxon"
            },
            {
                "kind": "Traditional IUPAC Name",
                "value": "(2R)-14-fluoro-2-methyl-6,9,10,19-tetraazapentacyclo[14.2.1.0^{2,6}.0^{8,18}.0^{12,17}]nonadeca-1(18),8,12(17),13,15-pentaen-11-one",
                "source": "ChemAxon"
            },
            {
                "kind": "Molecular Weight",
                "value": "835.008",
                "source": "ChemAxon"
            },
            {
                "kind": "Monoisotopic Weight",
                "value": "834.441508832",
                "source": "ChemAxon"
            },
            {
                "kind": "SMILES",
                "value": "CO[C@H]1C=CO[C@@]2(C)OC3=C(C2=O)C2=C(O)C(\\C=N\\N4CCN(CC4)C4CCCC4)=C(NC(=O)\\C(C)=C/C=C\\[C@H](C)[C@H](O)[C@@H](C)[C@@H](O)[C@@H](C)[C@H](O)[C@@H]1C)C(O)=C2C(O)=C3C",
                "source": "ChemAxon"
            },
            {
                "kind": "Molecular Formula",
                "value": "C45H62N4O11",
                "source": "ChemAxon"
            },
            {
                "kind": "InChI",
                "value": "InChI=1S/C45H62N4O11/c1-23-12-11-13-24(2)44(57)47-35-30(22-46-49-19-17-48(18-20-49)29-14-9-10-15-29)40(54)32-33(41(35)55)39(53)28(6)42-34(32)43(56)45(7,60-42)59-21-16-31(58-8)25(3)37(51)27(5)38(52)26(4)36(23)50/h11-13,16,21-23,25-27,29,31,36-38,50-55H,9-10,14-15,17-20H2,1-8H3,(H,47,57)/b12-11-,21-16-,24-13-,46-22+/t23-,25+,26+,27-,31-,36-,37+,38+,45-/m0/s1",
                "source": "ChemAxon"
            },
            {
                "kind": "InChIKey",
                "value": "LPUNEQQTZOWCNO-WEOUFWGLSA-N",
                "source": "ChemAxon"
            },
            {
                "kind": "Polar Surface Area (PSA)",
                "value": "214.08",
                "source": "ChemAxon"
            },
            {
                "kind": "Refractivity",
                "value": "232.84",
                "source": "ChemAxon"
            },
            {
                "kind": "Polarizability",
                "value": "90.36",
                "source": "ChemAxon"
            },
            {
                "kind": "Rotatable Bond Count",
                "value": "4",
                "source": "ChemAxon"
            },
            {
                "kind": "H Bond Acceptor Count",
                "value": "14",
                "source": "ChemAxon"
            },
            {
                "kind": "H Bond Donor Count",
                "value": "7",
                "source": "ChemAxon"
            },
            {
                "kind": "pKa (strongest acidic)",
                "value": "6.99",
                "source": "ChemAxon"
            },
            {
                "kind": "pKa (strongest basic)",
                "value": "7.88",
                "source": "ChemAxon"
            },
            {
                "kind": "Physiological Charge",
                "value": "0",
                "source": "ChemAxon"
            },
            {
                "kind": "Number of Rings",
                "value": "6",
                "source": "ChemAxon"
            },
            {
                "kind": "Bioavailability",
                "value": "0",
                "source": "ChemAxon"
            },
            {
                "kind": "Rule of Five",
                "value": "0",
                "source": "ChemAxon"
            },
            {
                "kind": "Ghose Filter",
                "value": "0",
                "source": "ChemAxon"
            },
            {
                "kind": "MDDR-Like Rule",
                "value": "0",
                "source": "ChemAxon"
            }
        ]
    },
    "experimental-properties": null,
    "external-identifiers": {
        "external-identifier": [
            {
                "resource": "ChemSpider",
                "identifier": "23976039"
            }
        ]
    },
    "external-links": null,
    "pathways": null,
    "reactions": null,
    "snp-effects": null,
    "snp-adverse-drug-reactions": null,
    "targets": null,
    "enzymes": null,
    "carriers": null,
    "transporters": null
}