{
    "type": "small molecule",
    "created": "2019-05-20",
    "updated": "2020-06-12",
    "drugbank-id": [
        {
            "primary": true,
            "value": "DB15229"
        }
    ],
    "name": "CNV-2197944",
    "description": "CNV-2197944 is under investigation in clinical trial NCT01893125 (Efficacy and Safety of CNV2197944 Versus Placebo in Patients With Diabetic Peripheral Neuropathy).",
    "cas-number": "1204535-44-3",
    "unii": "SSB9S6N20R",
    "average-mass": 427.44,
    "monoisotopic-mass": 427.117747179,
    "groups": {
        "group": [
            "investigational"
        ]
    },
    "general-references": {
        "articles": null,
        "textbooks": null,
        "links": null,
        "attachments": null
    },
    "synthesis-reference": null,
    "indication": null,
    "pharmacodynamics": null,
    "mechanism-of-action": null,
    "toxicity": null,
    "metabolism": null,
    "absorption": null,
    "half-life": null,
    "protein-binding": null,
    "route-of-elimination": null,
    "volume-of-distribution": null,
    "clearance": null,
    "classification": {
        "description": "This compound belongs to the class of organic compounds known as benzenesulfonamides. These are organic compounds containing a sulfonamide group that is S-linked to a benzene ring.",
        "direct-parent": "Benzenesulfonamides",
        "kingdom": "Organic compounds",
        "superclass": "Benzenoids",
        "class": "Benzene and substituted derivatives",
        "subclass": "Benzenesulfonamides",
        "alternative-parent": [
            "Alkyl fluorides",
            "Amino acids and derivatives",
            "Azacyclic compounds",
            "Benzenesulfonyl compounds",
            "Heteroaromatic compounds",
            "Hydrocarbon derivatives",
            "Methylpyridines",
            "Organic oxides",
            "Organofluorides",
            "Organooxygen compounds",
            "Organosulfonamides",
            "Piperazines",
            "Pyridinecarboxylic acids and derivatives",
            "Sulfonyls",
            "Tertiary amines",
            "Tertiary carboxylic acid amides",
            "Trifluoromethylbenzenes"
        ],
        "substituent": [
            "1,4-diazinane",
            "Alkyl fluoride",
            "Alkyl halide",
            "Amine",
            "Amino acid or derivatives",
            "Aromatic heteromonocyclic compound",
            "Azacycle",
            "Benzenesulfonamide",
            "Benzenesulfonyl group",
            "Carboxamide group",
            "Carboxylic acid derivative",
            "Heteroaromatic compound",
            "Hydrocarbon derivative",
            "Methylpyridine",
            "Organic nitrogen compound",
            "Organic oxide",
            "Organic oxygen compound",
            "Organic sulfonic acid or derivatives",
            "Organofluoride",
            "Organohalogen compound",
            "Organoheterocyclic compound",
            "Organonitrogen compound",
            "Organooxygen compound",
            "Organosulfonic acid amide",
            "Organosulfonic acid or derivatives",
            "Organosulfur compound",
            "Piperazine",
            "Pyridine",
            "Pyridine carboxylic acid or derivatives",
            "Sulfonyl",
            "Tertiary amine",
            "Tertiary carboxylic acid amide",
            "Trifluoromethylbenzene"
        ]
    },
    "salts": null,
    "synonyms": {
        "synonym": [
            {
                "language": "english",
                "coder": "",
                "value": "CNV2197944"
            }
        ]
    },
    "products": null,
    "international-brands": null,
    "mixtures": null,
    "packagers": null,
    "manufacturers": null,
    "prices": null,
    "categories": null,
    "affected-organisms": null,
    "dosages": null,
    "atc-codes": null,
    "ahfs-codes": null,
    "pdb-entries": null,
    "patents": null,
    "food-interactions": null,
    "drug-interactions": null,
    "calculated-properties": {
        "property": [
            {
                "kind": "logP",
                "value": "2.34",
                "source": "ALOGPS"
            },
            {
                "kind": "logS",
                "value": "-3.6",
                "source": "ALOGPS"
            },
            {
                "kind": "Water Solubility",
                "value": "1.19e-01 g/l",
                "source": "ALOGPS"
            },
            {
                "kind": "logP",
                "value": "2.16",
                "source": "ChemAxon"
            },
            {
                "kind": "IUPAC Name",
                "value": "(2S)-2-methyl-1-(2-methylpyridine-3-carbonyl)-4-[4-(trifluoromethyl)benzenesulfonyl]piperazine",
                "source": "ChemAxon"
            },
            {
                "kind": "Traditional IUPAC Name",
                "value": "(2R)-14-fluoro-2-methyl-6,9,10,19-tetraazapentacyclo[14.2.1.0^{2,6}.0^{8,18}.0^{12,17}]nonadeca-1(18),8,12(17),13,15-pentaen-11-one",
                "source": "ChemAxon"
            },
            {
                "kind": "Molecular Weight",
                "value": "427.44",
                "source": "ChemAxon"
            },
            {
                "kind": "Monoisotopic Weight",
                "value": "427.117747179",
                "source": "ChemAxon"
            },
            {
                "kind": "SMILES",
                "value": "C[C@H]1CN(CCN1C(=O)C1=CC=CN=C1C)S(=O)(=O)C1=CC=C(C=C1)C(F)(F)F",
                "source": "ChemAxon"
            },
            {
                "kind": "Molecular Formula",
                "value": "C19H20F3N3O3S",
                "source": "ChemAxon"
            },
            {
                "kind": "InChI",
                "value": "InChI=1S/C19H20F3N3O3S/c1-13-12-24(10-11-25(13)18(26)17-4-3-9-23-14(17)2)29(27,28)16-7-5-15(6-8-16)19(20,21)22/h3-9,13H,10-12H2,1-2H3/t13-/m0/s1",
                "source": "ChemAxon"
            },
            {
                "kind": "InChIKey",
                "value": "BLFJGFDZMABYMY-ZDUSSCGKSA-N",
                "source": "ChemAxon"
            },
            {
                "kind": "Polar Surface Area (PSA)",
                "value": "70.58",
                "source": "ChemAxon"
            },
            {
                "kind": "Refractivity",
                "value": "101.83",
                "source": "ChemAxon"
            },
            {
                "kind": "Polarizability",
                "value": "40.34",
                "source": "ChemAxon"
            },
            {
                "kind": "Rotatable Bond Count",
                "value": "3",
                "source": "ChemAxon"
            },
            {
                "kind": "H Bond Acceptor Count",
                "value": "4",
                "source": "ChemAxon"
            },
            {
                "kind": "H Bond Donor Count",
                "value": "0",
                "source": "ChemAxon"
            },
            {
                "kind": "pKa (strongest basic)",
                "value": "4.55",
                "source": "ChemAxon"
            },
            {
                "kind": "Physiological Charge",
                "value": "0",
                "source": "ChemAxon"
            },
            {
                "kind": "Number of Rings",
                "value": "3",
                "source": "ChemAxon"
            },
            {
                "kind": "Bioavailability",
                "value": "1",
                "source": "ChemAxon"
            },
            {
                "kind": "Rule of Five",
                "value": "1",
                "source": "ChemAxon"
            },
            {
                "kind": "Ghose Filter",
                "value": "1",
                "source": "ChemAxon"
            },
            {
                "kind": "MDDR-Like Rule",
                "value": "0",
                "source": "ChemAxon"
            }
        ]
    },
    "experimental-properties": null,
    "external-identifiers": {
        "external-identifier": [
            {
                "resource": "ChemSpider",
                "identifier": "75531289"
            }
        ]
    },
    "external-links": null,
    "pathways": null,
    "reactions": null,
    "snp-effects": null,
    "snp-adverse-drug-reactions": null,
    "targets": null,
    "enzymes": null,
    "carriers": null,
    "transporters": null
}