{
    "type": "small molecule",
    "created": "2019-10-10",
    "updated": "2020-06-12",
    "drugbank-id": [
        {
            "primary": true,
            "value": "DB15535"
        }
    ],
    "name": "Cuprous chloride",
    "description": null,
    "cas-number": "7758-89-6",
    "unii": "C955P95064",
    "average-mass": 98.999,
    "monoisotopic-mass": 97.898453786,
    "groups": {
        "group": [
            "experimental"
        ]
    },
    "general-references": {
        "articles": null,
        "textbooks": null,
        "links": null,
        "attachments": null
    },
    "synthesis-reference": null,
    "indication": null,
    "pharmacodynamics": null,
    "mechanism-of-action": null,
    "toxicity": null,
    "metabolism": null,
    "absorption": null,
    "half-life": null,
    "protein-binding": null,
    "route-of-elimination": null,
    "volume-of-distribution": null,
    "clearance": null,
    "salts": null,
    "synonyms": {
        "synonym": [
            {
                "language": "english",
                "coder": "",
                "value": "Copper monochloride"
            },
            {
                "language": "english",
                "coder": "",
                "value": "Copper(1+) chloride"
            },
            {
                "language": "english",
                "coder": "",
                "value": "Dicopper dichloride"
            }
        ]
    },
    "products": {
        "product": [
            {
                "name": "Addamel N",
                "labeller": "Fresenius Kabi USA, LLC",
                "ndc-id": null,
                "ndc-product-code": "63323-143",
                "dpd-id": null,
                "ema-product-code": null,
                "ema-ma-number": null,
                "started-marketing-on": "2013-05-07",
                "ended-marketing-on": "2017-03-31",
                "dosage-form": "Injection, solution",
                "strength": null,
                "route": "Intravenous",
                "fda-application-number": null,
                "generic": false,
                "over-the-counter": false,
                "approved": false,
                "country": "US",
                "source": "FDA NDC"
            }
        ]
    },
    "international-brands": null,
    "mixtures": {
        "mixture": [
            {
                "name": "Addamel N",
                "ingredients": "Chromic chloride + Cuprous chloride + Ferric chloride + Manganese + Potassium Iodide + Selenious acid + Sodium fluoride + Sodium molybdate + Zinc chloride"
            }
        ]
    },
    "packagers": null,
    "manufacturers": null,
    "prices": null,
    "categories": {
        "category": [
            {
                "category": "Elements",
                "mesh-id": "D004602"
            },
            {
                "category": "Metals",
                "mesh-id": "D008670"
            },
            {
                "category": "Metals, Heavy",
                "mesh-id": "D019216"
            },
            {
                "category": "Transition Elements",
                "mesh-id": "D028561"
            }
        ]
    },
    "affected-organisms": null,
    "dosages": {
        "dosage": [
            {
                "form": "Injection, solution",
                "route": "Intravenous",
                "strength": null
            }
        ]
    },
    "atc-codes": null,
    "ahfs-codes": null,
    "pdb-entries": null,
    "patents": null,
    "food-interactions": null,
    "drug-interactions": null,
    "calculated-properties": {
        "property": [
            {
                "kind": "logP",
                "value": "-0.18",
                "source": "ALOGPS"
            },
            {
                "kind": "logS",
                "value": "0.08",
                "source": "ALOGPS"
            },
            {
                "kind": "Water Solubility",
                "value": "1.19e+02 g/l",
                "source": "ALOGPS"
            },
            {
                "kind": "logP",
                "value": "-0.12",
                "source": "ChemAxon"
            },
            {
                "kind": "IUPAC Name",
                "value": "chlorocopper",
                "source": "ChemAxon"
            },
            {
                "kind": "Traditional IUPAC Name",
                "value": "3-methyl-[1,2,4]triazino[3,4-a]phthalazin-4-one",
                "source": "ChemAxon"
            },
            {
                "kind": "Molecular Weight",
                "value": "98.999",
                "source": "ChemAxon"
            },
            {
                "kind": "Monoisotopic Weight",
                "value": "97.898453786",
                "source": "ChemAxon"
            },
            {
                "kind": "SMILES",
                "value": "Cl[Cu]",
                "source": "ChemAxon"
            },
            {
                "kind": "Molecular Formula",
                "value": "ClCu",
                "source": "ChemAxon"
            },
            {
                "kind": "InChI",
                "value": "InChI=1S/ClH.Cu/h1H;/q;+1/p-1",
                "source": "ChemAxon"
            },
            {
                "kind": "InChIKey",
                "value": "OXBLHERUFWYNTN-UHFFFAOYSA-M",
                "source": "ChemAxon"
            },
            {
                "kind": "Polar Surface Area (PSA)",
                "value": "0",
                "source": "ChemAxon"
            },
            {
                "kind": "Refractivity",
                "value": "6.14",
                "source": "ChemAxon"
            },
            {
                "kind": "Polarizability",
                "value": "4.35",
                "source": "ChemAxon"
            },
            {
                "kind": "Rotatable Bond Count",
                "value": "0",
                "source": "ChemAxon"
            },
            {
                "kind": "H Bond Acceptor Count",
                "value": "0",
                "source": "ChemAxon"
            },
            {
                "kind": "H Bond Donor Count",
                "value": "0",
                "source": "ChemAxon"
            },
            {
                "kind": "Physiological Charge",
                "value": "0",
                "source": "ChemAxon"
            },
            {
                "kind": "Number of Rings",
                "value": "0",
                "source": "ChemAxon"
            },
            {
                "kind": "Bioavailability",
                "value": "1",
                "source": "ChemAxon"
            },
            {
                "kind": "Rule of Five",
                "value": "1",
                "source": "ChemAxon"
            },
            {
                "kind": "Ghose Filter",
                "value": "0",
                "source": "ChemAxon"
            },
            {
                "kind": "MDDR-Like Rule",
                "value": "0",
                "source": "ChemAxon"
            }
        ]
    },
    "experimental-properties": null,
    "external-identifiers": {
        "external-identifier": [
            {
                "resource": "ChEBI",
                "identifier": "53472"
            },
            {
                "resource": "ChemSpider",
                "identifier": "56403"
            },
            {
                "resource": "Wikipedia",
                "identifier": "Copper(I)_chloride"
            },
            {
                "resource": "RxCUI",
                "identifier": "1423796"
            }
        ]
    },
    "external-links": null,
    "pathways": null,
    "reactions": null,
    "snp-effects": null,
    "snp-adverse-drug-reactions": null,
    "targets": null,
    "enzymes": null,
    "carriers": null,
    "transporters": null
}