{
    "type": "small molecule",
    "created": "2019-05-20",
    "updated": "2021-02-21",
    "drugbank-id": [
        {
            "primary": true,
            "value": "DB15384"
        }
    ],
    "name": "Simotaxel",
    "description": "Simotaxel is under investigation in clinical trial NCT00088647 (Study Evaluating MST-997 in Advanced Malignant Solid Tumors).",
    "cas-number": "791635-59-1",
    "unii": "E1M30YOE59",
    "average-mass": 896.01,
    "monoisotopic-mass": 895.344891313,
    "groups": {
        "group": [
            "investigational"
        ]
    },
    "general-references": {
        "articles": null,
        "textbooks": null,
        "links": null,
        "attachments": null
    },
    "synthesis-reference": null,
    "indication": null,
    "pharmacodynamics": null,
    "mechanism-of-action": null,
    "toxicity": null,
    "metabolism": null,
    "absorption": null,
    "half-life": null,
    "protein-binding": null,
    "route-of-elimination": null,
    "volume-of-distribution": null,
    "clearance": null,
    "salts": null,
    "synonyms": {
        "synonym": [
            {
                "language": "english",
                "coder": "inn/usan",
                "value": "Simotaxel"
            }
        ]
    },
    "products": null,
    "international-brands": null,
    "mixtures": null,
    "packagers": null,
    "manufacturers": null,
    "prices": null,
    "categories": {
        "category": [
            {
                "category": "Cyclodecanes",
                "mesh-id": "D043822"
            },
            {
                "category": "Cycloparaffins",
                "mesh-id": "D003516"
            },
            {
                "category": "Diterpenes",
                "mesh-id": "D004224"
            },
            {
                "category": "Terpenes",
                "mesh-id": "D013729"
            }
        ]
    },
    "affected-organisms": null,
    "dosages": null,
    "atc-codes": null,
    "ahfs-codes": null,
    "pdb-entries": null,
    "patents": null,
    "food-interactions": null,
    "drug-interactions": null,
    "calculated-properties": {
        "property": [
            {
                "kind": "logP",
                "value": "3.25",
                "source": "ALOGPS"
            },
            {
                "kind": "logS",
                "value": "-5.2",
                "source": "ALOGPS"
            },
            {
                "kind": "Water Solubility",
                "value": "5.72e-03 g/l",
                "source": "ALOGPS"
            },
            {
                "kind": "logP",
                "value": "4.66",
                "source": "ChemAxon"
            },
            {
                "kind": "IUPAC Name",
                "value": "(1S,2S,3R,4S,7R,9S,10S,12R,15S)-4-(acetyloxy)-12-(cyclopentanecarbonyloxy)-1,9-dihydroxy-15-{[(2R,3R)-2-hydroxy-3-{[(propan-2-yloxy)carbonyl]amino}-3-(thiophen-2-yl)propanoyl]oxy}-10,14,17,17-tetramethyl-11-oxo-6-oxatetracyclo[11.3.1.0^{3,10}.0^{4,7}]heptadec-13-en-2-yl benzoate",
                "source": "ChemAxon"
            },
            {
                "kind": "Traditional IUPAC Name",
                "value": "(2R)-14-fluoro-2-methyl-6,9,10,19-tetraazapentacyclo[14.2.1.0^{2,6}.0^{8,18}.0^{12,17}]nonadeca-1(18),8,12(17),13,15-pentaen-11-one",
                "source": "ChemAxon"
            },
            {
                "kind": "Molecular Weight",
                "value": "896.01",
                "source": "ChemAxon"
            },
            {
                "kind": "Monoisotopic Weight",
                "value": "895.344891313",
                "source": "ChemAxon"
            },
            {
                "kind": "SMILES",
                "value": "CC(C)OC(=O)N[C@H]([C@@H](O)C(=O)O[C@H]1C[C@@]2(O)[C@@H](OC(=O)C3=CC=CC=C3)[C@@H]3[C@@]4(CO[C@@H]4C[C@H](O)[C@@]3(C)C(=O)[C@H](OC(=O)C3CCCC3)C(=C1C)C2(C)C)OC(C)=O)C1=CC=CS1",
                "source": "ChemAxon"
            },
            {
                "kind": "Molecular Formula",
                "value": "C46H57NO15S",
                "source": "ChemAxon"
            },
            {
                "kind": "InChI",
                "value": "InChI=1S/C46H57NO15S/c1-23(2)58-42(55)47-33(29-18-13-19-63-29)34(50)41(54)59-28-21-46(56)38(61-40(53)27-14-9-8-10-15-27)36-44(7,30(49)20-31-45(36,22-57-31)62-25(4)48)37(51)35(32(24(28)3)43(46,5)6)60-39(52)26-16-11-12-17-26/h8-10,13-15,18-19,23,26,28,30-31,33-36,38,49-50,56H,11-12,16-17,20-22H2,1-7H3,(H,47,55)/t28-,30-,31+,33-,34+,35+,36-,38-,44+,45-,46+/m0/s1",
                "source": "ChemAxon"
            },
            {
                "kind": "InChIKey",
                "value": "SLGIWUWTSWJBQE-VLCCYYTCSA-N",
                "source": "ChemAxon"
            },
            {
                "kind": "Polar Surface Area (PSA)",
                "value": "230.52",
                "source": "ChemAxon"
            },
            {
                "kind": "Refractivity",
                "value": "221.91",
                "source": "ChemAxon"
            },
            {
                "kind": "Polarizability",
                "value": "91.58",
                "source": "ChemAxon"
            },
            {
                "kind": "Rotatable Bond Count",
                "value": "16",
                "source": "ChemAxon"
            },
            {
                "kind": "H Bond Acceptor Count",
                "value": "10",
                "source": "ChemAxon"
            },
            {
                "kind": "H Bond Donor Count",
                "value": "4",
                "source": "ChemAxon"
            },
            {
                "kind": "pKa (strongest acidic)",
                "value": "11.81",
                "source": "ChemAxon"
            },
            {
                "kind": "pKa (strongest basic)",
                "value": "-3",
                "source": "ChemAxon"
            },
            {
                "kind": "Physiological Charge",
                "value": "0",
                "source": "ChemAxon"
            },
            {
                "kind": "Number of Rings",
                "value": "7",
                "source": "ChemAxon"
            },
            {
                "kind": "Bioavailability",
                "value": "0",
                "source": "ChemAxon"
            },
            {
                "kind": "Rule of Five",
                "value": "0",
                "source": "ChemAxon"
            },
            {
                "kind": "Ghose Filter",
                "value": "0",
                "source": "ChemAxon"
            },
            {
                "kind": "MDDR-Like Rule",
                "value": "1",
                "source": "ChemAxon"
            }
        ]
    },
    "experimental-properties": null,
    "external-identifiers": {
        "external-identifier": [
            {
                "resource": "ChemSpider",
                "identifier": "9460994"
            },
            {
                "resource": "ChEMBL",
                "identifier": "CHEMBL2107372"
            },
            {
                "resource": "ZINC",
                "identifier": "ZINC000169292343"
            }
        ]
    },
    "external-links": null,
    "pathways": null,
    "reactions": null,
    "snp-effects": null,
    "snp-adverse-drug-reactions": null,
    "targets": null,
    "enzymes": null,
    "carriers": null,
    "transporters": null
}