{
    "type": "small molecule",
    "created": "2019-05-20",
    "updated": "2021-02-21",
    "drugbank-id": [
        {
            "primary": true,
            "value": "DB15307"
        }
    ],
    "name": "Atabecestat",
    "description": "Atabecestat is under investigation in clinical trial NCT02211079 (A Study to Assess Effect of JNJ-54861911 on Pharmacokinetics of Cocktail Representatives for Cytochrome P450 (CYP) 3A4, CYP2B6, CYP2C9, and CYP1A2 Substrates).",
    "cas-number": "1200493-78-2",
    "unii": "2834W8D6GK",
    "average-mass": 367.4,
    "monoisotopic-mass": 367.090309428,
    "groups": {
        "group": [
            "investigational"
        ]
    },
    "general-references": {
        "articles": null,
        "textbooks": null,
        "links": null,
        "attachments": null
    },
    "synthesis-reference": null,
    "indication": null,
    "pharmacodynamics": null,
    "mechanism-of-action": null,
    "toxicity": null,
    "metabolism": null,
    "absorption": null,
    "half-life": null,
    "protein-binding": null,
    "route-of-elimination": null,
    "volume-of-distribution": null,
    "clearance": null,
    "salts": null,
    "synonyms": {
        "synonym": [
            {
                "language": "english",
                "coder": "inn/usan",
                "value": "Atabecestat"
            },
            {
                "language": "english",
                "coder": "",
                "value": "JNJ-54861911"
            }
        ]
    },
    "products": null,
    "international-brands": null,
    "mixtures": null,
    "packagers": null,
    "manufacturers": null,
    "prices": null,
    "categories": {
        "category": [
            {
                "category": "Sulfur Compounds",
                "mesh-id": "D013457"
            }
        ]
    },
    "affected-organisms": null,
    "dosages": null,
    "atc-codes": null,
    "ahfs-codes": null,
    "pdb-entries": {
        "pdb-entry": [
            "7dcz"
        ]
    },
    "patents": null,
    "food-interactions": null,
    "drug-interactions": null,
    "calculated-properties": {
        "property": [
            {
                "kind": "logP",
                "value": "2.48",
                "source": "ALOGPS"
            },
            {
                "kind": "logS",
                "value": "-4.3",
                "source": "ALOGPS"
            },
            {
                "kind": "Water Solubility",
                "value": "1.70e-02 g/l",
                "source": "ALOGPS"
            },
            {
                "kind": "logP",
                "value": "2.7",
                "source": "ChemAxon"
            },
            {
                "kind": "IUPAC Name",
                "value": "N-{3-[(4S)-2-amino-4-methyl-4H-1,3-thiazin-4-yl]-4-fluorophenyl}-5-cyanopyridine-2-carboxamide",
                "source": "ChemAxon"
            },
            {
                "kind": "Traditional IUPAC Name",
                "value": "(2R)-14-fluoro-2-methyl-6,9,10,19-tetraazapentacyclo[14.2.1.0^{2,6}.0^{8,18}.0^{12,17}]nonadeca-1(18),8,12(17),13,15-pentaen-11-one",
                "source": "ChemAxon"
            },
            {
                "kind": "Molecular Weight",
                "value": "367.4",
                "source": "ChemAxon"
            },
            {
                "kind": "Monoisotopic Weight",
                "value": "367.090309428",
                "source": "ChemAxon"
            },
            {
                "kind": "SMILES",
                "value": "C[C@]1(C=CSC(N)=N1)C1=CC(NC(=O)C2=NC=C(C=C2)C#N)=CC=C1F",
                "source": "ChemAxon"
            },
            {
                "kind": "Molecular Formula",
                "value": "C18H14FN5OS",
                "source": "ChemAxon"
            },
            {
                "kind": "InChI",
                "value": "InChI=1S/C18H14FN5OS/c1-18(6-7-26-17(21)24-18)13-8-12(3-4-14(13)19)23-16(25)15-5-2-11(9-20)10-22-15/h2-8,10H,1H3,(H2,21,24)(H,23,25)/t18-/m0/s1",
                "source": "ChemAxon"
            },
            {
                "kind": "InChIKey",
                "value": "VLLFGVHGKLDDLW-SFHVURJKSA-N",
                "source": "ChemAxon"
            },
            {
                "kind": "Polar Surface Area (PSA)",
                "value": "104.16",
                "source": "ChemAxon"
            },
            {
                "kind": "Refractivity",
                "value": "100.44",
                "source": "ChemAxon"
            },
            {
                "kind": "Polarizability",
                "value": "36.64",
                "source": "ChemAxon"
            },
            {
                "kind": "Rotatable Bond Count",
                "value": "3",
                "source": "ChemAxon"
            },
            {
                "kind": "H Bond Acceptor Count",
                "value": "5",
                "source": "ChemAxon"
            },
            {
                "kind": "H Bond Donor Count",
                "value": "2",
                "source": "ChemAxon"
            },
            {
                "kind": "pKa (strongest acidic)",
                "value": "13.92",
                "source": "ChemAxon"
            },
            {
                "kind": "pKa (strongest basic)",
                "value": "7.13",
                "source": "ChemAxon"
            },
            {
                "kind": "Physiological Charge",
                "value": "1",
                "source": "ChemAxon"
            },
            {
                "kind": "Number of Rings",
                "value": "3",
                "source": "ChemAxon"
            },
            {
                "kind": "Bioavailability",
                "value": "1",
                "source": "ChemAxon"
            },
            {
                "kind": "Rule of Five",
                "value": "1",
                "source": "ChemAxon"
            },
            {
                "kind": "Ghose Filter",
                "value": "1",
                "source": "ChemAxon"
            },
            {
                "kind": "MDDR-Like Rule",
                "value": "0",
                "source": "ChemAxon"
            }
        ]
    },
    "experimental-properties": null,
    "external-identifiers": {
        "external-identifier": [
            {
                "resource": "ChemSpider",
                "identifier": "64835200"
            },
            {
                "resource": "BindingDB",
                "identifier": "210070"
            },
            {
                "resource": "PDB",
                "identifier": "H3C"
            },
            {
                "resource": "ChEMBL",
                "identifier": "CHEMBL3916243"
            }
        ]
    },
    "external-links": null,
    "pathways": null,
    "reactions": null,
    "snp-effects": null,
    "snp-adverse-drug-reactions": null,
    "targets": null,
    "enzymes": null,
    "carriers": null,
    "transporters": null
}