{
    "type": "small molecule",
    "created": "2019-05-20",
    "updated": "2020-06-12",
    "drugbank-id": [
        {
            "primary": true,
            "value": "DB15382"
        }
    ],
    "name": "SAR-125844",
    "description": "SAR-125844 is under investigation in clinical trial NCT01391533 (Study of SAR125844 Single Agent Administered as Slow Intravenous Infusion in Adult Patients With Advanced Malignant Solid Tumors).",
    "cas-number": "1116743-46-4",
    "unii": "XH93U6NIJE",
    "average-mass": 550.63,
    "monoisotopic-mass": 550.136942524,
    "groups": {
        "group": [
            "investigational"
        ]
    },
    "general-references": {
        "articles": null,
        "textbooks": null,
        "links": null,
        "attachments": null
    },
    "synthesis-reference": null,
    "indication": null,
    "pharmacodynamics": null,
    "mechanism-of-action": null,
    "toxicity": null,
    "metabolism": null,
    "absorption": null,
    "half-life": null,
    "protein-binding": null,
    "route-of-elimination": null,
    "volume-of-distribution": null,
    "clearance": null,
    "salts": null,
    "synonyms": null,
    "products": null,
    "international-brands": null,
    "mixtures": null,
    "packagers": null,
    "manufacturers": null,
    "prices": null,
    "categories": {
        "category": [
            {
                "category": "Amides",
                "mesh-id": "D000577"
            },
            {
                "category": "Heterocyclic Compounds, Fused-Ring",
                "mesh-id": "D000072471"
            },
            {
                "category": "Sulfur Compounds",
                "mesh-id": "D013457"
            },
            {
                "category": "Thiazoles",
                "mesh-id": "D013844"
            }
        ]
    },
    "affected-organisms": null,
    "dosages": null,
    "atc-codes": null,
    "ahfs-codes": null,
    "pdb-entries": {
        "pdb-entry": [
            "5ho6",
            "5hoa",
            "5hor"
        ]
    },
    "patents": null,
    "food-interactions": null,
    "drug-interactions": null,
    "calculated-properties": {
        "property": [
            {
                "kind": "logP",
                "value": "3.34",
                "source": "ALOGPS"
            },
            {
                "kind": "logS",
                "value": "-5.5",
                "source": "ALOGPS"
            },
            {
                "kind": "Water Solubility",
                "value": "1.57e-03 g/l",
                "source": "ALOGPS"
            },
            {
                "kind": "logP",
                "value": "4.39",
                "source": "ChemAxon"
            },
            {
                "kind": "IUPAC Name",
                "value": "3-(6-{[6-(4-fluorophenyl)-[1,2,4]triazolo[4,3-b]pyridazin-3-yl]sulfanyl}-1,3-benzothiazol-2-yl)-1-[2-(morpholin-4-yl)ethyl]urea",
                "source": "ChemAxon"
            },
            {
                "kind": "Traditional IUPAC Name",
                "value": "(2R)-14-fluoro-2-methyl-6,9,10,19-tetraazapentacyclo[14.2.1.0^{2,6}.0^{8,18}.0^{12,17}]nonadeca-1(18),8,12(17),13,15-pentaen-11-one",
                "source": "ChemAxon"
            },
            {
                "kind": "Molecular Weight",
                "value": "550.63",
                "source": "ChemAxon"
            },
            {
                "kind": "Monoisotopic Weight",
                "value": "550.136942524",
                "source": "ChemAxon"
            },
            {
                "kind": "SMILES",
                "value": "FC1=CC=C(C=C1)C1=NN2C(SC3=CC=C4N=C(NC(=O)NCCN5CCOCC5)SC4=C3)=NN=C2C=C1",
                "source": "ChemAxon"
            },
            {
                "kind": "Molecular Formula",
                "value": "C25H23FN8O2S2",
                "source": "ChemAxon"
            },
            {
                "kind": "InChI",
                "value": "InChI=1S/C25H23FN8O2S2/c26-17-3-1-16(2-4-17)19-7-8-22-30-31-25(34(22)32-19)37-18-5-6-20-21(15-18)38-24(28-20)29-23(35)27-9-10-33-11-13-36-14-12-33/h1-8,15H,9-14H2,(H2,27,28,29,35)",
                "source": "ChemAxon"
            },
            {
                "kind": "InChIKey",
                "value": "ODIUNTQOXRXOIV-UHFFFAOYSA-N",
                "source": "ChemAxon"
            },
            {
                "kind": "Polar Surface Area (PSA)",
                "value": "109.57",
                "source": "ChemAxon"
            },
            {
                "kind": "Refractivity",
                "value": "157.2",
                "source": "ChemAxon"
            },
            {
                "kind": "Polarizability",
                "value": "55.09",
                "source": "ChemAxon"
            },
            {
                "kind": "Rotatable Bond Count",
                "value": "7",
                "source": "ChemAxon"
            },
            {
                "kind": "H Bond Acceptor Count",
                "value": "7",
                "source": "ChemAxon"
            },
            {
                "kind": "H Bond Donor Count",
                "value": "2",
                "source": "ChemAxon"
            },
            {
                "kind": "pKa (strongest acidic)",
                "value": "7.8",
                "source": "ChemAxon"
            },
            {
                "kind": "pKa (strongest basic)",
                "value": "6.02",
                "source": "ChemAxon"
            },
            {
                "kind": "Physiological Charge",
                "value": "0",
                "source": "ChemAxon"
            },
            {
                "kind": "Number of Rings",
                "value": "6",
                "source": "ChemAxon"
            },
            {
                "kind": "Bioavailability",
                "value": "1",
                "source": "ChemAxon"
            },
            {
                "kind": "Rule of Five",
                "value": "0",
                "source": "ChemAxon"
            },
            {
                "kind": "Ghose Filter",
                "value": "0",
                "source": "ChemAxon"
            },
            {
                "kind": "MDDR-Like Rule",
                "value": "1",
                "source": "ChemAxon"
            }
        ]
    },
    "experimental-properties": null,
    "external-identifiers": {
        "external-identifier": [
            {
                "resource": "ChemSpider",
                "identifier": "34564994"
            },
            {
                "resource": "PDB",
                "identifier": "63K"
            }
        ]
    },
    "external-links": null,
    "pathways": null,
    "reactions": null,
    "snp-effects": null,
    "snp-adverse-drug-reactions": null,
    "targets": null,
    "enzymes": null,
    "carriers": null,
    "transporters": null
}