{
    "type": "small molecule",
    "created": "2019-05-20",
    "updated": "2022-12-01",
    "drugbank-id": [
        {
            "primary": true,
            "value": "DB15215"
        }
    ],
    "name": "KRN-5500",
    "description": "KRN-5500 is under investigation in clinical trial NCT00002923 (KRN5500 in Treating Patients With Metastatic Solid Tumors).",
    "cas-number": "151276-95-8",
    "unii": "8VH13L5K20",
    "average-mass": 589.694,
    "monoisotopic-mass": 589.322396753,
    "groups": {
        "group": [
            "investigational"
        ]
    },
    "general-references": {
        "articles": null,
        "textbooks": null,
        "links": null,
        "attachments": null
    },
    "synthesis-reference": null,
    "indication": null,
    "pharmacodynamics": null,
    "mechanism-of-action": null,
    "toxicity": null,
    "metabolism": null,
    "absorption": null,
    "half-life": null,
    "protein-binding": null,
    "route-of-elimination": null,
    "volume-of-distribution": null,
    "clearance": null,
    "salts": null,
    "synonyms": {
        "synonym": [
            {
                "language": "english",
                "coder": "",
                "value": "6-[4-Deoxy-4-[(2E,4E)-tetradecadienoylglycyl]amino-L-glycero-B-L-manno-heptopyranosyl]amino-9H-purine"
            }
        ]
    },
    "products": null,
    "international-brands": null,
    "mixtures": null,
    "packagers": null,
    "manufacturers": null,
    "prices": null,
    "categories": {
        "category": [
            {
                "category": "Antineoplastic Agents",
                "mesh-id": "D000970"
            },
            {
                "category": "Enzyme Inhibitors",
                "mesh-id": "D004791"
            },
            {
                "category": "Heterocyclic Compounds, Fused-Ring",
                "mesh-id": "D000072471"
            },
            {
                "category": "Nucleic Acids, Nucleotides, and Nucleosides",
                "mesh-id": "D009706"
            },
            {
                "category": "Nucleosides",
                "mesh-id": "D009705"
            },
            {
                "category": "Protein Synthesis Inhibitors",
                "mesh-id": "D011500"
            },
            {
                "category": "Purines",
                "mesh-id": "D011687"
            }
        ]
    },
    "affected-organisms": null,
    "dosages": null,
    "atc-codes": null,
    "ahfs-codes": null,
    "pdb-entries": null,
    "patents": null,
    "food-interactions": null,
    "drug-interactions": {
        "drug-interaction": [
            {
                "drugbank-id": {
                    "primary": false,
                    "value": "DB00012"
                },
                "name": "Darbepoetin alfa",
                "description": "The risk or severity of Thrombosis can be increased when Darbepoetin alfa is combined with KRN-5500."
            },
            {
                "drugbank-id": {
                    "primary": false,
                    "value": "DB00016"
                },
                "name": "Erythropoietin",
                "description": "The risk or severity of Thrombosis can be increased when Erythropoietin is combined with KRN-5500."
            },
            {
                "drugbank-id": {
                    "primary": false,
                    "value": "DB08894"
                },
                "name": "Peginesatide",
                "description": "The risk or severity of Thrombosis can be increased when Peginesatide is combined with KRN-5500."
            },
            {
                "drugbank-id": {
                    "primary": false,
                    "value": "DB09107"
                },
                "name": "Methoxy polyethylene glycol-epoetin beta",
                "description": "The risk or severity of Thrombosis can be increased when Methoxy polyethylene glycol-epoetin beta is combined with KRN-5500."
            },
            {
                "drugbank-id": {
                    "primary": false,
                    "value": "DB00281"
                },
                "name": "Lidocaine",
                "description": "The risk or severity of methemoglobinemia can be increased when KRN-5500 is combined with Lidocaine."
            },
            {
                "drugbank-id": {
                    "primary": false,
                    "value": "DB00296"
                },
                "name": "Ropivacaine",
                "description": "The risk or severity of methemoglobinemia can be increased when KRN-5500 is combined with Ropivacaine."
            },
            {
                "drugbank-id": {
                    "primary": false,
                    "value": "DB00297"
                },
                "name": "Bupivacaine",
                "description": "The risk or severity of methemoglobinemia can be increased when KRN-5500 is combined with Bupivacaine."
            },
            {
                "drugbank-id": {
                    "primary": false,
                    "value": "DB00527"
                },
                "name": "Cinchocaine",
                "description": "The risk or severity of methemoglobinemia can be increased when KRN-5500 is combined with Cinchocaine."
            },
            {
                "drugbank-id": {
                    "primary": false,
                    "value": "DB00645"
                },
                "name": "Dyclonine",
                "description": "The risk or severity of methemoglobinemia can be increased when KRN-5500 is combined with Dyclonine."
            },
            {
                "drugbank-id": {
                    "primary": false,
                    "value": "DB00721"
                },
                "name": "Procaine",
                "description": "The risk or severity of methemoglobinemia can be increased when KRN-5500 is combined with Procaine."
            },
            {
                "drugbank-id": {
                    "primary": false,
                    "value": "DB00750"
                },
                "name": "Prilocaine",
                "description": "The risk or severity of methemoglobinemia can be increased when KRN-5500 is combined with Prilocaine."
            },
            {
                "drugbank-id": {
                    "primary": false,
                    "value": "DB00807"
                },
                "name": "Proparacaine",
                "description": "The risk or severity of methemoglobinemia can be increased when KRN-5500 is combined with Proparacaine."
            },
            {
                "drugbank-id": {
                    "primary": false,
                    "value": "DB00814"
                },
                "name": "Meloxicam",
                "description": "The risk or severity of methemoglobinemia can be increased when KRN-5500 is combined with Meloxicam."
            },
            {
                "drugbank-id": {
                    "primary": false,
                    "value": "DB00892"
                },
                "name": "Oxybuprocaine",
                "description": "The risk or severity of methemoglobinemia can be increased when KRN-5500 is combined with Oxybuprocaine."
            },
            {
                "drugbank-id": {
                    "primary": false,
                    "value": "DB00907"
                },
                "name": "Cocaine",
                "description": "The risk or severity of methemoglobinemia can be increased when KRN-5500 is combined with Cocaine."
            },
            {
                "drugbank-id": {
                    "primary": false,
                    "value": "DB00961"
                },
                "name": "Mepivacaine",
                "description": "The risk or severity of methemoglobinemia can be increased when KRN-5500 is combined with Mepivacaine."
            },
            {
                "drugbank-id": {
                    "primary": false,
                    "value": "DB01002"
                },
                "name": "Levobupivacaine",
                "description": "The risk or severity of methemoglobinemia can be increased when KRN-5500 is combined with Levobupivacaine."
            },
            {
                "drugbank-id": {
                    "primary": false,
                    "value": "DB01075"
                },
                "name": "Diphenhydramine",
                "description": "The risk or severity of methemoglobinemia can be increased when KRN-5500 is combined with Diphenhydramine."
            },
            {
                "drugbank-id": {
                    "primary": false,
                    "value": "DB01086"
                },
                "name": "Benzocaine",
                "description": "The risk or severity of methemoglobinemia can be increased when KRN-5500 is combined with Benzocaine."
            },
            {
                "drugbank-id": {
                    "primary": false,
                    "value": "DB01161"
                },
                "name": "Chloroprocaine",
                "description": "The risk or severity of methemoglobinemia can be increased when KRN-5500 is combined with Chloroprocaine."
            },
            {
                "drugbank-id": {
                    "primary": false,
                    "value": "DB03255"
                },
                "name": "Phenol",
                "description": "The risk or severity of methemoglobinemia can be increased when KRN-5500 is combined with Phenol."
            },
            {
                "drugbank-id": {
                    "primary": false,
                    "value": "DB05232"
                },
                "name": "Tetrodotoxin",
                "description": "The risk or severity of methemoglobinemia can be increased when KRN-5500 is combined with Tetrodotoxin."
            },
            {
                "drugbank-id": {
                    "primary": false,
                    "value": "DB06770"
                },
                "name": "Benzyl alcohol",
                "description": "The risk or severity of methemoglobinemia can be increased when KRN-5500 is combined with Benzyl alcohol."
            },
            {
                "drugbank-id": {
                    "primary": false,
                    "value": "DB06774"
                },
                "name": "Capsaicin",
                "description": "The risk or severity of methemoglobinemia can be increased when KRN-5500 is combined with Capsaicin."
            },
            {
                "drugbank-id": {
                    "primary": false,
                    "value": "DB08987"
                },
                "name": "Etidocaine",
                "description": "The risk or severity of methemoglobinemia can be increased when KRN-5500 is combined with Etidocaine."
            },
            {
                "drugbank-id": {
                    "primary": false,
                    "value": "DB09009"
                },
                "name": "Articaine",
                "description": "The risk or severity of methemoglobinemia can be increased when KRN-5500 is combined with Articaine."
            },
            {
                "drugbank-id": {
                    "primary": false,
                    "value": "DB09085"
                },
                "name": "Tetracaine",
                "description": "The risk or severity of methemoglobinemia can be increased when KRN-5500 is combined with Tetracaine."
            },
            {
                "drugbank-id": {
                    "primary": false,
                    "value": "DB09342"
                },
                "name": "Propoxycaine",
                "description": "The risk or severity of methemoglobinemia can be increased when KRN-5500 is combined with Propoxycaine."
            },
            {
                "drugbank-id": {
                    "primary": false,
                    "value": "DB09345"
                },
                "name": "Pramocaine",
                "description": "The risk or severity of methemoglobinemia can be increased when KRN-5500 is combined with Pramocaine."
            },
            {
                "drugbank-id": {
                    "primary": false,
                    "value": "DB11148"
                },
                "name": "Butamben",
                "description": "The risk or severity of methemoglobinemia can be increased when KRN-5500 is combined with Butamben."
            },
            {
                "drugbank-id": {
                    "primary": false,
                    "value": "DB11502"
                },
                "name": "Butacaine",
                "description": "The risk or severity of methemoglobinemia can be increased when KRN-5500 is combined with Butacaine."
            },
            {
                "drugbank-id": {
                    "primary": false,
                    "value": "DB12532"
                },
                "name": "Oxetacaine",
                "description": "The risk or severity of methemoglobinemia can be increased when KRN-5500 is combined with Oxetacaine."
            },
            {
                "drugbank-id": {
                    "primary": false,
                    "value": "DB13259"
                },
                "name": "Ethyl chloride",
                "description": "The risk or severity of methemoglobinemia can be increased when KRN-5500 is combined with Ethyl chloride."
            },
            {
                "drugbank-id": {
                    "primary": false,
                    "value": "DB13328"
                },
                "name": "Butanilicaine",
                "description": "The risk or severity of methemoglobinemia can be increased when KRN-5500 is combined with Butanilicaine."
            },
            {
                "drugbank-id": {
                    "primary": false,
                    "value": "DB13578"
                },
                "name": "Metabutethamine",
                "description": "The risk or severity of methemoglobinemia can be increased when KRN-5500 is combined with Metabutethamine."
            },
            {
                "drugbank-id": {
                    "primary": false,
                    "value": "DB13683"
                },
                "name": "Quinisocaine",
                "description": "The risk or severity of methemoglobinemia can be increased when KRN-5500 is combined with Quinisocaine."
            }
        ]
    },
    "calculated-properties": {
        "property": [
            {
                "kind": "logP",
                "value": "1.85",
                "source": "ALOGPS"
            },
            {
                "kind": "logS",
                "value": "-3.8",
                "source": "ALOGPS"
            },
            {
                "kind": "Water Solubility",
                "value": "8.86e-02 g/l",
                "source": "ALOGPS"
            },
            {
                "kind": "logP",
                "value": "0.56",
                "source": "ChemAxon"
            },
            {
                "kind": "IUPAC Name",
                "value": "(2E,4E)-N-({[(2R,3R,4R,5R,6S)-2-[(1S)-1,2-dihydroxyethyl]-4,5-dihydroxy-6-[(9H-purin-6-yl)amino]oxan-3-yl]carbamoyl}methyl)tetradeca-2,4-dienamide",
                "source": "ChemAxon"
            },
            {
                "kind": "Traditional IUPAC Name",
                "value": "(2R)-14-fluoro-2-methyl-6,9,10,19-tetraazapentacyclo[14.2.1.0^{2,6}.0^{8,18}.0^{12,17}]nonadeca-1(18),8,12(17),13,15-pentaen-11-one",
                "source": "ChemAxon"
            },
            {
                "kind": "Molecular Weight",
                "value": "589.694",
                "source": "ChemAxon"
            },
            {
                "kind": "Monoisotopic Weight",
                "value": "589.322396753",
                "source": "ChemAxon"
            },
            {
                "kind": "SMILES",
                "value": "CCCCCCCCC\\C=C\\C=C\\C(=O)NCC(=O)N[C@@H]1[C@@H](O)[C@@H](O)[C@@H](NC2=C3N=CNC3=NC=N2)O[C@H]1[C@@H](O)CO",
                "source": "ChemAxon"
            },
            {
                "kind": "Molecular Formula",
                "value": "C28H43N7O7",
                "source": "ChemAxon"
            },
            {
                "kind": "InChI",
                "value": "InChI=1S/C28H43N7O7/c1-2-3-4-5-6-7-8-9-10-11-12-13-19(38)29-14-20(39)34-21-23(40)24(41)28(42-25(21)18(37)15-36)35-27-22-26(31-16-30-22)32-17-33-27/h10-13,16-18,21,23-25,28,36-37,40-41H,2-9,14-15H2,1H3,(H,29,38)(H,34,39)(H2,30,31,32,33,35)/b11-10+,13-12+/t18-,21+,23+,24+,25-,28-/m0/s1",
                "source": "ChemAxon"
            },
            {
                "kind": "InChIKey",
                "value": "LQIPDFIUPOYMPR-BKYURJJWSA-N",
                "source": "ChemAxon"
            },
            {
                "kind": "Polar Surface Area (PSA)",
                "value": "214.84",
                "source": "ChemAxon"
            },
            {
                "kind": "Refractivity",
                "value": "157.07",
                "source": "ChemAxon"
            },
            {
                "kind": "Polarizability",
                "value": "63.66",
                "source": "ChemAxon"
            },
            {
                "kind": "Rotatable Bond Count",
                "value": "17",
                "source": "ChemAxon"
            },
            {
                "kind": "H Bond Acceptor Count",
                "value": "11",
                "source": "ChemAxon"
            },
            {
                "kind": "H Bond Donor Count",
                "value": "8",
                "source": "ChemAxon"
            },
            {
                "kind": "pKa (strongest acidic)",
                "value": "9.75",
                "source": "ChemAxon"
            },
            {
                "kind": "pKa (strongest basic)",
                "value": "3.78",
                "source": "ChemAxon"
            },
            {
                "kind": "Physiological Charge",
                "value": "0",
                "source": "ChemAxon"
            },
            {
                "kind": "Number of Rings",
                "value": "3",
                "source": "ChemAxon"
            },
            {
                "kind": "Bioavailability",
                "value": "0",
                "source": "ChemAxon"
            },
            {
                "kind": "Rule of Five",
                "value": "0",
                "source": "ChemAxon"
            },
            {
                "kind": "Ghose Filter",
                "value": "0",
                "source": "ChemAxon"
            },
            {
                "kind": "MDDR-Like Rule",
                "value": "1",
                "source": "ChemAxon"
            }
        ]
    },
    "experimental-properties": null,
    "external-identifiers": {
        "external-identifier": [
            {
                "resource": "ChemSpider",
                "identifier": "4944483"
            },
            {
                "resource": "ChEMBL",
                "identifier": "CHEMBL4296683"
            }
        ]
    },
    "external-links": null,
    "pathways": null,
    "reactions": null,
    "snp-effects": null,
    "snp-adverse-drug-reactions": null,
    "targets": null,
    "enzymes": null,
    "carriers": null,
    "transporters": null
}