{
    "type": "biotech",
    "created": "2019-05-20",
    "updated": "2021-02-21",
    "drugbank-id": [
        {
            "primary": true,
            "value": "DB15365"
        }
    ],
    "name": "Pegbelfermin",
    "description": "Pegbelfermin is under investigation in clinical trial NCT03486899 (A Study of Experimental Medication BMS-986036 in Adults With Nonalcoholic Steatohepatitis (NASH) and Stage 3 Liver Fibrosis).",
    "cas-number": "2089039-22-3",
    "unii": "P5T1E46W5D",
    "groups": {
        "group": [
            "investigational"
        ]
    },
    "general-references": {
        "articles": null,
        "textbooks": null,
        "links": null,
        "attachments": null
    },
    "synthesis-reference": null,
    "indication": null,
    "pharmacodynamics": null,
    "mechanism-of-action": null,
    "toxicity": null,
    "metabolism": null,
    "absorption": null,
    "half-life": null,
    "protein-binding": null,
    "route-of-elimination": null,
    "volume-of-distribution": null,
    "clearance": null,
    "salts": null,
    "synonyms": {
        "synonym": [
            {
                "language": "english",
                "coder": "",
                "value": "BMS-986036"
            },
            {
                "language": "english",
                "coder": "inn/usan",
                "value": "Pegbelfermin"
            }
        ]
    },
    "products": null,
    "international-brands": null,
    "mixtures": null,
    "packagers": null,
    "manufacturers": null,
    "prices": null,
    "categories": {
        "category": [
            {
                "category": "Alcohols",
                "mesh-id": "D000438"
            },
            {
                "category": "Amino Acids, Peptides, and Proteins",
                "mesh-id": "D000602"
            },
            {
                "category": "Biological Factors",
                "mesh-id": "D001685"
            },
            {
                "category": "Ethylene Glycols",
                "mesh-id": "D005026"
            },
            {
                "category": "Glycols",
                "mesh-id": "D006018"
            },
            {
                "category": "Intercellular Signaling Peptides and Proteins",
                "mesh-id": "D036341"
            },
            {
                "category": "Macromolecular Substances",
                "mesh-id": "D046911"
            },
            {
                "category": "Peptides",
                "mesh-id": "D010455"
            },
            {
                "category": "Polymers",
                "mesh-id": "D011108"
            },
            {
                "category": "Proteins",
                "mesh-id": "D011506"
            }
        ]
    },
    "affected-organisms": null,
    "dosages": null,
    "atc-codes": null,
    "ahfs-codes": null,
    "pdb-entries": null,
    "patents": null,
    "food-interactions": null,
    "drug-interactions": null,
    "sequences": null,
    "experimental-properties": null,
    "external-identifiers": null,
    "external-links": null,
    "pathways": null,
    "reactions": null,
    "snp-effects": null,
    "snp-adverse-drug-reactions": null,
    "targets": null,
    "enzymes": null,
    "carriers": null,
    "transporters": null
}