{
    "type": "small molecule",
    "created": "2019-05-20",
    "updated": "2021-05-14",
    "drugbank-id": [
        {
            "primary": true,
            "value": "DB15323"
        }
    ],
    "name": "Trelagliptin",
    "description": "Trelagliptin is under investigation in clinical trial NCT03555591 (Specified Drug-Use Survey of Trelagliptin Tablets \"Survey on Long-term Use in Patients With Type 2 Diabetes Mellitus\").",
    "cas-number": "865759-25-7",
    "unii": "Q836OWG55H",
    "average-mass": 357.389,
    "monoisotopic-mass": 357.160103067,
    "groups": {
        "group": [
            "investigational"
        ]
    },
    "general-references": {
        "articles": null,
        "textbooks": null,
        "links": {
            "link": [
                {
                    "ref-id": "L17843",
                    "title": "FDA Thailand Product Information: ZAFATEK (trelagliptin) oral tablet",
                    "url": "http://pertento.fda.moph.go.th/FDA_SEARCH_DRUG/SEARCH_DRUG/pop-up_drug_ex.aspx?Newcode=U1DR1C1012611500111C"
                }
            ]
        },
        "attachments": null
    },
    "synthesis-reference": null,
    "indication": null,
    "pharmacodynamics": null,
    "mechanism-of-action": null,
    "toxicity": null,
    "metabolism": null,
    "absorption": null,
    "half-life": null,
    "protein-binding": null,
    "route-of-elimination": null,
    "volume-of-distribution": null,
    "clearance": null,
    "classification": {
        "description": "This compound belongs to the class of organic compounds known as benzonitriles. These are organic compounds containing a benzene bearing a nitrile substituent.",
        "direct-parent": "Benzonitriles",
        "kingdom": "Organic compounds",
        "superclass": "Benzenoids",
        "class": "Benzene and substituted derivatives",
        "subclass": "Benzonitriles",
        "alternative-parent": [
            "Aminopiperidines",
            "Aminopyrimidines and derivatives",
            "Aryl fluorides",
            "Azacyclic compounds",
            "Dialkylarylamines",
            "Fluorobenzenes",
            "Heteroaromatic compounds",
            "Hydrocarbon derivatives",
            "Hydropyrimidines",
            "Lactams",
            "Monoalkylamines",
            "Nitriles",
            "Organic oxides",
            "Organofluorides",
            "Organooxygen compounds",
            "Pyrimidones",
            "Ureas",
            "Vinylogous amides"
        ],
        "substituent": [
            "3-aminopiperidine",
            "Amine",
            "Aminopyrimidine",
            "Aromatic heteromonocyclic compound",
            "Aryl fluoride",
            "Aryl halide",
            "Azacycle",
            "Benzonitrile",
            "Carbonitrile",
            "Cyanide",
            "Dialkylarylamine",
            "Fluorobenzene",
            "Halobenzene",
            "Heteroaromatic compound",
            "Hydrocarbon derivative",
            "Hydropyrimidine",
            "Lactam",
            "Nitrile",
            "Organic nitrogen compound",
            "Organic oxide",
            "Organic oxygen compound",
            "Organofluoride",
            "Organohalogen compound",
            "Organoheterocyclic compound",
            "Organonitrogen compound",
            "Organooxygen compound",
            "Piperidine",
            "Primary aliphatic amine",
            "Primary amine",
            "Pyrimidine",
            "Pyrimidone",
            "Urea",
            "Vinylogous amide"
        ]
    },
    "salts": null,
    "synonyms": {
        "synonym": [
            {
                "language": "english",
                "coder": "inn/usan",
                "value": "Trelagliptin"
            }
        ]
    },
    "products": null,
    "international-brands": null,
    "mixtures": null,
    "packagers": null,
    "manufacturers": null,
    "prices": null,
    "categories": {
        "category": [
            {
                "category": "Pyrimidines",
                "mesh-id": "D011743"
            },
            {
                "category": "Pyrimidinones",
                "mesh-id": "D011744"
            }
        ]
    },
    "affected-organisms": null,
    "dosages": {
        "dosage": [
            {
                "form": "Tablet, coated",
                "route": "Oral",
                "strength": "100 mg"
            }
        ]
    },
    "atc-codes": null,
    "ahfs-codes": null,
    "pdb-entries": {
        "pdb-entry": [
            "5kby"
        ]
    },
    "patents": null,
    "food-interactions": null,
    "drug-interactions": null,
    "calculated-properties": {
        "property": [
            {
                "kind": "logP",
                "value": "0.83",
                "source": "ALOGPS"
            },
            {
                "kind": "logS",
                "value": "-3.2",
                "source": "ALOGPS"
            },
            {
                "kind": "Water Solubility",
                "value": "2.15e-01 g/l",
                "source": "ALOGPS"
            },
            {
                "kind": "logP",
                "value": "1.3",
                "source": "ChemAxon"
            },
            {
                "kind": "IUPAC Name",
                "value": "2-({6-[(3R)-3-aminopiperidin-1-yl]-3-methyl-2,4-dioxo-1,2,3,4-tetrahydropyrimidin-1-yl}methyl)-4-fluorobenzonitrile",
                "source": "ChemAxon"
            },
            {
                "kind": "Traditional IUPAC Name",
                "value": "(2R)-14-fluoro-2-methyl-6,9,10,19-tetraazapentacyclo[14.2.1.0^{2,6}.0^{8,18}.0^{12,17}]nonadeca-1(18),8,12(17),13,15-pentaen-11-one",
                "source": "ChemAxon"
            },
            {
                "kind": "Molecular Weight",
                "value": "357.389",
                "source": "ChemAxon"
            },
            {
                "kind": "Monoisotopic Weight",
                "value": "357.160103067",
                "source": "ChemAxon"
            },
            {
                "kind": "SMILES",
                "value": "CN1C(=O)C=C(N2CCC[C@@H](N)C2)N(CC2=CC(F)=CC=C2C#N)C1=O",
                "source": "ChemAxon"
            },
            {
                "kind": "Molecular Formula",
                "value": "C18H20FN5O2",
                "source": "ChemAxon"
            },
            {
                "kind": "InChI",
                "value": "InChI=1S/C18H20FN5O2/c1-22-17(25)8-16(23-6-2-3-15(21)11-23)24(18(22)26)10-13-7-14(19)5-4-12(13)9-20/h4-5,7-8,15H,2-3,6,10-11,21H2,1H3/t15-/m1/s1",
                "source": "ChemAxon"
            },
            {
                "kind": "InChIKey",
                "value": "IWYJYHUNXVAVAA-OAHLLOKOSA-N",
                "source": "ChemAxon"
            },
            {
                "kind": "Polar Surface Area (PSA)",
                "value": "93.67",
                "source": "ChemAxon"
            },
            {
                "kind": "Refractivity",
                "value": "104.48",
                "source": "ChemAxon"
            },
            {
                "kind": "Polarizability",
                "value": "35.56",
                "source": "ChemAxon"
            },
            {
                "kind": "Rotatable Bond Count",
                "value": "3",
                "source": "ChemAxon"
            },
            {
                "kind": "H Bond Acceptor Count",
                "value": "5",
                "source": "ChemAxon"
            },
            {
                "kind": "H Bond Donor Count",
                "value": "1",
                "source": "ChemAxon"
            },
            {
                "kind": "pKa (strongest basic)",
                "value": "9.47",
                "source": "ChemAxon"
            },
            {
                "kind": "Physiological Charge",
                "value": "1",
                "source": "ChemAxon"
            },
            {
                "kind": "Number of Rings",
                "value": "3",
                "source": "ChemAxon"
            },
            {
                "kind": "Bioavailability",
                "value": "1",
                "source": "ChemAxon"
            },
            {
                "kind": "Rule of Five",
                "value": "1",
                "source": "ChemAxon"
            },
            {
                "kind": "Ghose Filter",
                "value": "1",
                "source": "ChemAxon"
            },
            {
                "kind": "MDDR-Like Rule",
                "value": "0",
                "source": "ChemAxon"
            }
        ]
    },
    "experimental-properties": null,
    "external-identifiers": {
        "external-identifier": [
            {
                "resource": "ChEBI",
                "identifier": "134715"
            },
            {
                "resource": "ChemSpider",
                "identifier": "13115365"
            },
            {
                "resource": "BindingDB",
                "identifier": "50335784"
            },
            {
                "resource": "PDB",
                "identifier": "6RL"
            },
            {
                "resource": "Wikipedia",
                "identifier": "Trelagliptin"
            },
            {
                "resource": "ChEMBL",
                "identifier": "CHEMBL1650443"
            },
            {
                "resource": "ZINC",
                "identifier": "ZINC000034505198"
            }
        ]
    },
    "external-links": null,
    "pathways": null,
    "reactions": null,
    "snp-effects": null,
    "snp-adverse-drug-reactions": null,
    "targets": null,
    "enzymes": null,
    "carriers": null,
    "transporters": null
}