{
    "type": "small molecule",
    "created": "2019-05-20",
    "updated": "2020-06-12",
    "drugbank-id": [
        {
            "primary": true,
            "value": "DB15372"
        }
    ],
    "name": "JNJ-27548547",
    "description": "JNJ-27548547 is under investigation in clinical trial NCT01705002 (Intravenously Administered Pegylated Liposomal Mitomycin-C Lipid-based Prodrug (PROMITIL) in Cancer Patients With Solid Tumors.).",
    "cas-number": "303983-00-8",
    "unii": "3I8JKL1CHB",
    "average-mass": 1139.6,
    "monoisotopic-mass": 1138.66735234,
    "groups": {
        "group": [
            "investigational"
        ]
    },
    "general-references": {
        "articles": null,
        "textbooks": null,
        "links": null,
        "attachments": null
    },
    "synthesis-reference": null,
    "indication": null,
    "pharmacodynamics": null,
    "mechanism-of-action": null,
    "toxicity": null,
    "metabolism": null,
    "absorption": null,
    "half-life": null,
    "protein-binding": null,
    "route-of-elimination": null,
    "volume-of-distribution": null,
    "clearance": null,
    "classification": {
        "description": "This compound belongs to the class of organic compounds known as mitomycins. These are polycyclic compounds with a structure based on an aziridine ring linked to a 7-amino-6-methyl-cyclohexa[b]pyrrolizine-5,8-dione.",
        "direct-parent": "Mitomycins",
        "kingdom": "Organic compounds",
        "superclass": "Organoheterocyclic compounds",
        "class": "Indoles and derivatives",
        "subclass": "Indolequinones",
        "alternative-parent": [
            "Azacyclic compounds",
            "Aziridinecarboxylic acids",
            "Benzyloxycarbonyls",
            "Carbamate esters",
            "Carboxylic acid esters",
            "Dicarboxylic acids and derivatives",
            "Enamines",
            "Fatty acid esters",
            "Hydrocarbon derivatives",
            "Indoles",
            "Monoalkylamines",
            "Organic disulfides",
            "Organic oxides",
            "Piperazine carboxylic acids",
            "Pyrrolidines",
            "Pyrrolines",
            "Pyrrolizines",
            "Quinones",
            "Sulfenyl compounds",
            "Vinylogous amides"
        ],
        "substituent": [
            "1,4-diazinane",
            "Amine",
            "Amino acid or derivatives",
            "Aromatic heteropolycyclic compound",
            "Azacycle",
            "Aziridine",
            "Aziridinecarboxylic acid",
            "Benzenoid",
            "Benzyloxycarbonyl",
            "Carbamic acid ester",
            "Carbonyl group",
            "Carboxylic acid derivative",
            "Carboxylic acid ester",
            "Dicarboxylic acid or derivatives",
            "Enamine",
            "Fatty acid ester",
            "Fatty acyl",
            "Hydrocarbon derivative",
            "Indole",
            "Ketone",
            "Mitomycin",
            "Monocyclic benzene moiety",
            "Organic disulfide",
            "Organic nitrogen compound",
            "Organic oxide",
            "Organic oxygen compound",
            "Organonitrogen compound",
            "Organooxygen compound",
            "Organosulfur compound",
            "Piperazine",
            "Piperazine-1-carboxylic acid",
            "Primary aliphatic amine",
            "Primary amine",
            "Pyrrolidine",
            "Pyrroline",
            "Pyrrolizine",
            "Quinone",
            "Sulfenyl compound",
            "Vinylogous amide"
        ]
    },
    "salts": null,
    "synonyms": {
        "synonym": [
            {
                "language": "english",
                "coder": "",
                "value": "PROMITIL"
            }
        ]
    },
    "products": null,
    "international-brands": null,
    "mixtures": null,
    "packagers": null,
    "manufacturers": null,
    "prices": null,
    "categories": null,
    "affected-organisms": null,
    "dosages": null,
    "atc-codes": null,
    "ahfs-codes": null,
    "pdb-entries": null,
    "patents": null,
    "food-interactions": null,
    "drug-interactions": null,
    "calculated-properties": {
        "property": [
            {
                "kind": "logP",
                "value": "8.86",
                "source": "ALOGPS"
            },
            {
                "kind": "logS",
                "value": "-7.6",
                "source": "ALOGPS"
            },
            {
                "kind": "Water Solubility",
                "value": "2.56e-05 g/l",
                "source": "ALOGPS"
            },
            {
                "kind": "logP",
                "value": "15.94",
                "source": "ChemAxon"
            },
            {
                "kind": "IUPAC Name",
                "value": "(4-{[2,3-bis(octadecanoyloxy)propyl]disulfanyl}phenyl)methyl (4S,6S,7R,8S)-11-amino-8-[(carbamoyloxy)methyl]-7-methoxy-12-methyl-10,13-dioxo-2,5-diazatetracyclo[7.4.0.0^{2,7}.0^{4,6}]trideca-1(9),11-diene-5-carboxylate",
                "source": "ChemAxon"
            },
            {
                "kind": "Traditional IUPAC Name",
                "value": "(2R)-14-fluoro-2-methyl-6,9,10,19-tetraazapentacyclo[14.2.1.0^{2,6}.0^{8,18}.0^{12,17}]nonadeca-1(18),8,12(17),13,15-pentaen-11-one",
                "source": "ChemAxon"
            },
            {
                "kind": "Molecular Weight",
                "value": "1139.6",
                "source": "ChemAxon"
            },
            {
                "kind": "Monoisotopic Weight",
                "value": "1138.66735234",
                "source": "ChemAxon"
            },
            {
                "kind": "SMILES",
                "value": "CCCCCCCCCCCCCCCCCC(=O)OCC(CSSC1=CC=C(COC(=O)N2[C@H]3CN4C5=C([C@@H](COC(N)=O)[C@@]4(OC)[C@@H]23)C(=O)C(N)=C(C)C5=O)C=C1)OC(=O)CCCCCCCCCCCCCCCCC",
                "source": "ChemAxon"
            },
            {
                "kind": "Molecular Formula",
                "value": "C62H98N4O11S2",
                "source": "ChemAxon"
            },
            {
                "kind": "InChI",
                "value": "InChI=1S/C62H98N4O11S2/c1-5-7-9-11-13-15-17-19-21-23-25-27-29-31-33-35-52(67)74-43-48(77-53(68)36-34-32-30-28-26-24-22-20-18-16-14-12-10-8-6-2)45-78-79-49-39-37-47(38-40-49)42-76-61(72)66-51-41-65-56-54(58(70)55(63)46(3)57(56)69)50(44-75-60(64)71)62(65,73-4)59(51)66/h37-40,48,50-51,59H,5-36,41-45,63H2,1-4H3,(H2,64,71)/t48?,50-,51+,59+,62-,66?/m1/s1",
                "source": "ChemAxon"
            },
            {
                "kind": "InChIKey",
                "value": "LIHIIWJRSSLKKX-YCTALCSSSA-N",
                "source": "ChemAxon"
            },
            {
                "kind": "Polar Surface Area (PSA)",
                "value": "206.86",
                "source": "ChemAxon"
            },
            {
                "kind": "Refractivity",
                "value": "315.74",
                "source": "ChemAxon"
            },
            {
                "kind": "Polarizability",
                "value": "135.65",
                "source": "ChemAxon"
            },
            {
                "kind": "Rotatable Bond Count",
                "value": "48",
                "source": "ChemAxon"
            },
            {
                "kind": "H Bond Acceptor Count",
                "value": "9",
                "source": "ChemAxon"
            },
            {
                "kind": "H Bond Donor Count",
                "value": "2",
                "source": "ChemAxon"
            },
            {
                "kind": "pKa (strongest acidic)",
                "value": "14.79",
                "source": "ChemAxon"
            },
            {
                "kind": "pKa (strongest basic)",
                "value": "-4.3",
                "source": "ChemAxon"
            },
            {
                "kind": "Physiological Charge",
                "value": "0",
                "source": "ChemAxon"
            },
            {
                "kind": "Number of Rings",
                "value": "5",
                "source": "ChemAxon"
            },
            {
                "kind": "Bioavailability",
                "value": "0",
                "source": "ChemAxon"
            },
            {
                "kind": "Rule of Five",
                "value": "0",
                "source": "ChemAxon"
            },
            {
                "kind": "Ghose Filter",
                "value": "0",
                "source": "ChemAxon"
            },
            {
                "kind": "MDDR-Like Rule",
                "value": "1",
                "source": "ChemAxon"
            }
        ]
    },
    "experimental-properties": null,
    "external-identifiers": {
        "external-identifier": [
            {
                "resource": "ChemSpider",
                "identifier": "8117254"
            }
        ]
    },
    "external-links": null,
    "pathways": null,
    "reactions": null,
    "snp-effects": null,
    "snp-adverse-drug-reactions": null,
    "targets": null,
    "enzymes": null,
    "carriers": null,
    "transporters": null
}