{
    "type": "small molecule",
    "created": "2019-05-20",
    "updated": "2020-06-12",
    "drugbank-id": [
        {
            "primary": true,
            "value": "DB15137"
        }
    ],
    "name": "VK-2809",
    "description": "VK-2809 is under investigation in clinical trial NCT02927184 (Safety and Tolerability of VK2809 in Patients With Primary Hypercholesterolemia and Non-Alcoholic Fatty Liver Disease).",
    "cas-number": "852948-13-1",
    "unii": "3Z11398FNQ",
    "average-mass": 514.98,
    "monoisotopic-mass": 514.1675888,
    "groups": {
        "group": [
            "investigational"
        ]
    },
    "general-references": {
        "articles": null,
        "textbooks": null,
        "links": null,
        "attachments": null
    },
    "synthesis-reference": null,
    "indication": null,
    "pharmacodynamics": null,
    "mechanism-of-action": null,
    "toxicity": null,
    "metabolism": null,
    "absorption": null,
    "half-life": null,
    "protein-binding": null,
    "route-of-elimination": null,
    "volume-of-distribution": null,
    "clearance": null,
    "salts": null,
    "synonyms": null,
    "products": null,
    "international-brands": null,
    "mixtures": null,
    "packagers": null,
    "manufacturers": null,
    "prices": null,
    "categories": {
        "category": [
            {
                "category": "Organophosphorus Compounds",
                "mesh-id": "D009943"
            }
        ]
    },
    "affected-organisms": null,
    "dosages": null,
    "atc-codes": null,
    "ahfs-codes": null,
    "pdb-entries": null,
    "patents": null,
    "food-interactions": null,
    "drug-interactions": null,
    "calculated-properties": {
        "property": [
            {
                "kind": "logP",
                "value": "6.15",
                "source": "ALOGPS"
            },
            {
                "kind": "logS",
                "value": "-6.8",
                "source": "ALOGPS"
            },
            {
                "kind": "Water Solubility",
                "value": "7.42e-05 g/l",
                "source": "ALOGPS"
            },
            {
                "kind": "logP",
                "value": "8.04",
                "source": "ChemAxon"
            },
            {
                "kind": "IUPAC Name",
                "value": "(2R,4S)-4-(3-chlorophenyl)-2-[(4-{[4-hydroxy-3-(propan-2-yl)phenyl]methyl}-3,5-dimethylphenoxy)methyl]-1,3,2lambda5-dioxaphosphinan-2-one",
                "source": "ChemAxon"
            },
            {
                "kind": "Traditional IUPAC Name",
                "value": "(2R)-14-fluoro-2-methyl-6,9,10,19-tetraazapentacyclo[14.2.1.0^{2,6}.0^{8,18}.0^{12,17}]nonadeca-1(18),8,12(17),13,15-pentaen-11-one",
                "source": "ChemAxon"
            },
            {
                "kind": "Molecular Weight",
                "value": "514.98",
                "source": "ChemAxon"
            },
            {
                "kind": "Monoisotopic Weight",
                "value": "514.1675888",
                "source": "ChemAxon"
            },
            {
                "kind": "SMILES",
                "value": "CC(C)C1=CC(CC2=C(C)C=C(OC[P@@]3(=O)OCC[C@H](O3)C3=CC=CC(Cl)=C3)C=C2C)=CC=C1O",
                "source": "ChemAxon"
            },
            {
                "kind": "Molecular Formula",
                "value": "C28H32ClO5P",
                "source": "ChemAxon"
            },
            {
                "kind": "InChI",
                "value": "InChI=1S/C28H32ClO5P/c1-18(2)25-14-21(8-9-27(25)30)15-26-19(3)12-24(13-20(26)4)32-17-35(31)33-11-10-28(34-35)22-6-5-7-23(29)16-22/h5-9,12-14,16,18,28,30H,10-11,15,17H2,1-4H3/t28-,35+/m0/s1",
                "source": "ChemAxon"
            },
            {
                "kind": "InChIKey",
                "value": "LGGPZDRLTDGYSQ-JADSYQMUSA-N",
                "source": "ChemAxon"
            },
            {
                "kind": "Polar Surface Area (PSA)",
                "value": "64.99",
                "source": "ChemAxon"
            },
            {
                "kind": "Refractivity",
                "value": "140.04",
                "source": "ChemAxon"
            },
            {
                "kind": "Polarizability",
                "value": "53.18",
                "source": "ChemAxon"
            },
            {
                "kind": "Rotatable Bond Count",
                "value": "7",
                "source": "ChemAxon"
            },
            {
                "kind": "H Bond Acceptor Count",
                "value": "3",
                "source": "ChemAxon"
            },
            {
                "kind": "H Bond Donor Count",
                "value": "1",
                "source": "ChemAxon"
            },
            {
                "kind": "pKa (strongest acidic)",
                "value": "10.62",
                "source": "ChemAxon"
            },
            {
                "kind": "pKa (strongest basic)",
                "value": "-4.9",
                "source": "ChemAxon"
            },
            {
                "kind": "Physiological Charge",
                "value": "0",
                "source": "ChemAxon"
            },
            {
                "kind": "Number of Rings",
                "value": "4",
                "source": "ChemAxon"
            },
            {
                "kind": "Bioavailability",
                "value": "0",
                "source": "ChemAxon"
            },
            {
                "kind": "Rule of Five",
                "value": "0",
                "source": "ChemAxon"
            },
            {
                "kind": "Ghose Filter",
                "value": "0",
                "source": "ChemAxon"
            },
            {
                "kind": "MDDR-Like Rule",
                "value": "1",
                "source": "ChemAxon"
            }
        ]
    },
    "experimental-properties": null,
    "external-identifiers": {
        "external-identifier": [
            {
                "resource": "ChemSpider",
                "identifier": "13084678"
            },
            {
                "resource": "BindingDB",
                "identifier": "50401076"
            },
            {
                "resource": "ChEMBL",
                "identifier": "CHEMBL457748"
            },
            {
                "resource": "ZINC",
                "identifier": "ZINC000034777163"
            }
        ]
    },
    "external-links": null,
    "pathways": null,
    "reactions": null,
    "snp-effects": null,
    "snp-adverse-drug-reactions": null,
    "targets": null,
    "enzymes": null,
    "carriers": null,
    "transporters": null
}