{
    "type": "biotech",
    "created": "2019-05-20",
    "updated": "2021-05-14",
    "drugbank-id": [
        {
            "primary": true,
            "value": "DB15263"
        }
    ],
    "name": "Thyrotropin",
    "description": "Thyrotropin is under investigation in clinical trial NCT01348191 (Detection of Thyrotrophin Receptor in Human Myometrium).",
    "cas-number": "9002-71-5",
    "unii": "02KSI6Z9AK",
    "groups": {
        "group": [
            "investigational"
        ]
    },
    "general-references": {
        "articles": null,
        "textbooks": null,
        "links": {
            "link": [
                {
                    "ref-id": "L34019",
                    "title": "AIFA: Thyrogen (Thyrotropin) Intramuscular Injection",
                    "url": "https://farmaci.agenziafarmaco.gov.it/aifa/servlet/PdfDownloadServlet?pdfFileName=footer_000767_034716_RCP.pdf&retry=0&sys=m0b1l3"
                }
            ]
        },
        "attachments": null
    },
    "synthesis-reference": null,
    "indication": null,
    "pharmacodynamics": null,
    "mechanism-of-action": null,
    "toxicity": null,
    "metabolism": null,
    "absorption": null,
    "half-life": null,
    "protein-binding": null,
    "route-of-elimination": null,
    "volume-of-distribution": null,
    "clearance": null,
    "salts": null,
    "synonyms": {
        "synonym": [
            {
                "language": "english",
                "coder": "",
                "value": "THYROTROPHIN"
            }
        ]
    },
    "products": null,
    "international-brands": null,
    "mixtures": null,
    "packagers": null,
    "manufacturers": null,
    "prices": null,
    "categories": {
        "category": [
            {
                "category": "Amino Acids, Peptides, and Proteins",
                "mesh-id": "D000602"
            },
            {
                "category": "Diagnostic Agents",
                "mesh-id": null
            },
            {
                "category": "Hormones",
                "mesh-id": "D006728"
            },
            {
                "category": "Hormones, Hormone Substitutes, and Hormone Antagonists",
                "mesh-id": "D006730"
            },
            {
                "category": "Peptide Hormones",
                "mesh-id": "D036361"
            },
            {
                "category": "Peptides",
                "mesh-id": "D010455"
            },
            {
                "category": "Pituitary Hormones",
                "mesh-id": "D010907"
            },
            {
                "category": "Pituitary Hormones, Anterior",
                "mesh-id": "D010908"
            },
            {
                "category": "Tests for Thyreoidea Function",
                "mesh-id": null
            },
            {
                "category": "Thyroid Products",
                "mesh-id": "D013972"
            }
        ]
    },
    "affected-organisms": null,
    "dosages": {
        "dosage": [
            {
                "form": "Injection, powder, for solution",
                "route": "Intramuscular; Parenteral",
                "strength": "0.9 MG"
            },
            {
                "form": "Injection, powder, for solution",
                "route": "Intramuscular; Parenteral",
                "strength": "1.1 mg"
            }
        ]
    },
    "atc-codes": {
        "atc-code": [
            {
                "code": "V04CJ01",
                "level": [
                    {
                        "code": "V04CJ",
                        "value": "Tests for thyreoidea function"
                    },
                    {
                        "code": "V04C",
                        "value": "OTHER DIAGNOSTIC AGENTS"
                    },
                    {
                        "code": "V04",
                        "value": "DIAGNOSTIC AGENTS"
                    },
                    {
                        "code": "V",
                        "value": "VARIOUS"
                    }
                ]
            }
        ]
    },
    "ahfs-codes": null,
    "pdb-entries": null,
    "patents": null,
    "food-interactions": null,
    "drug-interactions": {
        "drug-interaction": [
            {
                "drugbank-id": {
                    "primary": false,
                    "value": "DB00176"
                },
                "name": "Fluvoxamine",
                "description": "The therapeutic efficacy of Thyrotropin can be decreased when used in combination with Fluvoxamine."
            },
            {
                "drugbank-id": {
                    "primary": false,
                    "value": "DB00215"
                },
                "name": "Citalopram",
                "description": "The therapeutic efficacy of Thyrotropin can be decreased when used in combination with Citalopram."
            },
            {
                "drugbank-id": {
                    "primary": false,
                    "value": "DB00472"
                },
                "name": "Fluoxetine",
                "description": "The therapeutic efficacy of Thyrotropin can be decreased when used in combination with Fluoxetine."
            },
            {
                "drugbank-id": {
                    "primary": false,
                    "value": "DB00476"
                },
                "name": "Duloxetine",
                "description": "The therapeutic efficacy of Thyrotropin can be decreased when used in combination with Duloxetine."
            },
            {
                "drugbank-id": {
                    "primary": false,
                    "value": "DB00656"
                },
                "name": "Trazodone",
                "description": "The therapeutic efficacy of Thyrotropin can be decreased when used in combination with Trazodone."
            },
            {
                "drugbank-id": {
                    "primary": false,
                    "value": "DB00715"
                },
                "name": "Paroxetine",
                "description": "The therapeutic efficacy of Thyrotropin can be decreased when used in combination with Paroxetine."
            },
            {
                "drugbank-id": {
                    "primary": false,
                    "value": "DB01104"
                },
                "name": "Sertraline",
                "description": "The therapeutic efficacy of Thyrotropin can be decreased when used in combination with Sertraline."
            },
            {
                "drugbank-id": {
                    "primary": false,
                    "value": "DB01105"
                },
                "name": "Sibutramine",
                "description": "The therapeutic efficacy of Thyrotropin can be decreased when used in combination with Sibutramine."
            },
            {
                "drugbank-id": {
                    "primary": false,
                    "value": "DB01149"
                },
                "name": "Nefazodone",
                "description": "The therapeutic efficacy of Thyrotropin can be decreased when used in combination with Nefazodone."
            },
            {
                "drugbank-id": {
                    "primary": false,
                    "value": "DB01175"
                },
                "name": "Escitalopram",
                "description": "The therapeutic efficacy of Thyrotropin can be decreased when used in combination with Escitalopram."
            },
            {
                "drugbank-id": {
                    "primary": false,
                    "value": "DB04832"
                },
                "name": "Zimelidine",
                "description": "The therapeutic efficacy of Thyrotropin can be decreased when used in combination with Zimelidine."
            },
            {
                "drugbank-id": {
                    "primary": false,
                    "value": "DB04884"
                },
                "name": "Dapoxetine",
                "description": "The therapeutic efficacy of Thyrotropin can be decreased when used in combination with Dapoxetine."
            },
            {
                "drugbank-id": {
                    "primary": false,
                    "value": "DB04896"
                },
                "name": "Milnacipran",
                "description": "The therapeutic efficacy of Thyrotropin can be decreased when used in combination with Milnacipran."
            },
            {
                "drugbank-id": {
                    "primary": false,
                    "value": "DB06700"
                },
                "name": "Desvenlafaxine",
                "description": "The therapeutic efficacy of Thyrotropin can be decreased when used in combination with Desvenlafaxine."
            },
            {
                "drugbank-id": {
                    "primary": false,
                    "value": "DB06731"
                },
                "name": "Seproxetine",
                "description": "The therapeutic efficacy of Thyrotropin can be decreased when used in combination with Seproxetine."
            },
            {
                "drugbank-id": {
                    "primary": false,
                    "value": "DB08918"
                },
                "name": "Levomilnacipran",
                "description": "The therapeutic efficacy of Thyrotropin can be decreased when used in combination with Levomilnacipran."
            },
            {
                "drugbank-id": {
                    "primary": false,
                    "value": "DB08953"
                },
                "name": "Indalpine",
                "description": "The therapeutic efficacy of Thyrotropin can be decreased when used in combination with Indalpine."
            },
            {
                "drugbank-id": {
                    "primary": false,
                    "value": "DB12693"
                },
                "name": "Ritanserin",
                "description": "The therapeutic efficacy of Thyrotropin can be decreased when used in combination with Ritanserin."
            },
            {
                "drugbank-id": {
                    "primary": false,
                    "value": "DB13233"
                },
                "name": "Alaproclate",
                "description": "The therapeutic efficacy of Thyrotropin can be decreased when used in combination with Alaproclate."
            },
            {
                "drugbank-id": {
                    "primary": false,
                    "value": "DB00182"
                },
                "name": "Amphetamine",
                "description": "The risk or severity of adverse effects can be increased when Amphetamine is combined with Thyrotropin."
            },
            {
                "drugbank-id": {
                    "primary": false,
                    "value": "DB00191"
                },
                "name": "Phentermine",
                "description": "The risk or severity of adverse effects can be increased when Phentermine is combined with Thyrotropin."
            },
            {
                "drugbank-id": {
                    "primary": false,
                    "value": "DB00211"
                },
                "name": "Midodrine",
                "description": "The risk or severity of adverse effects can be increased when Midodrine is combined with Thyrotropin."
            },
            {
                "drugbank-id": {
                    "primary": false,
                    "value": "DB00368"
                },
                "name": "Norepinephrine",
                "description": "The risk or severity of adverse effects can be increased when Norepinephrine is combined with Thyrotropin."
            },
            {
                "drugbank-id": {
                    "primary": false,
                    "value": "DB00388"
                },
                "name": "Phenylephrine",
                "description": "The risk or severity of adverse effects can be increased when Phenylephrine is combined with Thyrotropin."
            },
            {
                "drugbank-id": {
                    "primary": false,
                    "value": "DB00397"
                },
                "name": "Phenylpropanolamine",
                "description": "The risk or severity of adverse effects can be increased when Phenylpropanolamine is combined with Thyrotropin."
            },
            {
                "drugbank-id": {
                    "primary": false,
                    "value": "DB00598"
                },
                "name": "Labetalol",
                "description": "The risk or severity of adverse effects can be increased when Labetalol is combined with Thyrotropin."
            },
            {
                "drugbank-id": {
                    "primary": false,
                    "value": "DB00610"
                },
                "name": "Metaraminol",
                "description": "The risk or severity of adverse effects can be increased when Metaraminol is combined with Thyrotropin."
            },
            {
                "drugbank-id": {
                    "primary": false,
                    "value": "DB00668"
                },
                "name": "Epinephrine",
                "description": "The risk or severity of adverse effects can be increased when Epinephrine is combined with Thyrotropin."
            },
            {
                "drugbank-id": {
                    "primary": false,
                    "value": "DB00723"
                },
                "name": "Methoxamine",
                "description": "The risk or severity of adverse effects can be increased when Methoxamine is combined with Thyrotropin."
            },
            {
                "drugbank-id": {
                    "primary": false,
                    "value": "DB00816"
                },
                "name": "Orciprenaline",
                "description": "The risk or severity of adverse effects can be increased when Orciprenaline is combined with Thyrotropin."
            },
            {
                "drugbank-id": {
                    "primary": false,
                    "value": "DB00830"
                },
                "name": "Phenmetrazine",
                "description": "The risk or severity of adverse effects can be increased when Phenmetrazine is combined with Thyrotropin."
            },
            {
                "drugbank-id": {
                    "primary": false,
                    "value": "DB00841"
                },
                "name": "Dobutamine",
                "description": "The risk or severity of adverse effects can be increased when Dobutamine is combined with Thyrotropin."
            },
            {
                "drugbank-id": {
                    "primary": false,
                    "value": "DB00852"
                },
                "name": "Pseudoephedrine",
                "description": "The risk or severity of adverse effects can be increased when Pseudoephedrine is combined with Thyrotropin."
            },
            {
                "drugbank-id": {
                    "primary": false,
                    "value": "DB00865"
                },
                "name": "Benzphetamine",
                "description": "The risk or severity of adverse effects can be increased when Benzphetamine is combined with Thyrotropin."
            },
            {
                "drugbank-id": {
                    "primary": false,
                    "value": "DB00867"
                },
                "name": "Ritodrine",
                "description": "The risk or severity of adverse effects can be increased when Ritodrine is combined with Thyrotropin."
            },
            {
                "drugbank-id": {
                    "primary": false,
                    "value": "DB00871"
                },
                "name": "Terbutaline",
                "description": "The risk or severity of adverse effects can be increased when Terbutaline is combined with Thyrotropin."
            },
            {
                "drugbank-id": {
                    "primary": false,
                    "value": "DB00935"
                },
                "name": "Oxymetazoline",
                "description": "The risk or severity of adverse effects can be increased when Oxymetazoline is combined with Thyrotropin."
            },
            {
                "drugbank-id": {
                    "primary": false,
                    "value": "DB00937"
                },
                "name": "Diethylpropion",
                "description": "The risk or severity of adverse effects can be increased when Diethylpropion is combined with Thyrotropin."
            },
            {
                "drugbank-id": {
                    "primary": false,
                    "value": "DB00988"
                },
                "name": "Dopamine",
                "description": "The risk or severity of adverse effects can be increased when Dopamine is combined with Thyrotropin."
            },
            {
                "drugbank-id": {
                    "primary": false,
                    "value": "DB01064"
                },
                "name": "Isoprenaline",
                "description": "The risk or severity of adverse effects can be increased when Isoprenaline is combined with Thyrotropin."
            },
            {
                "drugbank-id": {
                    "primary": false,
                    "value": "DB01193"
                },
                "name": "Acebutolol",
                "description": "The risk or severity of adverse effects can be increased when Acebutolol is combined with Thyrotropin."
            },
            {
                "drugbank-id": {
                    "primary": false,
                    "value": "DB01255"
                },
                "name": "Lisdexamfetamine",
                "description": "The risk or severity of adverse effects can be increased when Lisdexamfetamine is combined with Thyrotropin."
            },
            {
                "drugbank-id": {
                    "primary": false,
                    "value": "DB01288"
                },
                "name": "Fenoterol",
                "description": "The risk or severity of adverse effects can be increased when Fenoterol is combined with Thyrotropin."
            },
            {
                "drugbank-id": {
                    "primary": false,
                    "value": "DB01364"
                },
                "name": "Ephedrine",
                "description": "The risk or severity of adverse effects can be increased when Ephedrine is combined with Thyrotropin."
            },
            {
                "drugbank-id": {
                    "primary": false,
                    "value": "DB01365"
                },
                "name": "Mephentermine",
                "description": "The risk or severity of adverse effects can be increased when Mephentermine is combined with Thyrotropin."
            },
            {
                "drugbank-id": {
                    "primary": false,
                    "value": "DB01366"
                },
                "name": "Procaterol",
                "description": "The risk or severity of adverse effects can be increased when Procaterol is combined with Thyrotropin."
            },
            {
                "drugbank-id": {
                    "primary": false,
                    "value": "DB01407"
                },
                "name": "Clenbuterol",
                "description": "The risk or severity of adverse effects can be increased when Clenbuterol is combined with Thyrotropin."
            },
            {
                "drugbank-id": {
                    "primary": false,
                    "value": "DB01442"
                },
                "name": "MMDA",
                "description": "The risk or severity of adverse effects can be increased when MMDA is combined with Thyrotropin."
            },
            {
                "drugbank-id": {
                    "primary": false,
                    "value": "DB01454"
                },
                "name": "Midomafetamine",
                "description": "The risk or severity of adverse effects can be increased when Midomafetamine is combined with Thyrotropin."
            },
            {
                "drugbank-id": {
                    "primary": false,
                    "value": "DB01467"
                },
                "name": "2,5-Dimethoxy-4-ethylamphetamine",
                "description": "The risk or severity of adverse effects can be increased when 2,5-Dimethoxy-4-ethylamphetamine is combined with Thyrotropin."
            },
            {
                "drugbank-id": {
                    "primary": false,
                    "value": "DB01484"
                },
                "name": "4-Bromo-2,5-dimethoxyamphetamine",
                "description": "The risk or severity of adverse effects can be increased when 4-Bromo-2,5-dimethoxyamphetamine is combined with Thyrotropin."
            },
            {
                "drugbank-id": {
                    "primary": false,
                    "value": "DB01509"
                },
                "name": "Tenamfetamine",
                "description": "The risk or severity of adverse effects can be increased when Tenamfetamine is combined with Thyrotropin."
            },
            {
                "drugbank-id": {
                    "primary": false,
                    "value": "DB01556"
                },
                "name": "Chlorphentermine",
                "description": "The risk or severity of adverse effects can be increased when Chlorphentermine is combined with Thyrotropin."
            },
            {
                "drugbank-id": {
                    "primary": false,
                    "value": "DB01566"
                },
                "name": "Methylenedioxyethamphetamine",
                "description": "The risk or severity of adverse effects can be increased when Methylenedioxyethamphetamine is combined with Thyrotropin."
            },
            {
                "drugbank-id": {
                    "primary": false,
                    "value": "DB01576"
                },
                "name": "Dextroamphetamine",
                "description": "The risk or severity of adverse effects can be increased when Dextroamphetamine is combined with Thyrotropin."
            },
            {
                "drugbank-id": {
                    "primary": false,
                    "value": "DB01577"
                },
                "name": "Metamfetamine",
                "description": "The risk or severity of adverse effects can be increased when Metamfetamine is combined with Thyrotropin."
            },
            {
                "drugbank-id": {
                    "primary": false,
                    "value": "DB04846"
                },
                "name": "Celiprolol",
                "description": "The risk or severity of adverse effects can be increased when Celiprolol is combined with Thyrotropin."
            },
            {
                "drugbank-id": {
                    "primary": false,
                    "value": "DB06152"
                },
                "name": "Nylidrin",
                "description": "The risk or severity of adverse effects can be increased when Nylidrin is combined with Thyrotropin."
            },
            {
                "drugbank-id": {
                    "primary": false,
                    "value": "DB06764"
                },
                "name": "Tetryzoline",
                "description": "The risk or severity of adverse effects can be increased when Tetryzoline is combined with Thyrotropin."
            },
            {
                "drugbank-id": {
                    "primary": false,
                    "value": "DB08841"
                },
                "name": "Tyramine",
                "description": "The risk or severity of adverse effects can be increased when Tyramine is combined with Thyrotropin."
            },
            {
                "drugbank-id": {
                    "primary": false,
                    "value": "DB08941"
                },
                "name": "Isoxsuprine",
                "description": "The risk or severity of adverse effects can be increased when Isoxsuprine is combined with Thyrotropin."
            },
            {
                "drugbank-id": {
                    "primary": false,
                    "value": "DB08985"
                },
                "name": "Etilefrine",
                "description": "The risk or severity of adverse effects can be increased when Etilefrine is combined with Thyrotropin."
            },
            {
                "drugbank-id": {
                    "primary": false,
                    "value": "DB09203"
                },
                "name": "Synephrine",
                "description": "The risk or severity of adverse effects can be increased when Synephrine is combined with Thyrotropin."
            },
            {
                "drugbank-id": {
                    "primary": false,
                    "value": "DB09480"
                },
                "name": "Iofetamine I-123",
                "description": "The risk or severity of adverse effects can be increased when Iofetamine I-123 is combined with Thyrotropin."
            },
            {
                "drugbank-id": {
                    "primary": false,
                    "value": "DB11124"
                },
                "name": "Racepinephrine",
                "description": "The risk or severity of adverse effects can be increased when Racepinephrine is combined with Thyrotropin."
            },
            {
                "drugbank-id": {
                    "primary": false,
                    "value": "DB12080"
                },
                "name": "Ritobegron",
                "description": "The risk or severity of adverse effects can be increased when Ritobegron is combined with Thyrotropin."
            },
            {
                "drugbank-id": {
                    "primary": false,
                    "value": "DB12752"
                },
                "name": "Bucindolol",
                "description": "The risk or severity of adverse effects can be increased when Bucindolol is combined with Thyrotropin."
            },
            {
                "drugbank-id": {
                    "primary": false,
                    "value": "DB13064"
                },
                "name": "Tramazoline",
                "description": "The risk or severity of adverse effects can be increased when Tramazoline is combined with Thyrotropin."
            },
            {
                "drugbank-id": {
                    "primary": false,
                    "value": "DB13108"
                },
                "name": "Mephedrone",
                "description": "The risk or severity of adverse effects can be increased when Mephedrone is combined with Thyrotropin."
            },
            {
                "drugbank-id": {
                    "primary": false,
                    "value": "DB13341"
                },
                "name": "Fenozolone",
                "description": "The risk or severity of adverse effects can be increased when Fenozolone is combined with Thyrotropin."
            },
            {
                "drugbank-id": {
                    "primary": false,
                    "value": "DB13624"
                },
                "name": "Methoxyphenamine",
                "description": "The risk or severity of adverse effects can be increased when Methoxyphenamine is combined with Thyrotropin."
            },
            {
                "drugbank-id": {
                    "primary": false,
                    "value": "DB13692"
                },
                "name": "Tretoquinol",
                "description": "The risk or severity of adverse effects can be increased when Tretoquinol is combined with Thyrotropin."
            },
            {
                "drugbank-id": {
                    "primary": false,
                    "value": "DB13703"
                },
                "name": "Gepefrine",
                "description": "The risk or severity of adverse effects can be increased when Gepefrine is combined with Thyrotropin."
            },
            {
                "drugbank-id": {
                    "primary": false,
                    "value": "DB13757"
                },
                "name": "Epanolol",
                "description": "The risk or severity of adverse effects can be increased when Epanolol is combined with Thyrotropin."
            },
            {
                "drugbank-id": {
                    "primary": false,
                    "value": "DB13777"
                },
                "name": "Prenalterol",
                "description": "The risk or severity of adverse effects can be increased when Prenalterol is combined with Thyrotropin."
            },
            {
                "drugbank-id": {
                    "primary": false,
                    "value": "DB13852"
                },
                "name": "Mefenorex",
                "description": "The risk or severity of adverse effects can be increased when Mefenorex is combined with Thyrotropin."
            },
            {
                "drugbank-id": {
                    "primary": false,
                    "value": "DB13940"
                },
                "name": "2,5-Dimethoxy-4-ethylthioamphetamine",
                "description": "The risk or severity of adverse effects can be increased when 2,5-Dimethoxy-4-ethylthioamphetamine is combined with Thyrotropin."
            },
            {
                "drugbank-id": {
                    "primary": false,
                    "value": "DB00317"
                },
                "name": "Gefitinib",
                "description": "The therapeutic efficacy of Thyrotropin can be decreased when used in combination with Gefitinib."
            },
            {
                "drugbank-id": {
                    "primary": false,
                    "value": "DB00398"
                },
                "name": "Sorafenib",
                "description": "The therapeutic efficacy of Thyrotropin can be decreased when used in combination with Sorafenib."
            },
            {
                "drugbank-id": {
                    "primary": false,
                    "value": "DB00530"
                },
                "name": "Erlotinib",
                "description": "The therapeutic efficacy of Thyrotropin can be decreased when used in combination with Erlotinib."
            },
            {
                "drugbank-id": {
                    "primary": false,
                    "value": "DB00619"
                },
                "name": "Imatinib",
                "description": "The therapeutic efficacy of Thyrotropin can be decreased when used in combination with Imatinib."
            },
            {
                "drugbank-id": {
                    "primary": false,
                    "value": "DB01254"
                },
                "name": "Dasatinib",
                "description": "The therapeutic efficacy of Thyrotropin can be decreased when used in combination with Dasatinib."
            },
            {
                "drugbank-id": {
                    "primary": false,
                    "value": "DB01259"
                },
                "name": "Lapatinib",
                "description": "The therapeutic efficacy of Thyrotropin can be decreased when used in combination with Lapatinib."
            },
            {
                "drugbank-id": {
                    "primary": false,
                    "value": "DB01268"
                },
                "name": "Sunitinib",
                "description": "The therapeutic efficacy of Thyrotropin can be decreased when used in combination with Sunitinib."
            },
            {
                "drugbank-id": {
                    "primary": false,
                    "value": "DB01645"
                },
                "name": "Genistein",
                "description": "The therapeutic efficacy of Thyrotropin can be decreased when used in combination with Genistein."
            },
            {
                "drugbank-id": {
                    "primary": false,
                    "value": "DB02058"
                },
                "name": "3-[4-(1-formylpiperazin-4-yl)-benzylidenyl]-2-indolinone",
                "description": "The therapeutic efficacy of Thyrotropin can be decreased when used in combination with 3-[4-(1-formylpiperazin-4-yl)-benzylidenyl]-2-indolinone."
            },
            {
                "drugbank-id": {
                    "primary": false,
                    "value": "DB02424"
                },
                "name": "Geldanamycin",
                "description": "The therapeutic efficacy of Thyrotropin can be decreased when used in combination with Geldanamycin."
            },
            {
                "drugbank-id": {
                    "primary": false,
                    "value": "DB02567"
                },
                "name": "PD173955",
                "description": "The therapeutic efficacy of Thyrotropin can be decreased when used in combination with PD173955."
            },
            {
                "drugbank-id": {
                    "primary": false,
                    "value": "DB03758"
                },
                "name": "Radicicol",
                "description": "The therapeutic efficacy of Thyrotropin can be decreased when used in combination with Radicicol."
            },
            {
                "drugbank-id": {
                    "primary": false,
                    "value": "DB04849"
                },
                "name": "Cediranib",
                "description": "The therapeutic efficacy of Thyrotropin can be decreased when used in combination with Cediranib."
            },
            {
                "drugbank-id": {
                    "primary": false,
                    "value": "DB04868"
                },
                "name": "Nilotinib",
                "description": "The therapeutic efficacy of Thyrotropin can be decreased when used in combination with Nilotinib."
            },
            {
                "drugbank-id": {
                    "primary": false,
                    "value": "DB04879"
                },
                "name": "Vatalanib",
                "description": "The therapeutic efficacy of Thyrotropin can be decreased when used in combination with Vatalanib."
            },
            {
                "drugbank-id": {
                    "primary": false,
                    "value": "DB05294"
                },
                "name": "Vandetanib",
                "description": "The therapeutic efficacy of Thyrotropin can be decreased when used in combination with Vandetanib."
            },
            {
                "drugbank-id": {
                    "primary": false,
                    "value": "DB05424"
                },
                "name": "Canertinib",
                "description": "The therapeutic efficacy of Thyrotropin can be decreased when used in combination with Canertinib."
            },
            {
                "drugbank-id": {
                    "primary": false,
                    "value": "DB05465"
                },
                "name": "Tandutinib",
                "description": "The therapeutic efficacy of Thyrotropin can be decreased when used in combination with Tandutinib."
            },
            {
                "drugbank-id": {
                    "primary": false,
                    "value": "DB05575"
                },
                "name": "Motesanib",
                "description": "The therapeutic efficacy of Thyrotropin can be decreased when used in combination with Motesanib."
            },
            {
                "drugbank-id": {
                    "primary": false,
                    "value": "DB05928"
                },
                "name": "Dovitinib",
                "description": "The therapeutic efficacy of Thyrotropin can be decreased when used in combination with Dovitinib."
            },
            {
                "drugbank-id": {
                    "primary": false,
                    "value": "DB06302"
                },
                "name": "Glesatinib",
                "description": "The therapeutic efficacy of Thyrotropin can be decreased when used in combination with Glesatinib."
            },
            {
                "drugbank-id": {
                    "primary": false,
                    "value": "DB06469"
                },
                "name": "Lestaurtinib",
                "description": "The therapeutic efficacy of Thyrotropin can be decreased when used in combination with Lestaurtinib."
            },
            {
                "drugbank-id": {
                    "primary": false,
                    "value": "DB06589"
                },
                "name": "Pazopanib",
                "description": "The therapeutic efficacy of Thyrotropin can be decreased when used in combination with Pazopanib."
            },
            {
                "drugbank-id": {
                    "primary": false,
                    "value": "DB06595"
                },
                "name": "Midostaurin",
                "description": "The therapeutic efficacy of Thyrotropin can be decreased when used in combination with Midostaurin."
            },
            {
                "drugbank-id": {
                    "primary": false,
                    "value": "DB06616"
                },
                "name": "Bosutinib",
                "description": "The therapeutic efficacy of Thyrotropin can be decreased when used in combination with Bosutinib."
            },
            {
                "drugbank-id": {
                    "primary": false,
                    "value": "DB06626"
                },
                "name": "Axitinib",
                "description": "The therapeutic efficacy of Thyrotropin can be decreased when used in combination with Axitinib."
            },
            {
                "drugbank-id": {
                    "primary": false,
                    "value": "DB08399"
                },
                "name": "Piceatannol",
                "description": "The therapeutic efficacy of Thyrotropin can be decreased when used in combination with Piceatannol."
            },
            {
                "drugbank-id": {
                    "primary": false,
                    "value": "DB08865"
                },
                "name": "Crizotinib",
                "description": "The therapeutic efficacy of Thyrotropin can be decreased when used in combination with Crizotinib."
            },
            {
                "drugbank-id": {
                    "primary": false,
                    "value": "DB08875"
                },
                "name": "Cabozantinib",
                "description": "The therapeutic efficacy of Thyrotropin can be decreased when used in combination with Cabozantinib."
            },
            {
                "drugbank-id": {
                    "primary": false,
                    "value": "DB08877"
                },
                "name": "Ruxolitinib",
                "description": "The therapeutic efficacy of Thyrotropin can be decreased when used in combination with Ruxolitinib."
            },
            {
                "drugbank-id": {
                    "primary": false,
                    "value": "DB08881"
                },
                "name": "Vemurafenib",
                "description": "The therapeutic efficacy of Thyrotropin can be decreased when used in combination with Vemurafenib."
            },
            {
                "drugbank-id": {
                    "primary": false,
                    "value": "DB08896"
                },
                "name": "Regorafenib",
                "description": "The therapeutic efficacy of Thyrotropin can be decreased when used in combination with Regorafenib."
            },
            {
                "drugbank-id": {
                    "primary": false,
                    "value": "DB08901"
                },
                "name": "Ponatinib",
                "description": "The therapeutic efficacy of Thyrotropin can be decreased when used in combination with Ponatinib."
            },
            {
                "drugbank-id": {
                    "primary": false,
                    "value": "DB08916"
                },
                "name": "Afatinib",
                "description": "The therapeutic efficacy of Thyrotropin can be decreased when used in combination with Afatinib."
            },
            {
                "drugbank-id": {
                    "primary": false,
                    "value": "DB09053"
                },
                "name": "Ibrutinib",
                "description": "The therapeutic efficacy of Thyrotropin can be decreased when used in combination with Ibrutinib."
            },
            {
                "drugbank-id": {
                    "primary": false,
                    "value": "DB09063"
                },
                "name": "Ceritinib",
                "description": "The therapeutic efficacy of Thyrotropin can be decreased when used in combination with Ceritinib."
            },
            {
                "drugbank-id": {
                    "primary": false,
                    "value": "DB09078"
                },
                "name": "Lenvatinib",
                "description": "The therapeutic efficacy of Thyrotropin can be decreased when used in combination with Lenvatinib."
            },
            {
                "drugbank-id": {
                    "primary": false,
                    "value": "DB09079"
                },
                "name": "Nintedanib",
                "description": "The therapeutic efficacy of Thyrotropin can be decreased when used in combination with Nintedanib."
            },
            {
                "drugbank-id": {
                    "primary": false,
                    "value": "DB09330"
                },
                "name": "Osimertinib",
                "description": "The therapeutic efficacy of Thyrotropin can be decreased when used in combination with Osimertinib."
            },
            {
                "drugbank-id": {
                    "primary": false,
                    "value": "DB11363"
                },
                "name": "Alectinib",
                "description": "The therapeutic efficacy of Thyrotropin can be decreased when used in combination with Alectinib."
            },
            {
                "drugbank-id": {
                    "primary": false,
                    "value": "DB11689"
                },
                "name": "Selumetinib",
                "description": "The therapeutic efficacy of Thyrotropin can be decreased when used in combination with Selumetinib."
            },
            {
                "drugbank-id": {
                    "primary": false,
                    "value": "DB11697"
                },
                "name": "Pacritinib",
                "description": "The therapeutic efficacy of Thyrotropin can be decreased when used in combination with Pacritinib."
            },
            {
                "drugbank-id": {
                    "primary": false,
                    "value": "DB11703"
                },
                "name": "Acalabrutinib",
                "description": "The therapeutic efficacy of Thyrotropin can be decreased when used in combination with Acalabrutinib."
            },
            {
                "drugbank-id": {
                    "primary": false,
                    "value": "DB11737"
                },
                "name": "Icotinib",
                "description": "The therapeutic efficacy of Thyrotropin can be decreased when used in combination with Icotinib."
            },
            {
                "drugbank-id": {
                    "primary": false,
                    "value": "DB11805"
                },
                "name": "Saracatinib",
                "description": "The therapeutic efficacy of Thyrotropin can be decreased when used in combination with Saracatinib."
            },
            {
                "drugbank-id": {
                    "primary": false,
                    "value": "DB11828"
                },
                "name": "Neratinib",
                "description": "The therapeutic efficacy of Thyrotropin can be decreased when used in combination with Neratinib."
            },
            {
                "drugbank-id": {
                    "primary": false,
                    "value": "DB11832"
                },
                "name": "Crenolanib",
                "description": "The therapeutic efficacy of Thyrotropin can be decreased when used in combination with Crenolanib."
            },
            {
                "drugbank-id": {
                    "primary": false,
                    "value": "DB11904"
                },
                "name": "Flumatinib",
                "description": "The therapeutic efficacy of Thyrotropin can be decreased when used in combination with Flumatinib."
            },
            {
                "drugbank-id": {
                    "primary": false,
                    "value": "DB11963"
                },
                "name": "Dacomitinib",
                "description": "The therapeutic efficacy of Thyrotropin can be decreased when used in combination with Dacomitinib."
            },
            {
                "drugbank-id": {
                    "primary": false,
                    "value": "DB11973"
                },
                "name": "Tesevatinib",
                "description": "The therapeutic efficacy of Thyrotropin can be decreased when used in combination with Tesevatinib."
            },
            {
                "drugbank-id": {
                    "primary": false,
                    "value": "DB11986"
                },
                "name": "Entrectinib",
                "description": "The therapeutic efficacy of Thyrotropin can be decreased when used in combination with Entrectinib."
            },
            {
                "drugbank-id": {
                    "primary": false,
                    "value": "DB12010"
                },
                "name": "Fostamatinib",
                "description": "The therapeutic efficacy of Thyrotropin can be decreased when used in combination with Fostamatinib."
            },
            {
                "drugbank-id": {
                    "primary": false,
                    "value": "DB12048"
                },
                "name": "Savolitinib",
                "description": "The therapeutic efficacy of Thyrotropin can be decreased when used in combination with Savolitinib."
            },
            {
                "drugbank-id": {
                    "primary": false,
                    "value": "DB12141"
                },
                "name": "Gilteritinib",
                "description": "The therapeutic efficacy of Thyrotropin can be decreased when used in combination with Gilteritinib."
            },
            {
                "drugbank-id": {
                    "primary": false,
                    "value": "DB12147"
                },
                "name": "Erdafitinib",
                "description": "The therapeutic efficacy of Thyrotropin can be decreased when used in combination with Erdafitinib."
            },
            {
                "drugbank-id": {
                    "primary": false,
                    "value": "DB12267"
                },
                "name": "Brigatinib",
                "description": "The therapeutic efficacy of Thyrotropin can be decreased when used in combination with Brigatinib."
            },
            {
                "drugbank-id": {
                    "primary": false,
                    "value": "DB12307"
                },
                "name": "Foretinib",
                "description": "The therapeutic efficacy of Thyrotropin can be decreased when used in combination with Foretinib."
            },
            {
                "drugbank-id": {
                    "primary": false,
                    "value": "DB12323"
                },
                "name": "Radotinib",
                "description": "The therapeutic efficacy of Thyrotropin can be decreased when used in combination with Radotinib."
            },
            {
                "drugbank-id": {
                    "primary": false,
                    "value": "DB14723"
                },
                "name": "Larotrectinib",
                "description": "The therapeutic efficacy of Thyrotropin can be decreased when used in combination with Larotrectinib."
            },
            {
                "drugbank-id": {
                    "primary": false,
                    "value": "DB12978"
                },
                "name": "Pexidartinib",
                "description": "The therapeutic efficacy of Thyrotropin can be decreased when used in combination with Pexidartinib."
            },
            {
                "drugbank-id": {
                    "primary": false,
                    "value": "DB12500"
                },
                "name": "Fedratinib",
                "description": "The therapeutic efficacy of Thyrotropin can be decreased when used in combination with Fedratinib."
            },
            {
                "drugbank-id": {
                    "primary": false,
                    "value": "DB11652"
                },
                "name": "Tucatinib",
                "description": "The therapeutic efficacy of Thyrotropin can be decreased when used in combination with Tucatinib."
            },
            {
                "drugbank-id": {
                    "primary": false,
                    "value": "DB11791"
                },
                "name": "Capmatinib",
                "description": "The therapeutic efficacy of Thyrotropin can be decreased when used in combination with Capmatinib."
            },
            {
                "drugbank-id": {
                    "primary": false,
                    "value": "DB15685"
                },
                "name": "Selpercatinib",
                "description": "The therapeutic efficacy of Thyrotropin can be decreased when used in combination with Selpercatinib."
            },
            {
                "drugbank-id": {
                    "primary": false,
                    "value": "DB15133"
                },
                "name": "Tepotinib",
                "description": "The therapeutic efficacy of Thyrotropin can be decreased when used in combination with Tepotinib."
            },
            {
                "drugbank-id": {
                    "primary": false,
                    "value": "DB11800"
                },
                "name": "Tivozanib",
                "description": "The therapeutic efficacy of Thyrotropin can be decreased when used in combination with Tivozanib."
            },
            {
                "drugbank-id": {
                    "primary": false,
                    "value": "DB11886"
                },
                "name": "Infigratinib",
                "description": "The therapeutic efficacy of Thyrotropin can be decreased when used in combination with Infigratinib."
            },
            {
                "drugbank-id": {
                    "primary": false,
                    "value": "DB05258"
                },
                "name": "Interferon alfa",
                "description": "The therapeutic efficacy of Thyrotropin can be decreased when used in combination with Interferon alfa."
            },
            {
                "drugbank-id": {
                    "primary": false,
                    "value": "DB00041"
                },
                "name": "Aldesleukin",
                "description": "The therapeutic efficacy of Thyrotropin can be decreased when used in combination with Aldesleukin."
            },
            {
                "drugbank-id": {
                    "primary": false,
                    "value": "DB00227"
                },
                "name": "Lovastatin",
                "description": "The therapeutic efficacy of Thyrotropin can be decreased when used in combination with Lovastatin."
            },
            {
                "drugbank-id": {
                    "primary": false,
                    "value": "DB00609"
                },
                "name": "Ethionamide",
                "description": "The therapeutic efficacy of Thyrotropin can be decreased when used in combination with Ethionamide."
            },
            {
                "drugbank-id": {
                    "primary": false,
                    "value": "DB00829"
                },
                "name": "Diazepam",
                "description": "The therapeutic efficacy of Thyrotropin can be decreased when used in combination with Diazepam."
            },
            {
                "drugbank-id": {
                    "primary": false,
                    "value": "DB00850"
                },
                "name": "Perphenazine",
                "description": "The therapeutic efficacy of Thyrotropin can be decreased when used in combination with Perphenazine."
            },
            {
                "drugbank-id": {
                    "primary": false,
                    "value": "DB01233"
                },
                "name": "Metoclopramide",
                "description": "The therapeutic efficacy of Thyrotropin can be decreased when used in combination with Metoclopramide."
            },
            {
                "drugbank-id": {
                    "primary": false,
                    "value": "DB14651"
                },
                "name": "Perphenazine enanthate",
                "description": "The therapeutic efficacy of Thyrotropin can be decreased when used in combination with Perphenazine enanthate."
            },
            {
                "drugbank-id": {
                    "primary": false,
                    "value": "DB00233"
                },
                "name": "Aminosalicylic acid",
                "description": "The therapeutic efficacy of Thyrotropin can be decreased when used in combination with Aminosalicylic acid."
            },
            {
                "drugbank-id": {
                    "primary": false,
                    "value": "DB11085"
                },
                "name": "Resorcinol",
                "description": "The therapeutic efficacy of Thyrotropin can be decreased when used in combination with Resorcinol."
            },
            {
                "drugbank-id": {
                    "primary": false,
                    "value": "DB00222"
                },
                "name": "Glimepiride",
                "description": "The therapeutic efficacy of Glimepiride can be decreased when used in combination with Thyrotropin."
            },
            {
                "drugbank-id": {
                    "primary": false,
                    "value": "DB00414"
                },
                "name": "Acetohexamide",
                "description": "The therapeutic efficacy of Acetohexamide can be decreased when used in combination with Thyrotropin."
            },
            {
                "drugbank-id": {
                    "primary": false,
                    "value": "DB00672"
                },
                "name": "Chlorpropamide",
                "description": "The therapeutic efficacy of Chlorpropamide can be decreased when used in combination with Thyrotropin."
            },
            {
                "drugbank-id": {
                    "primary": false,
                    "value": "DB00839"
                },
                "name": "Tolazamide",
                "description": "The therapeutic efficacy of Tolazamide can be decreased when used in combination with Thyrotropin."
            },
            {
                "drugbank-id": {
                    "primary": false,
                    "value": "DB01016"
                },
                "name": "Glyburide",
                "description": "The therapeutic efficacy of Glyburide can be decreased when used in combination with Thyrotropin."
            },
            {
                "drugbank-id": {
                    "primary": false,
                    "value": "DB01067"
                },
                "name": "Glipizide",
                "description": "The therapeutic efficacy of Glipizide can be decreased when used in combination with Thyrotropin."
            },
            {
                "drugbank-id": {
                    "primary": false,
                    "value": "DB01120"
                },
                "name": "Gliclazide",
                "description": "The therapeutic efficacy of Gliclazide can be decreased when used in combination with Thyrotropin."
            },
            {
                "drugbank-id": {
                    "primary": false,
                    "value": "DB01124"
                },
                "name": "Tolbutamide",
                "description": "The therapeutic efficacy of Tolbutamide can be decreased when used in combination with Thyrotropin."
            },
            {
                "drugbank-id": {
                    "primary": false,
                    "value": "DB01251"
                },
                "name": "Gliquidone",
                "description": "The therapeutic efficacy of Gliquidone can be decreased when used in combination with Thyrotropin."
            },
            {
                "drugbank-id": {
                    "primary": false,
                    "value": "DB01289"
                },
                "name": "Glisoxepide",
                "description": "The therapeutic efficacy of Glisoxepide can be decreased when used in combination with Thyrotropin."
            },
            {
                "drugbank-id": {
                    "primary": false,
                    "value": "DB08962"
                },
                "name": "Glibornuride",
                "description": "The therapeutic efficacy of Glibornuride can be decreased when used in combination with Thyrotropin."
            },
            {
                "drugbank-id": {
                    "primary": false,
                    "value": "DB13406"
                },
                "name": "Carbutamide",
                "description": "The therapeutic efficacy of Carbutamide can be decreased when used in combination with Thyrotropin."
            },
            {
                "drugbank-id": {
                    "primary": false,
                    "value": "DB13675"
                },
                "name": "Metahexamide",
                "description": "The therapeutic efficacy of Metahexamide can be decreased when used in combination with Thyrotropin."
            },
            {
                "drugbank-id": {
                    "primary": false,
                    "value": "DB00540"
                },
                "name": "Nortriptyline",
                "description": "The risk or severity of Cardiac Arrhythmia can be increased when Thyrotropin is combined with Nortriptyline."
            },
            {
                "drugbank-id": {
                    "primary": false,
                    "value": "DB00321"
                },
                "name": "Amitriptyline",
                "description": "The risk or severity of Cardiac Arrhythmia can be increased when Thyrotropin is combined with Amitriptyline."
            },
            {
                "drugbank-id": {
                    "primary": false,
                    "value": "DB00344"
                },
                "name": "Protriptyline",
                "description": "The risk or severity of Cardiac Arrhythmia can be increased when Thyrotropin is combined with Protriptyline."
            },
            {
                "drugbank-id": {
                    "primary": false,
                    "value": "DB00458"
                },
                "name": "Imipramine",
                "description": "The risk or severity of Cardiac Arrhythmia can be increased when Thyrotropin is combined with Imipramine."
            },
            {
                "drugbank-id": {
                    "primary": false,
                    "value": "DB00543"
                },
                "name": "Amoxapine",
                "description": "The risk or severity of Cardiac Arrhythmia can be increased when Thyrotropin is combined with Amoxapine."
            },
            {
                "drugbank-id": {
                    "primary": false,
                    "value": "DB00726"
                },
                "name": "Trimipramine",
                "description": "The risk or severity of Cardiac Arrhythmia can be increased when Thyrotropin is combined with Trimipramine."
            },
            {
                "drugbank-id": {
                    "primary": false,
                    "value": "DB01142"
                },
                "name": "Doxepin",
                "description": "The risk or severity of Cardiac Arrhythmia can be increased when Thyrotropin is combined with Doxepin."
            },
            {
                "drugbank-id": {
                    "primary": false,
                    "value": "DB01151"
                },
                "name": "Desipramine",
                "description": "The risk or severity of Cardiac Arrhythmia can be increased when Thyrotropin is combined with Desipramine."
            },
            {
                "drugbank-id": {
                    "primary": false,
                    "value": "DB01242"
                },
                "name": "Clomipramine",
                "description": "The risk or severity of Cardiac Arrhythmia can be increased when Thyrotropin is combined with Clomipramine."
            },
            {
                "drugbank-id": {
                    "primary": false,
                    "value": "DB04836"
                },
                "name": "Amineptine",
                "description": "The risk or severity of Cardiac Arrhythmia can be increased when Thyrotropin is combined with Amineptine."
            },
            {
                "drugbank-id": {
                    "primary": false,
                    "value": "DB08996"
                },
                "name": "Dimetacrine",
                "description": "The risk or severity of Cardiac Arrhythmia can be increased when Thyrotropin is combined with Dimetacrine."
            },
            {
                "drugbank-id": {
                    "primary": false,
                    "value": "DB09016"
                },
                "name": "Butriptyline",
                "description": "The risk or severity of Cardiac Arrhythmia can be increased when Thyrotropin is combined with Butriptyline."
            },
            {
                "drugbank-id": {
                    "primary": false,
                    "value": "DB09167"
                },
                "name": "Dosulepin",
                "description": "The risk or severity of Cardiac Arrhythmia can be increased when Thyrotropin is combined with Dosulepin."
            },
            {
                "drugbank-id": {
                    "primary": false,
                    "value": "DB09289"
                },
                "name": "Tianeptine",
                "description": "The risk or severity of Cardiac Arrhythmia can be increased when Thyrotropin is combined with Tianeptine."
            },
            {
                "drugbank-id": {
                    "primary": false,
                    "value": "DB09307"
                },
                "name": "Oxaprotiline",
                "description": "The risk or severity of Cardiac Arrhythmia can be increased when Thyrotropin is combined with Oxaprotiline."
            },
            {
                "drugbank-id": {
                    "primary": false,
                    "value": "DB12930"
                },
                "name": "Opipramol",
                "description": "The risk or severity of Cardiac Arrhythmia can be increased when Thyrotropin is combined with Opipramol."
            },
            {
                "drugbank-id": {
                    "primary": false,
                    "value": "DB13114"
                },
                "name": "Amitriptylinoxide",
                "description": "The risk or severity of Cardiac Arrhythmia can be increased when Thyrotropin is combined with Amitriptylinoxide."
            },
            {
                "drugbank-id": {
                    "primary": false,
                    "value": "DB13225"
                },
                "name": "Dibenzepin",
                "description": "The risk or severity of Cardiac Arrhythmia can be increased when Thyrotropin is combined with Dibenzepin."
            },
            {
                "drugbank-id": {
                    "primary": false,
                    "value": "DB13246"
                },
                "name": "Quinupramine",
                "description": "The risk or severity of Cardiac Arrhythmia can be increased when Thyrotropin is combined with Quinupramine."
            },
            {
                "drugbank-id": {
                    "primary": false,
                    "value": "DB13384"
                },
                "name": "Melitracen",
                "description": "The risk or severity of Cardiac Arrhythmia can be increased when Thyrotropin is combined with Melitracen."
            },
            {
                "drugbank-id": {
                    "primary": false,
                    "value": "DB13411"
                },
                "name": "Lofepramine",
                "description": "The risk or severity of Cardiac Arrhythmia can be increased when Thyrotropin is combined with Lofepramine."
            },
            {
                "drugbank-id": {
                    "primary": false,
                    "value": "DB13496"
                },
                "name": "Iprindole",
                "description": "The risk or severity of Cardiac Arrhythmia can be increased when Thyrotropin is combined with Iprindole."
            },
            {
                "drugbank-id": {
                    "primary": false,
                    "value": "DB13782"
                },
                "name": "Imipramine oxide",
                "description": "The risk or severity of Cardiac Arrhythmia can be increased when Thyrotropin is combined with Imipramine oxide."
            },
            {
                "drugbank-id": {
                    "primary": false,
                    "value": "DB12235"
                },
                "name": "Estetrol",
                "description": "The therapeutic efficacy of Thyrotropin can be decreased when used in combination with Estetrol."
            },
            {
                "drugbank-id": {
                    "primary": false,
                    "value": "DB15233"
                },
                "name": "Avapritinib",
                "description": "The therapeutic efficacy of Thyrotropin can be decreased when used in combination with Avapritinib."
            },
            {
                "drugbank-id": {
                    "primary": false,
                    "value": "DB06711"
                },
                "name": "Naphazoline",
                "description": "The risk or severity of adverse effects can be increased when Naphazoline is combined with Thyrotropin."
            },
            {
                "drugbank-id": {
                    "primary": false,
                    "value": "DB06707"
                },
                "name": "Levonordefrin",
                "description": "The risk or severity of adverse effects can be increased when Levonordefrin is combined with Thyrotropin."
            },
            {
                "drugbank-id": {
                    "primary": false,
                    "value": "DB16650"
                },
                "name": "Deucravacitinib",
                "description": "The therapeutic efficacy of Thyrotropin can be decreased when used in combination with Deucravacitinib."
            },
            {
                "drugbank-id": {
                    "primary": false,
                    "value": "DB00030"
                },
                "name": "Insulin human",
                "description": "The therapeutic efficacy of Insulin human can be decreased when used in combination with Thyrotropin."
            },
            {
                "drugbank-id": {
                    "primary": false,
                    "value": "DB00046"
                },
                "name": "Insulin lispro",
                "description": "The therapeutic efficacy of Insulin lispro can be decreased when used in combination with Thyrotropin."
            },
            {
                "drugbank-id": {
                    "primary": false,
                    "value": "DB00047"
                },
                "name": "Insulin glargine",
                "description": "The therapeutic efficacy of Insulin glargine can be decreased when used in combination with Thyrotropin."
            },
            {
                "drugbank-id": {
                    "primary": false,
                    "value": "DB00071"
                },
                "name": "Insulin pork",
                "description": "The therapeutic efficacy of Insulin pork can be decreased when used in combination with Thyrotropin."
            },
            {
                "drugbank-id": {
                    "primary": false,
                    "value": "DB01306"
                },
                "name": "Insulin aspart",
                "description": "The therapeutic efficacy of Insulin aspart can be decreased when used in combination with Thyrotropin."
            },
            {
                "drugbank-id": {
                    "primary": false,
                    "value": "DB01307"
                },
                "name": "Insulin detemir",
                "description": "The therapeutic efficacy of Insulin detemir can be decreased when used in combination with Thyrotropin."
            },
            {
                "drugbank-id": {
                    "primary": false,
                    "value": "DB01309"
                },
                "name": "Insulin glulisine",
                "description": "The therapeutic efficacy of Insulin glulisine can be decreased when used in combination with Thyrotropin."
            },
            {
                "drugbank-id": {
                    "primary": false,
                    "value": "DB05115"
                },
                "name": "NN344",
                "description": "The therapeutic efficacy of NN344 can be decreased when used in combination with Thyrotropin."
            },
            {
                "drugbank-id": {
                    "primary": false,
                    "value": "DB09456"
                },
                "name": "Insulin beef",
                "description": "The therapeutic efficacy of Insulin beef can be decreased when used in combination with Thyrotropin."
            },
            {
                "drugbank-id": {
                    "primary": false,
                    "value": "DB09564"
                },
                "name": "Insulin degludec",
                "description": "The therapeutic efficacy of Insulin degludec can be decreased when used in combination with Thyrotropin."
            },
            {
                "drugbank-id": {
                    "primary": false,
                    "value": "DB11564"
                },
                "name": "Insulin argine",
                "description": "The therapeutic efficacy of Insulin argine can be decreased when used in combination with Thyrotropin."
            },
            {
                "drugbank-id": {
                    "primary": false,
                    "value": "DB11567"
                },
                "name": "Insulin peglispro",
                "description": "The therapeutic efficacy of Insulin peglispro can be decreased when used in combination with Thyrotropin."
            },
            {
                "drugbank-id": {
                    "primary": false,
                    "value": "DB11568"
                },
                "name": "Insulin tregopil",
                "description": "The therapeutic efficacy of Insulin tregopil can be decreased when used in combination with Thyrotropin."
            }
        ]
    },
    "sequences": null,
    "experimental-properties": null,
    "external-identifiers": {
        "external-identifier": [
            {
                "resource": "Wikipedia",
                "identifier": "Thyroid-stimulating_hormone"
            },
            {
                "resource": "RxCUI",
                "identifier": "10579"
            }
        ]
    },
    "external-links": null,
    "pathways": null,
    "reactions": null,
    "snp-effects": null,
    "snp-adverse-drug-reactions": null,
    "targets": null,
    "enzymes": null,
    "carriers": null,
    "transporters": null
}