{
    "type": "small molecule",
    "created": "2019-05-20",
    "updated": "2020-06-12",
    "drugbank-id": [
        {
            "primary": true,
            "value": "DB15345"
        }
    ],
    "name": "GSK-945237",
    "description": "GSK-945237 is under investigation in clinical trial NCT01039610 (A Single Center Four Part Study in Healthy Adult Subjects to Evaluate: the Safety, Tolerability and Pharmacokinetics of a Single Oral Dose and Repeat Escalating Oral Doses of GSK945237; the Effect of Linezolid on Hematology Safety Parameters; and the Effects of GSK945237 and Moxifloxacin on QTc.).",
    "cas-number": "944406-54-6",
    "unii": "U9T63BZ3AS",
    "average-mass": 451.502,
    "monoisotopic-mass": 451.20196788,
    "groups": {
        "group": [
            "investigational"
        ]
    },
    "general-references": {
        "articles": null,
        "textbooks": null,
        "links": null,
        "attachments": null
    },
    "synthesis-reference": null,
    "indication": null,
    "pharmacodynamics": null,
    "mechanism-of-action": null,
    "toxicity": null,
    "metabolism": null,
    "absorption": null,
    "half-life": null,
    "protein-binding": null,
    "route-of-elimination": null,
    "volume-of-distribution": null,
    "clearance": null,
    "salts": null,
    "synonyms": null,
    "products": null,
    "international-brands": null,
    "mixtures": null,
    "packagers": null,
    "manufacturers": null,
    "prices": null,
    "categories": {
        "category": [
            {
                "category": "Heterocyclic Compounds, Fused-Ring",
                "mesh-id": "D000072471"
            }
        ]
    },
    "affected-organisms": null,
    "dosages": null,
    "atc-codes": null,
    "ahfs-codes": null,
    "pdb-entries": {
        "pdb-entry": [
            "5iwi",
            "5iwm",
            "5npp"
        ]
    },
    "patents": null,
    "food-interactions": null,
    "drug-interactions": null,
    "calculated-properties": {
        "property": [
            {
                "kind": "logP",
                "value": "1.41",
                "source": "ALOGPS"
            },
            {
                "kind": "logS",
                "value": "-3.6",
                "source": "ALOGPS"
            },
            {
                "kind": "Water Solubility",
                "value": "1.20e-01 g/l",
                "source": "ALOGPS"
            },
            {
                "kind": "logP",
                "value": "0.68",
                "source": "ChemAxon"
            },
            {
                "kind": "IUPAC Name",
                "value": "(3R)-3-({4-[({6H,7H-[1,4]dioxino[2,3-c]pyridazin-3-yl}methyl)amino]piperidin-1-yl}methyl)-5-fluoro-1-azatricyclo[6.3.1.0^{4,12}]dodeca-4,6,8(12),9-tetraen-11-one",
                "source": "ChemAxon"
            },
            {
                "kind": "Traditional IUPAC Name",
                "value": "(2R)-14-fluoro-2-methyl-6,9,10,19-tetraazapentacyclo[14.2.1.0^{2,6}.0^{8,18}.0^{12,17}]nonadeca-1(18),8,12(17),13,15-pentaen-11-one",
                "source": "ChemAxon"
            },
            {
                "kind": "Molecular Weight",
                "value": "451.502",
                "source": "ChemAxon"
            },
            {
                "kind": "Monoisotopic Weight",
                "value": "451.20196788",
                "source": "ChemAxon"
            },
            {
                "kind": "SMILES",
                "value": "FC1=C2[C@H](CN3CCC(CC3)NCC3=NN=C4OCCOC4=C3)CN3C2=C(C=C1)C=CC3=O",
                "source": "ChemAxon"
            },
            {
                "kind": "Molecular Formula",
                "value": "C24H26FN5O3",
                "source": "ChemAxon"
            },
            {
                "kind": "InChI",
                "value": "InChI=1S/C24H26FN5O3/c25-19-3-1-15-2-4-21(31)30-14-16(22(19)23(15)30)13-29-7-5-17(6-8-29)26-12-18-11-20-24(28-27-18)33-10-9-32-20/h1-4,11,16-17,26H,5-10,12-14H2/t16-/m1/s1",
                "source": "ChemAxon"
            },
            {
                "kind": "InChIKey",
                "value": "SRICOHRDRMZREQ-MRXNPFEDSA-N",
                "source": "ChemAxon"
            },
            {
                "kind": "Polar Surface Area (PSA)",
                "value": "79.82",
                "source": "ChemAxon"
            },
            {
                "kind": "Refractivity",
                "value": "123.17",
                "source": "ChemAxon"
            },
            {
                "kind": "Polarizability",
                "value": "47.9",
                "source": "ChemAxon"
            },
            {
                "kind": "Rotatable Bond Count",
                "value": "5",
                "source": "ChemAxon"
            },
            {
                "kind": "H Bond Acceptor Count",
                "value": "7",
                "source": "ChemAxon"
            },
            {
                "kind": "H Bond Donor Count",
                "value": "1",
                "source": "ChemAxon"
            },
            {
                "kind": "pKa (strongest basic)",
                "value": "8.39",
                "source": "ChemAxon"
            },
            {
                "kind": "Physiological Charge",
                "value": "1",
                "source": "ChemAxon"
            },
            {
                "kind": "Number of Rings",
                "value": "6",
                "source": "ChemAxon"
            },
            {
                "kind": "Bioavailability",
                "value": "1",
                "source": "ChemAxon"
            },
            {
                "kind": "Rule of Five",
                "value": "1",
                "source": "ChemAxon"
            },
            {
                "kind": "Ghose Filter",
                "value": "1",
                "source": "ChemAxon"
            },
            {
                "kind": "MDDR-Like Rule",
                "value": "0",
                "source": "ChemAxon"
            }
        ]
    },
    "experimental-properties": null,
    "external-identifiers": {
        "external-identifier": [
            {
                "resource": "ChemSpider",
                "identifier": "58912312"
            },
            {
                "resource": "BindingDB",
                "identifier": "50156545"
            },
            {
                "resource": "PDB",
                "identifier": "6EJ"
            },
            {
                "resource": "ChEMBL",
                "identifier": "CHEMBL3793226"
            },
            {
                "resource": "ZINC",
                "identifier": "ZINC000138115734"
            }
        ]
    },
    "external-links": null,
    "pathways": null,
    "reactions": null,
    "snp-effects": null,
    "snp-adverse-drug-reactions": null,
    "targets": null,
    "enzymes": null,
    "carriers": null,
    "transporters": null
}