{
    "type": "small molecule",
    "created": "2019-11-29",
    "updated": "2021-05-14",
    "drugbank-id": [
        {
            "primary": true,
            "value": "DB15576"
        }
    ],
    "name": "Ethyl salicylate",
    "description": null,
    "cas-number": "118-61-6",
    "unii": "555U6TZ2MV",
    "average-mass": 166.1739,
    "monoisotopic-mass": 166.062994186,
    "groups": {
        "group": [
            "approved",
            "experimental"
        ]
    },
    "general-references": {
        "articles": null,
        "textbooks": null,
        "links": {
            "link": [
                {
                    "ref-id": "L26306",
                    "title": "NPRA: Deep Heat Sports Pain Relief (Ethyl Salicylate, Glycol Salicylate, Methyl Nicotinate, and Methyl Salicylate) Topical Aerosol",
                    "url": "http://quest3plus.bpfk.gov.my/front-end/attachment/229/pharma/500829/500829_20180404_090105_.pdf"
                }
            ]
        },
        "attachments": null
    },
    "synthesis-reference": null,
    "indication": null,
    "pharmacodynamics": null,
    "mechanism-of-action": null,
    "toxicity": null,
    "metabolism": null,
    "absorption": null,
    "half-life": null,
    "protein-binding": null,
    "route-of-elimination": null,
    "volume-of-distribution": null,
    "clearance": null,
    "salts": null,
    "synonyms": {
        "synonym": [
            {
                "language": "english",
                "coder": "",
                "value": "Ethyl 2-hydroxybenzoate"
            },
            {
                "language": "english",
                "coder": "",
                "value": "Ethyl o-hydroxybenzoate"
            },
            {
                "language": "english",
                "coder": "",
                "value": "Ethyl salicylate"
            },
            {
                "language": "english",
                "coder": "",
                "value": "Salicyclic acid, ethyl ester"
            },
            {
                "language": "english",
                "coder": "",
                "value": "Salicylic ether"
            },
            {
                "language": "english",
                "coder": "",
                "value": "Salicylic ethyl ester"
            }
        ]
    },
    "products": {
        "product": [
            {
                "name": "Sun Pacer Sunless Tanning Lotion SPF 15",
                "labeller": "Amway Corporation",
                "ndc-id": null,
                "ndc-product-code": null,
                "dpd-id": "01904477",
                "ema-product-code": null,
                "ema-ma-number": null,
                "started-marketing-on": "1991-12-31",
                "ended-marketing-on": "1999-08-04",
                "dosage-form": "Lotion",
                "strength": null,
                "route": "Topical",
                "fda-application-number": null,
                "generic": false,
                "over-the-counter": true,
                "approved": true,
                "country": "Canada",
                "source": "DPD"
            },
            {
                "name": "Ultraplast Analgesic Spray",
                "labeller": "Wallace, Cameron and Company Ltd.",
                "ndc-id": null,
                "ndc-product-code": null,
                "dpd-id": "00257036",
                "ema-product-code": null,
                "ema-ma-number": null,
                "started-marketing-on": "1985-12-31",
                "ended-marketing-on": "2000-07-31",
                "dosage-form": "Aerosol",
                "strength": null,
                "route": "Topical",
                "fda-application-number": null,
                "generic": false,
                "over-the-counter": true,
                "approved": true,
                "country": "Canada",
                "source": "DPD"
            }
        ]
    },
    "international-brands": null,
    "mixtures": {
        "mixture": [
            {
                "name": "Sun Pacer Sunless Tanning Lotion SPF 15",
                "ingredients": "Ethyl salicylate + Octinoxate + Oxybenzone"
            },
            {
                "name": "Ultraplast Analgesic Spray",
                "ingredients": "Ethyl salicylate + Glycol salicylate + Methyl nicotinate + Methyl salicylate"
            }
        ]
    },
    "packagers": null,
    "manufacturers": null,
    "prices": null,
    "categories": {
        "category": [
            {
                "category": "Acids, Carbocyclic",
                "mesh-id": "D000146"
            },
            {
                "category": "Benzene Derivatives",
                "mesh-id": "D001555"
            },
            {
                "category": "Benzoates",
                "mesh-id": "D001565"
            },
            {
                "category": "Hydroxy Acids",
                "mesh-id": "D006880"
            },
            {
                "category": "Hydroxybenzoates",
                "mesh-id": "D062385"
            },
            {
                "category": "Phenols",
                "mesh-id": "D010636"
            }
        ]
    },
    "affected-organisms": null,
    "dosages": {
        "dosage": [
            {
                "form": "Aerosol, spray",
                "route": "Topical",
                "strength": null
            },
            {
                "form": "Gel",
                "route": "Topical",
                "strength": null
            },
            {
                "form": "Lotion",
                "route": "Topical",
                "strength": null
            },
            {
                "form": "Aerosol",
                "route": "Topical",
                "strength": null
            }
        ]
    },
    "atc-codes": null,
    "ahfs-codes": null,
    "pdb-entries": null,
    "patents": null,
    "food-interactions": null,
    "drug-interactions": null,
    "calculated-properties": {
        "property": [
            {
                "kind": "logP",
                "value": "2.76",
                "source": "ALOGPS"
            },
            {
                "kind": "logS",
                "value": "-1.7",
                "source": "ALOGPS"
            },
            {
                "kind": "Water Solubility",
                "value": "3.07e+00 g/l",
                "source": "ALOGPS"
            },
            {
                "kind": "logP",
                "value": "2.68",
                "source": "ChemAxon"
            },
            {
                "kind": "IUPAC Name",
                "value": "ethyl 2-hydroxybenzoate",
                "source": "ChemAxon"
            },
            {
                "kind": "Traditional IUPAC Name",
                "value": "palladium(2+) (4S,5S,14R,15R)-10-acetyl-4-(2-carboxyethyl)-15-ethyl-2-(2-methoxy-2-oxoethyl)-5,9,14,19-tetramethyl-20-[(2-sulfoethyl)carbamoyl]-21,22,23,24-tetraazapentacyclo[16.2.1.1^{3,6}.1^{8,11}.1^{13,16}]tetracosa-1,3(24),6,8,10,12,16(22),17,19-nonaene-21,23-diide",
                "source": "ChemAxon"
            },
            {
                "kind": "Molecular Weight",
                "value": "166.1739",
                "source": "ChemAxon"
            },
            {
                "kind": "Monoisotopic Weight",
                "value": "166.062994186",
                "source": "ChemAxon"
            },
            {
                "kind": "SMILES",
                "value": "CCOC(=O)C1=CC=CC=C1O",
                "source": "ChemAxon"
            },
            {
                "kind": "Molecular Formula",
                "value": "C9H10O3",
                "source": "ChemAxon"
            },
            {
                "kind": "InChI",
                "value": "InChI=1S/C9H10O3/c1-2-12-9(11)7-5-3-4-6-8(7)10/h3-6,10H,2H2,1H3",
                "source": "ChemAxon"
            },
            {
                "kind": "InChIKey",
                "value": "GYCKQBWUSACYIF-UHFFFAOYSA-N",
                "source": "ChemAxon"
            },
            {
                "kind": "Polar Surface Area (PSA)",
                "value": "46.53",
                "source": "ChemAxon"
            },
            {
                "kind": "Refractivity",
                "value": "44.81",
                "source": "ChemAxon"
            },
            {
                "kind": "Polarizability",
                "value": "16.81",
                "source": "ChemAxon"
            },
            {
                "kind": "Rotatable Bond Count",
                "value": "3",
                "source": "ChemAxon"
            },
            {
                "kind": "H Bond Acceptor Count",
                "value": "2",
                "source": "ChemAxon"
            },
            {
                "kind": "H Bond Donor Count",
                "value": "1",
                "source": "ChemAxon"
            },
            {
                "kind": "pKa (strongest acidic)",
                "value": "9.72",
                "source": "ChemAxon"
            },
            {
                "kind": "pKa (strongest basic)",
                "value": "-4.3",
                "source": "ChemAxon"
            },
            {
                "kind": "Physiological Charge",
                "value": "0",
                "source": "ChemAxon"
            },
            {
                "kind": "Number of Rings",
                "value": "1",
                "source": "ChemAxon"
            },
            {
                "kind": "Bioavailability",
                "value": "1",
                "source": "ChemAxon"
            },
            {
                "kind": "Rule of Five",
                "value": "1",
                "source": "ChemAxon"
            },
            {
                "kind": "Ghose Filter",
                "value": "1",
                "source": "ChemAxon"
            },
            {
                "kind": "MDDR-Like Rule",
                "value": "0",
                "source": "ChemAxon"
            }
        ]
    },
    "experimental-properties": null,
    "external-identifiers": {
        "external-identifier": [
            {
                "resource": "Drugs Product Database (DPD)",
                "identifier": "9703"
            },
            {
                "resource": "ChEBI",
                "identifier": "88839"
            },
            {
                "resource": "ChemSpider",
                "identifier": "21105897"
            },
            {
                "resource": "Wikipedia",
                "identifier": "Ethyl_salicylate"
            },
            {
                "resource": "ChEMBL",
                "identifier": "CHEMBL2251610"
            },
            {
                "resource": "ZINC",
                "identifier": "ZINC000000157490"
            },
            {
                "resource": "RxCUI",
                "identifier": "1546423"
            }
        ]
    },
    "external-links": null,
    "pathways": null,
    "reactions": null,
    "snp-effects": null,
    "snp-adverse-drug-reactions": null,
    "targets": null,
    "enzymes": null,
    "carriers": null,
    "transporters": null
}