{
    "type": "small molecule",
    "created": "2019-10-16",
    "updated": "2021-12-01",
    "drugbank-id": [
        {
            "primary": true,
            "value": "DB15555"
        }
    ],
    "name": "Magnesium malate",
    "description": null,
    "cas-number": "869-06-7",
    "unii": "LA9X9UJA2Z",
    "average-mass": 156.376,
    "monoisotopic-mass": 155.99091493,
    "groups": {
        "group": [
            "approved",
            "experimental"
        ]
    },
    "general-references": {
        "articles": null,
        "textbooks": null,
        "links": null,
        "attachments": null
    },
    "synthesis-reference": null,
    "indication": null,
    "pharmacodynamics": null,
    "mechanism-of-action": null,
    "toxicity": null,
    "metabolism": null,
    "absorption": null,
    "half-life": null,
    "protein-binding": null,
    "route-of-elimination": null,
    "volume-of-distribution": null,
    "clearance": null,
    "salts": null,
    "synonyms": null,
    "products": {
        "product": [
            {
                "name": "ahoSAN",
                "labeller": "sanPharma GmbH",
                "ndc-id": null,
                "ndc-product-code": "64232-500",
                "dpd-id": null,
                "ema-product-code": null,
                "ema-ma-number": null,
                "started-marketing-on": "2018-03-01",
                "ended-marketing-on": "2019-10-15",
                "dosage-form": "Capsule",
                "strength": null,
                "route": "Oral",
                "fda-application-number": null,
                "generic": false,
                "over-the-counter": false,
                "approved": false,
                "country": "US",
                "source": "FDA NDC"
            },
            {
                "name": "bioJET",
                "labeller": "sanPharma GmbH",
                "ndc-id": null,
                "ndc-product-code": "64232-550",
                "dpd-id": null,
                "ema-product-code": null,
                "ema-ma-number": null,
                "started-marketing-on": "2018-03-01",
                "ended-marketing-on": "2019-10-25",
                "dosage-form": "Capsule",
                "strength": null,
                "route": "Oral",
                "fda-application-number": null,
                "generic": false,
                "over-the-counter": false,
                "approved": false,
                "country": "US",
                "source": "FDA NDC"
            },
            {
                "name": "Corvite FE",
                "labeller": "Vertical Pharmaceuticals, LLC",
                "ndc-id": null,
                "ndc-product-code": "68025-042",
                "dpd-id": null,
                "ema-product-code": null,
                "ema-ma-number": null,
                "started-marketing-on": "2010-12-31",
                "ended-marketing-on": "2014-11-30",
                "dosage-form": "Tablet, coated",
                "strength": null,
                "route": "Oral",
                "fda-application-number": null,
                "generic": false,
                "over-the-counter": false,
                "approved": false,
                "country": "US",
                "source": "FDA NDC"
            },
            {
                "name": "Corvite FE",
                "labeller": "Vertical Pharmaceuticals, LLC",
                "ndc-id": null,
                "ndc-product-code": "68025-060",
                "dpd-id": null,
                "ema-product-code": null,
                "ema-ma-number": null,
                "started-marketing-on": "2013-09-19",
                "ended-marketing-on": null,
                "dosage-form": "Tablet, coated",
                "strength": null,
                "route": "Oral",
                "fda-application-number": null,
                "generic": false,
                "over-the-counter": false,
                "approved": false,
                "country": "US",
                "source": "FDA NDC"
            },
            {
                "name": "F.M. Formula",
                "labeller": "Natures Sunshine Products, Inc.",
                "ndc-id": null,
                "ndc-product-code": null,
                "dpd-id": "02238857",
                "ema-product-code": null,
                "ema-ma-number": null,
                "started-marketing-on": "1999-05-25",
                "ended-marketing-on": "2009-08-07",
                "dosage-form": "Capsule",
                "strength": "80 mg",
                "route": "Oral",
                "fda-application-number": null,
                "generic": false,
                "over-the-counter": true,
                "approved": true,
                "country": "Canada",
                "source": "DPD"
            }
        ]
    },
    "international-brands": null,
    "mixtures": {
        "mixture": [
            {
                "name": "Corvite FE",
                "ingredients": "Calcium ascorbate + Calcium threonate + Cholecalciferol + Cyanocobalamin + Ferrous asparto glycinate + Folic acid + Iron + Magnesium malate + Pyridoxine + Zinc glycinate"
            },
            {
                "name": "Corvite FE",
                "ingredients": "5-methyltetrahydrofolic acid + Calcium ascorbate + Calcium threonate + Cholecalciferol + Cyanocobalamin + Folic acid + Iron + Magnesium malate + Pyridoxine + Zinc glycinate"
            },
            {
                "name": "ahoSAN",
                "ingredients": "Biotin + Cyanocobalamin + Folic acid + Magnesium malate + Niacin + Pantothenic acid + Pyridoxine + Riboflavin + Thiamine"
            },
            {
                "name": "bioJET",
                "ingredients": "Biotin + Cyanocobalamin + Folic acid + Magnesium malate + Niacin + Pantothenic acid + Pyridoxine + Riboflavin + Thiamine"
            }
        ]
    },
    "packagers": null,
    "manufacturers": null,
    "prices": null,
    "categories": null,
    "affected-organisms": null,
    "dosages": {
        "dosage": [
            {
                "form": "Capsule",
                "route": "Oral",
                "strength": null
            },
            {
                "form": "Tablet, coated",
                "route": "Oral",
                "strength": null
            },
            {
                "form": "Capsule",
                "route": "Oral",
                "strength": "80 mg"
            }
        ]
    },
    "atc-codes": null,
    "ahfs-codes": null,
    "pdb-entries": null,
    "patents": null,
    "food-interactions": null,
    "drug-interactions": null,
    "calculated-properties": {
        "property": [
            {
                "kind": "logP",
                "value": "0.01",
                "source": "ALOGPS"
            },
            {
                "kind": "logS",
                "value": "-0.22",
                "source": "ALOGPS"
            },
            {
                "kind": "Water Solubility",
                "value": "1.26e+02 g/l",
                "source": "ALOGPS"
            },
            {
                "kind": "logP",
                "value": "-1.1",
                "source": "ChemAxon"
            },
            {
                "kind": "IUPAC Name",
                "value": "magnesium(2+) 2-hydroxybutanedioate",
                "source": "ChemAxon"
            },
            {
                "kind": "Traditional IUPAC Name",
                "value": "magnesium malate",
                "source": "ChemAxon"
            },
            {
                "kind": "Molecular Weight",
                "value": "156.376",
                "source": "ChemAxon"
            },
            {
                "kind": "Monoisotopic Weight",
                "value": "155.99091493",
                "source": "ChemAxon"
            },
            {
                "kind": "SMILES",
                "value": "[Mg++].OC(CC([O-])=O)C([O-])=O",
                "source": "ChemAxon"
            },
            {
                "kind": "Molecular Formula",
                "value": "C4H4MgO5",
                "source": "ChemAxon"
            },
            {
                "kind": "InChI",
                "value": "InChI=1S/C4H6O5.Mg/c5-2(4(8)9)1-3(6)7;/h2,5H,1H2,(H,6,7)(H,8,9);/q;+2/p-2",
                "source": "ChemAxon"
            },
            {
                "kind": "InChIKey",
                "value": "JFQQIWNDAXACSR-UHFFFAOYSA-L",
                "source": "ChemAxon"
            },
            {
                "kind": "Polar Surface Area (PSA)",
                "value": "100.49",
                "source": "ChemAxon"
            },
            {
                "kind": "Refractivity",
                "value": "46.55",
                "source": "ChemAxon"
            },
            {
                "kind": "Polarizability",
                "value": "10.07",
                "source": "ChemAxon"
            },
            {
                "kind": "Rotatable Bond Count",
                "value": "3",
                "source": "ChemAxon"
            },
            {
                "kind": "H Bond Acceptor Count",
                "value": "5",
                "source": "ChemAxon"
            },
            {
                "kind": "H Bond Donor Count",
                "value": "1",
                "source": "ChemAxon"
            },
            {
                "kind": "pKa (strongest acidic)",
                "value": "3.2",
                "source": "ChemAxon"
            },
            {
                "kind": "pKa (strongest basic)",
                "value": "-3.9",
                "source": "ChemAxon"
            },
            {
                "kind": "Physiological Charge",
                "value": "-2",
                "source": "ChemAxon"
            },
            {
                "kind": "Number of Rings",
                "value": "0",
                "source": "ChemAxon"
            },
            {
                "kind": "Bioavailability",
                "value": "1",
                "source": "ChemAxon"
            },
            {
                "kind": "Rule of Five",
                "value": "1",
                "source": "ChemAxon"
            },
            {
                "kind": "Ghose Filter",
                "value": "0",
                "source": "ChemAxon"
            },
            {
                "kind": "MDDR-Like Rule",
                "value": "0",
                "source": "ChemAxon"
            }
        ]
    },
    "experimental-properties": null,
    "external-identifiers": {
        "external-identifier": [
            {
                "resource": "Drugs Product Database (DPD)",
                "identifier": "6487"
            },
            {
                "resource": "ChemSpider",
                "identifier": "144425"
            },
            {
                "resource": "Wikipedia",
                "identifier": "Magnesium_malate"
            },
            {
                "resource": "RxCUI",
                "identifier": "283578"
            }
        ]
    },
    "external-links": null,
    "pathways": null,
    "reactions": null,
    "snp-effects": null,
    "snp-adverse-drug-reactions": null,
    "targets": null,
    "enzymes": null,
    "carriers": null,
    "transporters": null
}