{
    "type": "biotech",
    "created": "2019-10-09",
    "updated": "2020-06-12",
    "drugbank-id": [
        {
            "primary": true,
            "value": "DB15508"
        }
    ],
    "name": "Influenza B virus B/Iowa/06/2017 antigen (MDCK cell derived, propiolactone inactivated)",
    "description": "A seasonally-specific component of the influenza vaccine. The influenza vaccine, also known as the \"flu shot\", is a vaccine that protects against infection from the influenza viruses. Vaccines provide protection from influenza by exposing the immune system to the virus (or parts of the virus) which stimulates an immunological defence against future exposure to the virus, or \"antigen\". This defence includes the production of humoral immunity through the development of antibodies (through memory B cells) and of cell-mediated immunity through the production of T-lymphocytes. Upon re-exposure to infectious influenza virus, the immune system is prepared to identify and destroy the virus as there are circulating antibodies that recognize that particular component of the virus that it was previously exposed to.\n\nThere are two basic types of vaccines available: inactivated influenza vaccine (IIV) and live attenuated influenza vaccine (LAIV). Inactivated vaccines contain a virus particle that has been grown in media and then subsequently killed, or inactivated, through exposure to heat or chemicals such as formaldehyde 3. Inactivated virus cannot replicate, and therefore cannot cause disease from infection, even in immunocompromised individuals. In contrast, live vaccines are produced from \"wild-type\" or disease-causing viruses that have been attenuated, or weakened, through various laboratory techniques. Live vaccines maintain their replicative ability.",
    "cas-number": null,
    "unii": "CA1YT4NE3M",
    "groups": {
        "group": [
            "approved"
        ]
    },
    "general-references": {
        "articles": null,
        "textbooks": null,
        "links": null,
        "attachments": null
    },
    "synthesis-reference": null,
    "indication": null,
    "pharmacodynamics": null,
    "mechanism-of-action": null,
    "toxicity": null,
    "metabolism": null,
    "absorption": null,
    "half-life": null,
    "protein-binding": null,
    "route-of-elimination": null,
    "volume-of-distribution": null,
    "clearance": null,
    "salts": null,
    "synonyms": null,
    "products": {
        "product": [
            {
                "name": "Flucelvax Quadrivalent (multi-dose Vial)",
                "labeller": "Seqirus, Inc.",
                "ndc-id": null,
                "ndc-product-code": "70461-419",
                "dpd-id": null,
                "ema-product-code": null,
                "ema-ma-number": null,
                "started-marketing-on": "2016-05-23",
                "ended-marketing-on": "2020-07-31",
                "dosage-form": "Injection, suspension",
                "strength": null,
                "route": "Intramuscular",
                "fda-application-number": "BLA125408",
                "generic": false,
                "over-the-counter": false,
                "approved": true,
                "country": "US",
                "source": "FDA NDC"
            },
            {
                "name": "Flucelvax Quadrivalent (prefilled Syringe)",
                "labeller": "Seqirus, Inc.",
                "ndc-id": null,
                "ndc-product-code": "70461-319",
                "dpd-id": null,
                "ema-product-code": null,
                "ema-ma-number": null,
                "started-marketing-on": "2016-05-23",
                "ended-marketing-on": "2020-07-31",
                "dosage-form": "Injection, suspension",
                "strength": null,
                "route": "Intramuscular",
                "fda-application-number": "BLA125408",
                "generic": false,
                "over-the-counter": false,
                "approved": true,
                "country": "US",
                "source": "FDA NDC"
            }
        ]
    },
    "international-brands": null,
    "mixtures": {
        "mixture": [
            {
                "name": "Flucelvax Quadrivalent (prefilled Syringe)",
                "ingredients": "Influenza A virus A/Idaho/07/2018 (H1N1) antigen (MDCK cell derived, propiolactone inactivated + Influenza A virus A/Indiana/08/2018 (H3N2) antigen (MDCK cell derived, propiolactone inactivated) + Influenza B virus B/Iowa/06/2017 antigen (MDCK cell derived, propiolactone inactivated) + Influenza B virus B/Singapore/INFTT-16-0610/2016 antigen (MDCK cell derived, propiolactone inactivated)"
            },
            {
                "name": "Flucelvax Quadrivalent (multi-dose Vial)",
                "ingredients": "Influenza A virus A/Idaho/07/2018 (H1N1) antigen (MDCK cell derived, propiolactone inactivated + Influenza A virus A/Indiana/08/2018 (H3N2) antigen (MDCK cell derived, propiolactone inactivated) + Influenza B virus B/Iowa/06/2017 antigen (MDCK cell derived, propiolactone inactivated) + Influenza B virus B/Singapore/INFTT-16-0610/2016 antigen (MDCK cell derived, propiolactone inactivated)"
            }
        ]
    },
    "packagers": null,
    "manufacturers": null,
    "prices": null,
    "categories": null,
    "affected-organisms": null,
    "dosages": {
        "dosage": [
            {
                "form": "Injection, suspension",
                "route": "Intramuscular",
                "strength": null
            }
        ]
    },
    "atc-codes": null,
    "ahfs-codes": null,
    "pdb-entries": null,
    "patents": null,
    "food-interactions": null,
    "drug-interactions": null,
    "sequences": null,
    "experimental-properties": null,
    "external-identifiers": null,
    "external-links": null,
    "pathways": null,
    "reactions": null,
    "snp-effects": null,
    "snp-adverse-drug-reactions": null,
    "targets": null,
    "enzymes": null,
    "carriers": null,
    "transporters": null
}