{
    "type": "biotech",
    "created": "2019-10-09",
    "updated": "2021-05-14",
    "drugbank-id": [
        {
            "primary": true,
            "value": "DB15517"
        }
    ],
    "name": "Influenza A virus A/Brisbane/02/2018 (H1N1) recombinant hemagglutinin antigen",
    "description": "A seasonally-specific component of the influenza vaccine. The influenza vaccine, also known as the \"flu shot\", is a vaccine that protects against infection from the influenza viruses. Vaccines provide protection from influenza by exposing the immune system to the virus (or parts of the virus) which stimulates an immunological defence against future exposure to the virus, or \"antigen\". This defence includes the production of humoral immunity through the development of antibodies (through memory B cells) and of cell-mediated immunity through the production of T-lymphocytes. Upon re-exposure to infectious influenza virus, the immune system is prepared to identify and destroy the virus as there are circulating antibodies that recognize that particular component of the virus that it was previously exposed to.\r\n\r\nThere are two basic types of vaccines available: inactivated influenza vaccine (IIV) and live attenuated influenza vaccine (LAIV). Inactivated vaccines contain a virus particle that has been grown in media and then subsequently killed, or inactivated, through exposure to heat or chemicals such as formaldehyde 3. Inactivated virus cannot replicate, and therefore cannot cause disease from infection, even in immunocompromised individuals. In contrast, live vaccines are produced from \"wild-type\" or disease-causing viruses that have been attenuated, or weakened, through various laboratory techniques. Live vaccines maintain their replicative ability.",
    "cas-number": null,
    "unii": "DC4ELG1BFZ",
    "groups": {
        "group": [
            "approved"
        ]
    },
    "general-references": {
        "articles": null,
        "textbooks": null,
        "links": {
            "link": [
                {
                    "ref-id": "L19614",
                    "title": "AIFA: Flucelvax Tetra (Quadrivalent Flu Vaccine) Intramuscular Injection",
                    "url": "https://farmaci.agenziafarmaco.gov.it/aifa/servlet/PdfDownloadServlet?pdfFileName=footer_004980_047475_FI.pdf&retry=0&sys=m0b1l3"
                }
            ]
        },
        "attachments": null
    },
    "synthesis-reference": null,
    "indication": null,
    "pharmacodynamics": null,
    "mechanism-of-action": null,
    "toxicity": null,
    "metabolism": null,
    "absorption": null,
    "half-life": null,
    "protein-binding": null,
    "route-of-elimination": null,
    "volume-of-distribution": null,
    "clearance": null,
    "salts": null,
    "synonyms": null,
    "products": {
        "product": [
            {
                "name": "Flublok Quadrivalent",
                "labeller": "Sanofi Pasteur Inc.",
                "ndc-id": null,
                "ndc-product-code": "49281-719",
                "dpd-id": null,
                "ema-product-code": null,
                "ema-ma-number": null,
                "started-marketing-on": "2019-07-01",
                "ended-marketing-on": "2020-06-30",
                "dosage-form": "Injection",
                "strength": null,
                "route": "Intramuscular",
                "fda-application-number": "BLA125285",
                "generic": false,
                "over-the-counter": false,
                "approved": true,
                "country": "US",
                "source": "FDA NDC"
            }
        ]
    },
    "international-brands": null,
    "mixtures": {
        "mixture": [
            {
                "name": "Flublok Quadrivalent",
                "ingredients": "Influenza A virus A/Brisbane/02/2018 (H1N1) recombinant hemagglutinin antigen + Influenza A virus A/Kansas/14/2017 (H3N2) recombinant hemagglutinin antigen + Influenza B virus B/Maryland/15/2016 recombinant hemagglutinin antigen + Influenza B virus B/Phuket/3073/2013 recombinant hemagglutinin antigen"
            }
        ]
    },
    "packagers": null,
    "manufacturers": null,
    "prices": null,
    "categories": null,
    "affected-organisms": null,
    "dosages": {
        "dosage": [
            {
                "form": "Suspension",
                "route": "Intramuscular; Subcutaneous",
                "strength": null
            },
            {
                "form": "Injection",
                "route": "Intramuscular",
                "strength": null
            },
            {
                "form": "Injection, suspension",
                "route": "Intramuscular",
                "strength": null
            },
            {
                "form": "Suspension",
                "route": "Intramuscular",
                "strength": null
            }
        ]
    },
    "atc-codes": null,
    "ahfs-codes": null,
    "pdb-entries": null,
    "patents": null,
    "food-interactions": null,
    "drug-interactions": null,
    "sequences": null,
    "experimental-properties": null,
    "external-identifiers": null,
    "external-links": null,
    "pathways": null,
    "reactions": null,
    "snp-effects": null,
    "snp-adverse-drug-reactions": null,
    "targets": null,
    "enzymes": null,
    "carriers": null,
    "transporters": null
}