{
    "type": "small molecule",
    "created": "2019-05-20",
    "updated": "2020-06-12",
    "drugbank-id": [
        {
            "primary": true,
            "value": "DB15436"
        }
    ],
    "name": "Glucoraphanin",
    "description": "Glucoraphanin is under investigation in clinical trial NCT01879878 (Pilot Study Evaluating Broccoli Sprouts in Advanced Pancreatic Cancer [POUDER Trial]).",
    "cas-number": "1432982-77-8",
    "unii": "Q86A197713",
    "average-mass": 437.49,
    "monoisotopic-mass": 437.048409467,
    "groups": {
        "group": [
            "investigational"
        ]
    },
    "general-references": {
        "articles": null,
        "textbooks": null,
        "links": null,
        "attachments": null
    },
    "synthesis-reference": null,
    "indication": null,
    "pharmacodynamics": null,
    "mechanism-of-action": null,
    "toxicity": null,
    "metabolism": null,
    "absorption": null,
    "half-life": null,
    "protein-binding": null,
    "route-of-elimination": null,
    "volume-of-distribution": null,
    "clearance": null,
    "classification": {
        "description": "This compound belongs to the class of organic compounds known as alkylglucosinolates. These are organic compounds containing a glucosinolate moiety that carries an alkyl chain.",
        "direct-parent": "Alkylglucosinolates",
        "kingdom": "Organic compounds",
        "superclass": "Organic oxygen compounds",
        "class": "Organooxygen compounds",
        "subclass": "Carbohydrates and carbohydrate conjugates",
        "alternative-parent": [
            "Hydrocarbon derivatives",
            "Monothioacetals",
            "Organic oxides",
            "Organic sulfuric acids and derivatives",
            "Organonitrogen compounds",
            "Organopnictogen compounds",
            "Oxacyclic compounds",
            "Oxanes",
            "Polyols",
            "Primary alcohols",
            "Secondary alcohols",
            "Sulfenyl compounds",
            "Sulfinyl compounds",
            "Sulfoxides",
            "Thioglycosides"
        ],
        "substituent": [
            "Alcohol",
            "Aliphatic heteromonocyclic compound",
            "Alkylglucosinolate",
            "Glycosyl compound",
            "Hydrocarbon derivative",
            "Monothioacetal",
            "Organic nitrogen compound",
            "Organic oxide",
            "Organic sulfuric acid or derivatives",
            "Organoheterocyclic compound",
            "Organonitrogen compound",
            "Organopnictogen compound",
            "Organosulfur compound",
            "Oxacycle",
            "Oxane",
            "Polyol",
            "Primary alcohol",
            "S-glycosyl compound",
            "Secondary alcohol",
            "Sulfenyl compound",
            "Sulfinyl compound",
            "Sulfoxide"
        ]
    },
    "salts": null,
    "synonyms": {
        "synonym": [
            {
                "language": "english",
                "coder": "",
                "value": "4-methylsulfinylbutyl glucosinolate"
            },
            {
                "language": "english",
                "coder": "",
                "value": "Glucorafanin"
            },
            {
                "language": "english",
                "coder": "",
                "value": "Sulforaphane glucosinolate"
            }
        ]
    },
    "products": null,
    "international-brands": null,
    "mixtures": null,
    "packagers": null,
    "manufacturers": null,
    "prices": null,
    "categories": {
        "category": [
            {
                "category": "Amines",
                "mesh-id": "D000588"
            },
            {
                "category": "Carbohydrates",
                "mesh-id": "D002241"
            },
            {
                "category": "Glucosides",
                "mesh-id": "D005960"
            },
            {
                "category": "Glycosides",
                "mesh-id": "D006027"
            },
            {
                "category": "Hydroxylamines",
                "mesh-id": "D006898"
            },
            {
                "category": "Sulfur Compounds",
                "mesh-id": "D013457"
            },
            {
                "category": "Thioglucosides",
                "mesh-id": "D013863"
            },
            {
                "category": "Thioglycosides",
                "mesh-id": "D013865"
            }
        ]
    },
    "affected-organisms": null,
    "dosages": null,
    "atc-codes": null,
    "ahfs-codes": null,
    "pdb-entries": null,
    "patents": null,
    "food-interactions": null,
    "drug-interactions": null,
    "calculated-properties": {
        "property": [
            {
                "kind": "logP",
                "value": "-1.3",
                "source": "ALOGPS"
            },
            {
                "kind": "logS",
                "value": "-1.6",
                "source": "ALOGPS"
            },
            {
                "kind": "Water Solubility",
                "value": "1.24e+01 g/l",
                "source": "ALOGPS"
            },
            {
                "kind": "logP",
                "value": "-4.7",
                "source": "ChemAxon"
            },
            {
                "kind": "IUPAC Name",
                "value": "{[(E)-(5-methanesulfinyl-1-{[(2S,3R,4S,5S,6R)-3,4,5-trihydroxy-6-(hydroxymethyl)oxan-2-yl]sulfanyl}pentylidene)amino]oxy}sulfonic acid",
                "source": "ChemAxon"
            },
            {
                "kind": "Traditional IUPAC Name",
                "value": "(2S)-N-[(5aR,6aS,7S,10aS)-9-carbamoyl-7-(dimethylamino)-4-fluoro-1,8,10a,11-tetrahydroxy-10,12-dioxo-5a,6,6a,7-tetrahydro-5H-tetracen-2-yl]-1-methylpyrrolidine-2-carboxamide",
                "source": "ChemAxon"
            },
            {
                "kind": "Molecular Weight",
                "value": "437.49",
                "source": "ChemAxon"
            },
            {
                "kind": "Monoisotopic Weight",
                "value": "437.048409467",
                "source": "ChemAxon"
            },
            {
                "kind": "SMILES",
                "value": "C[S+]([O-])CCCC\\C(S[C@@H]1O[C@H](CO)[C@@H](O)[C@H](O)[C@H]1O)=N/OS(O)(=O)=O",
                "source": "ChemAxon"
            },
            {
                "kind": "Molecular Formula",
                "value": "C12H23NO10S3",
                "source": "ChemAxon"
            },
            {
                "kind": "InChI",
                "value": "InChI=1S/C12H23NO10S3/c1-25(18)5-3-2-4-8(13-23-26(19,20)21)24-12-11(17)10(16)9(15)7(6-14)22-12/h7,9-12,14-17H,2-6H2,1H3,(H,19,20,21)/b13-8+/t7-,9-,10+,11-,12+,25?/m1/s1",
                "source": "ChemAxon"
            },
            {
                "kind": "InChIKey",
                "value": "GMMLNKINDDUDCF-RFOBZYEESA-N",
                "source": "ChemAxon"
            },
            {
                "kind": "Polar Surface Area (PSA)",
                "value": "183.18",
                "source": "ChemAxon"
            },
            {
                "kind": "Refractivity",
                "value": "93.62",
                "source": "ChemAxon"
            },
            {
                "kind": "Polarizability",
                "value": "41.44",
                "source": "ChemAxon"
            },
            {
                "kind": "Rotatable Bond Count",
                "value": "10",
                "source": "ChemAxon"
            },
            {
                "kind": "H Bond Acceptor Count",
                "value": "10",
                "source": "ChemAxon"
            },
            {
                "kind": "H Bond Donor Count",
                "value": "5",
                "source": "ChemAxon"
            },
            {
                "kind": "pKa (strongest acidic)",
                "value": "-3.7",
                "source": "ChemAxon"
            },
            {
                "kind": "pKa (strongest basic)",
                "value": "-0.44",
                "source": "ChemAxon"
            },
            {
                "kind": "Physiological Charge",
                "value": "-1",
                "source": "ChemAxon"
            },
            {
                "kind": "Number of Rings",
                "value": "1",
                "source": "ChemAxon"
            },
            {
                "kind": "Bioavailability",
                "value": "1",
                "source": "ChemAxon"
            },
            {
                "kind": "Rule of Five",
                "value": "1",
                "source": "ChemAxon"
            },
            {
                "kind": "Ghose Filter",
                "value": "0",
                "source": "ChemAxon"
            },
            {
                "kind": "MDDR-Like Rule",
                "value": "0",
                "source": "ChemAxon"
            }
        ]
    },
    "experimental-properties": null,
    "external-identifiers": {
        "external-identifier": [
            {
                "resource": "ChemSpider",
                "identifier": "7827557"
            },
            {
                "resource": "Wikipedia",
                "identifier": "Glucoraphanin"
            }
        ]
    },
    "external-links": null,
    "pathways": null,
    "reactions": null,
    "snp-effects": null,
    "snp-adverse-drug-reactions": null,
    "targets": null,
    "enzymes": null,
    "carriers": null,
    "transporters": null
}