{
    "type": "small molecule",
    "created": "2019-05-20",
    "updated": "2022-12-13",
    "drugbank-id": [
        {
            "primary": true,
            "value": "DB15219"
        }
    ],
    "name": "Tomivosertib",
    "description": "Tomivosertib is under investigation in clinical trial NCT03318562 (A PD Study of Oral eFT508 in Subjects With Advanced TNBC and HCC).",
    "cas-number": "1849590-01-7",
    "unii": "U2H19X4WBV",
    "average-mass": 340.387,
    "monoisotopic-mass": 340.164773908,
    "groups": {
        "group": [
            "investigational"
        ]
    },
    "general-references": {
        "articles": null,
        "textbooks": null,
        "links": null,
        "attachments": null
    },
    "synthesis-reference": null,
    "indication": null,
    "pharmacodynamics": null,
    "mechanism-of-action": null,
    "toxicity": null,
    "metabolism": null,
    "absorption": null,
    "half-life": null,
    "protein-binding": null,
    "route-of-elimination": null,
    "volume-of-distribution": null,
    "clearance": null,
    "salts": {
        "salt": [
            {
                "drugbank-id": [
                    {
                        "primary": true,
                        "value": "DBSALT003289"
                    }
                ],
                "name": "Tomivosertib hydrochloride",
                "unii": "BW3S40K2UM",
                "cas-number": "1849590-02-8",
                "inchikey": null
            }
        ]
    },
    "synonyms": {
        "synonym": [
            {
                "language": "english",
                "coder": "",
                "value": "6'-((6-Amino-4-pyrimidinyl)amino)-8'-methyl-2'H-spiro(cyclohexane-1,3'-imidazo(1,5-a)pyridine)-1',5'-dione"
            },
            {
                "language": "english",
                "coder": "inn/usan",
                "value": "Tomivosertib"
            }
        ]
    },
    "products": null,
    "international-brands": null,
    "mixtures": null,
    "packagers": null,
    "manufacturers": null,
    "prices": null,
    "categories": null,
    "affected-organisms": null,
    "dosages": null,
    "atc-codes": null,
    "ahfs-codes": null,
    "pdb-entries": {
        "pdb-entry": [
            "6ck6"
        ]
    },
    "patents": null,
    "food-interactions": null,
    "drug-interactions": null,
    "calculated-properties": {
        "property": [
            {
                "kind": "logP",
                "value": "0.53",
                "source": "ALOGPS"
            },
            {
                "kind": "logS",
                "value": "-2.8",
                "source": "ALOGPS"
            },
            {
                "kind": "Water Solubility",
                "value": "5.27e-01 g/l",
                "source": "ALOGPS"
            },
            {
                "kind": "logP",
                "value": "0.82",
                "source": "ChemAxon"
            },
            {
                "kind": "IUPAC Name",
                "value": "6'-[(6-aminopyrimidin-4-yl)amino]-8'-methyl-2',5'-dihydro-1'H-spiro[cyclohexane-1,3'-imidazo[1,5-a]pyridine]-1',5'-dione",
                "source": "ChemAxon"
            },
            {
                "kind": "Traditional IUPAC Name",
                "value": "(2R)-14-fluoro-2-methyl-6,9,10,19-tetraazapentacyclo[14.2.1.0^{2,6}.0^{8,18}.0^{12,17}]nonadeca-1(18),8,12(17),13,15-pentaen-11-one",
                "source": "ChemAxon"
            },
            {
                "kind": "Molecular Weight",
                "value": "340.387",
                "source": "ChemAxon"
            },
            {
                "kind": "Monoisotopic Weight",
                "value": "340.164773908",
                "source": "ChemAxon"
            },
            {
                "kind": "SMILES",
                "value": "CC1=C2N(C(=O)C(NC3=CC(N)=NC=N3)=C1)C1(CCCCC1)NC2=O",
                "source": "ChemAxon"
            },
            {
                "kind": "Molecular Formula",
                "value": "C17H20N6O2",
                "source": "ChemAxon"
            },
            {
                "kind": "InChI",
                "value": "InChI=1S/C17H20N6O2/c1-10-7-11(21-13-8-12(18)19-9-20-13)16(25)23-14(10)15(24)22-17(23)5-3-2-4-6-17/h7-9H,2-6H2,1H3,(H,22,24)(H3,18,19,20,21)",
                "source": "ChemAxon"
            },
            {
                "kind": "InChIKey",
                "value": "HKTBYUWLRDZAJK-UHFFFAOYSA-N",
                "source": "ChemAxon"
            },
            {
                "kind": "Polar Surface Area (PSA)",
                "value": "113.24",
                "source": "ChemAxon"
            },
            {
                "kind": "Refractivity",
                "value": "97.64",
                "source": "ChemAxon"
            },
            {
                "kind": "Polarizability",
                "value": "35.86",
                "source": "ChemAxon"
            },
            {
                "kind": "Rotatable Bond Count",
                "value": "2",
                "source": "ChemAxon"
            },
            {
                "kind": "H Bond Acceptor Count",
                "value": "6",
                "source": "ChemAxon"
            },
            {
                "kind": "H Bond Donor Count",
                "value": "3",
                "source": "ChemAxon"
            },
            {
                "kind": "pKa (strongest acidic)",
                "value": "10.84",
                "source": "ChemAxon"
            },
            {
                "kind": "pKa (strongest basic)",
                "value": "6.35",
                "source": "ChemAxon"
            },
            {
                "kind": "Physiological Charge",
                "value": "1",
                "source": "ChemAxon"
            },
            {
                "kind": "Number of Rings",
                "value": "4",
                "source": "ChemAxon"
            },
            {
                "kind": "Bioavailability",
                "value": "1",
                "source": "ChemAxon"
            },
            {
                "kind": "Rule of Five",
                "value": "1",
                "source": "ChemAxon"
            },
            {
                "kind": "Ghose Filter",
                "value": "1",
                "source": "ChemAxon"
            },
            {
                "kind": "MDDR-Like Rule",
                "value": "0",
                "source": "ChemAxon"
            }
        ]
    },
    "experimental-properties": null,
    "external-identifiers": {
        "external-identifier": [
            {
                "resource": "ChemSpider",
                "identifier": "57617704"
            },
            {
                "resource": "BindingDB",
                "identifier": "50263263"
            },
            {
                "resource": "PDB",
                "identifier": "N45"
            },
            {
                "resource": "ChEMBL",
                "identifier": "CHEMBL4073443"
            },
            {
                "resource": "ZINC",
                "identifier": "ZINC000575623807"
            }
        ]
    },
    "external-links": null,
    "pathways": null,
    "reactions": null,
    "snp-effects": null,
    "snp-adverse-drug-reactions": null,
    "targets": null,
    "enzymes": null,
    "carriers": null,
    "transporters": null
}