{
    "type": "biotech",
    "created": "2019-05-20",
    "updated": "2021-02-21",
    "drugbank-id": [
        {
            "primary": true,
            "value": "DB15095"
        }
    ],
    "name": "Leridistim",
    "description": "Leridistim is under investigation in clinical trial NCT00004215 (Leridistim Compared With Filgrastim in Treating Older Patients With Acute Myeloid Leukemia).",
    "cas-number": "193700-51-5",
    "unii": "WYY7RA43DK",
    "groups": {
        "group": [
            "investigational"
        ]
    },
    "general-references": {
        "articles": null,
        "textbooks": null,
        "links": null,
        "attachments": null
    },
    "synthesis-reference": null,
    "indication": null,
    "pharmacodynamics": null,
    "mechanism-of-action": null,
    "toxicity": null,
    "metabolism": null,
    "absorption": null,
    "half-life": null,
    "protein-binding": null,
    "route-of-elimination": null,
    "volume-of-distribution": null,
    "clearance": null,
    "salts": null,
    "synonyms": {
        "synonym": [
            {
                "language": "english",
                "coder": "inn/usan",
                "value": "Leridistim"
            }
        ]
    },
    "products": null,
    "international-brands": null,
    "mixtures": null,
    "packagers": null,
    "manufacturers": null,
    "prices": null,
    "categories": {
        "category": [
            {
                "category": "Amino Acids, Peptides, and Proteins",
                "mesh-id": "D000602"
            },
            {
                "category": "Biological Factors",
                "mesh-id": "D001685"
            },
            {
                "category": "Colony-Stimulating Factors",
                "mesh-id": "D003115"
            },
            {
                "category": "Cytokines",
                "mesh-id": "D016207"
            },
            {
                "category": "Glycoproteins",
                "mesh-id": "D006023"
            },
            {
                "category": "Hematopoietic Cell Growth Factors",
                "mesh-id": "D016298"
            },
            {
                "category": "Intercellular Signaling Peptides and Proteins",
                "mesh-id": "D036341"
            },
            {
                "category": "Interleukins",
                "mesh-id": "D007378"
            },
            {
                "category": "Peptides",
                "mesh-id": "D010455"
            },
            {
                "category": "Proteins",
                "mesh-id": "D011506"
            },
            {
                "category": "Recombinant Proteins",
                "mesh-id": "D011994"
            }
        ]
    },
    "affected-organisms": null,
    "dosages": null,
    "atc-codes": null,
    "ahfs-codes": null,
    "pdb-entries": null,
    "patents": null,
    "food-interactions": null,
    "drug-interactions": {
        "drug-interaction": [
            {
                "drugbank-id": {
                    "primary": false,
                    "value": "DB00531"
                },
                "name": "Cyclophosphamide",
                "description": "The risk or severity of pulmonary toxicity can be increased when Leridistim is combined with Cyclophosphamide."
            },
            {
                "drugbank-id": {
                    "primary": false,
                    "value": "DB00309"
                },
                "name": "Vindesine",
                "description": "The risk or severity of peripheral neuropathy can be increased when Leridistim is combined with Vindesine."
            },
            {
                "drugbank-id": {
                    "primary": false,
                    "value": "DB00361"
                },
                "name": "Vinorelbine",
                "description": "The risk or severity of peripheral neuropathy can be increased when Leridistim is combined with Vinorelbine."
            },
            {
                "drugbank-id": {
                    "primary": false,
                    "value": "DB00541"
                },
                "name": "Vincristine",
                "description": "The risk or severity of peripheral neuropathy can be increased when Leridistim is combined with Vincristine."
            },
            {
                "drugbank-id": {
                    "primary": false,
                    "value": "DB00570"
                },
                "name": "Vinblastine",
                "description": "The risk or severity of peripheral neuropathy can be increased when Leridistim is combined with Vinblastine."
            },
            {
                "drugbank-id": {
                    "primary": false,
                    "value": "DB05168"
                },
                "name": "Vintafolide",
                "description": "The risk or severity of peripheral neuropathy can be increased when Leridistim is combined with Vintafolide."
            },
            {
                "drugbank-id": {
                    "primary": false,
                    "value": "DB11641"
                },
                "name": "Vinflunine",
                "description": "The risk or severity of peripheral neuropathy can be increased when Leridistim is combined with Vinflunine."
            },
            {
                "drugbank-id": {
                    "primary": false,
                    "value": "DB13374"
                },
                "name": "Vincamine",
                "description": "The risk or severity of peripheral neuropathy can be increased when Leridistim is combined with Vincamine."
            }
        ]
    },
    "sequences": null,
    "experimental-properties": null,
    "external-identifiers": null,
    "external-links": null,
    "pathways": null,
    "reactions": null,
    "snp-effects": null,
    "snp-adverse-drug-reactions": null,
    "targets": null,
    "enzymes": null,
    "carriers": null,
    "transporters": null
}