{
    "type": "small molecule",
    "created": "2019-05-20",
    "updated": "2021-02-21",
    "drugbank-id": [
        {
            "primary": true,
            "value": "DB15288"
        }
    ],
    "name": "Etamicastat",
    "description": "Etamicastat is under investigation in clinical trial NCT02840565 (Tolerability, Pharmacokinetics and Pharmacodynamics of Six Multiple Rising Dose Regimens of BIA 5-453).",
    "cas-number": "760173-05-5",
    "unii": "9X96V6DBU4",
    "average-mass": 311.35,
    "monoisotopic-mass": 311.090389615,
    "groups": {
        "group": [
            "investigational"
        ]
    },
    "general-references": {
        "articles": null,
        "textbooks": null,
        "links": null,
        "attachments": null
    },
    "synthesis-reference": null,
    "indication": null,
    "pharmacodynamics": null,
    "mechanism-of-action": null,
    "toxicity": null,
    "metabolism": null,
    "absorption": null,
    "half-life": null,
    "protein-binding": null,
    "route-of-elimination": null,
    "volume-of-distribution": null,
    "clearance": null,
    "salts": null,
    "synonyms": {
        "synonym": [
            {
                "language": "english",
                "coder": "inn",
                "value": "Etamicastat"
            }
        ]
    },
    "products": null,
    "international-brands": null,
    "mixtures": null,
    "packagers": null,
    "manufacturers": null,
    "prices": null,
    "categories": {
        "category": [
            {
                "category": "Heterocyclic Compounds, Fused-Ring",
                "mesh-id": "D000072471"
            },
            {
                "category": "Pyrans",
                "mesh-id": "D011714"
            }
        ]
    },
    "affected-organisms": null,
    "dosages": null,
    "atc-codes": null,
    "ahfs-codes": null,
    "pdb-entries": null,
    "patents": null,
    "food-interactions": null,
    "drug-interactions": null,
    "calculated-properties": {
        "property": [
            {
                "kind": "logP",
                "value": "1.47",
                "source": "ALOGPS"
            },
            {
                "kind": "logS",
                "value": "-3.4",
                "source": "ALOGPS"
            },
            {
                "kind": "Water Solubility",
                "value": "1.16e-01 g/l",
                "source": "ALOGPS"
            },
            {
                "kind": "logP",
                "value": "1.69",
                "source": "ChemAxon"
            },
            {
                "kind": "IUPAC Name",
                "value": "5-(2-aminoethyl)-1-[(3R)-6,8-difluoro-3,4-dihydro-2H-1-benzopyran-3-yl]-2,3-dihydro-1H-imidazole-2-thione",
                "source": "ChemAxon"
            },
            {
                "kind": "Traditional IUPAC Name",
                "value": "(2R)-14-fluoro-2-methyl-6,9,10,19-tetraazapentacyclo[14.2.1.0^{2,6}.0^{8,18}.0^{12,17}]nonadeca-1(18),8,12(17),13,15-pentaen-11-one",
                "source": "ChemAxon"
            },
            {
                "kind": "Molecular Weight",
                "value": "311.35",
                "source": "ChemAxon"
            },
            {
                "kind": "Monoisotopic Weight",
                "value": "311.090389615",
                "source": "ChemAxon"
            },
            {
                "kind": "SMILES",
                "value": "NCCC1=CNC(=S)N1[C@H]1COC2=C(C1)C=C(F)C=C2F",
                "source": "ChemAxon"
            },
            {
                "kind": "Molecular Formula",
                "value": "C14H15F2N3OS",
                "source": "ChemAxon"
            },
            {
                "kind": "InChI",
                "value": "InChI=1S/C14H15F2N3OS/c15-9-3-8-4-11(7-20-13(8)12(16)5-9)19-10(1-2-17)6-18-14(19)21/h3,5-6,11H,1-2,4,7,17H2,(H,18,21)/t11-/m1/s1",
                "source": "ChemAxon"
            },
            {
                "kind": "InChIKey",
                "value": "CWWWTTYMUOYSQA-LLVKDONJSA-N",
                "source": "ChemAxon"
            },
            {
                "kind": "Polar Surface Area (PSA)",
                "value": "50.52",
                "source": "ChemAxon"
            },
            {
                "kind": "Refractivity",
                "value": "81.08",
                "source": "ChemAxon"
            },
            {
                "kind": "Polarizability",
                "value": "30.18",
                "source": "ChemAxon"
            },
            {
                "kind": "Rotatable Bond Count",
                "value": "3",
                "source": "ChemAxon"
            },
            {
                "kind": "H Bond Acceptor Count",
                "value": "2",
                "source": "ChemAxon"
            },
            {
                "kind": "H Bond Donor Count",
                "value": "2",
                "source": "ChemAxon"
            },
            {
                "kind": "pKa (strongest acidic)",
                "value": "10.35",
                "source": "ChemAxon"
            },
            {
                "kind": "pKa (strongest basic)",
                "value": "8.95",
                "source": "ChemAxon"
            },
            {
                "kind": "Physiological Charge",
                "value": "1",
                "source": "ChemAxon"
            },
            {
                "kind": "Number of Rings",
                "value": "3",
                "source": "ChemAxon"
            },
            {
                "kind": "Bioavailability",
                "value": "1",
                "source": "ChemAxon"
            },
            {
                "kind": "Rule of Five",
                "value": "1",
                "source": "ChemAxon"
            },
            {
                "kind": "Ghose Filter",
                "value": "1",
                "source": "ChemAxon"
            },
            {
                "kind": "MDDR-Like Rule",
                "value": "0",
                "source": "ChemAxon"
            }
        ]
    },
    "experimental-properties": null,
    "external-identifiers": {
        "external-identifier": [
            {
                "resource": "ChemSpider",
                "identifier": "8625804"
            },
            {
                "resource": "ChEMBL",
                "identifier": "CHEMBL1196088"
            }
        ]
    },
    "external-links": null,
    "pathways": null,
    "reactions": null,
    "snp-effects": null,
    "snp-adverse-drug-reactions": null,
    "targets": null,
    "enzymes": null,
    "carriers": null,
    "transporters": null
}