{
    "type": "small molecule",
    "created": "2019-05-20",
    "updated": "2020-06-12",
    "drugbank-id": [
        {
            "primary": true,
            "value": "DB15325"
        }
    ],
    "name": "ONO-8539",
    "description": "ONO-8539 is under investigation in clinical trial NCT01707901 (A Study of the Effect of ONO-8539 on Oesophageal Pain Hypersensitivity in Patients With Non-erosive Reflux Disease).",
    "cas-number": "459842-29-6",
    "unii": "94W010PZ1Z",
    "average-mass": 500.63,
    "monoisotopic-mass": 500.143964358,
    "groups": {
        "group": [
            "investigational"
        ]
    },
    "general-references": {
        "articles": null,
        "textbooks": null,
        "links": null,
        "attachments": null
    },
    "synthesis-reference": null,
    "indication": null,
    "pharmacodynamics": null,
    "mechanism-of-action": null,
    "toxicity": null,
    "metabolism": null,
    "absorption": null,
    "half-life": null,
    "protein-binding": null,
    "route-of-elimination": null,
    "volume-of-distribution": null,
    "clearance": null,
    "salts": null,
    "synonyms": null,
    "products": null,
    "international-brands": null,
    "mixtures": null,
    "packagers": null,
    "manufacturers": null,
    "prices": null,
    "categories": {
        "category": [
            {
                "category": "Acids, Carbocyclic",
                "mesh-id": "D000146"
            },
            {
                "category": "Benzene Derivatives",
                "mesh-id": "D001555"
            },
            {
                "category": "Receptors, Prostaglandin E, EP1 Subtype, antagonists & inhibitors",
                "mesh-id": null
            },
            {
                "category": "Sulfur Compounds",
                "mesh-id": "D013457"
            }
        ]
    },
    "affected-organisms": null,
    "dosages": null,
    "atc-codes": null,
    "ahfs-codes": null,
    "pdb-entries": null,
    "patents": null,
    "food-interactions": null,
    "drug-interactions": null,
    "calculated-properties": {
        "property": [
            {
                "kind": "logP",
                "value": "3.91",
                "source": "ALOGPS"
            },
            {
                "kind": "logS",
                "value": "-5.5",
                "source": "ALOGPS"
            },
            {
                "kind": "Water Solubility",
                "value": "1.43e-03 g/l",
                "source": "ALOGPS"
            },
            {
                "kind": "logP",
                "value": "6.02",
                "source": "ChemAxon"
            },
            {
                "kind": "IUPAC Name",
                "value": "3-methyl-4-[({6-[N-(2-methylpropyl)1,3-thiazole-2-sulfonamido]-2,3-dihydro-1H-inden-5-yl}oxy)methyl]benzoic acid",
                "source": "ChemAxon"
            },
            {
                "kind": "Traditional IUPAC Name",
                "value": "(2R)-14-fluoro-2-methyl-6,9,10,19-tetraazapentacyclo[14.2.1.0^{2,6}.0^{8,18}.0^{12,17}]nonadeca-1(18),8,12(17),13,15-pentaen-11-one",
                "source": "ChemAxon"
            },
            {
                "kind": "Molecular Weight",
                "value": "500.63",
                "source": "ChemAxon"
            },
            {
                "kind": "Monoisotopic Weight",
                "value": "500.143964358",
                "source": "ChemAxon"
            },
            {
                "kind": "SMILES",
                "value": "CC(C)CN(C1=CC2=C(CCC2)C=C1OCC1=CC=C(C=C1C)C(O)=O)S(=O)(=O)C1=NC=CS1",
                "source": "ChemAxon"
            },
            {
                "kind": "Molecular Formula",
                "value": "C25H28N2O5S2",
                "source": "ChemAxon"
            },
            {
                "kind": "InChI",
                "value": "InChI=1S/C25H28N2O5S2/c1-16(2)14-27(34(30,31)25-26-9-10-33-25)22-12-18-5-4-6-19(18)13-23(22)32-15-21-8-7-20(24(28)29)11-17(21)3/h7-13,16H,4-6,14-15H2,1-3H3,(H,28,29)",
                "source": "ChemAxon"
            },
            {
                "kind": "InChIKey",
                "value": "ALLLQQUASFFEKP-UHFFFAOYSA-N",
                "source": "ChemAxon"
            },
            {
                "kind": "Polar Surface Area (PSA)",
                "value": "96.8",
                "source": "ChemAxon"
            },
            {
                "kind": "Refractivity",
                "value": "132.47",
                "source": "ChemAxon"
            },
            {
                "kind": "Polarizability",
                "value": "52.53",
                "source": "ChemAxon"
            },
            {
                "kind": "Rotatable Bond Count",
                "value": "8",
                "source": "ChemAxon"
            },
            {
                "kind": "H Bond Acceptor Count",
                "value": "6",
                "source": "ChemAxon"
            },
            {
                "kind": "H Bond Donor Count",
                "value": "1",
                "source": "ChemAxon"
            },
            {
                "kind": "pKa (strongest acidic)",
                "value": "4.07",
                "source": "ChemAxon"
            },
            {
                "kind": "pKa (strongest basic)",
                "value": "-1.8",
                "source": "ChemAxon"
            },
            {
                "kind": "Physiological Charge",
                "value": "-1",
                "source": "ChemAxon"
            },
            {
                "kind": "Number of Rings",
                "value": "4",
                "source": "ChemAxon"
            },
            {
                "kind": "Bioavailability",
                "value": "0",
                "source": "ChemAxon"
            },
            {
                "kind": "Rule of Five",
                "value": "0",
                "source": "ChemAxon"
            },
            {
                "kind": "Ghose Filter",
                "value": "0",
                "source": "ChemAxon"
            },
            {
                "kind": "MDDR-Like Rule",
                "value": "1",
                "source": "ChemAxon"
            }
        ]
    },
    "experimental-properties": null,
    "external-identifiers": {
        "external-identifier": [
            {
                "resource": "ChemSpider",
                "identifier": "16129513"
            },
            {
                "resource": "BindingDB",
                "identifier": "190563"
            },
            {
                "resource": "ChEMBL",
                "identifier": "CHEMBL3912251"
            }
        ]
    },
    "external-links": null,
    "pathways": null,
    "reactions": null,
    "snp-effects": null,
    "snp-adverse-drug-reactions": null,
    "targets": null,
    "enzymes": null,
    "carriers": null,
    "transporters": null
}