{
    "type": "small molecule",
    "created": "2019-05-20",
    "updated": "2020-06-12",
    "drugbank-id": [
        {
            "primary": true,
            "value": "DB15261"
        }
    ],
    "name": "Butafenacil",
    "description": "Butafenacil is under investigation in clinical trial NCT03760328 (Effect of Upper Airway Stimulation in Patients With Obstructive Sleep Apnea).",
    "cas-number": "134605-64-4",
    "unii": "7Z141CCP2R",
    "average-mass": 474.815,
    "monoisotopic-mass": 474.08054864,
    "groups": {
        "group": [
            "investigational"
        ]
    },
    "general-references": {
        "articles": null,
        "textbooks": null,
        "links": null,
        "attachments": null
    },
    "synthesis-reference": null,
    "indication": null,
    "pharmacodynamics": null,
    "mechanism-of-action": null,
    "toxicity": null,
    "metabolism": null,
    "absorption": null,
    "half-life": null,
    "protein-binding": null,
    "route-of-elimination": null,
    "volume-of-distribution": null,
    "clearance": null,
    "salts": null,
    "synonyms": {
        "synonym": [
            {
                "language": "english",
                "coder": "",
                "value": "INSPIRE"
            }
        ]
    },
    "products": null,
    "international-brands": null,
    "mixtures": null,
    "packagers": null,
    "manufacturers": null,
    "prices": null,
    "categories": {
        "category": [
            {
                "category": "Hydrocarbons, Halogenated",
                "mesh-id": "D006846"
            }
        ]
    },
    "affected-organisms": null,
    "dosages": null,
    "atc-codes": null,
    "ahfs-codes": null,
    "pdb-entries": null,
    "patents": null,
    "food-interactions": null,
    "drug-interactions": null,
    "calculated-properties": {
        "property": [
            {
                "kind": "logP",
                "value": "4.14",
                "source": "ALOGPS"
            },
            {
                "kind": "logS",
                "value": "-6",
                "source": "ALOGPS"
            },
            {
                "kind": "Water Solubility",
                "value": "4.35e-04 g/l",
                "source": "ALOGPS"
            },
            {
                "kind": "logP",
                "value": "4.01",
                "source": "ChemAxon"
            },
            {
                "kind": "IUPAC Name",
                "value": "prop-2-en-1-yl 2-{2-chloro-5-[3-methyl-2,6-dioxo-4-(trifluoromethyl)-1,2,3,6-tetrahydropyrimidin-1-yl]benzoyloxy}-2-methylpropanoate",
                "source": "ChemAxon"
            },
            {
                "kind": "Traditional IUPAC Name",
                "value": "(2R)-14-fluoro-2-methyl-6,9,10,19-tetraazapentacyclo[14.2.1.0^{2,6}.0^{8,18}.0^{12,17}]nonadeca-1(18),8,12(17),13,15-pentaen-11-one",
                "source": "ChemAxon"
            },
            {
                "kind": "Molecular Weight",
                "value": "474.815",
                "source": "ChemAxon"
            },
            {
                "kind": "Monoisotopic Weight",
                "value": "474.08054864",
                "source": "ChemAxon"
            },
            {
                "kind": "SMILES",
                "value": "CN1C(=O)N(C(=O)C=C1C(F)(F)F)C1=CC=C(Cl)C(=C1)C(=O)OC(C)(C)C(=O)OCC=C",
                "source": "ChemAxon"
            },
            {
                "kind": "Molecular Formula",
                "value": "C20H18ClF3N2O6",
                "source": "ChemAxon"
            },
            {
                "kind": "InChI",
                "value": "InChI=1S/C20H18ClF3N2O6/c1-5-8-31-17(29)19(2,3)32-16(28)12-9-11(6-7-13(12)21)26-15(27)10-14(20(22,23)24)25(4)18(26)30/h5-7,9-10H,1,8H2,2-4H3",
                "source": "ChemAxon"
            },
            {
                "kind": "InChIKey",
                "value": "JEDYYFXHPAIBGR-UHFFFAOYSA-N",
                "source": "ChemAxon"
            },
            {
                "kind": "Polar Surface Area (PSA)",
                "value": "93.22",
                "source": "ChemAxon"
            },
            {
                "kind": "Refractivity",
                "value": "108.11",
                "source": "ChemAxon"
            },
            {
                "kind": "Polarizability",
                "value": "42.11",
                "source": "ChemAxon"
            },
            {
                "kind": "Rotatable Bond Count",
                "value": "9",
                "source": "ChemAxon"
            },
            {
                "kind": "H Bond Acceptor Count",
                "value": "4",
                "source": "ChemAxon"
            },
            {
                "kind": "H Bond Donor Count",
                "value": "0",
                "source": "ChemAxon"
            },
            {
                "kind": "pKa (strongest basic)",
                "value": "-0.6",
                "source": "ChemAxon"
            },
            {
                "kind": "Physiological Charge",
                "value": "0",
                "source": "ChemAxon"
            },
            {
                "kind": "Number of Rings",
                "value": "2",
                "source": "ChemAxon"
            },
            {
                "kind": "Bioavailability",
                "value": "1",
                "source": "ChemAxon"
            },
            {
                "kind": "Rule of Five",
                "value": "1",
                "source": "ChemAxon"
            },
            {
                "kind": "Ghose Filter",
                "value": "1",
                "source": "ChemAxon"
            },
            {
                "kind": "MDDR-Like Rule",
                "value": "0",
                "source": "ChemAxon"
            }
        ]
    },
    "experimental-properties": null,
    "external-identifiers": {
        "external-identifier": [
            {
                "resource": "ChEBI",
                "identifier": "143863"
            },
            {
                "resource": "ChemSpider",
                "identifier": "10001509"
            },
            {
                "resource": "ChEMBL",
                "identifier": "CHEMBL1867342"
            },
            {
                "resource": "ZINC",
                "identifier": "ZINC000002563961"
            }
        ]
    },
    "external-links": null,
    "pathways": null,
    "reactions": null,
    "snp-effects": null,
    "snp-adverse-drug-reactions": null,
    "targets": null,
    "enzymes": null,
    "carriers": null,
    "transporters": null
}