{
    "type": "small molecule",
    "created": "2019-05-20",
    "updated": "2020-06-12",
    "drugbank-id": [
        {
            "primary": true,
            "value": "DB15144"
        }
    ],
    "name": "Altropane I-123",
    "description": "Altropane I-123 is under investigation in clinical trial NCT01950468 (A Cross-Over, Multi-Center Trial to Evaluate the Diagnostic Efficacy and Safety of [123I]NAV5001 as an Imaging Agent to Aid in the Diagnosis of Parkinsonian Syndromes).",
    "cas-number": "208517-65-1",
    "unii": "D20OLL8HWU",
    "average-mass": 425.275,
    "monoisotopic-mass": 425.061230027,
    "groups": {
        "group": [
            "investigational"
        ]
    },
    "general-references": {
        "articles": null,
        "textbooks": null,
        "links": null,
        "attachments": null
    },
    "synthesis-reference": null,
    "indication": null,
    "pharmacodynamics": null,
    "mechanism-of-action": null,
    "toxicity": null,
    "metabolism": null,
    "absorption": null,
    "half-life": null,
    "protein-binding": null,
    "route-of-elimination": null,
    "volume-of-distribution": null,
    "clearance": null,
    "salts": null,
    "synonyms": null,
    "products": null,
    "international-brands": null,
    "mixtures": null,
    "packagers": null,
    "manufacturers": null,
    "prices": null,
    "categories": null,
    "affected-organisms": null,
    "dosages": null,
    "atc-codes": null,
    "ahfs-codes": null,
    "pdb-entries": null,
    "patents": null,
    "food-interactions": null,
    "drug-interactions": null,
    "calculated-properties": {
        "property": [
            {
                "kind": "logP",
                "value": "4.05",
                "source": "ALOGPS"
            },
            {
                "kind": "logS",
                "value": "-4.7",
                "source": "ALOGPS"
            },
            {
                "kind": "Water Solubility",
                "value": "8.10e-03 g/l",
                "source": "ALOGPS"
            },
            {
                "kind": "logP",
                "value": "3.95",
                "source": "ChemAxon"
            },
            {
                "kind": "IUPAC Name",
                "value": "methyl (1R,2S,3S,5S)-3-(4-fluorophenyl)-8-[(2E)-3-(¹²³I)iodoprop-2-en-1-yl]-8-azabicyclo[3.2.1]octane-2-carboxylate",
                "source": "ChemAxon"
            },
            {
                "kind": "Traditional IUPAC Name",
                "value": "(2R)-14-fluoro-2-methyl-6,9,10,19-tetraazapentacyclo[14.2.1.0^{2,6}.0^{8,18}.0^{12,17}]nonadeca-1(18),8,12(17),13,15-pentaen-11-one",
                "source": "ChemAxon"
            },
            {
                "kind": "Molecular Weight",
                "value": "425.275",
                "source": "ChemAxon"
            },
            {
                "kind": "Monoisotopic Weight",
                "value": "425.061230027",
                "source": "ChemAxon"
            },
            {
                "kind": "SMILES",
                "value": "COC(=O)[C@@H]1[C@H]2CC[C@@H](C[C@@H]1C1=CC=C(F)C=C1)N2C\\C=C\\[123I]",
                "source": "ChemAxon"
            },
            {
                "kind": "Molecular Formula",
                "value": "C18H21FINO2",
                "source": "ChemAxon"
            },
            {
                "kind": "InChI",
                "value": "InChI=1S/C18H21FINO2/c1-23-18(22)17-15(12-3-5-13(19)6-4-12)11-14-7-8-16(17)21(14)10-2-9-20/h2-6,9,14-17H,7-8,10-11H2,1H3/b9-2+/t14-,15+,16+,17-/m0/s1/i20-4",
                "source": "ChemAxon"
            },
            {
                "kind": "InChIKey",
                "value": "GTQLIPQFXVKRKJ-HYRAKNMCSA-N",
                "source": "ChemAxon"
            },
            {
                "kind": "Polar Surface Area (PSA)",
                "value": "29.54",
                "source": "ChemAxon"
            },
            {
                "kind": "Refractivity",
                "value": "97.34",
                "source": "ChemAxon"
            },
            {
                "kind": "Polarizability",
                "value": "37.19",
                "source": "ChemAxon"
            },
            {
                "kind": "Rotatable Bond Count",
                "value": "5",
                "source": "ChemAxon"
            },
            {
                "kind": "H Bond Acceptor Count",
                "value": "2",
                "source": "ChemAxon"
            },
            {
                "kind": "H Bond Donor Count",
                "value": "0",
                "source": "ChemAxon"
            },
            {
                "kind": "pKa (strongest basic)",
                "value": "7.59",
                "source": "ChemAxon"
            },
            {
                "kind": "Physiological Charge",
                "value": "1",
                "source": "ChemAxon"
            },
            {
                "kind": "Number of Rings",
                "value": "3",
                "source": "ChemAxon"
            },
            {
                "kind": "Bioavailability",
                "value": "1",
                "source": "ChemAxon"
            },
            {
                "kind": "Rule of Five",
                "value": "1",
                "source": "ChemAxon"
            },
            {
                "kind": "Ghose Filter",
                "value": "1",
                "source": "ChemAxon"
            },
            {
                "kind": "MDDR-Like Rule",
                "value": "0",
                "source": "ChemAxon"
            }
        ]
    },
    "experimental-properties": null,
    "external-identifiers": {
        "external-identifier": [
            {
                "resource": "ChemSpider",
                "identifier": "32699338"
            }
        ]
    },
    "external-links": null,
    "pathways": null,
    "reactions": null,
    "snp-effects": null,
    "snp-adverse-drug-reactions": null,
    "targets": null,
    "enzymes": null,
    "carriers": null,
    "transporters": null
}