{
    "type": "small molecule",
    "created": "2019-05-20",
    "updated": "2022-12-01",
    "drugbank-id": [
        {
            "primary": true,
            "value": "DB15396"
        }
    ],
    "name": "Vamotinib",
    "description": "Vamotinib (PF-114) is under investigation in clinical trial NCT02885766 (Study to Evaluate Tolerability, Safety, Pharmacokinetics and Preliminary Efficacy of PF-114 for Oral Administration in Adults With Ph+ Chronic Myeloid Leukemia, Which is Resistant to the 2-nd Generation Bcr-Abl Inhibitors or Has T315I Mutation in the BCR-ABL Gene).",
    "cas-number": "1416241-23-0",
    "unii": "I8C3R768IZ",
    "average-mass": 532.571,
    "monoisotopic-mass": 532.219844002,
    "groups": {
        "group": [
            "investigational"
        ]
    },
    "general-references": {
        "articles": null,
        "textbooks": null,
        "links": null,
        "attachments": null
    },
    "synthesis-reference": null,
    "indication": null,
    "pharmacodynamics": null,
    "mechanism-of-action": null,
    "toxicity": null,
    "metabolism": null,
    "absorption": null,
    "half-life": null,
    "protein-binding": null,
    "route-of-elimination": null,
    "volume-of-distribution": null,
    "clearance": null,
    "classification": {
        "description": "This compound belongs to the class of organic compounds known as benzanilides. These are aromatic compounds containing an anilide group in which the carboxamide group is substituted with a benzene ring. They have the general structure RNC(=O)R', where R,R'= benzene.",
        "direct-parent": "Benzanilides",
        "kingdom": "Organic compounds",
        "superclass": "Benzenoids",
        "class": "Benzene and substituted derivatives",
        "subclass": "Anilides",
        "alternative-parent": [
            "Alkyl fluorides",
            "Amino acids and derivatives",
            "Aralkylamines",
            "Azacyclic compounds",
            "Benzamides",
            "Benzoyl derivatives",
            "Benzylamines",
            "Heteroaromatic compounds",
            "Hydrocarbon derivatives",
            "N-methylpiperazines",
            "Organic oxides",
            "Organofluorides",
            "Organooxygen compounds",
            "Phenylmethylamines",
            "Pyridines and derivatives",
            "Secondary carboxylic acid amides",
            "Trialkylamines",
            "Triazoles",
            "Triazolopyridines",
            "Trifluoromethylbenzenes",
            "p-Toluamides"
        ],
        "substituent": [
            "1,2,4-triazole",
            "1,4-diazinane",
            "Alkyl fluoride",
            "Alkyl halide",
            "Amine",
            "Amino acid or derivatives",
            "Aralkylamine",
            "Aromatic heteropolycyclic compound",
            "Azacycle",
            "Azole",
            "Benzamide",
            "Benzanilide",
            "Benzoic acid or derivatives",
            "Benzoyl",
            "Benzylamine",
            "Carboxamide group",
            "Carboxylic acid derivative",
            "Heteroaromatic compound",
            "Hydrocarbon derivative",
            "N-alkylpiperazine",
            "N-methylpiperazine",
            "Organic nitrogen compound",
            "Organic oxide",
            "Organic oxygen compound",
            "Organofluoride",
            "Organohalogen compound",
            "Organoheterocyclic compound",
            "Organonitrogen compound",
            "Organooxygen compound",
            "P-toluamide",
            "Phenylmethylamine",
            "Piperazine",
            "Pyridine",
            "Secondary carboxylic acid amide",
            "Tertiary aliphatic amine",
            "Tertiary amine",
            "Toluamide",
            "Toluene",
            "Triazole",
            "Triazolopyridine",
            "Trifluoromethylbenzene"
        ]
    },
    "salts": null,
    "synonyms": {
        "synonym": [
            {
                "language": "english",
                "coder": "inn",
                "value": "Vamotinib"
            }
        ]
    },
    "products": null,
    "international-brands": null,
    "mixtures": null,
    "packagers": null,
    "manufacturers": null,
    "prices": null,
    "categories": null,
    "affected-organisms": null,
    "dosages": null,
    "atc-codes": null,
    "ahfs-codes": null,
    "pdb-entries": null,
    "patents": null,
    "food-interactions": null,
    "drug-interactions": null,
    "calculated-properties": {
        "property": [
            {
                "kind": "logP",
                "value": "4.08",
                "source": "ALOGPS"
            },
            {
                "kind": "logS",
                "value": "-5.3",
                "source": "ALOGPS"
            },
            {
                "kind": "Water Solubility",
                "value": "2.90e-03 g/l",
                "source": "ALOGPS"
            },
            {
                "kind": "logP",
                "value": "4.57",
                "source": "ChemAxon"
            },
            {
                "kind": "IUPAC Name",
                "value": "4-methyl-N-{4-[(4-methylpiperazin-1-yl)methyl]-3-(trifluoromethyl)phenyl}-3-(2-{[1,2,4]triazolo[4,3-a]pyridin-3-yl}ethynyl)benzamide",
                "source": "ChemAxon"
            },
            {
                "kind": "Traditional IUPAC Name",
                "value": "(2R)-14-fluoro-2-methyl-6,9,10,19-tetraazapentacyclo[14.2.1.0^{2,6}.0^{8,18}.0^{12,17}]nonadeca-1(18),8,12(17),13,15-pentaen-11-one",
                "source": "ChemAxon"
            },
            {
                "kind": "Molecular Weight",
                "value": "532.571",
                "source": "ChemAxon"
            },
            {
                "kind": "Monoisotopic Weight",
                "value": "532.219844002",
                "source": "ChemAxon"
            },
            {
                "kind": "SMILES",
                "value": "CN1CCN(CC2=C(C=C(NC(=O)C3=CC=C(C)C(=C3)C#CC3=NN=C4C=CC=CN34)C=C2)C(F)(F)F)CC1",
                "source": "ChemAxon"
            },
            {
                "kind": "Molecular Formula",
                "value": "C29H27F3N6O",
                "source": "ChemAxon"
            },
            {
                "kind": "InChI",
                "value": "InChI=1S/C29H27F3N6O/c1-20-6-7-22(17-21(20)9-11-27-35-34-26-5-3-4-12-38(26)27)28(39)33-24-10-8-23(25(18-24)29(30,31)32)19-37-15-13-36(2)14-16-37/h3-8,10,12,17-18H,13-16,19H2,1-2H3,(H,33,39)",
                "source": "ChemAxon"
            },
            {
                "kind": "InChIKey",
                "value": "SLIVDYMORZGPLW-UHFFFAOYSA-N",
                "source": "ChemAxon"
            },
            {
                "kind": "Polar Surface Area (PSA)",
                "value": "65.77",
                "source": "ChemAxon"
            },
            {
                "kind": "Refractivity",
                "value": "144.61",
                "source": "ChemAxon"
            },
            {
                "kind": "Polarizability",
                "value": "55.11",
                "source": "ChemAxon"
            },
            {
                "kind": "Rotatable Bond Count",
                "value": "7",
                "source": "ChemAxon"
            },
            {
                "kind": "H Bond Acceptor Count",
                "value": "5",
                "source": "ChemAxon"
            },
            {
                "kind": "H Bond Donor Count",
                "value": "1",
                "source": "ChemAxon"
            },
            {
                "kind": "pKa (strongest acidic)",
                "value": "15.36",
                "source": "ChemAxon"
            },
            {
                "kind": "pKa (strongest basic)",
                "value": "7.62",
                "source": "ChemAxon"
            },
            {
                "kind": "Physiological Charge",
                "value": "1",
                "source": "ChemAxon"
            },
            {
                "kind": "Number of Rings",
                "value": "5",
                "source": "ChemAxon"
            },
            {
                "kind": "Bioavailability",
                "value": "1",
                "source": "ChemAxon"
            },
            {
                "kind": "Rule of Five",
                "value": "0",
                "source": "ChemAxon"
            },
            {
                "kind": "Ghose Filter",
                "value": "0",
                "source": "ChemAxon"
            },
            {
                "kind": "MDDR-Like Rule",
                "value": "1",
                "source": "ChemAxon"
            }
        ]
    },
    "experimental-properties": null,
    "external-identifiers": {
        "external-identifier": [
            {
                "resource": "ChemSpider",
                "identifier": "68007089"
            },
            {
                "resource": "BindingDB",
                "identifier": "260151"
            },
            {
                "resource": "ChEMBL",
                "identifier": "CHEMBL4297478"
            }
        ]
    },
    "external-links": null,
    "pathways": null,
    "reactions": null,
    "snp-effects": null,
    "snp-adverse-drug-reactions": null,
    "targets": null,
    "enzymes": null,
    "carriers": null,
    "transporters": null
}