{
    "type": "small molecule",
    "created": "2019-10-09",
    "updated": "2021-02-21",
    "drugbank-id": [
        {
            "primary": true,
            "value": "DB15527"
        }
    ],
    "name": "Umirolimus",
    "description": null,
    "cas-number": "851536-75-9",
    "unii": "U36PGF65JH",
    "average-mass": 986.294,
    "monoisotopic-mass": 985.612656485,
    "groups": {
        "group": [
            "experimental"
        ]
    },
    "general-references": {
        "articles": null,
        "textbooks": null,
        "links": null,
        "attachments": null
    },
    "synthesis-reference": null,
    "indication": null,
    "pharmacodynamics": null,
    "mechanism-of-action": null,
    "toxicity": null,
    "metabolism": null,
    "absorption": null,
    "half-life": null,
    "protein-binding": null,
    "route-of-elimination": null,
    "volume-of-distribution": null,
    "clearance": null,
    "salts": null,
    "synonyms": {
        "synonym": [
            {
                "language": "english",
                "coder": "",
                "value": "42-O-(2-ethoxyethyl) rapamycin"
            },
            {
                "language": "english",
                "coder": "",
                "value": "Biolimus A9"
            },
            {
                "language": "english",
                "coder": "inn/usan",
                "value": "Umirolimus"
            }
        ]
    },
    "products": {
        "product": [
            {
                "name": "Ba9",
                "labeller": "Johnson Matthey Pharmaceuticals Services",
                "ndc-id": null,
                "ndc-product-code": "50137-4233",
                "dpd-id": null,
                "ema-product-code": null,
                "ema-ma-number": null,
                "started-marketing-on": "2013-01-28",
                "ended-marketing-on": null,
                "dosage-form": "Powder",
                "strength": "1 kg/1kg",
                "route": null,
                "fda-application-number": null,
                "generic": false,
                "over-the-counter": false,
                "approved": false,
                "country": "US",
                "source": "FDA NDC"
            }
        ]
    },
    "international-brands": null,
    "mixtures": null,
    "packagers": null,
    "manufacturers": null,
    "prices": null,
    "categories": {
        "category": [
            {
                "category": "Anti-Bacterial Agents",
                "mesh-id": "D000900"
            },
            {
                "category": "Anti-Inflammatory Agents",
                "mesh-id": "D000893"
            },
            {
                "category": "Immunologic Factors",
                "mesh-id": "D007155"
            },
            {
                "category": "Immunosuppressive Agents",
                "mesh-id": "D007166"
            },
            {
                "category": "Lactones",
                "mesh-id": "D007783"
            },
            {
                "category": "Macrolides",
                "mesh-id": "D018942"
            }
        ]
    },
    "affected-organisms": null,
    "dosages": {
        "dosage": [
            {
                "form": "Powder",
                "route": null,
                "strength": "1 kg/1kg"
            }
        ]
    },
    "atc-codes": null,
    "ahfs-codes": null,
    "pdb-entries": null,
    "patents": null,
    "food-interactions": null,
    "drug-interactions": null,
    "calculated-properties": {
        "property": [
            {
                "kind": "logP",
                "value": "5.66",
                "source": "ALOGPS"
            },
            {
                "kind": "logS",
                "value": "-6.1",
                "source": "ALOGPS"
            },
            {
                "kind": "Water Solubility",
                "value": "7.63e-04 g/l",
                "source": "ALOGPS"
            },
            {
                "kind": "logP",
                "value": "8.4",
                "source": "ChemAxon"
            },
            {
                "kind": "IUPAC Name",
                "value": "(1R,9S,12S,15R,16E,18R,19R,21R,23S,24E,26E,28E,30S,32S,35R)-12-[(2R)-1-[(1S,3R,4R)-4-(2-ethoxyethoxy)-3-methoxycyclohexyl]propan-2-yl]-1,18-dihydroxy-19,30-dimethoxy-15,17,21,23,29,35-hexamethyl-11,36-dioxa-4-azatricyclo[30.3.1.0^{4,9}]hexatriaconta-16,24,26,28-tetraene-2,3,10,14,20-pentone",
                "source": "ChemAxon"
            },
            {
                "kind": "Traditional IUPAC Name",
                "value": "3-methyl-[1,2,4]triazino[3,4-a]phthalazin-4-one",
                "source": "ChemAxon"
            },
            {
                "kind": "Molecular Weight",
                "value": "986.294",
                "source": "ChemAxon"
            },
            {
                "kind": "Monoisotopic Weight",
                "value": "985.612656485",
                "source": "ChemAxon"
            },
            {
                "kind": "SMILES",
                "value": "[H][C@@]12CC[C@@H](C)[C@@](O)(O1)C(=O)C(=O)N1CCCC[C@@]1([H])C(=O)O[C@@]([H])(CC(=O)[C@H](C)\\C=C(C)\\[C@@H](O)[C@@H](OC)C(=O)[C@H](C)C[C@H](C)\\C=C\\C=C\\C=C(C)\\[C@H](C2)OC)[C@H](C)C[C@@H]1CC[C@@H](OCCOCC)[C@@H](C1)OC",
                "source": "ChemAxon"
            },
            {
                "kind": "Molecular Formula",
                "value": "C55H87NO14",
                "source": "ChemAxon"
            },
            {
                "kind": "InChI",
                "value": "InChI=1S/C55H87NO14/c1-12-67-26-27-68-45-24-22-41(31-48(45)65-10)30-37(5)47-33-44(57)36(4)29-39(7)50(59)51(66-11)49(58)38(6)28-34(2)18-14-13-15-19-35(3)46(64-9)32-42-23-21-40(8)55(63,70-42)52(60)53(61)56-25-17-16-20-43(56)54(62)69-47/h13-15,18-19,29,34,36-38,40-43,45-48,50-51,59,63H,12,16-17,20-28,30-33H2,1-11H3/b15-13+,18-14+,35-19+,39-29+/t34-,36-,37-,38-,40-,41+,42+,43+,45-,46+,47+,48-,50-,51+,55-/m1/s1",
                "source": "ChemAxon"
            },
            {
                "kind": "InChIKey",
                "value": "YYSFXUWWPNHNAZ-PKJQJFMNSA-N",
                "source": "ChemAxon"
            },
            {
                "kind": "Polar Surface Area (PSA)",
                "value": "193.66",
                "source": "ChemAxon"
            },
            {
                "kind": "Refractivity",
                "value": "271.21",
                "source": "ChemAxon"
            },
            {
                "kind": "Polarizability",
                "value": "110.83",
                "source": "ChemAxon"
            },
            {
                "kind": "Rotatable Bond Count",
                "value": "11",
                "source": "ChemAxon"
            },
            {
                "kind": "H Bond Acceptor Count",
                "value": "13",
                "source": "ChemAxon"
            },
            {
                "kind": "H Bond Donor Count",
                "value": "2",
                "source": "ChemAxon"
            },
            {
                "kind": "pKa (strongest acidic)",
                "value": "9.96",
                "source": "ChemAxon"
            },
            {
                "kind": "pKa (strongest basic)",
                "value": "-3",
                "source": "ChemAxon"
            },
            {
                "kind": "Physiological Charge",
                "value": "0",
                "source": "ChemAxon"
            },
            {
                "kind": "Number of Rings",
                "value": "4",
                "source": "ChemAxon"
            },
            {
                "kind": "Bioavailability",
                "value": "0",
                "source": "ChemAxon"
            },
            {
                "kind": "Rule of Five",
                "value": "0",
                "source": "ChemAxon"
            },
            {
                "kind": "Ghose Filter",
                "value": "0",
                "source": "ChemAxon"
            },
            {
                "kind": "MDDR-Like Rule",
                "value": "1",
                "source": "ChemAxon"
            }
        ]
    },
    "experimental-properties": null,
    "external-identifiers": {
        "external-identifier": [
            {
                "resource": "ChemSpider",
                "identifier": "24582455"
            },
            {
                "resource": "Wikipedia",
                "identifier": "Umirolimus"
            },
            {
                "resource": "ChEMBL",
                "identifier": "CHEMBL2107380"
            },
            {
                "resource": "ZINC",
                "identifier": "ZINC000169677041"
            },
            {
                "resource": "RxCUI",
                "identifier": "1942479"
            }
        ]
    },
    "external-links": null,
    "pathways": null,
    "reactions": null,
    "snp-effects": null,
    "snp-adverse-drug-reactions": null,
    "targets": null,
    "enzymes": null,
    "carriers": null,
    "transporters": null
}