{
    "type": "small molecule",
    "created": "2019-05-20",
    "updated": "2021-08-13",
    "drugbank-id": [
        {
            "primary": true,
            "value": "DB15198"
        }
    ],
    "name": "Dextromethadone",
    "description": "Dextromethadone is under investigation in clinical trial NCT00588640 (Study of D-Methadone in Patients With Chronic Pain).",
    "cas-number": "5653-80-5",
    "unii": "S95RZH8AMH",
    "average-mass": 309.453,
    "monoisotopic-mass": 309.209264493,
    "groups": {
        "group": [
            "investigational"
        ]
    },
    "general-references": {
        "articles": null,
        "textbooks": null,
        "links": null,
        "attachments": null
    },
    "synthesis-reference": null,
    "indication": null,
    "pharmacodynamics": null,
    "mechanism-of-action": null,
    "toxicity": null,
    "metabolism": null,
    "absorption": null,
    "half-life": null,
    "protein-binding": null,
    "route-of-elimination": null,
    "volume-of-distribution": null,
    "clearance": null,
    "classification": {
        "description": "This compound belongs to the class of organic compounds known as diphenylmethanes. These are compounds containing a diphenylmethane moiety, which consists of a methane wherein two hydrogen atoms are replaced by two phenyl groups.",
        "direct-parent": "Diphenylmethanes",
        "kingdom": "Organic compounds",
        "superclass": "Benzenoids",
        "class": "Benzene and substituted derivatives",
        "subclass": "Diphenylmethanes",
        "alternative-parent": [
            "Aralkylamines",
            "Gamma-amino ketones",
            "Hydrocarbon derivatives",
            "Organic oxides",
            "Organopnictogen compounds",
            "Trialkylamines"
        ],
        "substituent": [
            "Amine",
            "Aralkylamine",
            "Aromatic homomonocyclic compound",
            "Carbonyl group",
            "Diphenylmethane",
            "Gamma-aminoketone",
            "Hydrocarbon derivative",
            "Ketone",
            "Organic nitrogen compound",
            "Organic oxide",
            "Organic oxygen compound",
            "Organonitrogen compound",
            "Organooxygen compound",
            "Organopnictogen compound",
            "Tertiary aliphatic amine",
            "Tertiary amine"
        ]
    },
    "salts": null,
    "synonyms": {
        "synonym": [
            {
                "language": "english",
                "coder": "",
                "value": "D-methadone"
            }
        ]
    },
    "products": null,
    "international-brands": null,
    "mixtures": null,
    "packagers": null,
    "manufacturers": null,
    "prices": null,
    "categories": {
        "category": [
            {
                "category": "Analgesics",
                "mesh-id": "D000700"
            },
            {
                "category": "Analgesics, Non-Narcotic",
                "mesh-id": "D018712"
            },
            {
                "category": "Central Nervous System Agents",
                "mesh-id": "D002491"
            },
            {
                "category": "Ketones",
                "mesh-id": "D007659"
            },
            {
                "category": "Peripheral Nervous System Agents",
                "mesh-id": "D018373"
            },
            {
                "category": "Sensory System Agents",
                "mesh-id": "D018689"
            }
        ]
    },
    "affected-organisms": null,
    "dosages": null,
    "atc-codes": null,
    "ahfs-codes": null,
    "pdb-entries": null,
    "patents": null,
    "food-interactions": null,
    "drug-interactions": null,
    "calculated-properties": {
        "property": [
            {
                "kind": "logP",
                "value": "4.14",
                "source": "ALOGPS"
            },
            {
                "kind": "logS",
                "value": "-4.7",
                "source": "ALOGPS"
            },
            {
                "kind": "Water Solubility",
                "value": "5.90e-03 g/l",
                "source": "ALOGPS"
            },
            {
                "kind": "logP",
                "value": "5.01",
                "source": "ChemAxon"
            },
            {
                "kind": "IUPAC Name",
                "value": "(6S)-6-(dimethylamino)-4,4-diphenylheptan-3-one",
                "source": "ChemAxon"
            },
            {
                "kind": "Traditional IUPAC Name",
                "value": "(+/-)-methadone",
                "source": "ChemAxon"
            },
            {
                "kind": "Molecular Weight",
                "value": "309.453",
                "source": "ChemAxon"
            },
            {
                "kind": "Monoisotopic Weight",
                "value": "309.209264493",
                "source": "ChemAxon"
            },
            {
                "kind": "SMILES",
                "value": "CCC(=O)C(C[C@H](C)N(C)C)(C1=CC=CC=C1)C1=CC=CC=C1",
                "source": "ChemAxon"
            },
            {
                "kind": "Molecular Formula",
                "value": "C21H27NO",
                "source": "ChemAxon"
            },
            {
                "kind": "InChI",
                "value": "InChI=1S/C21H27NO/c1-5-20(23)21(16-17(2)22(3)4,18-12-8-6-9-13-18)19-14-10-7-11-15-19/h6-15,17H,5,16H2,1-4H3/t17-/m0/s1",
                "source": "ChemAxon"
            },
            {
                "kind": "InChIKey",
                "value": "USSIQXCVUWKGNF-KRWDZBQOSA-N",
                "source": "ChemAxon"
            },
            {
                "kind": "Polar Surface Area (PSA)",
                "value": "20.31",
                "source": "ChemAxon"
            },
            {
                "kind": "Refractivity",
                "value": "97.27",
                "source": "ChemAxon"
            },
            {
                "kind": "Polarizability",
                "value": "36.08",
                "source": "ChemAxon"
            },
            {
                "kind": "Rotatable Bond Count",
                "value": "7",
                "source": "ChemAxon"
            },
            {
                "kind": "H Bond Acceptor Count",
                "value": "2",
                "source": "ChemAxon"
            },
            {
                "kind": "H Bond Donor Count",
                "value": "0",
                "source": "ChemAxon"
            },
            {
                "kind": "pKa (strongest acidic)",
                "value": "19.79",
                "source": "ChemAxon"
            },
            {
                "kind": "pKa (strongest basic)",
                "value": "9.12",
                "source": "ChemAxon"
            },
            {
                "kind": "Physiological Charge",
                "value": "1",
                "source": "ChemAxon"
            },
            {
                "kind": "Number of Rings",
                "value": "2",
                "source": "ChemAxon"
            },
            {
                "kind": "Bioavailability",
                "value": "1",
                "source": "ChemAxon"
            },
            {
                "kind": "Rule of Five",
                "value": "0",
                "source": "ChemAxon"
            },
            {
                "kind": "Ghose Filter",
                "value": "1",
                "source": "ChemAxon"
            },
            {
                "kind": "MDDR-Like Rule",
                "value": "0",
                "source": "ChemAxon"
            }
        ]
    },
    "experimental-properties": null,
    "external-identifiers": {
        "external-identifier": [
            {
                "resource": "ChEBI",
                "identifier": "167308"
            },
            {
                "resource": "ChemSpider",
                "identifier": "559067"
            },
            {
                "resource": "BindingDB",
                "identifier": "50223640"
            },
            {
                "resource": "Wikipedia",
                "identifier": "Dextromethadone"
            },
            {
                "resource": "ChEMBL",
                "identifier": "CHEMBL350719"
            },
            {
                "resource": "ZINC",
                "identifier": "ZINC000001530707"
            }
        ]
    },
    "external-links": null,
    "pathways": null,
    "reactions": null,
    "snp-effects": null,
    "snp-adverse-drug-reactions": null,
    "targets": null,
    "enzymes": null,
    "carriers": null,
    "transporters": null
}