{
    "type": "small molecule",
    "created": "2019-05-20",
    "updated": "2020-06-12",
    "drugbank-id": [
        {
            "primary": true,
            "value": "DB15302"
        }
    ],
    "name": "2-fluorofucose",
    "description": "2-fluorofucose is under investigation in clinical trial NCT02952989 (A Safety Study of SGN-2FF for Patients With Advanced Solid Tumors).",
    "cas-number": "70763-62-1",
    "unii": "W39886N0ZG",
    "average-mass": 166.148,
    "monoisotopic-mass": 166.064136997,
    "groups": {
        "group": [
            "investigational"
        ]
    },
    "general-references": {
        "articles": null,
        "textbooks": null,
        "links": null,
        "attachments": null
    },
    "synthesis-reference": null,
    "indication": null,
    "pharmacodynamics": null,
    "mechanism-of-action": null,
    "toxicity": null,
    "metabolism": null,
    "absorption": null,
    "half-life": null,
    "protein-binding": null,
    "route-of-elimination": null,
    "volume-of-distribution": null,
    "clearance": null,
    "salts": null,
    "synonyms": {
        "synonym": [
            {
                "language": "english",
                "coder": "",
                "value": "SGN-2FF"
            }
        ]
    },
    "products": null,
    "international-brands": null,
    "mixtures": null,
    "packagers": null,
    "manufacturers": null,
    "prices": null,
    "categories": null,
    "affected-organisms": null,
    "dosages": null,
    "atc-codes": null,
    "ahfs-codes": null,
    "pdb-entries": null,
    "patents": null,
    "food-interactions": null,
    "drug-interactions": null,
    "calculated-properties": {
        "property": [
            {
                "kind": "logP",
                "value": "-0.97",
                "source": "ALOGPS"
            },
            {
                "kind": "logS",
                "value": "-0.16",
                "source": "ALOGPS"
            },
            {
                "kind": "Water Solubility",
                "value": "1.15e+02 g/l",
                "source": "ALOGPS"
            },
            {
                "kind": "logP",
                "value": "-1.6",
                "source": "ChemAxon"
            },
            {
                "kind": "IUPAC Name",
                "value": "(2S,3R,4R,5S)-2-fluoro-3,4,5-trihydroxyhexanal",
                "source": "ChemAxon"
            },
            {
                "kind": "Traditional IUPAC Name",
                "value": "(2R)-14-fluoro-2-methyl-6,9,10,19-tetraazapentacyclo[14.2.1.0^{2,6}.0^{8,18}.0^{12,17}]nonadeca-1(18),8,12(17),13,15-pentaen-11-one",
                "source": "ChemAxon"
            },
            {
                "kind": "Molecular Weight",
                "value": "166.148",
                "source": "ChemAxon"
            },
            {
                "kind": "Monoisotopic Weight",
                "value": "166.064136997",
                "source": "ChemAxon"
            },
            {
                "kind": "SMILES",
                "value": "C[C@H](O)[C@@H](O)[C@@H](O)[C@H](F)C=O",
                "source": "ChemAxon"
            },
            {
                "kind": "Molecular Formula",
                "value": "C6H11FO4",
                "source": "ChemAxon"
            },
            {
                "kind": "InChI",
                "value": "InChI=1S/C6H11FO4/c1-3(9)5(10)6(11)4(7)2-8/h2-6,9-11H,1H3/t3-,4+,5+,6-/m0/s1",
                "source": "ChemAxon"
            },
            {
                "kind": "InChIKey",
                "value": "SQTFKIKSQNCWGJ-KCDKBNATSA-N",
                "source": "ChemAxon"
            },
            {
                "kind": "Polar Surface Area (PSA)",
                "value": "77.76",
                "source": "ChemAxon"
            },
            {
                "kind": "Refractivity",
                "value": "34.11",
                "source": "ChemAxon"
            },
            {
                "kind": "Polarizability",
                "value": "14.49",
                "source": "ChemAxon"
            },
            {
                "kind": "Rotatable Bond Count",
                "value": "4",
                "source": "ChemAxon"
            },
            {
                "kind": "H Bond Acceptor Count",
                "value": "4",
                "source": "ChemAxon"
            },
            {
                "kind": "H Bond Donor Count",
                "value": "3",
                "source": "ChemAxon"
            },
            {
                "kind": "pKa (strongest acidic)",
                "value": "12.31",
                "source": "ChemAxon"
            },
            {
                "kind": "pKa (strongest basic)",
                "value": "-3",
                "source": "ChemAxon"
            },
            {
                "kind": "Physiological Charge",
                "value": "0",
                "source": "ChemAxon"
            },
            {
                "kind": "Number of Rings",
                "value": "0",
                "source": "ChemAxon"
            },
            {
                "kind": "Bioavailability",
                "value": "1",
                "source": "ChemAxon"
            },
            {
                "kind": "Rule of Five",
                "value": "1",
                "source": "ChemAxon"
            },
            {
                "kind": "Ghose Filter",
                "value": "0",
                "source": "ChemAxon"
            },
            {
                "kind": "MDDR-Like Rule",
                "value": "0",
                "source": "ChemAxon"
            }
        ]
    },
    "experimental-properties": null,
    "external-identifiers": {
        "external-identifier": [
            {
                "resource": "ChemSpider",
                "identifier": "111855"
            },
            {
                "resource": "ZINC",
                "identifier": "ZINC000006030222"
            }
        ]
    },
    "external-links": null,
    "pathways": null,
    "reactions": null,
    "snp-effects": null,
    "snp-adverse-drug-reactions": null,
    "targets": null,
    "enzymes": null,
    "carriers": null,
    "transporters": null
}