{
    "type": "small molecule",
    "created": "2019-05-20",
    "updated": "2022-12-13",
    "drugbank-id": [
        {
            "primary": true,
            "value": "DB15147"
        }
    ],
    "name": "Tinostamustine",
    "description": "Tinostamustine is under investigation in clinical trial NCT03452930 (Tinostamustine With or Without Radiation Therapy in Treating Patients With Newly Diagnosed MGMT-Unmethylated Glioblastoma).",
    "cas-number": "1236199-60-2",
    "unii": "29DKI2H2NY",
    "average-mass": 415.36,
    "monoisotopic-mass": 414.1589316,
    "groups": {
        "group": [
            "investigational"
        ]
    },
    "general-references": {
        "articles": null,
        "textbooks": null,
        "links": null,
        "attachments": null
    },
    "synthesis-reference": null,
    "indication": null,
    "pharmacodynamics": null,
    "mechanism-of-action": null,
    "toxicity": null,
    "metabolism": null,
    "absorption": null,
    "half-life": null,
    "protein-binding": null,
    "route-of-elimination": null,
    "volume-of-distribution": null,
    "clearance": null,
    "salts": {
        "salt": [
            {
                "drugbank-id": [
                    {
                        "primary": true,
                        "value": "DBSALT003266"
                    }
                ],
                "name": "Tinostamustine hydrochloride",
                "unii": "QK4ZBS4FPO",
                "cas-number": "1793059-58-1",
                "inchikey": "DWGQFQRWFYIINU-UHFFFAOYSA-N",
                "average-mass": 451.82,
                "monoisotopic-mass": 450.1356093
            }
        ]
    },
    "synonyms": {
        "synonym": [
            {
                "language": "english",
                "coder": "inn/usan",
                "value": "Tinostamustine"
            }
        ]
    },
    "products": null,
    "international-brands": null,
    "mixtures": null,
    "packagers": null,
    "manufacturers": null,
    "prices": null,
    "categories": {
        "category": [
            {
                "category": "Heterocyclic Compounds, Fused-Ring",
                "mesh-id": "D000072471"
            }
        ]
    },
    "affected-organisms": null,
    "dosages": null,
    "atc-codes": null,
    "ahfs-codes": null,
    "pdb-entries": null,
    "patents": null,
    "food-interactions": null,
    "drug-interactions": null,
    "calculated-properties": {
        "property": [
            {
                "kind": "logP",
                "value": "4.61",
                "source": "ALOGPS"
            },
            {
                "kind": "logS",
                "value": "-4.5",
                "source": "ALOGPS"
            },
            {
                "kind": "Water Solubility",
                "value": "1.20e-02 g/l",
                "source": "ALOGPS"
            },
            {
                "kind": "logP",
                "value": "3.72",
                "source": "ChemAxon"
            },
            {
                "kind": "IUPAC Name",
                "value": "7-{5-[bis(2-chloroethyl)amino]-1-methyl-1H-1,3-benzodiazol-2-yl}-N-hydroxyheptanamide",
                "source": "ChemAxon"
            },
            {
                "kind": "Traditional IUPAC Name",
                "value": "(2R)-14-fluoro-2-methyl-6,9,10,19-tetraazapentacyclo[14.2.1.0^{2,6}.0^{8,18}.0^{12,17}]nonadeca-1(18),8,12(17),13,15-pentaen-11-one",
                "source": "ChemAxon"
            },
            {
                "kind": "Molecular Weight",
                "value": "415.36",
                "source": "ChemAxon"
            },
            {
                "kind": "Monoisotopic Weight",
                "value": "414.1589316",
                "source": "ChemAxon"
            },
            {
                "kind": "SMILES",
                "value": "CN1C(CCCCCCC(=O)NO)=NC2=CC(=CC=C12)N(CCCl)CCCl",
                "source": "ChemAxon"
            },
            {
                "kind": "Molecular Formula",
                "value": "C19H28Cl2N4O2",
                "source": "ChemAxon"
            },
            {
                "kind": "InChI",
                "value": "InChI=1S/C19H28Cl2N4O2/c1-24-17-9-8-15(25(12-10-20)13-11-21)14-16(17)22-18(24)6-4-2-3-5-7-19(26)23-27/h8-9,14,27H,2-7,10-13H2,1H3,(H,23,26)",
                "source": "ChemAxon"
            },
            {
                "kind": "InChIKey",
                "value": "GISXTRIGVCKQBX-UHFFFAOYSA-N",
                "source": "ChemAxon"
            },
            {
                "kind": "Polar Surface Area (PSA)",
                "value": "70.39",
                "source": "ChemAxon"
            },
            {
                "kind": "Refractivity",
                "value": "110.31",
                "source": "ChemAxon"
            },
            {
                "kind": "Polarizability",
                "value": "46.02",
                "source": "ChemAxon"
            },
            {
                "kind": "Rotatable Bond Count",
                "value": "12",
                "source": "ChemAxon"
            },
            {
                "kind": "H Bond Acceptor Count",
                "value": "4",
                "source": "ChemAxon"
            },
            {
                "kind": "H Bond Donor Count",
                "value": "2",
                "source": "ChemAxon"
            },
            {
                "kind": "pKa (strongest acidic)",
                "value": "8.92",
                "source": "ChemAxon"
            },
            {
                "kind": "pKa (strongest basic)",
                "value": "7.2",
                "source": "ChemAxon"
            },
            {
                "kind": "Physiological Charge",
                "value": "1",
                "source": "ChemAxon"
            },
            {
                "kind": "Number of Rings",
                "value": "2",
                "source": "ChemAxon"
            },
            {
                "kind": "Bioavailability",
                "value": "1",
                "source": "ChemAxon"
            },
            {
                "kind": "Rule of Five",
                "value": "1",
                "source": "ChemAxon"
            },
            {
                "kind": "Ghose Filter",
                "value": "1",
                "source": "ChemAxon"
            },
            {
                "kind": "MDDR-Like Rule",
                "value": "0",
                "source": "ChemAxon"
            }
        ]
    },
    "experimental-properties": null,
    "external-identifiers": {
        "external-identifier": [
            {
                "resource": "ChemSpider",
                "identifier": "58171714"
            },
            {
                "resource": "ChEMBL",
                "identifier": "CHEMBL3989941"
            }
        ]
    },
    "external-links": null,
    "pathways": null,
    "reactions": null,
    "snp-effects": null,
    "snp-adverse-drug-reactions": null,
    "targets": null,
    "enzymes": null,
    "carriers": null,
    "transporters": null
}