{
    "type": "small molecule",
    "created": "2019-05-20",
    "updated": "2020-06-12",
    "drugbank-id": [
        {
            "primary": true,
            "value": "DB15108"
        }
    ],
    "name": "Tipranavir C-14",
    "description": "Tipranavir C-14 is under investigation in clinical trial NCT02253797 (Pharmacokinetics of Tipranavir/Ritonavir and Its Metabolites in Healthy Male Subjects).",
    "cas-number": "1141509-98-9",
    "unii": "VU8T5RB4VW",
    "average-mass": 604.66,
    "monoisotopic-mass": 604.209469822,
    "groups": {
        "group": [
            "investigational"
        ]
    },
    "general-references": {
        "articles": null,
        "textbooks": null,
        "links": null,
        "attachments": null
    },
    "synthesis-reference": null,
    "indication": null,
    "pharmacodynamics": null,
    "mechanism-of-action": null,
    "toxicity": null,
    "metabolism": null,
    "absorption": null,
    "half-life": null,
    "protein-binding": null,
    "route-of-elimination": null,
    "volume-of-distribution": null,
    "clearance": null,
    "salts": null,
    "synonyms": {
        "synonym": [
            {
                "language": "english",
                "coder": "",
                "value": "14C-TIPRANAVIR"
            }
        ]
    },
    "products": null,
    "international-brands": null,
    "mixtures": null,
    "packagers": null,
    "manufacturers": null,
    "prices": null,
    "categories": {
        "category": [
            {
                "category": "Amides",
                "mesh-id": "D000577"
            },
            {
                "category": "Anti-HIV Agents",
                "mesh-id": "D019380"
            },
            {
                "category": "Anti-Infective Agents",
                "mesh-id": "D000890"
            },
            {
                "category": "Anti-Retroviral Agents",
                "mesh-id": "D044966"
            },
            {
                "category": "Antiviral Agents",
                "mesh-id": "D000998"
            },
            {
                "category": "Pyrans",
                "mesh-id": "D011714"
            },
            {
                "category": "Sulfones",
                "mesh-id": "D013450"
            },
            {
                "category": "Sulfur Compounds",
                "mesh-id": "D013457"
            }
        ]
    },
    "affected-organisms": null,
    "dosages": null,
    "atc-codes": null,
    "ahfs-codes": null,
    "pdb-entries": null,
    "patents": null,
    "food-interactions": null,
    "drug-interactions": null,
    "calculated-properties": {
        "property": [
            {
                "kind": "logP",
                "value": "6.29",
                "source": "ALOGPS"
            },
            {
                "kind": "logS",
                "value": "-6.5",
                "source": "ALOGPS"
            },
            {
                "kind": "Water Solubility",
                "value": "2.05e-04 g/l",
                "source": "ALOGPS"
            },
            {
                "kind": "logP",
                "value": "7.14",
                "source": "ChemAxon"
            },
            {
                "kind": "IUPAC Name",
                "value": "N-{3-[(1R)-1-[(6R)-4-hydroxy-2-oxo-6-(2-phenylethyl)-6-propyl-5,6-dihydro-2H-pyran-3-yl](1-14C)propyl]phenyl}-5-(trifluoromethyl)pyridine-2-sulfonamide",
                "source": "ChemAxon"
            },
            {
                "kind": "Traditional IUPAC Name",
                "value": "(2R)-14-fluoro-2-methyl-6,9,10,19-tetraazapentacyclo[14.2.1.0^{2,6}.0^{8,18}.0^{12,17}]nonadeca-1(18),8,12(17),13,15-pentaen-11-one",
                "source": "ChemAxon"
            },
            {
                "kind": "Molecular Weight",
                "value": "604.66",
                "source": "ChemAxon"
            },
            {
                "kind": "Monoisotopic Weight",
                "value": "604.209469822",
                "source": "ChemAxon"
            },
            {
                "kind": "SMILES",
                "value": "CCC[C@@]1(CCC2=CC=CC=C2)CC(O)=C([14C@H](CC)C2=CC=CC(NS(=O)(=O)C3=NC=C(C=C3)C(F)(F)F)=C2)C(=O)O1",
                "source": "ChemAxon"
            },
            {
                "kind": "Molecular Formula",
                "value": "C31H33F3N2O5S",
                "source": "ChemAxon"
            },
            {
                "kind": "InChI",
                "value": "InChI=1S/C31H33F3N2O5S/c1-3-16-30(17-15-21-9-6-5-7-10-21)19-26(37)28(29(38)41-30)25(4-2)22-11-8-12-24(18-22)36-42(39,40)27-14-13-23(20-35-27)31(32,33)34/h5-14,18,20,25,36-37H,3-4,15-17,19H2,1-2H3/t25-,30-/m1/s1/i25+2",
                "source": "ChemAxon"
            },
            {
                "kind": "InChIKey",
                "value": "SUJUHGSWHZTSEU-MWQIXQBFSA-N",
                "source": "ChemAxon"
            },
            {
                "kind": "Polar Surface Area (PSA)",
                "value": "105.59",
                "source": "ChemAxon"
            },
            {
                "kind": "Refractivity",
                "value": "154.57",
                "source": "ChemAxon"
            },
            {
                "kind": "Polarizability",
                "value": "60.65",
                "source": "ChemAxon"
            },
            {
                "kind": "Rotatable Bond Count",
                "value": "11",
                "source": "ChemAxon"
            },
            {
                "kind": "H Bond Acceptor Count",
                "value": "5",
                "source": "ChemAxon"
            },
            {
                "kind": "H Bond Donor Count",
                "value": "2",
                "source": "ChemAxon"
            },
            {
                "kind": "pKa (strongest acidic)",
                "value": "5.96",
                "source": "ChemAxon"
            },
            {
                "kind": "pKa (strongest basic)",
                "value": "-2.3",
                "source": "ChemAxon"
            },
            {
                "kind": "Physiological Charge",
                "value": "-1",
                "source": "ChemAxon"
            },
            {
                "kind": "Number of Rings",
                "value": "4",
                "source": "ChemAxon"
            },
            {
                "kind": "Bioavailability",
                "value": "0",
                "source": "ChemAxon"
            },
            {
                "kind": "Rule of Five",
                "value": "0",
                "source": "ChemAxon"
            },
            {
                "kind": "Ghose Filter",
                "value": "0",
                "source": "ChemAxon"
            },
            {
                "kind": "MDDR-Like Rule",
                "value": "1",
                "source": "ChemAxon"
            }
        ]
    },
    "experimental-properties": null,
    "external-identifiers": {
        "external-identifier": [
            {
                "resource": "ChemSpider",
                "identifier": "24687112"
            },
            {
                "resource": "ChEMBL",
                "identifier": "CHEMBL445699"
            }
        ]
    },
    "external-links": null,
    "pathways": null,
    "reactions": null,
    "snp-effects": null,
    "snp-adverse-drug-reactions": null,
    "targets": null,
    "enzymes": null,
    "carriers": null,
    "transporters": null
}