{
    "type": "small molecule",
    "created": "2019-05-20",
    "updated": "2022-12-13",
    "drugbank-id": [
        {
            "primary": true,
            "value": "DB15110"
        }
    ],
    "name": "Onvansertib",
    "description": "Onvansertib is under investigation in clinical trial NCT03303339 (Onvansertib in Combination With Either Low-dose Cytarabine or Decitabine in Adult Patients With Acute Myeloid Leukemia (AML).).",
    "cas-number": "1034616-18-6",
    "unii": "67RM91WDHQ",
    "average-mass": 532.5182,
    "monoisotopic-mass": 532.215821385,
    "groups": {
        "group": [
            "investigational"
        ]
    },
    "general-references": {
        "articles": null,
        "textbooks": null,
        "links": null,
        "attachments": null
    },
    "synthesis-reference": null,
    "indication": null,
    "pharmacodynamics": null,
    "mechanism-of-action": null,
    "toxicity": null,
    "metabolism": null,
    "absorption": null,
    "half-life": null,
    "protein-binding": null,
    "route-of-elimination": null,
    "volume-of-distribution": null,
    "clearance": null,
    "salts": {
        "salt": [
            {
                "drugbank-id": [
                    {
                        "primary": true,
                        "value": "DBSALT003265"
                    }
                ],
                "name": "Onvansertib fumarate",
                "unii": "HMP6CI6R6V",
                "cas-number": "1263293-37-3",
                "inchikey": null
            }
        ]
    },
    "synonyms": {
        "synonym": [
            {
                "language": "english",
                "coder": "",
                "value": "1-(2-Hydroxyethyl)-8-((5-(4-methylpiperazin-1-yl)-2-(trifluoromethoxy)phenyl)amino)-4,5-dihydro-1H-pyrazolo[4,3-h]quinazoline-3-carboxamide"
            },
            {
                "language": "english",
                "coder": "inn/usan",
                "value": "Onvansertib"
            }
        ]
    },
    "products": null,
    "international-brands": null,
    "mixtures": null,
    "packagers": null,
    "manufacturers": null,
    "prices": null,
    "categories": {
        "category": [
            {
                "category": "Enzyme Inhibitors",
                "mesh-id": "D004791"
            },
            {
                "category": "Heterocyclic Compounds, Fused-Ring",
                "mesh-id": "D000072471"
            },
            {
                "category": "Protein Kinase Inhibitors",
                "mesh-id": "D047428"
            }
        ]
    },
    "affected-organisms": null,
    "dosages": null,
    "atc-codes": null,
    "ahfs-codes": null,
    "pdb-entries": {
        "pdb-entry": [
            "2yac"
        ]
    },
    "patents": null,
    "food-interactions": null,
    "drug-interactions": null,
    "calculated-properties": {
        "property": [
            {
                "kind": "logP",
                "value": "2.21",
                "source": "ALOGPS"
            },
            {
                "kind": "logS",
                "value": "-4",
                "source": "ALOGPS"
            },
            {
                "kind": "Water Solubility",
                "value": "5.22e-02 g/l",
                "source": "ALOGPS"
            },
            {
                "kind": "logP",
                "value": "3.05",
                "source": "ChemAxon"
            },
            {
                "kind": "IUPAC Name",
                "value": "1-(2-hydroxyethyl)-8-{[5-(4-methylpiperazin-1-yl)-2-(trifluoromethoxy)phenyl]amino}-1H,4H,5H-pyrazolo[4,3-h]quinazoline-3-carboxamide",
                "source": "ChemAxon"
            },
            {
                "kind": "Traditional IUPAC Name",
                "value": "(2R)-14-fluoro-2-methyl-6,9,10,19-tetraazapentacyclo[14.2.1.0^{2,6}.0^{8,18}.0^{12,17}]nonadeca-1(18),8,12(17),13,15-pentaen-11-one",
                "source": "ChemAxon"
            },
            {
                "kind": "Molecular Weight",
                "value": "532.5182",
                "source": "ChemAxon"
            },
            {
                "kind": "Monoisotopic Weight",
                "value": "532.215821385",
                "source": "ChemAxon"
            },
            {
                "kind": "SMILES",
                "value": "CN1CCN(CC1)C1=CC(NC2=NC=C3CCC4=C(N(CCO)N=C4C(N)=O)C3=N2)=C(OC(F)(F)F)C=C1",
                "source": "ChemAxon"
            },
            {
                "kind": "Molecular Formula",
                "value": "C24H27F3N8O3",
                "source": "ChemAxon"
            },
            {
                "kind": "InChI",
                "value": "InChI=1S/C24H27F3N8O3/c1-33-6-8-34(9-7-33)15-3-5-18(38-24(25,26)27)17(12-15)30-23-29-13-14-2-4-16-20(22(28)37)32-35(10-11-36)21(16)19(14)31-23/h3,5,12-13,36H,2,4,6-11H2,1H3,(H2,28,37)(H,29,30,31)",
                "source": "ChemAxon"
            },
            {
                "kind": "InChIKey",
                "value": "QHLVBNKYJGBCQJ-UHFFFAOYSA-N",
                "source": "ChemAxon"
            },
            {
                "kind": "Polar Surface Area (PSA)",
                "value": "134.66",
                "source": "ChemAxon"
            },
            {
                "kind": "Refractivity",
                "value": "141.53",
                "source": "ChemAxon"
            },
            {
                "kind": "Polarizability",
                "value": "53.02",
                "source": "ChemAxon"
            },
            {
                "kind": "Rotatable Bond Count",
                "value": "8",
                "source": "ChemAxon"
            },
            {
                "kind": "H Bond Acceptor Count",
                "value": "9",
                "source": "ChemAxon"
            },
            {
                "kind": "H Bond Donor Count",
                "value": "3",
                "source": "ChemAxon"
            },
            {
                "kind": "pKa (strongest acidic)",
                "value": "12.65",
                "source": "ChemAxon"
            },
            {
                "kind": "pKa (strongest basic)",
                "value": "7.81",
                "source": "ChemAxon"
            },
            {
                "kind": "Physiological Charge",
                "value": "1",
                "source": "ChemAxon"
            },
            {
                "kind": "Number of Rings",
                "value": "5",
                "source": "ChemAxon"
            },
            {
                "kind": "Bioavailability",
                "value": "1",
                "source": "ChemAxon"
            },
            {
                "kind": "Rule of Five",
                "value": "0",
                "source": "ChemAxon"
            },
            {
                "kind": "Ghose Filter",
                "value": "0",
                "source": "ChemAxon"
            },
            {
                "kind": "MDDR-Like Rule",
                "value": "1",
                "source": "ChemAxon"
            }
        ]
    },
    "experimental-properties": null,
    "external-identifiers": {
        "external-identifier": [
            {
                "resource": "ChemSpider",
                "identifier": "26325993"
            },
            {
                "resource": "BindingDB",
                "identifier": "50343559"
            },
            {
                "resource": "PDB",
                "identifier": "937"
            },
            {
                "resource": "ChEMBL",
                "identifier": "CHEMBL1738758"
            },
            {
                "resource": "ZINC",
                "identifier": "ZINC000043196885"
            }
        ]
    },
    "external-links": null,
    "pathways": null,
    "reactions": null,
    "snp-effects": null,
    "snp-adverse-drug-reactions": null,
    "targets": null,
    "enzymes": null,
    "carriers": null,
    "transporters": null
}