{
    "type": "small molecule",
    "created": "2019-05-20",
    "updated": "2020-06-12",
    "drugbank-id": [
        {
            "primary": true,
            "value": "DB15296"
        }
    ],
    "name": "D-fluoromethyltyrosine F-18",
    "description": "D-fluoromethyltyrosine F-18 is under investigation in clinical trial NCT01089998 (PET/CT Imaging for Radiation Dosimetry, Plasma Pharmacokinetics, Safety and Tolerability in Healthy Volunteers and Safety, Tolerability and Diagnostic Performance of BAY86-9596 in Patients With Non-small Cell Lung Cancer, Breast Cancer, Head and Neck Cancer and Patients With Inflammations).",
    "cas-number": "870452-26-9",
    "unii": "58HVN5SR99",
    "average-mass": 212.211,
    "monoisotopic-mass": 212.082655917,
    "groups": {
        "group": [
            "investigational"
        ]
    },
    "general-references": {
        "articles": null,
        "textbooks": null,
        "links": null,
        "attachments": null
    },
    "synthesis-reference": null,
    "indication": null,
    "pharmacodynamics": null,
    "mechanism-of-action": null,
    "toxicity": null,
    "metabolism": null,
    "absorption": null,
    "half-life": null,
    "protein-binding": null,
    "route-of-elimination": null,
    "volume-of-distribution": null,
    "clearance": null,
    "salts": null,
    "synonyms": null,
    "products": null,
    "international-brands": null,
    "mixtures": null,
    "packagers": null,
    "manufacturers": null,
    "prices": null,
    "categories": null,
    "affected-organisms": null,
    "dosages": null,
    "atc-codes": null,
    "ahfs-codes": null,
    "pdb-entries": null,
    "patents": null,
    "food-interactions": null,
    "drug-interactions": null,
    "calculated-properties": {
        "property": [
            {
                "kind": "logP",
                "value": "-1.8",
                "source": "ALOGPS"
            },
            {
                "kind": "logS",
                "value": "-1.9",
                "source": "ALOGPS"
            },
            {
                "kind": "Water Solubility",
                "value": "2.63e+00 g/l",
                "source": "ALOGPS"
            },
            {
                "kind": "logP",
                "value": "-1.2",
                "source": "ChemAxon"
            },
            {
                "kind": "IUPAC Name",
                "value": "(2R)-2-amino-3-{4-[(¹⁸F)fluoromethoxy]phenyl}propanoic acid",
                "source": "ChemAxon"
            },
            {
                "kind": "Traditional IUPAC Name",
                "value": "(2R)-14-fluoro-2-methyl-6,9,10,19-tetraazapentacyclo[14.2.1.0^{2,6}.0^{8,18}.0^{12,17}]nonadeca-1(18),8,12(17),13,15-pentaen-11-one",
                "source": "ChemAxon"
            },
            {
                "kind": "Molecular Weight",
                "value": "212.211",
                "source": "ChemAxon"
            },
            {
                "kind": "Monoisotopic Weight",
                "value": "212.082655917",
                "source": "ChemAxon"
            },
            {
                "kind": "SMILES",
                "value": "N[C@H](CC1=CC=C(OC[18F])C=C1)C(O)=O",
                "source": "ChemAxon"
            },
            {
                "kind": "Molecular Formula",
                "value": "C10H12FNO3",
                "source": "ChemAxon"
            },
            {
                "kind": "InChI",
                "value": "InChI=1S/C10H12FNO3/c11-6-15-8-3-1-7(2-4-8)5-9(12)10(13)14/h1-4,9H,5-6,12H2,(H,13,14)/t9-/m1/s1/i11-1",
                "source": "ChemAxon"
            },
            {
                "kind": "InChIKey",
                "value": "GEBHVOHKNWLITQ-DEVVULMSSA-N",
                "source": "ChemAxon"
            },
            {
                "kind": "Polar Surface Area (PSA)",
                "value": "72.55",
                "source": "ChemAxon"
            },
            {
                "kind": "Refractivity",
                "value": "51.3",
                "source": "ChemAxon"
            },
            {
                "kind": "Polarizability",
                "value": "20.29",
                "source": "ChemAxon"
            },
            {
                "kind": "Rotatable Bond Count",
                "value": "5",
                "source": "ChemAxon"
            },
            {
                "kind": "H Bond Acceptor Count",
                "value": "4",
                "source": "ChemAxon"
            },
            {
                "kind": "H Bond Donor Count",
                "value": "2",
                "source": "ChemAxon"
            },
            {
                "kind": "pKa (strongest acidic)",
                "value": "2.06",
                "source": "ChemAxon"
            },
            {
                "kind": "pKa (strongest basic)",
                "value": "9.47",
                "source": "ChemAxon"
            },
            {
                "kind": "Physiological Charge",
                "value": "0",
                "source": "ChemAxon"
            },
            {
                "kind": "Number of Rings",
                "value": "1",
                "source": "ChemAxon"
            },
            {
                "kind": "Bioavailability",
                "value": "1",
                "source": "ChemAxon"
            },
            {
                "kind": "Rule of Five",
                "value": "1",
                "source": "ChemAxon"
            },
            {
                "kind": "Ghose Filter",
                "value": "0",
                "source": "ChemAxon"
            },
            {
                "kind": "MDDR-Like Rule",
                "value": "0",
                "source": "ChemAxon"
            }
        ]
    },
    "experimental-properties": null,
    "external-identifiers": {
        "external-identifier": [
            {
                "resource": "ChemSpider",
                "identifier": "9754145"
            }
        ]
    },
    "external-links": null,
    "pathways": null,
    "reactions": null,
    "snp-effects": null,
    "snp-adverse-drug-reactions": null,
    "targets": null,
    "enzymes": null,
    "carriers": null,
    "transporters": null
}