{
    "type": "small molecule",
    "created": "2019-05-20",
    "updated": "2020-06-12",
    "drugbank-id": [
        {
            "primary": true,
            "value": "DB15346"
        }
    ],
    "name": "GLPG-1205",
    "description": "GLPG-1205 is under investigation in clinical trial NCT03725852 (A Clinical Study to Test How Effective and Safe GLPG1205 is for Patients With Idiopathic Pulmonary Fibrosis (IPF)).",
    "cas-number": "1445847-37-9",
    "unii": "K9WR6LRA5D",
    "average-mass": 378.428,
    "monoisotopic-mass": 378.157957196,
    "groups": {
        "group": [
            "investigational"
        ]
    },
    "general-references": {
        "articles": null,
        "textbooks": null,
        "links": null,
        "attachments": null
    },
    "synthesis-reference": null,
    "indication": null,
    "pharmacodynamics": null,
    "mechanism-of-action": null,
    "toxicity": null,
    "metabolism": null,
    "absorption": null,
    "half-life": null,
    "protein-binding": null,
    "route-of-elimination": null,
    "volume-of-distribution": null,
    "clearance": null,
    "salts": null,
    "synonyms": null,
    "products": null,
    "international-brands": null,
    "mixtures": null,
    "packagers": null,
    "manufacturers": null,
    "prices": null,
    "categories": null,
    "affected-organisms": null,
    "dosages": null,
    "atc-codes": null,
    "ahfs-codes": null,
    "pdb-entries": null,
    "patents": null,
    "food-interactions": null,
    "drug-interactions": null,
    "calculated-properties": {
        "property": [
            {
                "kind": "logP",
                "value": "2.39",
                "source": "ALOGPS"
            },
            {
                "kind": "logS",
                "value": "-4.4",
                "source": "ALOGPS"
            },
            {
                "kind": "Water Solubility",
                "value": "1.49e-02 g/l",
                "source": "ALOGPS"
            },
            {
                "kind": "logP",
                "value": "2.24",
                "source": "ChemAxon"
            },
            {
                "kind": "IUPAC Name",
                "value": "9-(2-cyclopropylethynyl)-2-{[(2S)-1,4-dioxan-2-yl]methoxy}-4H,6H,7H-pyrimido[4,3-a]isoquinolin-4-one",
                "source": "ChemAxon"
            },
            {
                "kind": "Traditional IUPAC Name",
                "value": "(2R)-14-fluoro-2-methyl-6,9,10,19-tetraazapentacyclo[14.2.1.0^{2,6}.0^{8,18}.0^{12,17}]nonadeca-1(18),8,12(17),13,15-pentaen-11-one",
                "source": "ChemAxon"
            },
            {
                "kind": "Molecular Weight",
                "value": "378.428",
                "source": "ChemAxon"
            },
            {
                "kind": "Monoisotopic Weight",
                "value": "378.157957196",
                "source": "ChemAxon"
            },
            {
                "kind": "SMILES",
                "value": "O=C1N=C(OC[C@@H]2COCCO2)C=C2N1CCC1=CC(=CC=C21)C#CC1CC1",
                "source": "ChemAxon"
            },
            {
                "kind": "Molecular Formula",
                "value": "C22H22N2O4",
                "source": "ChemAxon"
            },
            {
                "kind": "InChI",
                "value": "InChI=1S/C22H22N2O4/c25-22-23-21(28-14-18-13-26-9-10-27-18)12-20-19-6-5-16(4-3-15-1-2-15)11-17(19)7-8-24(20)22/h5-6,11-12,15,18H,1-2,7-10,13-14H2/t18-/m0/s1",
                "source": "ChemAxon"
            },
            {
                "kind": "InChIKey",
                "value": "IRBAWVGZNJIROV-SFHVURJKSA-N",
                "source": "ChemAxon"
            },
            {
                "kind": "Polar Surface Area (PSA)",
                "value": "60.36",
                "source": "ChemAxon"
            },
            {
                "kind": "Refractivity",
                "value": "102.74",
                "source": "ChemAxon"
            },
            {
                "kind": "Polarizability",
                "value": "42.19",
                "source": "ChemAxon"
            },
            {
                "kind": "Rotatable Bond Count",
                "value": "5",
                "source": "ChemAxon"
            },
            {
                "kind": "H Bond Acceptor Count",
                "value": "4",
                "source": "ChemAxon"
            },
            {
                "kind": "H Bond Donor Count",
                "value": "0",
                "source": "ChemAxon"
            },
            {
                "kind": "pKa (strongest basic)",
                "value": "-1.3",
                "source": "ChemAxon"
            },
            {
                "kind": "Physiological Charge",
                "value": "0",
                "source": "ChemAxon"
            },
            {
                "kind": "Number of Rings",
                "value": "5",
                "source": "ChemAxon"
            },
            {
                "kind": "Bioavailability",
                "value": "1",
                "source": "ChemAxon"
            },
            {
                "kind": "Rule of Five",
                "value": "1",
                "source": "ChemAxon"
            },
            {
                "kind": "Ghose Filter",
                "value": "1",
                "source": "ChemAxon"
            },
            {
                "kind": "MDDR-Like Rule",
                "value": "0",
                "source": "ChemAxon"
            }
        ]
    },
    "experimental-properties": null,
    "external-identifiers": {
        "external-identifier": [
            {
                "resource": "ChemSpider",
                "identifier": "58906524"
            },
            {
                "resource": "ChEMBL",
                "identifier": "CHEMBL3716365"
            },
            {
                "resource": "ZINC",
                "identifier": "ZINC000143015712"
            }
        ]
    },
    "external-links": null,
    "pathways": null,
    "reactions": null,
    "snp-effects": null,
    "snp-adverse-drug-reactions": null,
    "targets": null,
    "enzymes": null,
    "carriers": null,
    "transporters": null
}