{
    "type": "small molecule",
    "created": "2019-12-10",
    "updated": "2020-06-12",
    "drugbank-id": [
        {
            "primary": true,
            "value": "DB15579"
        }
    ],
    "name": "Cryptotanshinone",
    "description": null,
    "cas-number": "35825-57-1",
    "unii": "5E9SXT166N",
    "average-mass": 296.366,
    "monoisotopic-mass": 296.141244504,
    "groups": {
        "group": [
            "experimental"
        ]
    },
    "general-references": {
        "articles": null,
        "textbooks": null,
        "links": null,
        "attachments": null
    },
    "synthesis-reference": null,
    "indication": null,
    "pharmacodynamics": null,
    "mechanism-of-action": null,
    "toxicity": null,
    "metabolism": null,
    "absorption": null,
    "half-life": null,
    "protein-binding": null,
    "route-of-elimination": null,
    "volume-of-distribution": null,
    "clearance": null,
    "salts": null,
    "synonyms": {
        "synonym": [
            {
                "language": "english",
                "coder": "",
                "value": "Cryptotanshinon"
            },
            {
                "language": "english",
                "coder": "",
                "value": "Cryptotanshinone"
            },
            {
                "language": "english",
                "coder": "",
                "value": "Tanshinone C"
            }
        ]
    },
    "products": null,
    "international-brands": null,
    "mixtures": null,
    "packagers": null,
    "manufacturers": null,
    "prices": null,
    "categories": {
        "category": [
            {
                "category": "Drugs, Chinese Herbal",
                "mesh-id": "D004365"
            },
            {
                "category": "Plant Extracts",
                "mesh-id": "D010936"
            }
        ]
    },
    "affected-organisms": null,
    "dosages": null,
    "atc-codes": null,
    "ahfs-codes": null,
    "pdb-entries": null,
    "patents": null,
    "food-interactions": null,
    "drug-interactions": null,
    "calculated-properties": {
        "property": [
            {
                "kind": "logP",
                "value": "4.32",
                "source": "ALOGPS"
            },
            {
                "kind": "logS",
                "value": "-4.5",
                "source": "ALOGPS"
            },
            {
                "kind": "Water Solubility",
                "value": "9.76e-03 g/l",
                "source": "ALOGPS"
            },
            {
                "kind": "logP",
                "value": "3.89",
                "source": "ChemAxon"
            },
            {
                "kind": "IUPAC Name",
                "value": "(1R)-1,6,6-trimethyl-1H,2H,6H,7H,8H,9H,10H,11H-phenanthro[1,2-b]furan-10,11-dione",
                "source": "ChemAxon"
            },
            {
                "kind": "Traditional IUPAC Name",
                "value": "digoxigenin",
                "source": "ChemAxon"
            },
            {
                "kind": "Molecular Weight",
                "value": "296.366",
                "source": "ChemAxon"
            },
            {
                "kind": "Monoisotopic Weight",
                "value": "296.141244504",
                "source": "ChemAxon"
            },
            {
                "kind": "SMILES",
                "value": "C[C@H]1COC2=C1C(=O)C(=O)C1=C2C=CC2=C1CCCC2(C)C",
                "source": "ChemAxon"
            },
            {
                "kind": "Molecular Formula",
                "value": "C19H20O3",
                "source": "ChemAxon"
            },
            {
                "kind": "InChI",
                "value": "InChI=1S/C19H20O3/c1-10-9-22-18-12-6-7-13-11(5-4-8-19(13,2)3)15(12)17(21)16(20)14(10)18/h6-7,10H,4-5,8-9H2,1-3H3/t10-/m0/s1",
                "source": "ChemAxon"
            },
            {
                "kind": "InChIKey",
                "value": "GVKKJJOMQCNPGB-JTQLQIEISA-N",
                "source": "ChemAxon"
            },
            {
                "kind": "Polar Surface Area (PSA)",
                "value": "43.37",
                "source": "ChemAxon"
            },
            {
                "kind": "Refractivity",
                "value": "86.41",
                "source": "ChemAxon"
            },
            {
                "kind": "Polarizability",
                "value": "33.26",
                "source": "ChemAxon"
            },
            {
                "kind": "Rotatable Bond Count",
                "value": "0",
                "source": "ChemAxon"
            },
            {
                "kind": "H Bond Acceptor Count",
                "value": "3",
                "source": "ChemAxon"
            },
            {
                "kind": "H Bond Donor Count",
                "value": "0",
                "source": "ChemAxon"
            },
            {
                "kind": "pKa (strongest basic)",
                "value": "-4.9",
                "source": "ChemAxon"
            },
            {
                "kind": "Physiological Charge",
                "value": "0",
                "source": "ChemAxon"
            },
            {
                "kind": "Number of Rings",
                "value": "4",
                "source": "ChemAxon"
            },
            {
                "kind": "Bioavailability",
                "value": "1",
                "source": "ChemAxon"
            },
            {
                "kind": "Rule of Five",
                "value": "1",
                "source": "ChemAxon"
            },
            {
                "kind": "Ghose Filter",
                "value": "1",
                "source": "ChemAxon"
            },
            {
                "kind": "MDDR-Like Rule",
                "value": "0",
                "source": "ChemAxon"
            }
        ]
    },
    "experimental-properties": null,
    "external-identifiers": {
        "external-identifier": [
            {
                "resource": "ChemSpider",
                "identifier": "140851"
            },
            {
                "resource": "BindingDB",
                "identifier": "57938"
            },
            {
                "resource": "ChEMBL",
                "identifier": "CHEMBL187460"
            },
            {
                "resource": "ZINC",
                "identifier": "ZINC000002109876"
            }
        ]
    },
    "external-links": null,
    "pathways": null,
    "reactions": null,
    "snp-effects": null,
    "snp-adverse-drug-reactions": null,
    "targets": null,
    "enzymes": null,
    "carriers": null,
    "transporters": null
}