{
    "type": "small molecule",
    "created": "2019-05-20",
    "updated": "2022-12-01",
    "drugbank-id": [
        {
            "primary": true,
            "value": "DB15295"
        }
    ],
    "name": "Tenalisib",
    "description": "Tenalisib is under investigation in clinical trial NCT03711604 (Compassionate Use Study of Tenalisib (RP6530)).",
    "cas-number": "1639417-53-0",
    "unii": "2261HH611H",
    "average-mass": 415.428,
    "monoisotopic-mass": 415.144453003,
    "groups": {
        "group": [
            "investigational"
        ]
    },
    "general-references": {
        "articles": null,
        "textbooks": null,
        "links": null,
        "attachments": null
    },
    "synthesis-reference": null,
    "indication": null,
    "pharmacodynamics": null,
    "mechanism-of-action": null,
    "toxicity": null,
    "metabolism": null,
    "absorption": null,
    "half-life": null,
    "protein-binding": null,
    "route-of-elimination": null,
    "volume-of-distribution": null,
    "clearance": null,
    "salts": null,
    "synonyms": {
        "synonym": [
            {
                "language": "english",
                "coder": "iupac",
                "value": "(S)-2-(1-(9H-Purin-6-Ylamino)Propyl)-3-(3-Fluorophenyl)-4H-Chromen-4-One)"
            },
            {
                "language": "english",
                "coder": "inn",
                "value": "Tenalisib"
            }
        ]
    },
    "products": null,
    "international-brands": null,
    "mixtures": null,
    "packagers": null,
    "manufacturers": null,
    "prices": null,
    "categories": {
        "category": [
            {
                "category": "Enzyme Inhibitors",
                "mesh-id": "D004791"
            },
            {
                "category": "Heterocyclic Compounds, Fused-Ring",
                "mesh-id": "D000072471"
            },
            {
                "category": "Phosphoinositide-3 Kinase Inhibitors",
                "mesh-id": "D000081082"
            },
            {
                "category": "Pyrans",
                "mesh-id": "D011714"
            }
        ]
    },
    "affected-organisms": null,
    "dosages": null,
    "atc-codes": null,
    "ahfs-codes": null,
    "pdb-entries": null,
    "patents": null,
    "food-interactions": null,
    "drug-interactions": null,
    "calculated-properties": {
        "property": [
            {
                "kind": "logP",
                "value": "3.31",
                "source": "ALOGPS"
            },
            {
                "kind": "logS",
                "value": "-4.4",
                "source": "ALOGPS"
            },
            {
                "kind": "Water Solubility",
                "value": "1.53e-02 g/l",
                "source": "ALOGPS"
            },
            {
                "kind": "logP",
                "value": "3.86",
                "source": "ChemAxon"
            },
            {
                "kind": "IUPAC Name",
                "value": "3-(3-fluorophenyl)-2-[(1S)-1-[(9H-purin-6-yl)amino]propyl]-4H-chromen-4-one",
                "source": "ChemAxon"
            },
            {
                "kind": "Traditional IUPAC Name",
                "value": "(2R)-14-fluoro-2-methyl-6,9,10,19-tetraazapentacyclo[14.2.1.0^{2,6}.0^{8,18}.0^{12,17}]nonadeca-1(18),8,12(17),13,15-pentaen-11-one",
                "source": "ChemAxon"
            },
            {
                "kind": "Molecular Weight",
                "value": "415.428",
                "source": "ChemAxon"
            },
            {
                "kind": "Monoisotopic Weight",
                "value": "415.144453003",
                "source": "ChemAxon"
            },
            {
                "kind": "SMILES",
                "value": "CC[C@H](NC1=C2N=CNC2=NC=N1)C1=C(C(=O)C2=CC=CC=C2O1)C1=CC=CC(F)=C1",
                "source": "ChemAxon"
            },
            {
                "kind": "Molecular Formula",
                "value": "C23H18FN5O2",
                "source": "ChemAxon"
            },
            {
                "kind": "InChI",
                "value": "InChI=1S/C23H18FN5O2/c1-2-16(29-23-19-22(26-11-25-19)27-12-28-23)21-18(13-6-5-7-14(24)10-13)20(30)15-8-3-4-9-17(15)31-21/h3-12,16H,2H2,1H3,(H2,25,26,27,28,29)/t16-/m0/s1",
                "source": "ChemAxon"
            },
            {
                "kind": "InChIKey",
                "value": "HDXDQPRPFRKGKZ-INIZCTEOSA-N",
                "source": "ChemAxon"
            },
            {
                "kind": "Polar Surface Area (PSA)",
                "value": "92.79",
                "source": "ChemAxon"
            },
            {
                "kind": "Refractivity",
                "value": "116.09",
                "source": "ChemAxon"
            },
            {
                "kind": "Polarizability",
                "value": "41.59",
                "source": "ChemAxon"
            },
            {
                "kind": "Rotatable Bond Count",
                "value": "5",
                "source": "ChemAxon"
            },
            {
                "kind": "H Bond Acceptor Count",
                "value": "6",
                "source": "ChemAxon"
            },
            {
                "kind": "H Bond Donor Count",
                "value": "2",
                "source": "ChemAxon"
            },
            {
                "kind": "pKa (strongest acidic)",
                "value": "9.86",
                "source": "ChemAxon"
            },
            {
                "kind": "pKa (strongest basic)",
                "value": "3.98",
                "source": "ChemAxon"
            },
            {
                "kind": "Physiological Charge",
                "value": "0",
                "source": "ChemAxon"
            },
            {
                "kind": "Number of Rings",
                "value": "5",
                "source": "ChemAxon"
            },
            {
                "kind": "Bioavailability",
                "value": "1",
                "source": "ChemAxon"
            },
            {
                "kind": "Rule of Five",
                "value": "1",
                "source": "ChemAxon"
            },
            {
                "kind": "Ghose Filter",
                "value": "1",
                "source": "ChemAxon"
            },
            {
                "kind": "MDDR-Like Rule",
                "value": "0",
                "source": "ChemAxon"
            }
        ]
    },
    "experimental-properties": null,
    "external-identifiers": {
        "external-identifier": [
            {
                "resource": "ChemSpider",
                "identifier": "52083673"
            },
            {
                "resource": "BindingDB",
                "identifier": "50512870"
            },
            {
                "resource": "ChEMBL",
                "identifier": "CHEMBL4297584"
            }
        ]
    },
    "external-links": null,
    "pathways": null,
    "reactions": null,
    "snp-effects": null,
    "snp-adverse-drug-reactions": null,
    "targets": null,
    "enzymes": null,
    "carriers": null,
    "transporters": null
}