{
    "type": "small molecule",
    "created": "2019-05-20",
    "updated": "2021-02-21",
    "drugbank-id": [
        {
            "primary": true,
            "value": "DB15308"
        }
    ],
    "name": "Ridinilazole",
    "description": "Ridinilazole is under investigation in clinical trial NCT02092935 (A Study of SMT19969 Compared With Vancomycin for the Treatment of Clostridium Difficile-Associated Diarrhoea (CDAD)).",
    "cas-number": "308362-25-6",
    "unii": "06DX01190R",
    "average-mass": 388.434,
    "monoisotopic-mass": 388.143644539,
    "groups": {
        "group": [
            "investigational"
        ]
    },
    "general-references": {
        "articles": null,
        "textbooks": null,
        "links": null,
        "attachments": null
    },
    "synthesis-reference": null,
    "indication": null,
    "pharmacodynamics": null,
    "mechanism-of-action": null,
    "toxicity": null,
    "metabolism": null,
    "absorption": null,
    "half-life": null,
    "protein-binding": null,
    "route-of-elimination": null,
    "volume-of-distribution": null,
    "clearance": null,
    "salts": null,
    "synonyms": {
        "synonym": [
            {
                "language": "english",
                "coder": "inn",
                "value": "Ridinilazole"
            }
        ]
    },
    "products": null,
    "international-brands": null,
    "mixtures": null,
    "packagers": null,
    "manufacturers": null,
    "prices": null,
    "categories": {
        "category": [
            {
                "category": "Heterocyclic Compounds, Fused-Ring",
                "mesh-id": "D000072471"
            }
        ]
    },
    "affected-organisms": null,
    "dosages": null,
    "atc-codes": null,
    "ahfs-codes": null,
    "pdb-entries": null,
    "patents": null,
    "food-interactions": null,
    "drug-interactions": null,
    "calculated-properties": {
        "property": [
            {
                "kind": "logP",
                "value": "4.11",
                "source": "ALOGPS"
            },
            {
                "kind": "logS",
                "value": "-4.8",
                "source": "ALOGPS"
            },
            {
                "kind": "Water Solubility",
                "value": "6.50e-03 g/l",
                "source": "ALOGPS"
            },
            {
                "kind": "logP",
                "value": "3.81",
                "source": "ChemAxon"
            },
            {
                "kind": "IUPAC Name",
                "value": "2-(pyridin-4-yl)-6-[2-(pyridin-4-yl)-1H-1,3-benzodiazol-6-yl]-1H-1,3-benzodiazole",
                "source": "ChemAxon"
            },
            {
                "kind": "Traditional IUPAC Name",
                "value": "(2R)-14-fluoro-2-methyl-6,9,10,19-tetraazapentacyclo[14.2.1.0^{2,6}.0^{8,18}.0^{12,17}]nonadeca-1(18),8,12(17),13,15-pentaen-11-one",
                "source": "ChemAxon"
            },
            {
                "kind": "Molecular Weight",
                "value": "388.434",
                "source": "ChemAxon"
            },
            {
                "kind": "Monoisotopic Weight",
                "value": "388.143644539",
                "source": "ChemAxon"
            },
            {
                "kind": "SMILES",
                "value": "N1C2=CC(=CC=C2N=C1C1=CC=NC=C1)C1=CC2=C(C=C1)N=C(N2)C1=CC=NC=C1",
                "source": "ChemAxon"
            },
            {
                "kind": "Molecular Formula",
                "value": "C24H16N6",
                "source": "ChemAxon"
            },
            {
                "kind": "InChI",
                "value": "InChI=1S/C24H16N6/c1-3-19-21(29-23(27-19)15-5-9-25-10-6-15)13-17(1)18-2-4-20-22(14-18)30-24(28-20)16-7-11-26-12-8-16/h1-14H,(H,27,29)(H,28,30)",
                "source": "ChemAxon"
            },
            {
                "kind": "InChIKey",
                "value": "UHQFBTAJFNVZIV-UHFFFAOYSA-N",
                "source": "ChemAxon"
            },
            {
                "kind": "Polar Surface Area (PSA)",
                "value": "83.14",
                "source": "ChemAxon"
            },
            {
                "kind": "Refractivity",
                "value": "134.9",
                "source": "ChemAxon"
            },
            {
                "kind": "Polarizability",
                "value": "44.18",
                "source": "ChemAxon"
            },
            {
                "kind": "Rotatable Bond Count",
                "value": "3",
                "source": "ChemAxon"
            },
            {
                "kind": "H Bond Acceptor Count",
                "value": "4",
                "source": "ChemAxon"
            },
            {
                "kind": "H Bond Donor Count",
                "value": "2",
                "source": "ChemAxon"
            },
            {
                "kind": "pKa (strongest acidic)",
                "value": "10.97",
                "source": "ChemAxon"
            },
            {
                "kind": "pKa (strongest basic)",
                "value": "5.41",
                "source": "ChemAxon"
            },
            {
                "kind": "Physiological Charge",
                "value": "0",
                "source": "ChemAxon"
            },
            {
                "kind": "Number of Rings",
                "value": "6",
                "source": "ChemAxon"
            },
            {
                "kind": "Bioavailability",
                "value": "1",
                "source": "ChemAxon"
            },
            {
                "kind": "Rule of Five",
                "value": "1",
                "source": "ChemAxon"
            },
            {
                "kind": "Ghose Filter",
                "value": "0",
                "source": "ChemAxon"
            },
            {
                "kind": "MDDR-Like Rule",
                "value": "0",
                "source": "ChemAxon"
            }
        ]
    },
    "experimental-properties": null,
    "external-identifiers": {
        "external-identifier": [
            {
                "resource": "ChemSpider",
                "identifier": "17592423"
            },
            {
                "resource": "BindingDB",
                "identifier": "50134759"
            },
            {
                "resource": "Wikipedia",
                "identifier": "Ridinilazole"
            },
            {
                "resource": "ChEMBL",
                "identifier": "CHEMBL3753858"
            },
            {
                "resource": "ZINC",
                "identifier": "ZINC000113778168"
            }
        ]
    },
    "external-links": null,
    "pathways": null,
    "reactions": null,
    "snp-effects": null,
    "snp-adverse-drug-reactions": null,
    "targets": null,
    "enzymes": null,
    "carriers": null,
    "transporters": null
}