{
    "type": "small molecule",
    "created": "2019-05-20",
    "updated": "2020-06-12",
    "drugbank-id": [
        {
            "primary": true,
            "value": "DB15156"
        }
    ],
    "name": "ABT-072",
    "description": "ABT-072 is under investigation in clinical trial NCT00890318 (A Study in Healthy Adult Subjects to Evaluate the Safety, Tolerability, and Pharmacokinetic Profiles of Multiple Doses of ABT-072 Used to Treat Hepatitis C).",
    "cas-number": "1132936-00-5",
    "unii": "PSQ4R5K1QI",
    "average-mass": 469.56,
    "monoisotopic-mass": 469.167142155,
    "groups": {
        "group": [
            "investigational"
        ]
    },
    "general-references": {
        "articles": null,
        "textbooks": null,
        "links": null,
        "attachments": null
    },
    "synthesis-reference": null,
    "indication": null,
    "pharmacodynamics": null,
    "mechanism-of-action": null,
    "toxicity": null,
    "metabolism": null,
    "absorption": null,
    "half-life": null,
    "protein-binding": null,
    "route-of-elimination": null,
    "volume-of-distribution": null,
    "clearance": null,
    "salts": null,
    "synonyms": null,
    "products": null,
    "international-brands": null,
    "mixtures": null,
    "packagers": null,
    "manufacturers": null,
    "prices": null,
    "categories": {
        "category": [
            {
                "category": "Amides",
                "mesh-id": "D000577"
            },
            {
                "category": "Pyrimidines",
                "mesh-id": "D011743"
            },
            {
                "category": "Pyrimidinones",
                "mesh-id": "D011744"
            },
            {
                "category": "Sulfones",
                "mesh-id": "D013450"
            },
            {
                "category": "Sulfur Compounds",
                "mesh-id": "D013457"
            }
        ]
    },
    "affected-organisms": null,
    "dosages": null,
    "atc-codes": null,
    "ahfs-codes": null,
    "pdb-entries": null,
    "patents": null,
    "food-interactions": null,
    "drug-interactions": null,
    "calculated-properties": {
        "property": [
            {
                "kind": "logP",
                "value": "4.02",
                "source": "ALOGPS"
            },
            {
                "kind": "logS",
                "value": "-5.7",
                "source": "ALOGPS"
            },
            {
                "kind": "Water Solubility",
                "value": "1.04e-03 g/l",
                "source": "ALOGPS"
            },
            {
                "kind": "logP",
                "value": "3.13",
                "source": "ChemAxon"
            },
            {
                "kind": "IUPAC Name",
                "value": "N-{4-[(1E)-2-[3-tert-butyl-5-(2,4-dioxo-1,2,3,4-tetrahydropyrimidin-1-yl)-2-methoxyphenyl]ethenyl]phenyl}methanesulfonamide",
                "source": "ChemAxon"
            },
            {
                "kind": "Traditional IUPAC Name",
                "value": "(2R)-14-fluoro-2-methyl-6,9,10,19-tetraazapentacyclo[14.2.1.0^{2,6}.0^{8,18}.0^{12,17}]nonadeca-1(18),8,12(17),13,15-pentaen-11-one",
                "source": "ChemAxon"
            },
            {
                "kind": "Molecular Weight",
                "value": "469.56",
                "source": "ChemAxon"
            },
            {
                "kind": "Monoisotopic Weight",
                "value": "469.167142155",
                "source": "ChemAxon"
            },
            {
                "kind": "SMILES",
                "value": "COC1=C(\\C=C\\C2=CC=C(NS(C)(=O)=O)C=C2)C=C(C=C1C(C)(C)C)N1C=CC(=O)NC1=O",
                "source": "ChemAxon"
            },
            {
                "kind": "Molecular Formula",
                "value": "C24H27N3O5S",
                "source": "ChemAxon"
            },
            {
                "kind": "InChI",
                "value": "InChI=1S/C24H27N3O5S/c1-24(2,3)20-15-19(27-13-12-21(28)25-23(27)29)14-17(22(20)32-4)9-6-16-7-10-18(11-8-16)26-33(5,30)31/h6-15,26H,1-5H3,(H,25,28,29)/b9-6+",
                "source": "ChemAxon"
            },
            {
                "kind": "InChIKey",
                "value": "XMZSTQYSBYEENY-RMKNXTFCSA-N",
                "source": "ChemAxon"
            },
            {
                "kind": "Polar Surface Area (PSA)",
                "value": "104.81",
                "source": "ChemAxon"
            },
            {
                "kind": "Refractivity",
                "value": "127.91",
                "source": "ChemAxon"
            },
            {
                "kind": "Polarizability",
                "value": "50.64",
                "source": "ChemAxon"
            },
            {
                "kind": "Rotatable Bond Count",
                "value": "6",
                "source": "ChemAxon"
            },
            {
                "kind": "H Bond Acceptor Count",
                "value": "5",
                "source": "ChemAxon"
            },
            {
                "kind": "H Bond Donor Count",
                "value": "2",
                "source": "ChemAxon"
            },
            {
                "kind": "pKa (strongest acidic)",
                "value": "9.15",
                "source": "ChemAxon"
            },
            {
                "kind": "pKa (strongest basic)",
                "value": "-4.8",
                "source": "ChemAxon"
            },
            {
                "kind": "Physiological Charge",
                "value": "0",
                "source": "ChemAxon"
            },
            {
                "kind": "Number of Rings",
                "value": "3",
                "source": "ChemAxon"
            },
            {
                "kind": "Bioavailability",
                "value": "1",
                "source": "ChemAxon"
            },
            {
                "kind": "Rule of Five",
                "value": "1",
                "source": "ChemAxon"
            },
            {
                "kind": "Ghose Filter",
                "value": "1",
                "source": "ChemAxon"
            },
            {
                "kind": "MDDR-Like Rule",
                "value": "1",
                "source": "ChemAxon"
            }
        ]
    },
    "experimental-properties": null,
    "external-identifiers": {
        "external-identifier": [
            {
                "resource": "ChemSpider",
                "identifier": "57389603"
            },
            {
                "resource": "ChEMBL",
                "identifier": "CHEMBL4076467"
            },
            {
                "resource": "ZINC",
                "identifier": "ZINC000113918524"
            }
        ]
    },
    "external-links": null,
    "pathways": null,
    "reactions": null,
    "snp-effects": null,
    "snp-adverse-drug-reactions": null,
    "targets": null,
    "enzymes": null,
    "carriers": null,
    "transporters": null
}