{
    "type": "small molecule",
    "created": "2019-05-20",
    "updated": "2020-06-12",
    "drugbank-id": [
        {
            "primary": true,
            "value": "DB15249"
        }
    ],
    "name": "MK-6325",
    "description": "MK-6325 is under investigation in clinical trial NCT01329913 (Safety, Pharmacokinetics, and Pharmacodynamics of MK-6325 in Hepatitis C Virus (HCV) Infections (MK-6325-003)).",
    "cas-number": "1263814-52-3",
    "unii": "59LD48P07K",
    "average-mass": 821.0,
    "monoisotopic-mass": 820.382948581,
    "groups": {
        "group": [
            "investigational"
        ]
    },
    "general-references": {
        "articles": null,
        "textbooks": null,
        "links": null,
        "attachments": null
    },
    "synthesis-reference": null,
    "indication": null,
    "pharmacodynamics": null,
    "mechanism-of-action": null,
    "toxicity": null,
    "metabolism": null,
    "absorption": null,
    "half-life": null,
    "protein-binding": null,
    "route-of-elimination": null,
    "volume-of-distribution": null,
    "clearance": null,
    "salts": null,
    "synonyms": null,
    "products": null,
    "international-brands": null,
    "mixtures": null,
    "packagers": null,
    "manufacturers": null,
    "prices": null,
    "categories": null,
    "affected-organisms": null,
    "dosages": null,
    "atc-codes": null,
    "ahfs-codes": null,
    "pdb-entries": null,
    "patents": null,
    "food-interactions": null,
    "drug-interactions": null,
    "calculated-properties": {
        "property": [
            {
                "kind": "logP",
                "value": "3.67",
                "source": "ALOGPS"
            },
            {
                "kind": "logS",
                "value": "-4.8",
                "source": "ALOGPS"
            },
            {
                "kind": "Water Solubility",
                "value": "1.26e-02 g/l",
                "source": "ALOGPS"
            },
            {
                "kind": "logP",
                "value": "4.74",
                "source": "ChemAxon"
            },
            {
                "kind": "IUPAC Name",
                "value": "(3R,20R,24R,28S,34E,36S,38R,41S)-9-methoxy-N-[(1-methylcyclopropyl)sulfonyl]-26,40,42-trioxo-4,25-dioxa-1,6,13,27,39-pentaazaheptacyclo[26.13.1.1^{3,41}.0^{5,14}.0^{7,12}.0^{20,24}.0^{36,38}]tritetraconta-5,7(12),8,10,13,34-hexaene-38-carboxamide",
                "source": "ChemAxon"
            },
            {
                "kind": "Traditional IUPAC Name",
                "value": "(2R)-14-fluoro-2-methyl-6,9,10,19-tetraazapentacyclo[14.2.1.0^{2,6}.0^{8,18}.0^{12,17}]nonadeca-1(18),8,12(17),13,15-pentaen-11-one",
                "source": "ChemAxon"
            },
            {
                "kind": "Molecular Weight",
                "value": "821.0",
                "source": "ChemAxon"
            },
            {
                "kind": "Monoisotopic Weight",
                "value": "820.382948581",
                "source": "ChemAxon"
            },
            {
                "kind": "SMILES",
                "value": "COC1=CC2=C(C=C1)N=C1CCCCC[C@@H]3CCC[C@H]3OC(=O)N[C@H]3CCCCC\\C=C\\[C@@H]4C[C@]4(NC(=O)[C@@H]4C[C@H](CN4C3=O)OC1=N2)C(=O)NS(=O)(=O)C1(C)CC1",
                "source": "ChemAxon"
            },
            {
                "kind": "Molecular Formula",
                "value": "C42H56N6O9S",
                "source": "ChemAxon"
            },
            {
                "kind": "InChI",
                "value": "InChI=1S/C42H56N6O9S/c1-41(20-21-41)58(53,54)47-39(51)42-24-27(42)14-8-4-3-5-9-16-32-38(50)48-25-29(23-34(48)36(49)46-42)56-37-31(43-30-19-18-28(55-2)22-33(30)44-37)15-10-6-7-12-26-13-11-17-35(26)57-40(52)45-32/h8,14,18-19,22,26-27,29,32,34-35H,3-7,9-13,15-17,20-21,23-25H2,1-2H3,(H,45,52)(H,46,49)(H,47,51)/b14-8+/t26-,27-,29-,32+,34+,35-,42-/m1/s1",
                "source": "ChemAxon"
            },
            {
                "kind": "InChIKey",
                "value": "BLFKRFGLQFYXDF-WAZRELCSSA-N",
                "source": "ChemAxon"
            },
            {
                "kind": "Polar Surface Area (PSA)",
                "value": "195.22",
                "source": "ChemAxon"
            },
            {
                "kind": "Refractivity",
                "value": "211.78",
                "source": "ChemAxon"
            },
            {
                "kind": "Polarizability",
                "value": "86.71",
                "source": "ChemAxon"
            },
            {
                "kind": "Rotatable Bond Count",
                "value": "3",
                "source": "ChemAxon"
            },
            {
                "kind": "H Bond Acceptor Count",
                "value": "10",
                "source": "ChemAxon"
            },
            {
                "kind": "H Bond Donor Count",
                "value": "3",
                "source": "ChemAxon"
            },
            {
                "kind": "pKa (strongest acidic)",
                "value": "3.75",
                "source": "ChemAxon"
            },
            {
                "kind": "pKa (strongest basic)",
                "value": "1.79",
                "source": "ChemAxon"
            },
            {
                "kind": "Physiological Charge",
                "value": "-1",
                "source": "ChemAxon"
            },
            {
                "kind": "Number of Rings",
                "value": "8",
                "source": "ChemAxon"
            },
            {
                "kind": "Bioavailability",
                "value": "1",
                "source": "ChemAxon"
            },
            {
                "kind": "Rule of Five",
                "value": "0",
                "source": "ChemAxon"
            },
            {
                "kind": "Ghose Filter",
                "value": "0",
                "source": "ChemAxon"
            },
            {
                "kind": "MDDR-Like Rule",
                "value": "0",
                "source": "ChemAxon"
            }
        ]
    },
    "experimental-properties": null,
    "external-identifiers": {
        "external-identifier": [
            {
                "resource": "ChemSpider",
                "identifier": "58827937"
            }
        ]
    },
    "external-links": null,
    "pathways": null,
    "reactions": null,
    "snp-effects": null,
    "snp-adverse-drug-reactions": null,
    "targets": null,
    "enzymes": null,
    "carriers": null,
    "transporters": null
}