{
    "type": "small molecule",
    "created": "2019-05-20",
    "updated": "2020-06-12",
    "drugbank-id": [
        {
            "primary": true,
            "value": "DB15152"
        }
    ],
    "name": "TMC-649128",
    "description": "TMC-649128 is under investigation in clinical trial NCT01391117 (TMC649128HPC1002 - a Trial inGenotype 1 Hepatitis C Virus (HCV) - Infected Participants to Determine the Safety, Tolerability, Pharmacokinetics and Antiviral Activity of TMC649128, Alone and Combined With Pegylated Interferon + Ribavirin).",
    "cas-number": "1019639-33-8",
    "unii": "9GE48QZN6X",
    "average-mass": 422.442,
    "monoisotopic-mass": 422.191382581,
    "groups": {
        "group": [
            "investigational"
        ]
    },
    "general-references": {
        "articles": null,
        "textbooks": null,
        "links": null,
        "attachments": null
    },
    "synthesis-reference": null,
    "indication": null,
    "pharmacodynamics": null,
    "mechanism-of-action": null,
    "toxicity": null,
    "metabolism": null,
    "absorption": null,
    "half-life": null,
    "protein-binding": null,
    "route-of-elimination": null,
    "volume-of-distribution": null,
    "clearance": null,
    "salts": null,
    "synonyms": null,
    "products": null,
    "international-brands": null,
    "mixtures": null,
    "packagers": null,
    "manufacturers": null,
    "prices": null,
    "categories": null,
    "affected-organisms": null,
    "dosages": null,
    "atc-codes": null,
    "ahfs-codes": null,
    "pdb-entries": null,
    "patents": null,
    "food-interactions": null,
    "drug-interactions": null,
    "calculated-properties": {
        "property": [
            {
                "kind": "logP",
                "value": "2.27",
                "source": "ALOGPS"
            },
            {
                "kind": "logS",
                "value": "-3.2",
                "source": "ALOGPS"
            },
            {
                "kind": "Water Solubility",
                "value": "2.39e-01 g/l",
                "source": "ALOGPS"
            },
            {
                "kind": "logP",
                "value": "2.48",
                "source": "ChemAxon"
            },
            {
                "kind": "IUPAC Name",
                "value": "[(2R,3S,4S,5R)-5-(4-amino-2-oxo-1,2-dihydropyrimidin-1-yl)-2-azido-4-methyl-3-[(2-methylpropanoyl)oxy]oxolan-2-yl]methyl 2-methylpropanoate",
                "source": "ChemAxon"
            },
            {
                "kind": "Traditional IUPAC Name",
                "value": "(2R)-14-fluoro-2-methyl-6,9,10,19-tetraazapentacyclo[14.2.1.0^{2,6}.0^{8,18}.0^{12,17}]nonadeca-1(18),8,12(17),13,15-pentaen-11-one",
                "source": "ChemAxon"
            },
            {
                "kind": "Molecular Weight",
                "value": "422.442",
                "source": "ChemAxon"
            },
            {
                "kind": "Monoisotopic Weight",
                "value": "422.191382581",
                "source": "ChemAxon"
            },
            {
                "kind": "SMILES",
                "value": "CC(C)C(=O)OC[C@]1(O[C@H]([C@@H](C)[C@@H]1OC(=O)C(C)C)N1C=CC(N)=NC1=O)N=[N+]=[N-]",
                "source": "ChemAxon"
            },
            {
                "kind": "Molecular Formula",
                "value": "C18H26N6O6",
                "source": "ChemAxon"
            },
            {
                "kind": "InChI",
                "value": "InChI=1S/C18H26N6O6/c1-9(2)15(25)28-8-18(22-23-20)13(29-16(26)10(3)4)11(5)14(30-18)24-7-6-12(19)21-17(24)27/h6-7,9-11,13-14H,8H2,1-5H3,(H2,19,21,27)/t11-,13-,14+,18+/m0/s1",
                "source": "ChemAxon"
            },
            {
                "kind": "InChIKey",
                "value": "XJBILYMRFVHPJB-XJQUKVTJSA-N",
                "source": "ChemAxon"
            },
            {
                "kind": "Polar Surface Area (PSA)",
                "value": "149.95",
                "source": "ChemAxon"
            },
            {
                "kind": "Refractivity",
                "value": "102.12",
                "source": "ChemAxon"
            },
            {
                "kind": "Polarizability",
                "value": "41.92",
                "source": "ChemAxon"
            },
            {
                "kind": "Rotatable Bond Count",
                "value": "9",
                "source": "ChemAxon"
            },
            {
                "kind": "H Bond Acceptor Count",
                "value": "8",
                "source": "ChemAxon"
            },
            {
                "kind": "H Bond Donor Count",
                "value": "1",
                "source": "ChemAxon"
            },
            {
                "kind": "pKa (strongest acidic)",
                "value": "19.22",
                "source": "ChemAxon"
            },
            {
                "kind": "pKa (strongest basic)",
                "value": "4.08",
                "source": "ChemAxon"
            },
            {
                "kind": "Physiological Charge",
                "value": "0",
                "source": "ChemAxon"
            },
            {
                "kind": "Number of Rings",
                "value": "2",
                "source": "ChemAxon"
            },
            {
                "kind": "Bioavailability",
                "value": "1",
                "source": "ChemAxon"
            },
            {
                "kind": "Rule of Five",
                "value": "1",
                "source": "ChemAxon"
            },
            {
                "kind": "Ghose Filter",
                "value": "1",
                "source": "ChemAxon"
            },
            {
                "kind": "MDDR-Like Rule",
                "value": "0",
                "source": "ChemAxon"
            }
        ]
    },
    "experimental-properties": null,
    "external-identifiers": {
        "external-identifier": [
            {
                "resource": "ChemSpider",
                "identifier": "64854270"
            }
        ]
    },
    "external-links": null,
    "pathways": null,
    "reactions": null,
    "snp-effects": null,
    "snp-adverse-drug-reactions": null,
    "targets": null,
    "enzymes": null,
    "carriers": null,
    "transporters": null
}