{
    "type": "small molecule",
    "created": "2019-05-20",
    "updated": "2020-06-12",
    "drugbank-id": [
        {
            "primary": true,
            "value": "DB15134"
        }
    ],
    "name": "Fluoroazomycin arabinoside F-18",
    "description": "Fluoroazomycin arabinoside F-18 is under investigation in clinical trial NCT03257150 (A Study of the Use of Irreversible Electroporation in Pancreatic Ductal Cancer).",
    "cas-number": "864084-85-5",
    "unii": "UG7I3Y42PV",
    "average-mass": 246.185,
    "monoisotopic-mass": 246.062983101,
    "groups": {
        "group": [
            "investigational"
        ]
    },
    "general-references": {
        "articles": null,
        "textbooks": null,
        "links": null,
        "attachments": null
    },
    "synthesis-reference": null,
    "indication": null,
    "pharmacodynamics": null,
    "mechanism-of-action": null,
    "toxicity": null,
    "metabolism": null,
    "absorption": null,
    "half-life": null,
    "protein-binding": null,
    "route-of-elimination": null,
    "volume-of-distribution": null,
    "clearance": null,
    "salts": null,
    "synonyms": {
        "synonym": [
            {
                "language": "english",
                "coder": "",
                "value": "18F-FAZA"
            }
        ]
    },
    "products": null,
    "international-brands": null,
    "mixtures": null,
    "packagers": null,
    "manufacturers": null,
    "prices": null,
    "categories": {
        "category": [
            {
                "category": "Compounds used in a research, industrial, or household setting",
                "mesh-id": "D020313"
            },
            {
                "category": "Diagnostic Uses of Chemicals",
                "mesh-id": "D064907"
            },
            {
                "category": "Fluorine Radioisotopes",
                "mesh-id": "D005462"
            },
            {
                "category": "Imidazoles",
                "mesh-id": "D007093"
            },
            {
                "category": "Indicators and Reagents",
                "mesh-id": "D007202"
            },
            {
                "category": "Laboratory Chemicals",
                "mesh-id": "D019995"
            },
            {
                "category": "Nitro Compounds",
                "mesh-id": "D009574"
            },
            {
                "category": "Radiopharmaceuticals",
                "mesh-id": "D019275"
            }
        ]
    },
    "affected-organisms": null,
    "dosages": null,
    "atc-codes": null,
    "ahfs-codes": null,
    "pdb-entries": null,
    "patents": null,
    "food-interactions": null,
    "drug-interactions": null,
    "calculated-properties": {
        "property": [
            {
                "kind": "logP",
                "value": "-0.45",
                "source": "ALOGPS"
            },
            {
                "kind": "logS",
                "value": "-1.3",
                "source": "ALOGPS"
            },
            {
                "kind": "Water Solubility",
                "value": "1.30e+01 g/l",
                "source": "ALOGPS"
            },
            {
                "kind": "logP",
                "value": "-0.19",
                "source": "ChemAxon"
            },
            {
                "kind": "IUPAC Name",
                "value": "(2S,3S,4S,5S)-2-[(¹⁸F)fluoromethyl]-5-(2-nitro-1H-imidazol-1-yl)oxolane-3,4-diol",
                "source": "ChemAxon"
            },
            {
                "kind": "Traditional IUPAC Name",
                "value": "(2R)-14-fluoro-2-methyl-6,9,10,19-tetraazapentacyclo[14.2.1.0^{2,6}.0^{8,18}.0^{12,17}]nonadeca-1(18),8,12(17),13,15-pentaen-11-one",
                "source": "ChemAxon"
            },
            {
                "kind": "Molecular Weight",
                "value": "246.185",
                "source": "ChemAxon"
            },
            {
                "kind": "Monoisotopic Weight",
                "value": "246.062983101",
                "source": "ChemAxon"
            },
            {
                "kind": "SMILES",
                "value": "O[C@H]1[C@H](O)[C@H](O[C@@H]1C[18F])N1C=CN=C1[N+]([O-])=O",
                "source": "ChemAxon"
            },
            {
                "kind": "Molecular Formula",
                "value": "C8H10FN3O5",
                "source": "ChemAxon"
            },
            {
                "kind": "InChI",
                "value": "InChI=1S/C8H10FN3O5/c9-3-4-5(13)6(14)7(17-4)11-2-1-10-8(11)12(15)16/h1-2,4-7,13-14H,3H2/t4-,5-,6+,7+/m1/s1/i9-1",
                "source": "ChemAxon"
            },
            {
                "kind": "InChIKey",
                "value": "LPZSRGRDVVGMMX-FJBGPTLJSA-N",
                "source": "ChemAxon"
            },
            {
                "kind": "Polar Surface Area (PSA)",
                "value": "110.65",
                "source": "ChemAxon"
            },
            {
                "kind": "Refractivity",
                "value": "49.71",
                "source": "ChemAxon"
            },
            {
                "kind": "Polarizability",
                "value": "20.67",
                "source": "ChemAxon"
            },
            {
                "kind": "Rotatable Bond Count",
                "value": "3",
                "source": "ChemAxon"
            },
            {
                "kind": "H Bond Acceptor Count",
                "value": "6",
                "source": "ChemAxon"
            },
            {
                "kind": "H Bond Donor Count",
                "value": "2",
                "source": "ChemAxon"
            },
            {
                "kind": "pKa (strongest acidic)",
                "value": "12.45",
                "source": "ChemAxon"
            },
            {
                "kind": "pKa (strongest basic)",
                "value": "-0.016",
                "source": "ChemAxon"
            },
            {
                "kind": "Physiological Charge",
                "value": "0",
                "source": "ChemAxon"
            },
            {
                "kind": "Number of Rings",
                "value": "2",
                "source": "ChemAxon"
            },
            {
                "kind": "Bioavailability",
                "value": "1",
                "source": "ChemAxon"
            },
            {
                "kind": "Rule of Five",
                "value": "1",
                "source": "ChemAxon"
            },
            {
                "kind": "Ghose Filter",
                "value": "1",
                "source": "ChemAxon"
            },
            {
                "kind": "MDDR-Like Rule",
                "value": "0",
                "source": "ChemAxon"
            }
        ]
    },
    "experimental-properties": null,
    "external-identifiers": {
        "external-identifier": [
            {
                "resource": "ChemSpider",
                "identifier": "2104828"
            }
        ]
    },
    "external-links": null,
    "pathways": null,
    "reactions": null,
    "snp-effects": null,
    "snp-adverse-drug-reactions": null,
    "targets": null,
    "enzymes": null,
    "carriers": null,
    "transporters": null
}