{
    "type": "small molecule",
    "created": "2019-05-20",
    "updated": "2020-06-12",
    "drugbank-id": [
        {
            "primary": true,
            "value": "DB15269"
        }
    ],
    "name": "ALK-4290",
    "description": "ALK-4290 is under investigation in clinical trial NCT03558061 (Evaluate the Effects and Safety of ALK4290 in Patients With Newly Diagnosed Wet Age-Related Macular Degeneration).",
    "cas-number": "1251528-23-0",
    "unii": "R0T9LLR4TN",
    "average-mass": 512.05,
    "monoisotopic-mass": 511.2350177,
    "groups": {
        "group": [
            "investigational"
        ]
    },
    "general-references": {
        "articles": null,
        "textbooks": null,
        "links": null,
        "attachments": null
    },
    "synthesis-reference": null,
    "indication": null,
    "pharmacodynamics": null,
    "mechanism-of-action": null,
    "toxicity": null,
    "metabolism": null,
    "absorption": null,
    "half-life": null,
    "protein-binding": null,
    "route-of-elimination": null,
    "volume-of-distribution": null,
    "clearance": null,
    "classification": {
        "description": "This compound belongs to the class of organic compounds known as n-benzylpiperidines. These are heterocyclic Compounds containing a piperidine ring conjugated to a benzyl group through one nitrogen ring atom.",
        "direct-parent": "N-benzylpiperidines",
        "kingdom": "Organic compounds",
        "superclass": "Organoheterocyclic compounds",
        "class": "Piperidines",
        "subclass": "Benzylpiperidines",
        "alternative-parent": [
            "Alpha amino acid amides",
            "Aralkylamines",
            "Aryl chlorides",
            "Azacyclic compounds",
            "Benzylamines",
            "Carbonyl compounds",
            "Chlorobenzenes",
            "Heteroaromatic compounds",
            "Hydrocarbon derivatives",
            "Imidolactams",
            "Lactams",
            "Methylpyridines",
            "N-alkylpyrrolidines",
            "N-arylamides",
            "Organic oxides",
            "Organochlorides",
            "Phenylmethylamines",
            "Proline and derivatives",
            "Pyridinecarboxamides",
            "Pyrrolidine-2-ones",
            "Pyrrolidinecarboxamides",
            "Secondary carboxylic acid amides",
            "Tertiary carboxylic acid amides",
            "Toluenes",
            "Trialkylamines"
        ],
        "substituent": [
            "2-pyrrolidone",
            "Alpha-amino acid amide",
            "Alpha-amino acid or derivatives",
            "Amine",
            "Amino acid or derivatives",
            "Aralkylamine",
            "Aromatic heteromonocyclic compound",
            "Aryl chloride",
            "Aryl halide",
            "Azacycle",
            "Benzenoid",
            "Benzylamine",
            "Carbonyl group",
            "Carboxamide group",
            "Carboxylic acid derivative",
            "Chlorobenzene",
            "Halobenzene",
            "Heteroaromatic compound",
            "Hydrocarbon derivative",
            "Imidolactam",
            "Lactam",
            "Methylpyridine",
            "Monocyclic benzene moiety",
            "N-alkylpyrrolidine",
            "N-arylamide",
            "N-benzylpiperidine",
            "Organic nitrogen compound",
            "Organic oxide",
            "Organic oxygen compound",
            "Organochloride",
            "Organohalogen compound",
            "Organonitrogen compound",
            "Organooxygen compound",
            "Phenylmethylamine",
            "Proline or derivatives",
            "Pyridine",
            "Pyridine carboxylic acid or derivatives",
            "Pyridinecarboxamide",
            "Pyrrolidine",
            "Pyrrolidine carboxylic acid or derivatives",
            "Pyrrolidine-2-carboxamide",
            "Pyrrolidone",
            "Secondary carboxylic acid amide",
            "Tertiary aliphatic amine",
            "Tertiary amine",
            "Tertiary carboxylic acid amide",
            "Toluene"
        ]
    },
    "salts": null,
    "synonyms": null,
    "products": null,
    "international-brands": null,
    "mixtures": null,
    "packagers": null,
    "manufacturers": null,
    "prices": null,
    "categories": null,
    "affected-organisms": null,
    "dosages": null,
    "atc-codes": null,
    "ahfs-codes": null,
    "pdb-entries": null,
    "patents": null,
    "food-interactions": null,
    "drug-interactions": null,
    "calculated-properties": {
        "property": [
            {
                "kind": "logP",
                "value": "2.94",
                "source": "ALOGPS"
            },
            {
                "kind": "logS",
                "value": "-3.7",
                "source": "ALOGPS"
            },
            {
                "kind": "Water Solubility",
                "value": "1.04e-01 g/l",
                "source": "ALOGPS"
            },
            {
                "kind": "logP",
                "value": "2.44",
                "source": "ChemAxon"
            },
            {
                "kind": "IUPAC Name",
                "value": "2-[(2R)-1-{1-[(4-chloro-3-methylphenyl)methyl]piperidin-4-yl}-5-oxopyrrolidine-2-amido]-N,N,6-trimethylpyridine-4-carboxamide",
                "source": "ChemAxon"
            },
            {
                "kind": "Traditional IUPAC Name",
                "value": "(2R)-14-fluoro-2-methyl-6,9,10,19-tetraazapentacyclo[14.2.1.0^{2,6}.0^{8,18}.0^{12,17}]nonadeca-1(18),8,12(17),13,15-pentaen-11-one",
                "source": "ChemAxon"
            },
            {
                "kind": "Molecular Weight",
                "value": "512.05",
                "source": "ChemAxon"
            },
            {
                "kind": "Monoisotopic Weight",
                "value": "511.2350177",
                "source": "ChemAxon"
            },
            {
                "kind": "SMILES",
                "value": "CN(C)C(=O)C1=CC(NC(=O)[C@H]2CCC(=O)N2C2CCN(CC3=CC=C(Cl)C(C)=C3)CC2)=NC(C)=C1",
                "source": "ChemAxon"
            },
            {
                "kind": "Molecular Formula",
                "value": "C27H34ClN5O3",
                "source": "ChemAxon"
            },
            {
                "kind": "InChI",
                "value": "InChI=1S/C27H34ClN5O3/c1-17-13-19(5-6-22(17)28)16-32-11-9-21(10-12-32)33-23(7-8-25(33)34)26(35)30-24-15-20(14-18(2)29-24)27(36)31(3)4/h5-6,13-15,21,23H,7-12,16H2,1-4H3,(H,29,30,35)/t23-/m1/s1",
                "source": "ChemAxon"
            },
            {
                "kind": "InChIKey",
                "value": "DWKNOLCXIFYNFV-HSZRJFAPSA-N",
                "source": "ChemAxon"
            },
            {
                "kind": "Polar Surface Area (PSA)",
                "value": "85.85",
                "source": "ChemAxon"
            },
            {
                "kind": "Refractivity",
                "value": "142.79",
                "source": "ChemAxon"
            },
            {
                "kind": "Polarizability",
                "value": "54.48",
                "source": "ChemAxon"
            },
            {
                "kind": "Rotatable Bond Count",
                "value": "6",
                "source": "ChemAxon"
            },
            {
                "kind": "H Bond Acceptor Count",
                "value": "5",
                "source": "ChemAxon"
            },
            {
                "kind": "H Bond Donor Count",
                "value": "1",
                "source": "ChemAxon"
            },
            {
                "kind": "pKa (strongest acidic)",
                "value": "11.69",
                "source": "ChemAxon"
            },
            {
                "kind": "pKa (strongest basic)",
                "value": "7.71",
                "source": "ChemAxon"
            },
            {
                "kind": "Physiological Charge",
                "value": "1",
                "source": "ChemAxon"
            },
            {
                "kind": "Number of Rings",
                "value": "4",
                "source": "ChemAxon"
            },
            {
                "kind": "Bioavailability",
                "value": "1",
                "source": "ChemAxon"
            },
            {
                "kind": "Rule of Five",
                "value": "0",
                "source": "ChemAxon"
            },
            {
                "kind": "Ghose Filter",
                "value": "0",
                "source": "ChemAxon"
            },
            {
                "kind": "MDDR-Like Rule",
                "value": "1",
                "source": "ChemAxon"
            }
        ]
    },
    "experimental-properties": null,
    "external-identifiers": {
        "external-identifier": [
            {
                "resource": "ChemSpider",
                "identifier": "58893108"
            },
            {
                "resource": "BindingDB",
                "identifier": "123072"
            },
            {
                "resource": "ChEMBL",
                "identifier": "CHEMBL3670800"
            },
            {
                "resource": "ZINC",
                "identifier": "ZINC000068247095"
            }
        ]
    },
    "external-links": null,
    "pathways": null,
    "reactions": null,
    "snp-effects": null,
    "snp-adverse-drug-reactions": null,
    "targets": null,
    "enzymes": null,
    "carriers": null,
    "transporters": null
}