{
    "type": "biotech",
    "created": "2019-10-09",
    "updated": "2022-04-01",
    "drugbank-id": [
        {
            "primary": true,
            "value": "DB15507"
        }
    ],
    "name": "Influenza B virus B/Singapore/INFTT-16-0610/2016 antigen (MDCK cell derived, propiolactone inactivated)",
    "description": "A seasonally-specific component of the influenza vaccine. The influenza vaccine, also known as the \"flu shot\", is a vaccine that protects against infection from the influenza viruses. Vaccines provide protection from influenza by exposing the immune system to the virus (or parts of the virus) which stimulates an immunological defence against future exposure to the virus, or \"antigen\". This defence includes the production of humoral immunity through the development of antibodies (through memory B cells) and of cell-mediated immunity through the production of T-lymphocytes. Upon re-exposure to infectious influenza virus, the immune system is prepared to identify and destroy the virus as there are circulating antibodies that recognize that particular component of the virus that it was previously exposed to.\r\n\r\nThere are two basic types of vaccines available: inactivated influenza vaccine (IIV) and live attenuated influenza vaccine (LAIV). Inactivated vaccines contain a virus particle that has been grown in media and then subsequently killed, or inactivated, through exposure to heat or chemicals such as formaldehyde 3. Inactivated virus cannot replicate, and therefore cannot cause disease from infection, even in immunocompromised individuals. In contrast, live vaccines are produced from \"wild-type\" or disease-causing viruses that have been attenuated, or weakened, through various laboratory techniques. Live vaccines maintain their replicative ability.",
    "cas-number": null,
    "unii": "G4VX46P9M6",
    "groups": {
        "group": [
            "approved"
        ]
    },
    "general-references": {
        "articles": null,
        "textbooks": null,
        "links": {
            "link": [
                {
                    "ref-id": "L41345",
                    "title": "Health Canada Approved Drug Products: FLUCELVAX QUAD Influenza Vaccine, for intramuscular injection",
                    "url": "https://pdf.hres.ca/dpd_pm/00065002.PDF"
                }
            ]
        },
        "attachments": null
    },
    "synthesis-reference": null,
    "indication": "In combination with other influenza virus subtypes A and types B strains, this Influenza B viral strain is used for active immunization of adults and children aged 6 months or older for the prevention of influenza disease caused by influenza virus subtypes A and types B.[L41345]",
    "pharmacodynamics": null,
    "mechanism-of-action": null,
    "toxicity": null,
    "metabolism": null,
    "absorption": null,
    "half-life": null,
    "protein-binding": null,
    "route-of-elimination": null,
    "volume-of-distribution": null,
    "clearance": null,
    "salts": null,
    "synonyms": null,
    "products": {
        "product": [
            {
                "name": "Flucelvax Quadrivalent",
                "labeller": "Seqirus Inc.",
                "ndc-id": null,
                "ndc-product-code": "70461-322",
                "dpd-id": null,
                "ema-product-code": null,
                "ema-ma-number": null,
                "started-marketing-on": "2022-07-01",
                "ended-marketing-on": "2023-07-31",
                "dosage-form": "Injection, suspension",
                "strength": null,
                "route": "Intramuscular",
                "fda-application-number": "BLA125408",
                "generic": false,
                "over-the-counter": false,
                "approved": true,
                "country": "US",
                "source": "FDA NDC"
            },
            {
                "name": "Flucelvax Quadrivalent",
                "labeller": "Seqirus Inc.",
                "ndc-id": null,
                "ndc-product-code": "70461-422",
                "dpd-id": null,
                "ema-product-code": null,
                "ema-ma-number": null,
                "started-marketing-on": "2022-07-01",
                "ended-marketing-on": "2023-07-31",
                "dosage-form": "Injection, suspension",
                "strength": null,
                "route": "Intramuscular",
                "fda-application-number": "BLA125408",
                "generic": false,
                "over-the-counter": false,
                "approved": true,
                "country": "US",
                "source": "FDA NDC"
            },
            {
                "name": "Flucelvax Quadrivalent (multi-dose Vial)",
                "labeller": "Seqirus Inc.",
                "ndc-id": null,
                "ndc-product-code": "70461-420",
                "dpd-id": null,
                "ema-product-code": null,
                "ema-ma-number": null,
                "started-marketing-on": "2020-07-02",
                "ended-marketing-on": "2021-07-31",
                "dosage-form": "Injection, suspension",
                "strength": null,
                "route": "Intramuscular",
                "fda-application-number": "BLA125408",
                "generic": false,
                "over-the-counter": false,
                "approved": true,
                "country": "US",
                "source": "FDA NDC"
            },
            {
                "name": "Flucelvax Quadrivalent (multi-dose Vial)",
                "labeller": "Seqirus, Inc.",
                "ndc-id": null,
                "ndc-product-code": "70461-419",
                "dpd-id": null,
                "ema-product-code": null,
                "ema-ma-number": null,
                "started-marketing-on": "2016-05-23",
                "ended-marketing-on": "2020-07-31",
                "dosage-form": "Injection, suspension",
                "strength": null,
                "route": "Intramuscular",
                "fda-application-number": "BLA125408",
                "generic": false,
                "over-the-counter": false,
                "approved": true,
                "country": "US",
                "source": "FDA NDC"
            },
            {
                "name": "Flucelvax Quadrivalent (multi-dose Vial)",
                "labeller": "Seqirus Inc.",
                "ndc-id": null,
                "ndc-product-code": "70461-421",
                "dpd-id": null,
                "ema-product-code": null,
                "ema-ma-number": null,
                "started-marketing-on": "2020-07-02",
                "ended-marketing-on": "2022-07-31",
                "dosage-form": "Injection, suspension",
                "strength": null,
                "route": "Intramuscular",
                "fda-application-number": "BLA125408",
                "generic": false,
                "over-the-counter": false,
                "approved": true,
                "country": "US",
                "source": "FDA NDC"
            },
            {
                "name": "Flucelvax Quadrivalent (pre-filled Syringe)",
                "labeller": "Seqirus Inc.",
                "ndc-id": null,
                "ndc-product-code": "70461-320",
                "dpd-id": null,
                "ema-product-code": null,
                "ema-ma-number": null,
                "started-marketing-on": "2020-07-02",
                "ended-marketing-on": "2021-07-31",
                "dosage-form": "Injection, suspension",
                "strength": null,
                "route": "Intramuscular",
                "fda-application-number": "BLA125408",
                "generic": false,
                "over-the-counter": false,
                "approved": true,
                "country": "US",
                "source": "FDA NDC"
            },
            {
                "name": "Flucelvax Quadrivalent (pre-filled Syringe)",
                "labeller": "Seqirus Inc.",
                "ndc-id": null,
                "ndc-product-code": "70461-321",
                "dpd-id": null,
                "ema-product-code": null,
                "ema-ma-number": null,
                "started-marketing-on": "2020-07-02",
                "ended-marketing-on": "2022-07-31",
                "dosage-form": "Injection, suspension",
                "strength": null,
                "route": "Intramuscular",
                "fda-application-number": "BLA125408",
                "generic": false,
                "over-the-counter": false,
                "approved": true,
                "country": "US",
                "source": "FDA NDC"
            },
            {
                "name": "Flucelvax Quadrivalent (prefilled Syringe)",
                "labeller": "Seqirus, Inc.",
                "ndc-id": null,
                "ndc-product-code": "70461-319",
                "dpd-id": null,
                "ema-product-code": null,
                "ema-ma-number": null,
                "started-marketing-on": "2016-05-23",
                "ended-marketing-on": "2020-07-31",
                "dosage-form": "Injection, suspension",
                "strength": null,
                "route": "Intramuscular",
                "fda-application-number": "BLA125408",
                "generic": false,
                "over-the-counter": false,
                "approved": true,
                "country": "US",
                "source": "FDA NDC"
            },
            {
                "name": "Flucelvax Tetra",
                "labeller": "Seqirus Netherlands B.V.",
                "ndc-id": null,
                "ndc-product-code": null,
                "dpd-id": null,
                "ema-product-code": "EMEA/H/C/004814",
                "ema-ma-number": "EU/1/18/1326/001",
                "started-marketing-on": "2021-05-06",
                "ended-marketing-on": null,
                "dosage-form": "Injection, suspension",
                "strength": null,
                "route": "Intramuscular",
                "fda-application-number": null,
                "generic": false,
                "over-the-counter": false,
                "approved": true,
                "country": "EU",
                "source": "EMA"
            },
            {
                "name": "Flucelvax Tetra",
                "labeller": "Seqirus Netherlands B.V.",
                "ndc-id": null,
                "ndc-product-code": null,
                "dpd-id": null,
                "ema-product-code": "EMEA/H/C/004814",
                "ema-ma-number": "EU/1/18/1326/002",
                "started-marketing-on": "2021-05-06",
                "ended-marketing-on": null,
                "dosage-form": "Injection, suspension",
                "strength": null,
                "route": "Intramuscular",
                "fda-application-number": null,
                "generic": false,
                "over-the-counter": false,
                "approved": true,
                "country": "EU",
                "source": "EMA"
            },
            {
                "name": "Flucelvax Tetra",
                "labeller": "Seqirus Netherlands B.V.",
                "ndc-id": null,
                "ndc-product-code": null,
                "dpd-id": null,
                "ema-product-code": "EMEA/H/C/004814",
                "ema-ma-number": "EU/1/18/1326/003",
                "started-marketing-on": "2021-05-06",
                "ended-marketing-on": null,
                "dosage-form": "Injection, suspension",
                "strength": null,
                "route": "Intramuscular",
                "fda-application-number": null,
                "generic": false,
                "over-the-counter": false,
                "approved": true,
                "country": "EU",
                "source": "EMA"
            },
            {
                "name": "Flucelvax Tetra",
                "labeller": "Seqirus Netherlands B.V.",
                "ndc-id": null,
                "ndc-product-code": null,
                "dpd-id": null,
                "ema-product-code": "EMEA/H/C/004814",
                "ema-ma-number": "EU/1/18/1326/004",
                "started-marketing-on": "2021-05-06",
                "ended-marketing-on": null,
                "dosage-form": "Injection, suspension",
                "strength": null,
                "route": "Intramuscular",
                "fda-application-number": null,
                "generic": false,
                "over-the-counter": false,
                "approved": true,
                "country": "EU",
                "source": "EMA"
            }
        ]
    },
    "international-brands": null,
    "mixtures": {
        "mixture": [
            {
                "name": "Flucelvax Quadrivalent (prefilled Syringe)",
                "ingredients": "Influenza A virus A/Idaho/07/2018 (H1N1) antigen (MDCK cell derived, propiolactone inactivated + Influenza A virus A/Indiana/08/2018 (H3N2) antigen (MDCK cell derived, propiolactone inactivated) + Influenza B virus B/Iowa/06/2017 antigen (MDCK cell derived, propiolactone inactivated) + Influenza B virus B/Singapore/INFTT-16-0610/2016 antigen (MDCK cell derived, propiolactone inactivated)"
            },
            {
                "name": "Flucelvax Quadrivalent (multi-dose Vial)",
                "ingredients": "Influenza A virus A/Idaho/07/2018 (H1N1) antigen (MDCK cell derived, propiolactone inactivated + Influenza A virus A/Indiana/08/2018 (H3N2) antigen (MDCK cell derived, propiolactone inactivated) + Influenza B virus B/Iowa/06/2017 antigen (MDCK cell derived, propiolactone inactivated) + Influenza B virus B/Singapore/INFTT-16-0610/2016 antigen (MDCK cell derived, propiolactone inactivated)"
            },
            {
                "name": "Flucelvax Quadrivalent (pre-filled Syringe)",
                "ingredients": "Influenza A virus A/Delaware/39/2019 (H3N2) antigen (MDCK cell derived, propiolactone inactivated) + Influenza A virus A/Nebraska/14/2019 (H1N1) antigen (MDCK cell derived, propiolactone inactivated) + Influenza B virus B/Darwin/7/2019 antigen (MDCK cell derived, propiolactone inactivated) + Influenza B virus B/Singapore/INFTT-16-0610/2016 antigen (MDCK cell derived, propiolactone inactivated)"
            },
            {
                "name": "Flucelvax Quadrivalent (multi-dose Vial)",
                "ingredients": "Influenza A virus A/Delaware/39/2019 (H3N2) antigen (MDCK cell derived, propiolactone inactivated) + Influenza A virus A/Nebraska/14/2019 (H1N1) antigen (MDCK cell derived, propiolactone inactivated) + Influenza B virus B/Darwin/7/2019 antigen (MDCK cell derived, propiolactone inactivated) + Influenza B virus B/Singapore/INFTT-16-0610/2016 antigen (MDCK cell derived, propiolactone inactivated)"
            },
            {
                "name": "Flucelvax Quadrivalent (pre-filled Syringe)",
                "ingredients": "Influenza A virus A/Tasmania/503/2020 (H3N2) antigen (MDCK cell derived, propiolactone inactivated) + Influenza A virus A/Washington/19/2020 (H1N1) antigen (MDCK cell derived, propiolactone inactivated) + Influenza B virus B/Darwin/7/2019 antigen (MDCK cell derived, propiolactone inactivated) + Influenza B virus B/Singapore/INFTT-16-0610/2016 antigen (MDCK cell derived, propiolactone inactivated)"
            },
            {
                "name": "Flucelvax Quadrivalent (multi-dose Vial)",
                "ingredients": "Influenza A virus A/Tasmania/503/2020 (H3N2) antigen (MDCK cell derived, propiolactone inactivated) + Influenza A virus A/Washington/19/2020 (H1N1) antigen (MDCK cell derived, propiolactone inactivated) + Influenza B virus B/Darwin/7/2019 antigen (MDCK cell derived, propiolactone inactivated) + Influenza B virus B/Singapore/INFTT-16-0610/2016 antigen (MDCK cell derived, propiolactone inactivated)"
            },
            {
                "name": "Flucelvax Quadrivalent",
                "ingredients": "Influenza A virus A/Darwin/11/2021 (H3N2) antigen (MDCK cell derived, propiolactone inactivated) + Influenza A virus A/Delaware/55/2019 CVR-45 (H1N1) antigen (MDCK cell derived, propiolactone inactivated) + Influenza B virus B/Singapore/INFTT-16-0610/2016 antigen (MDCK cell derived, propiolactone inactivated) + Influenza B virus B/Singapore/WUH4618/2021 antigen (MDCK cell derived, propiolactone inactivated)"
            },
            {
                "name": "Flucelvax Quadrivalent",
                "ingredients": "Influenza A virus A/Darwin/11/2021 (H3N2) antigen (MDCK cell derived, propiolactone inactivated) + Influenza A virus A/Delaware/55/2019 CVR-45 (H1N1) antigen (MDCK cell derived, propiolactone inactivated) + Influenza B virus B/Singapore/INFTT-16-0610/2016 antigen (MDCK cell derived, propiolactone inactivated) + Influenza B virus B/Singapore/WUH4618/2021 antigen (MDCK cell derived, propiolactone inactivated)"
            },
            {
                "name": "Flucelvax Tetra",
                "ingredients": "Influenza A virus A/Tasmania/503/2020 (H3N2) antigen (MDCK cell derived, propiolactone inactivated) + Influenza A virus A/Washington/19/2020 (H1N1) antigen (MDCK cell derived, propiolactone inactivated) + Influenza B virus B/Darwin/7/2019 antigen (MDCK cell derived, propiolactone inactivated) + Influenza B virus B/Singapore/INFTT-16-0610/2016 antigen (MDCK cell derived, propiolactone inactivated)"
            },
            {
                "name": "Flucelvax Tetra",
                "ingredients": "Influenza A virus A/Tasmania/503/2020 (H3N2) antigen (MDCK cell derived, propiolactone inactivated) + Influenza A virus A/Washington/19/2020 (H1N1) antigen (MDCK cell derived, propiolactone inactivated) + Influenza B virus B/Darwin/7/2019 antigen (MDCK cell derived, propiolactone inactivated) + Influenza B virus B/Singapore/INFTT-16-0610/2016 antigen (MDCK cell derived, propiolactone inactivated)"
            },
            {
                "name": "Flucelvax Tetra",
                "ingredients": "Influenza A virus A/Tasmania/503/2020 (H3N2) antigen (MDCK cell derived, propiolactone inactivated) + Influenza A virus A/Washington/19/2020 (H1N1) antigen (MDCK cell derived, propiolactone inactivated) + Influenza B virus B/Darwin/7/2019 antigen (MDCK cell derived, propiolactone inactivated) + Influenza B virus B/Singapore/INFTT-16-0610/2016 antigen (MDCK cell derived, propiolactone inactivated)"
            },
            {
                "name": "Flucelvax Tetra",
                "ingredients": "Influenza A virus A/Tasmania/503/2020 (H3N2) antigen (MDCK cell derived, propiolactone inactivated) + Influenza A virus A/Washington/19/2020 (H1N1) antigen (MDCK cell derived, propiolactone inactivated) + Influenza B virus B/Darwin/7/2019 antigen (MDCK cell derived, propiolactone inactivated) + Influenza B virus B/Singapore/INFTT-16-0610/2016 antigen (MDCK cell derived, propiolactone inactivated)"
            }
        ]
    },
    "packagers": null,
    "manufacturers": null,
    "prices": null,
    "categories": null,
    "affected-organisms": null,
    "dosages": {
        "dosage": [
            {
                "form": "Injection, suspension",
                "route": "Intramuscular",
                "strength": null
            }
        ]
    },
    "atc-codes": null,
    "ahfs-codes": null,
    "pdb-entries": null,
    "patents": null,
    "food-interactions": null,
    "drug-interactions": null,
    "sequences": null,
    "experimental-properties": null,
    "external-identifiers": null,
    "external-links": null,
    "pathways": null,
    "reactions": null,
    "snp-effects": null,
    "snp-adverse-drug-reactions": null,
    "targets": null,
    "enzymes": null,
    "carriers": null,
    "transporters": null
}