{
    "type": "small molecule",
    "created": "2019-05-20",
    "updated": "2020-06-12",
    "drugbank-id": [
        {
            "primary": true,
            "value": "DB15411"
        }
    ],
    "name": "ABP-700",
    "description": "ABP-700 is under investigation in clinical trial NCT02800590 (Study to Investigate the Safety and Efficacy of 3 Dosing Regimens of ABP-700 for Procedural Sedation in Adult Participants Undergoing Colonoscopy).",
    "cas-number": "1446482-29-6",
    "unii": "LZ0835OW2M",
    "average-mass": 314.341,
    "monoisotopic-mass": 314.126657068,
    "groups": {
        "group": [
            "investigational"
        ]
    },
    "general-references": {
        "articles": null,
        "textbooks": null,
        "links": null,
        "attachments": null
    },
    "synthesis-reference": null,
    "indication": null,
    "pharmacodynamics": null,
    "mechanism-of-action": null,
    "toxicity": null,
    "metabolism": null,
    "absorption": null,
    "half-life": null,
    "protein-binding": null,
    "route-of-elimination": null,
    "volume-of-distribution": null,
    "clearance": null,
    "salts": null,
    "synonyms": null,
    "products": null,
    "international-brands": null,
    "mixtures": null,
    "packagers": null,
    "manufacturers": null,
    "prices": null,
    "categories": {
        "category": [
            {
                "category": "GABA Agents",
                "mesh-id": "D018682"
            },
            {
                "category": "GABA Agonists",
                "mesh-id": "D018755"
            },
            {
                "category": "GABA-A Receptor Agonists",
                "mesh-id": "D058785"
            },
            {
                "category": "Neurotransmitter Agents",
                "mesh-id": "D018377"
            }
        ]
    },
    "affected-organisms": null,
    "dosages": null,
    "atc-codes": null,
    "ahfs-codes": null,
    "pdb-entries": null,
    "patents": null,
    "food-interactions": null,
    "drug-interactions": null,
    "calculated-properties": {
        "property": [
            {
                "kind": "logP",
                "value": "2.23",
                "source": "ALOGPS"
            },
            {
                "kind": "logS",
                "value": "-3.2",
                "source": "ALOGPS"
            },
            {
                "kind": "Water Solubility",
                "value": "1.85e-01 g/l",
                "source": "ALOGPS"
            },
            {
                "kind": "logP",
                "value": "2.46",
                "source": "ChemAxon"
            },
            {
                "kind": "IUPAC Name",
                "value": "1-(methoxycarbonyl)cyclopropyl 1-[(1R)-1-phenylethyl]-1H-imidazole-5-carboxylate",
                "source": "ChemAxon"
            },
            {
                "kind": "Traditional IUPAC Name",
                "value": "(2R)-14-fluoro-2-methyl-6,9,10,19-tetraazapentacyclo[14.2.1.0^{2,6}.0^{8,18}.0^{12,17}]nonadeca-1(18),8,12(17),13,15-pentaen-11-one",
                "source": "ChemAxon"
            },
            {
                "kind": "Molecular Weight",
                "value": "314.341",
                "source": "ChemAxon"
            },
            {
                "kind": "Monoisotopic Weight",
                "value": "314.126657068",
                "source": "ChemAxon"
            },
            {
                "kind": "SMILES",
                "value": "COC(=O)C1(CC1)OC(=O)C1=CN=CN1[C@H](C)C1=CC=CC=C1",
                "source": "ChemAxon"
            },
            {
                "kind": "Molecular Formula",
                "value": "C17H18N2O4",
                "source": "ChemAxon"
            },
            {
                "kind": "InChI",
                "value": "InChI=1S/C17H18N2O4/c1-12(13-6-4-3-5-7-13)19-11-18-10-14(19)15(20)23-17(8-9-17)16(21)22-2/h3-7,10-12H,8-9H2,1-2H3/t12-/m1/s1",
                "source": "ChemAxon"
            },
            {
                "kind": "InChIKey",
                "value": "DRAFVCKNYNQOKR-GFCCVEGCSA-N",
                "source": "ChemAxon"
            },
            {
                "kind": "Polar Surface Area (PSA)",
                "value": "70.42",
                "source": "ChemAxon"
            },
            {
                "kind": "Refractivity",
                "value": "82.95",
                "source": "ChemAxon"
            },
            {
                "kind": "Polarizability",
                "value": "31.8",
                "source": "ChemAxon"
            },
            {
                "kind": "Rotatable Bond Count",
                "value": "7",
                "source": "ChemAxon"
            },
            {
                "kind": "H Bond Acceptor Count",
                "value": "3",
                "source": "ChemAxon"
            },
            {
                "kind": "H Bond Donor Count",
                "value": "0",
                "source": "ChemAxon"
            },
            {
                "kind": "pKa (strongest basic)",
                "value": "4.24",
                "source": "ChemAxon"
            },
            {
                "kind": "Physiological Charge",
                "value": "0",
                "source": "ChemAxon"
            },
            {
                "kind": "Number of Rings",
                "value": "3",
                "source": "ChemAxon"
            },
            {
                "kind": "Bioavailability",
                "value": "1",
                "source": "ChemAxon"
            },
            {
                "kind": "Rule of Five",
                "value": "1",
                "source": "ChemAxon"
            },
            {
                "kind": "Ghose Filter",
                "value": "1",
                "source": "ChemAxon"
            },
            {
                "kind": "MDDR-Like Rule",
                "value": "1",
                "source": "ChemAxon"
            }
        ]
    },
    "experimental-properties": null,
    "external-identifiers": {
        "external-identifier": [
            {
                "resource": "ChemSpider",
                "identifier": "52085549"
            }
        ]
    },
    "external-links": null,
    "pathways": null,
    "reactions": null,
    "snp-effects": null,
    "snp-adverse-drug-reactions": null,
    "targets": null,
    "enzymes": null,
    "carriers": null,
    "transporters": null
}