{
    "type": "small molecule",
    "created": "2019-10-14",
    "updated": "2020-06-12",
    "drugbank-id": [
        {
            "primary": true,
            "value": "DB15554"
        }
    ],
    "name": "Leptazoline D",
    "description": "Leptazoline D is a polar oxazoline from the Cyanobacterium Leptolyngbya sp. Also see [Leptazoline A], [Leptazoline B], and [Leptazoline C].",
    "cas-number": null,
    "unii": null,
    "average-mass": 354.359,
    "monoisotopic-mass": 354.142701056,
    "groups": {
        "group": [
            "experimental"
        ]
    },
    "general-references": {
        "articles": null,
        "textbooks": null,
        "links": null,
        "attachments": null
    },
    "synthesis-reference": null,
    "indication": null,
    "pharmacodynamics": null,
    "mechanism-of-action": null,
    "toxicity": null,
    "metabolism": null,
    "absorption": null,
    "half-life": null,
    "protein-binding": null,
    "route-of-elimination": null,
    "volume-of-distribution": null,
    "clearance": null,
    "salts": null,
    "synonyms": null,
    "products": null,
    "international-brands": null,
    "mixtures": null,
    "packagers": null,
    "manufacturers": null,
    "prices": null,
    "categories": null,
    "affected-organisms": null,
    "dosages": null,
    "atc-codes": null,
    "ahfs-codes": null,
    "pdb-entries": null,
    "patents": null,
    "food-interactions": null,
    "drug-interactions": null,
    "calculated-properties": {
        "property": [
            {
                "kind": "logP",
                "value": "-0.65",
                "source": "ALOGPS"
            },
            {
                "kind": "logS",
                "value": "-2.2",
                "source": "ALOGPS"
            },
            {
                "kind": "Water Solubility",
                "value": "2.20e+00 g/l",
                "source": "ALOGPS"
            },
            {
                "kind": "logP",
                "value": "-0.9",
                "source": "ChemAxon"
            },
            {
                "kind": "IUPAC Name",
                "value": "(2S,3S)-N-(1,3-dihydroxypropan-2-yl)-2,3-dihydroxy-3-[(4S,5S)-2-(2-hydroxyphenyl)-5-methyl-4,5-dihydro-1,3-oxazol-4-yl]propanamide",
                "source": "ChemAxon"
            },
            {
                "kind": "Traditional IUPAC Name",
                "value": "(3R)-3-[(4S,5S)-2-(5-chloro-2-hydroxyphenyl)-5-methyl-4,5-dihydro-1,3-oxazol-4-yl]-3-hydroxypropanoic acid",
                "source": "ChemAxon"
            },
            {
                "kind": "Molecular Weight",
                "value": "354.359",
                "source": "ChemAxon"
            },
            {
                "kind": "Monoisotopic Weight",
                "value": "354.142701056",
                "source": "ChemAxon"
            },
            {
                "kind": "SMILES",
                "value": "C[C@@H]1OC(=N[C@H]1[C@H](O)[C@H](O)C(=O)NC(CO)CO)C1=CC=CC=C1O",
                "source": "ChemAxon"
            },
            {
                "kind": "Molecular Formula",
                "value": "C16H22N2O7",
                "source": "ChemAxon"
            },
            {
                "kind": "InChI",
                "value": "InChI=1S/C16H22N2O7/c1-8-12(13(22)14(23)15(24)17-9(6-19)7-20)18-16(25-8)10-4-2-3-5-11(10)21/h2-5,8-9,12-14,19-23H,6-7H2,1H3,(H,17,24)/t8-,12+,13-,14-/m0/s1",
                "source": "ChemAxon"
            },
            {
                "kind": "InChIKey",
                "value": "XXWREFOKTUTPHF-ISTUKMMPSA-N",
                "source": "ChemAxon"
            },
            {
                "kind": "Polar Surface Area (PSA)",
                "value": "151.84",
                "source": "ChemAxon"
            },
            {
                "kind": "Refractivity",
                "value": "86.47",
                "source": "ChemAxon"
            },
            {
                "kind": "Polarizability",
                "value": "35.6",
                "source": "ChemAxon"
            },
            {
                "kind": "Rotatable Bond Count",
                "value": "7",
                "source": "ChemAxon"
            },
            {
                "kind": "H Bond Acceptor Count",
                "value": "7",
                "source": "ChemAxon"
            },
            {
                "kind": "H Bond Donor Count",
                "value": "6",
                "source": "ChemAxon"
            },
            {
                "kind": "pKa (strongest acidic)",
                "value": "10.36",
                "source": "ChemAxon"
            },
            {
                "kind": "pKa (strongest basic)",
                "value": "1.83",
                "source": "ChemAxon"
            },
            {
                "kind": "Physiological Charge",
                "value": "0",
                "source": "ChemAxon"
            },
            {
                "kind": "Number of Rings",
                "value": "2",
                "source": "ChemAxon"
            },
            {
                "kind": "Bioavailability",
                "value": "1",
                "source": "ChemAxon"
            },
            {
                "kind": "Rule of Five",
                "value": "0",
                "source": "ChemAxon"
            },
            {
                "kind": "Ghose Filter",
                "value": "0",
                "source": "ChemAxon"
            },
            {
                "kind": "MDDR-Like Rule",
                "value": "0",
                "source": "ChemAxon"
            }
        ]
    },
    "experimental-properties": null,
    "external-identifiers": {
        "external-identifier": [
            {
                "resource": "ChemSpider",
                "identifier": "81361129"
            }
        ]
    },
    "external-links": null,
    "pathways": null,
    "reactions": null,
    "snp-effects": null,
    "snp-adverse-drug-reactions": null,
    "targets": null,
    "enzymes": null,
    "carriers": null,
    "transporters": null
}