{
    "type": "small molecule",
    "created": "2019-05-20",
    "updated": "2021-05-10",
    "drugbank-id": [
        {
            "primary": true,
            "value": "DB15127"
        }
    ],
    "name": "Hydrogen",
    "description": "Hydrogen is under investigation in clinical trial NCT02830854 (Molecular Hydrogen for Cognitive Function and Performance in Elderly).",
    "cas-number": "1333-74-0",
    "unii": "7YNJ3PO35Z",
    "average-mass": 2.016,
    "monoisotopic-mass": 2.015650064,
    "groups": {
        "group": [
            "investigational"
        ]
    },
    "general-references": {
        "articles": null,
        "textbooks": null,
        "links": null,
        "attachments": null
    },
    "synthesis-reference": null,
    "indication": null,
    "pharmacodynamics": null,
    "mechanism-of-action": null,
    "toxicity": null,
    "metabolism": null,
    "absorption": null,
    "half-life": null,
    "protein-binding": null,
    "route-of-elimination": null,
    "volume-of-distribution": null,
    "clearance": null,
    "salts": null,
    "synonyms": {
        "synonym": [
            {
                "language": "english",
                "coder": "",
                "value": "Dihydrogen"
            },
            {
                "language": "english",
                "coder": "",
                "value": "Molecular hydrogen"
            },
            {
                "language": "english",
                "coder": "",
                "value": "Protium"
            }
        ]
    },
    "products": null,
    "international-brands": null,
    "mixtures": null,
    "packagers": null,
    "manufacturers": null,
    "prices": null,
    "categories": {
        "category": [
            {
                "category": "Elements",
                "mesh-id": "D004602"
            },
            {
                "category": "Gases",
                "mesh-id": "D005740"
            }
        ]
    },
    "affected-organisms": null,
    "dosages": null,
    "atc-codes": null,
    "ahfs-codes": null,
    "pdb-entries": null,
    "patents": null,
    "food-interactions": null,
    "drug-interactions": null,
    "calculated-properties": {
        "property": [
            {
                "kind": "IUPAC Name",
                "value": "dihydrogen",
                "source": "ChemAxon"
            },
            {
                "kind": "Traditional IUPAC Name",
                "value": "Pam2CSK4",
                "source": "ChemAxon"
            },
            {
                "kind": "Molecular Weight",
                "value": "2.016",
                "source": "ChemAxon"
            },
            {
                "kind": "Monoisotopic Weight",
                "value": "2.015650064",
                "source": "ChemAxon"
            },
            {
                "kind": "SMILES",
                "value": "[H][H]",
                "source": "ChemAxon"
            },
            {
                "kind": "Molecular Formula",
                "value": "H2",
                "source": "ChemAxon"
            },
            {
                "kind": "InChI",
                "value": "InChI=1S/H2/h1H",
                "source": "ChemAxon"
            },
            {
                "kind": "InChIKey",
                "value": "UFHFLCQGNIYNRP-UHFFFAOYSA-N",
                "source": "ChemAxon"
            },
            {
                "kind": "Polar Surface Area (PSA)",
                "value": "0",
                "source": "ChemAxon"
            },
            {
                "kind": "Refractivity",
                "value": "0",
                "source": "ChemAxon"
            },
            {
                "kind": "Polarizability",
                "value": "0.74",
                "source": "ChemAxon"
            },
            {
                "kind": "Rotatable Bond Count",
                "value": "0",
                "source": "ChemAxon"
            },
            {
                "kind": "H Bond Acceptor Count",
                "value": "0",
                "source": "ChemAxon"
            },
            {
                "kind": "H Bond Donor Count",
                "value": "0",
                "source": "ChemAxon"
            },
            {
                "kind": "Physiological Charge",
                "value": "0",
                "source": "ChemAxon"
            },
            {
                "kind": "Number of Rings",
                "value": "0",
                "source": "ChemAxon"
            },
            {
                "kind": "Bioavailability",
                "value": "1",
                "source": "ChemAxon"
            },
            {
                "kind": "Rule of Five",
                "value": "0",
                "source": "ChemAxon"
            },
            {
                "kind": "Ghose Filter",
                "value": "0",
                "source": "ChemAxon"
            },
            {
                "kind": "MDDR-Like Rule",
                "value": "0",
                "source": "ChemAxon"
            }
        ]
    },
    "experimental-properties": null,
    "external-identifiers": {
        "external-identifier": [
            {
                "resource": "ChEBI",
                "identifier": "18276"
            },
            {
                "resource": "KEGG Compound",
                "identifier": "C00282"
            },
            {
                "resource": "ChemSpider",
                "identifier": "762"
            },
            {
                "resource": "Wikipedia",
                "identifier": "Hydrogen"
            },
            {
                "resource": "RxCUI",
                "identifier": "5497"
            }
        ]
    },
    "external-links": null,
    "pathways": null,
    "reactions": null,
    "snp-effects": null,
    "snp-adverse-drug-reactions": null,
    "targets": null,
    "enzymes": null,
    "carriers": null,
    "transporters": null
}