{
    "type": "small molecule",
    "created": "2019-05-20",
    "updated": "2021-02-21",
    "drugbank-id": [
        {
            "primary": true,
            "value": "DB15157"
        }
    ],
    "name": "Voruciclib",
    "description": "Voruciclib is under investigation in clinical trial NCT03547115 (A Phase 1 Study of Voruciclib in Subjects With B-Cell Malignancies or AML).",
    "cas-number": "1000023-04-0",
    "unii": "W66XP666AM",
    "average-mass": 469.84,
    "monoisotopic-mass": 469.0903849,
    "groups": {
        "group": [
            "investigational"
        ]
    },
    "general-references": {
        "articles": null,
        "textbooks": null,
        "links": null,
        "attachments": null
    },
    "synthesis-reference": null,
    "indication": null,
    "pharmacodynamics": null,
    "mechanism-of-action": null,
    "toxicity": null,
    "metabolism": null,
    "absorption": null,
    "half-life": null,
    "protein-binding": null,
    "route-of-elimination": null,
    "volume-of-distribution": null,
    "clearance": null,
    "salts": null,
    "synonyms": {
        "synonym": [
            {
                "language": "english",
                "coder": "inn",
                "value": "Voruciclib"
            }
        ]
    },
    "products": null,
    "international-brands": null,
    "mixtures": null,
    "packagers": null,
    "manufacturers": null,
    "prices": null,
    "categories": {
        "category": [
            {
                "category": "Antineoplastic Agents",
                "mesh-id": "D000970"
            },
            {
                "category": "Carbohydrates",
                "mesh-id": "D002241"
            },
            {
                "category": "Enzyme Inhibitors",
                "mesh-id": "D004791"
            },
            {
                "category": "Heterocyclic Compounds, Fused-Ring",
                "mesh-id": "D000072471"
            },
            {
                "category": "Imines",
                "mesh-id": "D007097"
            },
            {
                "category": "Imino Sugars",
                "mesh-id": "D050111"
            },
            {
                "category": "Protein Kinase Inhibitors",
                "mesh-id": "D047428"
            },
            {
                "category": "Pyrans",
                "mesh-id": "D011714"
            },
            {
                "category": "Pyrrolidines",
                "mesh-id": "D011759"
            }
        ]
    },
    "affected-organisms": null,
    "dosages": null,
    "atc-codes": null,
    "ahfs-codes": null,
    "pdb-entries": null,
    "patents": null,
    "food-interactions": null,
    "drug-interactions": {
        "drug-interaction": [
            {
                "drugbank-id": {
                    "primary": false,
                    "value": "DB00012"
                },
                "name": "Darbepoetin alfa",
                "description": "The risk or severity of Thrombosis can be increased when Darbepoetin alfa is combined with Voruciclib."
            },
            {
                "drugbank-id": {
                    "primary": false,
                    "value": "DB00016"
                },
                "name": "Erythropoietin",
                "description": "The risk or severity of Thrombosis can be increased when Erythropoietin is combined with Voruciclib."
            },
            {
                "drugbank-id": {
                    "primary": false,
                    "value": "DB08894"
                },
                "name": "Peginesatide",
                "description": "The risk or severity of Thrombosis can be increased when Peginesatide is combined with Voruciclib."
            },
            {
                "drugbank-id": {
                    "primary": false,
                    "value": "DB09107"
                },
                "name": "Methoxy polyethylene glycol-epoetin beta",
                "description": "The risk or severity of Thrombosis can be increased when Methoxy polyethylene glycol-epoetin beta is combined with Voruciclib."
            },
            {
                "drugbank-id": {
                    "primary": false,
                    "value": "DB00281"
                },
                "name": "Lidocaine",
                "description": "The risk or severity of methemoglobinemia can be increased when Voruciclib is combined with Lidocaine."
            },
            {
                "drugbank-id": {
                    "primary": false,
                    "value": "DB00296"
                },
                "name": "Ropivacaine",
                "description": "The risk or severity of methemoglobinemia can be increased when Voruciclib is combined with Ropivacaine."
            },
            {
                "drugbank-id": {
                    "primary": false,
                    "value": "DB00297"
                },
                "name": "Bupivacaine",
                "description": "The risk or severity of methemoglobinemia can be increased when Voruciclib is combined with Bupivacaine."
            },
            {
                "drugbank-id": {
                    "primary": false,
                    "value": "DB00527"
                },
                "name": "Cinchocaine",
                "description": "The risk or severity of methemoglobinemia can be increased when Voruciclib is combined with Cinchocaine."
            },
            {
                "drugbank-id": {
                    "primary": false,
                    "value": "DB00645"
                },
                "name": "Dyclonine",
                "description": "The risk or severity of methemoglobinemia can be increased when Voruciclib is combined with Dyclonine."
            },
            {
                "drugbank-id": {
                    "primary": false,
                    "value": "DB00721"
                },
                "name": "Procaine",
                "description": "The risk or severity of methemoglobinemia can be increased when Voruciclib is combined with Procaine."
            },
            {
                "drugbank-id": {
                    "primary": false,
                    "value": "DB00750"
                },
                "name": "Prilocaine",
                "description": "The risk or severity of methemoglobinemia can be increased when Voruciclib is combined with Prilocaine."
            },
            {
                "drugbank-id": {
                    "primary": false,
                    "value": "DB00807"
                },
                "name": "Proparacaine",
                "description": "The risk or severity of methemoglobinemia can be increased when Voruciclib is combined with Proparacaine."
            },
            {
                "drugbank-id": {
                    "primary": false,
                    "value": "DB00814"
                },
                "name": "Meloxicam",
                "description": "The risk or severity of methemoglobinemia can be increased when Voruciclib is combined with Meloxicam."
            },
            {
                "drugbank-id": {
                    "primary": false,
                    "value": "DB00892"
                },
                "name": "Oxybuprocaine",
                "description": "The risk or severity of methemoglobinemia can be increased when Voruciclib is combined with Oxybuprocaine."
            },
            {
                "drugbank-id": {
                    "primary": false,
                    "value": "DB00907"
                },
                "name": "Cocaine",
                "description": "The risk or severity of methemoglobinemia can be increased when Voruciclib is combined with Cocaine."
            },
            {
                "drugbank-id": {
                    "primary": false,
                    "value": "DB00961"
                },
                "name": "Mepivacaine",
                "description": "The risk or severity of methemoglobinemia can be increased when Voruciclib is combined with Mepivacaine."
            },
            {
                "drugbank-id": {
                    "primary": false,
                    "value": "DB01002"
                },
                "name": "Levobupivacaine",
                "description": "The risk or severity of methemoglobinemia can be increased when Voruciclib is combined with Levobupivacaine."
            },
            {
                "drugbank-id": {
                    "primary": false,
                    "value": "DB01075"
                },
                "name": "Diphenhydramine",
                "description": "The risk or severity of methemoglobinemia can be increased when Voruciclib is combined with Diphenhydramine."
            },
            {
                "drugbank-id": {
                    "primary": false,
                    "value": "DB01086"
                },
                "name": "Benzocaine",
                "description": "The risk or severity of methemoglobinemia can be increased when Voruciclib is combined with Benzocaine."
            },
            {
                "drugbank-id": {
                    "primary": false,
                    "value": "DB01161"
                },
                "name": "Chloroprocaine",
                "description": "The risk or severity of methemoglobinemia can be increased when Voruciclib is combined with Chloroprocaine."
            },
            {
                "drugbank-id": {
                    "primary": false,
                    "value": "DB03255"
                },
                "name": "Phenol",
                "description": "The risk or severity of methemoglobinemia can be increased when Voruciclib is combined with Phenol."
            },
            {
                "drugbank-id": {
                    "primary": false,
                    "value": "DB05232"
                },
                "name": "Tetrodotoxin",
                "description": "The risk or severity of methemoglobinemia can be increased when Voruciclib is combined with Tetrodotoxin."
            },
            {
                "drugbank-id": {
                    "primary": false,
                    "value": "DB06770"
                },
                "name": "Benzyl alcohol",
                "description": "The risk or severity of methemoglobinemia can be increased when Voruciclib is combined with Benzyl alcohol."
            },
            {
                "drugbank-id": {
                    "primary": false,
                    "value": "DB06774"
                },
                "name": "Capsaicin",
                "description": "The risk or severity of methemoglobinemia can be increased when Voruciclib is combined with Capsaicin."
            },
            {
                "drugbank-id": {
                    "primary": false,
                    "value": "DB08987"
                },
                "name": "Etidocaine",
                "description": "The risk or severity of methemoglobinemia can be increased when Voruciclib is combined with Etidocaine."
            },
            {
                "drugbank-id": {
                    "primary": false,
                    "value": "DB09009"
                },
                "name": "Articaine",
                "description": "The risk or severity of methemoglobinemia can be increased when Voruciclib is combined with Articaine."
            },
            {
                "drugbank-id": {
                    "primary": false,
                    "value": "DB09085"
                },
                "name": "Tetracaine",
                "description": "The risk or severity of methemoglobinemia can be increased when Voruciclib is combined with Tetracaine."
            },
            {
                "drugbank-id": {
                    "primary": false,
                    "value": "DB09342"
                },
                "name": "Propoxycaine",
                "description": "The risk or severity of methemoglobinemia can be increased when Voruciclib is combined with Propoxycaine."
            },
            {
                "drugbank-id": {
                    "primary": false,
                    "value": "DB09345"
                },
                "name": "Pramocaine",
                "description": "The risk or severity of methemoglobinemia can be increased when Voruciclib is combined with Pramocaine."
            },
            {
                "drugbank-id": {
                    "primary": false,
                    "value": "DB11148"
                },
                "name": "Butamben",
                "description": "The risk or severity of methemoglobinemia can be increased when Voruciclib is combined with Butamben."
            },
            {
                "drugbank-id": {
                    "primary": false,
                    "value": "DB11502"
                },
                "name": "Butacaine",
                "description": "The risk or severity of methemoglobinemia can be increased when Voruciclib is combined with Butacaine."
            },
            {
                "drugbank-id": {
                    "primary": false,
                    "value": "DB12532"
                },
                "name": "Oxetacaine",
                "description": "The risk or severity of methemoglobinemia can be increased when Voruciclib is combined with Oxetacaine."
            },
            {
                "drugbank-id": {
                    "primary": false,
                    "value": "DB13259"
                },
                "name": "Ethyl chloride",
                "description": "The risk or severity of methemoglobinemia can be increased when Voruciclib is combined with Ethyl chloride."
            },
            {
                "drugbank-id": {
                    "primary": false,
                    "value": "DB13328"
                },
                "name": "Butanilicaine",
                "description": "The risk or severity of methemoglobinemia can be increased when Voruciclib is combined with Butanilicaine."
            },
            {
                "drugbank-id": {
                    "primary": false,
                    "value": "DB13578"
                },
                "name": "Metabutethamine",
                "description": "The risk or severity of methemoglobinemia can be increased when Voruciclib is combined with Metabutethamine."
            },
            {
                "drugbank-id": {
                    "primary": false,
                    "value": "DB13683"
                },
                "name": "Quinisocaine",
                "description": "The risk or severity of methemoglobinemia can be increased when Voruciclib is combined with Quinisocaine."
            }
        ]
    },
    "calculated-properties": {
        "property": [
            {
                "kind": "logP",
                "value": "3.91",
                "source": "ALOGPS"
            },
            {
                "kind": "logS",
                "value": "-4.1",
                "source": "ALOGPS"
            },
            {
                "kind": "Water Solubility",
                "value": "3.63e-02 g/l",
                "source": "ALOGPS"
            },
            {
                "kind": "logP",
                "value": "2.94",
                "source": "ChemAxon"
            },
            {
                "kind": "IUPAC Name",
                "value": "2-[2-chloro-4-(trifluoromethyl)phenyl]-5,7-dihydroxy-8-[(2R,3S)-2-(hydroxymethyl)-1-methylpyrrolidin-3-yl]-4H-chromen-4-one",
                "source": "ChemAxon"
            },
            {
                "kind": "Traditional IUPAC Name",
                "value": "(2R)-14-fluoro-2-methyl-6,9,10,19-tetraazapentacyclo[14.2.1.0^{2,6}.0^{8,18}.0^{12,17}]nonadeca-1(18),8,12(17),13,15-pentaen-11-one",
                "source": "ChemAxon"
            },
            {
                "kind": "Molecular Weight",
                "value": "469.84",
                "source": "ChemAxon"
            },
            {
                "kind": "Monoisotopic Weight",
                "value": "469.0903849",
                "source": "ChemAxon"
            },
            {
                "kind": "SMILES",
                "value": "CN1CC[C@H]([C@@H]1CO)C1=C(O)C=C(O)C2=C1OC(=CC2=O)C1=CC=C(C=C1Cl)C(F)(F)F",
                "source": "ChemAxon"
            },
            {
                "kind": "Molecular Formula",
                "value": "C22H19ClF3NO5",
                "source": "ChemAxon"
            },
            {
                "kind": "InChI",
                "value": "InChI=1S/C22H19ClF3NO5/c1-27-5-4-12(14(27)9-28)19-15(29)7-16(30)20-17(31)8-18(32-21(19)20)11-3-2-10(6-13(11)23)22(24,25)26/h2-3,6-8,12,14,28-30H,4-5,9H2,1H3/t12-,14+/m1/s1",
                "source": "ChemAxon"
            },
            {
                "kind": "InChIKey",
                "value": "MRPGRAKIAJJGMM-OCCSQVGLSA-N",
                "source": "ChemAxon"
            },
            {
                "kind": "Polar Surface Area (PSA)",
                "value": "90.23",
                "source": "ChemAxon"
            },
            {
                "kind": "Refractivity",
                "value": "113.71",
                "source": "ChemAxon"
            },
            {
                "kind": "Polarizability",
                "value": "42.9",
                "source": "ChemAxon"
            },
            {
                "kind": "Rotatable Bond Count",
                "value": "4",
                "source": "ChemAxon"
            },
            {
                "kind": "H Bond Acceptor Count",
                "value": "6",
                "source": "ChemAxon"
            },
            {
                "kind": "H Bond Donor Count",
                "value": "3",
                "source": "ChemAxon"
            },
            {
                "kind": "pKa (strongest acidic)",
                "value": "6.72",
                "source": "ChemAxon"
            },
            {
                "kind": "pKa (strongest basic)",
                "value": "7.79",
                "source": "ChemAxon"
            },
            {
                "kind": "Physiological Charge",
                "value": "0",
                "source": "ChemAxon"
            },
            {
                "kind": "Number of Rings",
                "value": "4",
                "source": "ChemAxon"
            },
            {
                "kind": "Bioavailability",
                "value": "1",
                "source": "ChemAxon"
            },
            {
                "kind": "Rule of Five",
                "value": "1",
                "source": "ChemAxon"
            },
            {
                "kind": "Ghose Filter",
                "value": "1",
                "source": "ChemAxon"
            },
            {
                "kind": "MDDR-Like Rule",
                "value": "0",
                "source": "ChemAxon"
            }
        ]
    },
    "experimental-properties": null,
    "external-identifiers": {
        "external-identifier": [
            {
                "resource": "ChemSpider",
                "identifier": "29165867"
            },
            {
                "resource": "BindingDB",
                "identifier": "50193104"
            },
            {
                "resource": "ChEMBL",
                "identifier": "CHEMBL3905910"
            }
        ]
    },
    "external-links": null,
    "pathways": null,
    "reactions": null,
    "snp-effects": null,
    "snp-adverse-drug-reactions": null,
    "targets": null,
    "enzymes": null,
    "carriers": null,
    "transporters": null
}