{
    "type": "small molecule",
    "created": "2019-11-18",
    "updated": "2020-06-12",
    "drugbank-id": [
        {
            "primary": true,
            "value": "DB15571"
        }
    ],
    "name": "(12R)-12-hydroxyeicosapentaenoic acid",
    "description": null,
    "cas-number": "109430-12-8",
    "unii": "78P2ZC128S",
    "average-mass": 318.457,
    "monoisotopic-mass": 318.219494826,
    "groups": {
        "group": [
            "experimental"
        ]
    },
    "general-references": {
        "articles": null,
        "textbooks": null,
        "links": null,
        "attachments": null
    },
    "synthesis-reference": null,
    "indication": null,
    "pharmacodynamics": null,
    "mechanism-of-action": null,
    "toxicity": null,
    "metabolism": null,
    "absorption": null,
    "half-life": null,
    "protein-binding": null,
    "route-of-elimination": null,
    "volume-of-distribution": null,
    "clearance": null,
    "salts": null,
    "synonyms": null,
    "products": {
        "product": [
            {
                "name": "Luvira",
                "labeller": "Sterling-Knight Pharmaceuticals, LLC",
                "ndc-id": null,
                "ndc-product-code": "69336-349",
                "dpd-id": null,
                "ema-product-code": null,
                "ema-ma-number": null,
                "started-marketing-on": "2020-01-17",
                "ended-marketing-on": null,
                "dosage-form": "Capsule",
                "strength": null,
                "route": "Oral",
                "fda-application-number": null,
                "generic": false,
                "over-the-counter": false,
                "approved": false,
                "country": "US",
                "source": "FDA NDC"
            },
            {
                "name": "Luvira",
                "labeller": "Sterling-Knight Pharmaceuticals, LLC",
                "ndc-id": null,
                "ndc-product-code": "69336-351",
                "dpd-id": null,
                "ema-product-code": null,
                "ema-ma-number": null,
                "started-marketing-on": "2019-11-07",
                "ended-marketing-on": "2020-01-17",
                "dosage-form": "Capsule",
                "strength": null,
                "route": "Oral",
                "fda-application-number": null,
                "generic": false,
                "over-the-counter": false,
                "approved": false,
                "country": "US",
                "source": "FDA NDC"
            }
        ]
    },
    "international-brands": null,
    "mixtures": {
        "mixture": [
            {
                "name": "Luvira",
                "ingredients": "(12R)-12-hydroxyeicosapentaenoic acid + Doconexent + Omega-3 fatty acids"
            },
            {
                "name": "Luvira",
                "ingredients": "(12R)-12-hydroxyeicosapentaenoic acid + Doconexent + Omega-3-acid ethyl esters"
            }
        ]
    },
    "packagers": null,
    "manufacturers": null,
    "prices": null,
    "categories": null,
    "affected-organisms": null,
    "dosages": {
        "dosage": [
            {
                "form": "Capsule",
                "route": "Oral",
                "strength": null
            }
        ]
    },
    "atc-codes": null,
    "ahfs-codes": null,
    "pdb-entries": null,
    "patents": null,
    "food-interactions": null,
    "drug-interactions": null,
    "calculated-properties": {
        "property": [
            {
                "kind": "logP",
                "value": "5.54",
                "source": "ALOGPS"
            },
            {
                "kind": "logS",
                "value": "-5",
                "source": "ALOGPS"
            },
            {
                "kind": "Water Solubility",
                "value": "3.05e-03 g/l",
                "source": "ALOGPS"
            },
            {
                "kind": "logP",
                "value": "4.99",
                "source": "ChemAxon"
            },
            {
                "kind": "IUPAC Name",
                "value": "(5Z,8Z,10E,12R,14Z,17Z)-12-hydroxyicosa-5,8,10,14,17-pentaenoic acid",
                "source": "ChemAxon"
            },
            {
                "kind": "Traditional IUPAC Name",
                "value": "12R-hepe",
                "source": "ChemAxon"
            },
            {
                "kind": "Molecular Weight",
                "value": "318.457",
                "source": "ChemAxon"
            },
            {
                "kind": "Monoisotopic Weight",
                "value": "318.219494826",
                "source": "ChemAxon"
            },
            {
                "kind": "SMILES",
                "value": "CC\\C=C/C\\C=C/C[C@@H](O)\\C=C\\C=C/C\\C=C/CCCC(O)=O",
                "source": "ChemAxon"
            },
            {
                "kind": "Molecular Formula",
                "value": "C20H30O3",
                "source": "ChemAxon"
            },
            {
                "kind": "InChI",
                "value": "InChI=1S/C20H30O3/c1-2-3-4-5-10-13-16-19(21)17-14-11-8-6-7-9-12-15-18-20(22)23/h3-4,7-11,13-14,17,19,21H,2,5-6,12,15-16,18H2,1H3,(H,22,23)/b4-3-,9-7-,11-8-,13-10-,17-14+/t19-/m1/s1",
                "source": "ChemAxon"
            },
            {
                "kind": "InChIKey",
                "value": "MCRJLMXYVFDXLS-IHWYZUJNSA-N",
                "source": "ChemAxon"
            },
            {
                "kind": "Polar Surface Area (PSA)",
                "value": "57.53",
                "source": "ChemAxon"
            },
            {
                "kind": "Refractivity",
                "value": "102.59",
                "source": "ChemAxon"
            },
            {
                "kind": "Polarizability",
                "value": "37.19",
                "source": "ChemAxon"
            },
            {
                "kind": "Rotatable Bond Count",
                "value": "13",
                "source": "ChemAxon"
            },
            {
                "kind": "H Bond Acceptor Count",
                "value": "3",
                "source": "ChemAxon"
            },
            {
                "kind": "H Bond Donor Count",
                "value": "2",
                "source": "ChemAxon"
            },
            {
                "kind": "pKa (strongest acidic)",
                "value": "4.89",
                "source": "ChemAxon"
            },
            {
                "kind": "pKa (strongest basic)",
                "value": "-1.6",
                "source": "ChemAxon"
            },
            {
                "kind": "Physiological Charge",
                "value": "-1",
                "source": "ChemAxon"
            },
            {
                "kind": "Number of Rings",
                "value": "0",
                "source": "ChemAxon"
            },
            {
                "kind": "Bioavailability",
                "value": "1",
                "source": "ChemAxon"
            },
            {
                "kind": "Rule of Five",
                "value": "1",
                "source": "ChemAxon"
            },
            {
                "kind": "Ghose Filter",
                "value": "1",
                "source": "ChemAxon"
            },
            {
                "kind": "MDDR-Like Rule",
                "value": "0",
                "source": "ChemAxon"
            }
        ]
    },
    "experimental-properties": null,
    "external-identifiers": {
        "external-identifier": [
            {
                "resource": "ChemSpider",
                "identifier": "4446312"
            },
            {
                "resource": "ZINC",
                "identifier": "ZINC000014449721"
            },
            {
                "resource": "RxCUI",
                "identifier": "2261372"
            }
        ]
    },
    "external-links": null,
    "pathways": null,
    "reactions": null,
    "snp-effects": null,
    "snp-adverse-drug-reactions": null,
    "targets": null,
    "enzymes": null,
    "carriers": null,
    "transporters": null
}