{
    "type": "biotech",
    "created": "2019-05-20",
    "updated": "2021-02-21",
    "drugbank-id": [
        {
            "primary": true,
            "value": "DB15072"
        }
    ],
    "name": "Beinaglutide",
    "description": "Beinaglutide is under investigation in clinical trial NCT03829891 (Study for Beinaglutide Versus Glargine Therapy in Glycemic Variability of Type 2 Diabetes Mellitus).",
    "cas-number": "123475-27-4",
    "unii": "38I1O6L31D",
    "groups": {
        "group": [
            "investigational"
        ]
    },
    "general-references": {
        "articles": null,
        "textbooks": null,
        "links": null,
        "attachments": null
    },
    "synthesis-reference": null,
    "indication": null,
    "pharmacodynamics": null,
    "mechanism-of-action": null,
    "toxicity": null,
    "metabolism": null,
    "absorption": null,
    "half-life": null,
    "protein-binding": null,
    "route-of-elimination": null,
    "volume-of-distribution": null,
    "clearance": null,
    "salts": null,
    "synonyms": {
        "synonym": [
            {
                "language": "english",
                "coder": "inn",
                "value": "Beinaglutide"
            }
        ]
    },
    "products": null,
    "international-brands": null,
    "mixtures": null,
    "packagers": null,
    "manufacturers": null,
    "prices": null,
    "categories": {
        "category": [
            {
                "category": "Alimentary Tract and Metabolism",
                "mesh-id": null
            },
            {
                "category": "Amino Acids, Peptides, and Proteins",
                "mesh-id": "D000602"
            },
            {
                "category": "Blood Glucose Lowering Agents",
                "mesh-id": "D007004"
            },
            {
                "category": "Drugs Used in Diabetes",
                "mesh-id": null
            },
            {
                "category": "Gastrointestinal Hormones",
                "mesh-id": "D005768"
            },
            {
                "category": "Glucagon-like peptide-1 (GLP-1) analogues",
                "mesh-id": null
            },
            {
                "category": "Glucagon-Like Peptides",
                "mesh-id": "D004763"
            },
            {
                "category": "Hormones",
                "mesh-id": "D006728"
            },
            {
                "category": "Hormones, Hormone Substitutes, and Hormone Antagonists",
                "mesh-id": "D006730"
            },
            {
                "category": "Peptides",
                "mesh-id": "D010455"
            },
            {
                "category": "Proglucagon",
                "mesh-id": "D052336"
            }
        ]
    },
    "affected-organisms": null,
    "dosages": null,
    "atc-codes": {
        "atc-code": [
            {
                "code": "A10BJ07",
                "level": [
                    {
                        "code": "A10BJ",
                        "value": "Glucagon-like peptide-1 (GLP-1) analogues"
                    },
                    {
                        "code": "A10B",
                        "value": "BLOOD GLUCOSE LOWERING DRUGS, EXCL. INSULINS"
                    },
                    {
                        "code": "A10",
                        "value": "DRUGS USED IN DIABETES"
                    },
                    {
                        "code": "A",
                        "value": "ALIMENTARY TRACT AND METABOLISM"
                    }
                ]
            }
        ]
    },
    "ahfs-codes": null,
    "pdb-entries": null,
    "patents": null,
    "food-interactions": null,
    "drug-interactions": null,
    "sequences": null,
    "experimental-properties": null,
    "external-identifiers": null,
    "external-links": null,
    "pathways": null,
    "reactions": null,
    "snp-effects": null,
    "snp-adverse-drug-reactions": null,
    "targets": null,
    "enzymes": null,
    "carriers": null,
    "transporters": null
}