{
    "type": "small molecule",
    "created": "2019-05-20",
    "updated": "2020-06-12",
    "drugbank-id": [
        {
            "primary": true,
            "value": "DB15242"
        }
    ],
    "name": "MK-0533",
    "description": "MK-0533 is under investigation in clinical trial NCT00543959 (Efficacy and Tolerability of MK0533 in Patients With Type 2 Diabetes (0533-005)).",
    "cas-number": "668455-28-5",
    "unii": "J17152066B",
    "average-mass": 527.496,
    "monoisotopic-mass": 527.155571986,
    "groups": {
        "group": [
            "investigational"
        ]
    },
    "general-references": {
        "articles": null,
        "textbooks": null,
        "links": null,
        "attachments": null
    },
    "synthesis-reference": null,
    "indication": null,
    "pharmacodynamics": null,
    "mechanism-of-action": null,
    "toxicity": null,
    "metabolism": null,
    "absorption": null,
    "half-life": null,
    "protein-binding": null,
    "route-of-elimination": null,
    "volume-of-distribution": null,
    "clearance": null,
    "salts": null,
    "synonyms": null,
    "products": null,
    "international-brands": null,
    "mixtures": null,
    "packagers": null,
    "manufacturers": null,
    "prices": null,
    "categories": null,
    "affected-organisms": null,
    "dosages": null,
    "atc-codes": null,
    "ahfs-codes": null,
    "pdb-entries": null,
    "patents": null,
    "food-interactions": null,
    "drug-interactions": null,
    "calculated-properties": {
        "property": [
            {
                "kind": "logP",
                "value": "5.4",
                "source": "ALOGPS"
            },
            {
                "kind": "logS",
                "value": "-6.1",
                "source": "ALOGPS"
            },
            {
                "kind": "Water Solubility",
                "value": "3.78e-04 g/l",
                "source": "ALOGPS"
            },
            {
                "kind": "logP",
                "value": "7.3",
                "source": "ChemAxon"
            },
            {
                "kind": "IUPAC Name",
                "value": "(2R)-2-{3-[3-(4-methoxybenzoyl)-2-methyl-6-(trifluoromethoxy)-1H-indol-1-yl]phenoxy}butanoic acid",
                "source": "ChemAxon"
            },
            {
                "kind": "Traditional IUPAC Name",
                "value": "(2R)-14-fluoro-2-methyl-6,9,10,19-tetraazapentacyclo[14.2.1.0^{2,6}.0^{8,18}.0^{12,17}]nonadeca-1(18),8,12(17),13,15-pentaen-11-one",
                "source": "ChemAxon"
            },
            {
                "kind": "Molecular Weight",
                "value": "527.496",
                "source": "ChemAxon"
            },
            {
                "kind": "Monoisotopic Weight",
                "value": "527.155571986",
                "source": "ChemAxon"
            },
            {
                "kind": "SMILES",
                "value": "CC[C@@H](OC1=CC(=CC=C1)N1C(C)=C(C(=O)C2=CC=C(OC)C=C2)C2=CC=C(OC(F)(F)F)C=C12)C(O)=O",
                "source": "ChemAxon"
            },
            {
                "kind": "Molecular Formula",
                "value": "C28H24F3NO6",
                "source": "ChemAxon"
            },
            {
                "kind": "InChI",
                "value": "InChI=1S/C28H24F3NO6/c1-4-24(27(34)35)37-20-7-5-6-18(14-20)32-16(2)25(26(33)17-8-10-19(36-3)11-9-17)22-13-12-21(15-23(22)32)38-28(29,30)31/h5-15,24H,4H2,1-3H3,(H,34,35)/t24-/m1/s1",
                "source": "ChemAxon"
            },
            {
                "kind": "InChIKey",
                "value": "STWITCBWQHTJFJ-XMMPIXPASA-N",
                "source": "ChemAxon"
            },
            {
                "kind": "Polar Surface Area (PSA)",
                "value": "86.99",
                "source": "ChemAxon"
            },
            {
                "kind": "Refractivity",
                "value": "138.96",
                "source": "ChemAxon"
            },
            {
                "kind": "Polarizability",
                "value": "51.64",
                "source": "ChemAxon"
            },
            {
                "kind": "Rotatable Bond Count",
                "value": "10",
                "source": "ChemAxon"
            },
            {
                "kind": "H Bond Acceptor Count",
                "value": "6",
                "source": "ChemAxon"
            },
            {
                "kind": "H Bond Donor Count",
                "value": "1",
                "source": "ChemAxon"
            },
            {
                "kind": "pKa (strongest acidic)",
                "value": "3.78",
                "source": "ChemAxon"
            },
            {
                "kind": "pKa (strongest basic)",
                "value": "-4.5",
                "source": "ChemAxon"
            },
            {
                "kind": "Physiological Charge",
                "value": "-1",
                "source": "ChemAxon"
            },
            {
                "kind": "Number of Rings",
                "value": "4",
                "source": "ChemAxon"
            },
            {
                "kind": "Bioavailability",
                "value": "0",
                "source": "ChemAxon"
            },
            {
                "kind": "Rule of Five",
                "value": "0",
                "source": "ChemAxon"
            },
            {
                "kind": "Ghose Filter",
                "value": "0",
                "source": "ChemAxon"
            },
            {
                "kind": "MDDR-Like Rule",
                "value": "1",
                "source": "ChemAxon"
            }
        ]
    },
    "experimental-properties": null,
    "external-identifiers": {
        "external-identifier": [
            {
                "resource": "ChemSpider",
                "identifier": "9853263"
            },
            {
                "resource": "BindingDB",
                "identifier": "50267991"
            },
            {
                "resource": "ChEMBL",
                "identifier": "CHEMBL490029"
            },
            {
                "resource": "ZINC",
                "identifier": "ZINC000049878561"
            }
        ]
    },
    "external-links": null,
    "pathways": null,
    "reactions": null,
    "snp-effects": null,
    "snp-adverse-drug-reactions": null,
    "targets": null,
    "enzymes": null,
    "carriers": null,
    "transporters": null
}