{
    "type": "small molecule",
    "created": "2019-05-20",
    "updated": "2020-06-12",
    "drugbank-id": [
        {
            "primary": true,
            "value": "DB15246"
        }
    ],
    "name": "Salvianolic acid A",
    "description": "Salvianolic acid A is under investigation in clinical trial NCT03908242 (Phase I Study of Continuous Administration of Salvianolic Acid A Tablet).",
    "cas-number": "96574-01-5",
    "unii": "51622542XO",
    "average-mass": 494.452,
    "monoisotopic-mass": 494.121296908,
    "groups": {
        "group": [
            "investigational"
        ]
    },
    "general-references": {
        "articles": {
            "article": [
                {
                    "ref-id": "A182489",
                    "pubmed-id": "2173008",
                    "citation": "Murakami S, Kijima H, Isobe Y, Muramatsu M, Aihara H, Otomo S, Li LN, Ai CB: Effect of salvianolic acid A, a depside from roots of Salvia miltiorrhiza, on gastric H+,K(+)-ATPase. Planta Med. 1990 Aug;56(4):360-3. doi: 10.1055/s-2006-960982."
                }
            ]
        },
        "textbooks": null,
        "links": null,
        "attachments": null
    },
    "synthesis-reference": null,
    "indication": null,
    "pharmacodynamics": null,
    "mechanism-of-action": null,
    "toxicity": null,
    "metabolism": null,
    "absorption": null,
    "half-life": null,
    "protein-binding": null,
    "route-of-elimination": null,
    "volume-of-distribution": null,
    "clearance": null,
    "salts": null,
    "synonyms": null,
    "products": null,
    "international-brands": null,
    "mixtures": null,
    "packagers": null,
    "manufacturers": null,
    "prices": null,
    "categories": {
        "category": [
            {
                "category": "Acids, Carbocyclic",
                "mesh-id": "D000146"
            },
            {
                "category": "Antineoplastic Agents",
                "mesh-id": "D000970"
            },
            {
                "category": "Cinnamates",
                "mesh-id": "D002934"
            },
            {
                "category": "Drugs, Chinese Herbal",
                "mesh-id": "D004365"
            },
            {
                "category": "Enzyme Inhibitors",
                "mesh-id": "D004791"
            },
            {
                "category": "Hydroxy Acids",
                "mesh-id": "D006880"
            },
            {
                "category": "Plant Extracts",
                "mesh-id": "D010936"
            }
        ]
    },
    "affected-organisms": null,
    "dosages": null,
    "atc-codes": null,
    "ahfs-codes": null,
    "pdb-entries": null,
    "patents": null,
    "food-interactions": null,
    "drug-interactions": null,
    "calculated-properties": {
        "property": [
            {
                "kind": "logP",
                "value": "3.58",
                "source": "ALOGPS"
            },
            {
                "kind": "logS",
                "value": "-4.8",
                "source": "ALOGPS"
            },
            {
                "kind": "Water Solubility",
                "value": "8.67e-03 g/l",
                "source": "ALOGPS"
            },
            {
                "kind": "logP",
                "value": "4.74",
                "source": "ChemAxon"
            },
            {
                "kind": "IUPAC Name",
                "value": "(2R)-3-(3,4-dihydroxyphenyl)-2-{[(2E)-3-{2-[(1E)-2-(3,4-dihydroxyphenyl)ethenyl]-3,4-dihydroxyphenyl}prop-2-enoyl]oxy}propanoic acid",
                "source": "ChemAxon"
            },
            {
                "kind": "Traditional IUPAC Name",
                "value": "(2R)-14-fluoro-2-methyl-6,9,10,19-tetraazapentacyclo[14.2.1.0^{2,6}.0^{8,18}.0^{12,17}]nonadeca-1(18),8,12(17),13,15-pentaen-11-one",
                "source": "ChemAxon"
            },
            {
                "kind": "Molecular Weight",
                "value": "494.452",
                "source": "ChemAxon"
            },
            {
                "kind": "Monoisotopic Weight",
                "value": "494.121296908",
                "source": "ChemAxon"
            },
            {
                "kind": "SMILES",
                "value": "OC(=O)[C@@H](CC1=CC(O)=C(O)C=C1)OC(=O)\\C=C\\C1=C(/C=C/C2=CC(O)=C(O)C=C2)C(O)=C(O)C=C1",
                "source": "ChemAxon"
            },
            {
                "kind": "Molecular Formula",
                "value": "C26H22O10",
                "source": "ChemAxon"
            },
            {
                "kind": "InChI",
                "value": "InChI=1S/C26H22O10/c27-18-7-2-14(11-21(18)30)1-6-17-16(4-9-20(29)25(17)33)5-10-24(32)36-23(26(34)35)13-15-3-8-19(28)22(31)12-15/h1-12,23,27-31,33H,13H2,(H,34,35)/b6-1+,10-5+/t23-/m1/s1",
                "source": "ChemAxon"
            },
            {
                "kind": "InChIKey",
                "value": "YMGFTDKNIWPMGF-UCPJVGPRSA-N",
                "source": "ChemAxon"
            },
            {
                "kind": "Polar Surface Area (PSA)",
                "value": "184.98",
                "source": "ChemAxon"
            },
            {
                "kind": "Refractivity",
                "value": "130.37",
                "source": "ChemAxon"
            },
            {
                "kind": "Polarizability",
                "value": "48.67",
                "source": "ChemAxon"
            },
            {
                "kind": "Rotatable Bond Count",
                "value": "9",
                "source": "ChemAxon"
            },
            {
                "kind": "H Bond Acceptor Count",
                "value": "9",
                "source": "ChemAxon"
            },
            {
                "kind": "H Bond Donor Count",
                "value": "7",
                "source": "ChemAxon"
            },
            {
                "kind": "pKa (strongest acidic)",
                "value": "3.14",
                "source": "ChemAxon"
            },
            {
                "kind": "pKa (strongest basic)",
                "value": "-6.3",
                "source": "ChemAxon"
            },
            {
                "kind": "Physiological Charge",
                "value": "-1",
                "source": "ChemAxon"
            },
            {
                "kind": "Number of Rings",
                "value": "3",
                "source": "ChemAxon"
            },
            {
                "kind": "Bioavailability",
                "value": "1",
                "source": "ChemAxon"
            },
            {
                "kind": "Rule of Five",
                "value": "0",
                "source": "ChemAxon"
            },
            {
                "kind": "Ghose Filter",
                "value": "0",
                "source": "ChemAxon"
            },
            {
                "kind": "MDDR-Like Rule",
                "value": "1",
                "source": "ChemAxon"
            }
        ]
    },
    "experimental-properties": null,
    "external-identifiers": {
        "external-identifier": [
            {
                "resource": "ChEBI",
                "identifier": "9017"
            },
            {
                "resource": "KEGG Compound",
                "identifier": "C10492"
            },
            {
                "resource": "ChemSpider",
                "identifier": "4445105"
            },
            {
                "resource": "BindingDB",
                "identifier": "50414250"
            },
            {
                "resource": "ChEMBL",
                "identifier": "CHEMBL457077"
            },
            {
                "resource": "ZINC",
                "identifier": "ZINC000004098737"
            }
        ]
    },
    "external-links": null,
    "pathways": null,
    "reactions": null,
    "snp-effects": null,
    "snp-adverse-drug-reactions": null,
    "targets": null,
    "enzymes": null,
    "carriers": null,
    "transporters": null
}