{
    "type": "small molecule",
    "created": "2019-05-20",
    "updated": "2020-06-12",
    "drugbank-id": [
        {
            "primary": true,
            "value": "DB15326"
        }
    ],
    "name": "CXL-1020",
    "description": "CXL-1020 is under investigation in clinical trial NCT01092325 (Safety and Hemodynamic Effects and Pharmacokinetics of CXL-1020 in Patients With Stable Heart Failure).",
    "cas-number": "950834-06-7",
    "unii": "T7Q0XY74OK",
    "average-mass": 251.27,
    "monoisotopic-mass": 250.992214742,
    "groups": {
        "group": [
            "investigational"
        ]
    },
    "general-references": {
        "articles": null,
        "textbooks": null,
        "links": null,
        "attachments": null
    },
    "synthesis-reference": null,
    "indication": null,
    "pharmacodynamics": null,
    "mechanism-of-action": null,
    "toxicity": null,
    "metabolism": null,
    "absorption": null,
    "half-life": null,
    "protein-binding": null,
    "route-of-elimination": null,
    "volume-of-distribution": null,
    "clearance": null,
    "classification": {
        "description": "This compound belongs to the class of organic compounds known as benzenesulfonamides. These are organic compounds containing a sulfonamide group that is S-linked to a benzene ring.",
        "direct-parent": "Benzenesulfonamides",
        "kingdom": "Organic compounds",
        "superclass": "Benzenoids",
        "class": "Benzene and substituted derivatives",
        "subclass": "Benzenesulfonamides",
        "alternative-parent": [
            "Aminosulfonyl compounds",
            "Benzenesulfonyl compounds",
            "Hydrocarbon derivatives",
            "Organic nitrogen compounds",
            "Organic oxides",
            "Organosulfonic acids and derivatives",
            "Sulfones"
        ],
        "substituent": [
            "Aminosulfonyl compound",
            "Aromatic homomonocyclic compound",
            "Benzenesulfonamide",
            "Benzenesulfonyl group",
            "Hydrocarbon derivative",
            "Organic nitrogen compound",
            "Organic oxide",
            "Organic oxygen compound",
            "Organic sulfonic acid or derivatives",
            "Organosulfonic acid or derivatives",
            "Organosulfur compound",
            "Sulfone",
            "Sulfonyl"
        ]
    },
    "salts": null,
    "synonyms": null,
    "products": null,
    "international-brands": null,
    "mixtures": null,
    "packagers": null,
    "manufacturers": null,
    "prices": null,
    "categories": null,
    "affected-organisms": null,
    "dosages": null,
    "atc-codes": null,
    "ahfs-codes": null,
    "pdb-entries": null,
    "patents": null,
    "food-interactions": null,
    "drug-interactions": null,
    "calculated-properties": {
        "property": [
            {
                "kind": "logP",
                "value": "-0.49",
                "source": "ALOGPS"
            },
            {
                "kind": "logS",
                "value": "-2",
                "source": "ALOGPS"
            },
            {
                "kind": "Water Solubility",
                "value": "2.32e+00 g/l",
                "source": "ALOGPS"
            },
            {
                "kind": "logP",
                "value": "-0.58",
                "source": "ChemAxon"
            },
            {
                "kind": "IUPAC Name",
                "value": "N-hydroxy-2-methanesulfonylbenzene-1-sulfonamide",
                "source": "ChemAxon"
            },
            {
                "kind": "Traditional IUPAC Name",
                "value": "(2R)-14-fluoro-2-methyl-6,9,10,19-tetraazapentacyclo[14.2.1.0^{2,6}.0^{8,18}.0^{12,17}]nonadeca-1(18),8,12(17),13,15-pentaen-11-one",
                "source": "ChemAxon"
            },
            {
                "kind": "Molecular Weight",
                "value": "251.27",
                "source": "ChemAxon"
            },
            {
                "kind": "Monoisotopic Weight",
                "value": "250.992214742",
                "source": "ChemAxon"
            },
            {
                "kind": "SMILES",
                "value": "CS(=O)(=O)C1=CC=CC=C1S(=O)(=O)NO",
                "source": "ChemAxon"
            },
            {
                "kind": "Molecular Formula",
                "value": "C7H9NO5S2",
                "source": "ChemAxon"
            },
            {
                "kind": "InChI",
                "value": "InChI=1S/C7H9NO5S2/c1-14(10,11)6-4-2-3-5-7(6)15(12,13)8-9/h2-5,8-9H,1H3",
                "source": "ChemAxon"
            },
            {
                "kind": "InChIKey",
                "value": "RZRWBKKAFHXNEQ-UHFFFAOYSA-N",
                "source": "ChemAxon"
            },
            {
                "kind": "Polar Surface Area (PSA)",
                "value": "100.54",
                "source": "ChemAxon"
            },
            {
                "kind": "Refractivity",
                "value": "53.98",
                "source": "ChemAxon"
            },
            {
                "kind": "Polarizability",
                "value": "21.72",
                "source": "ChemAxon"
            },
            {
                "kind": "Rotatable Bond Count",
                "value": "2",
                "source": "ChemAxon"
            },
            {
                "kind": "H Bond Acceptor Count",
                "value": "5",
                "source": "ChemAxon"
            },
            {
                "kind": "H Bond Donor Count",
                "value": "2",
                "source": "ChemAxon"
            },
            {
                "kind": "pKa (strongest acidic)",
                "value": "8.38",
                "source": "ChemAxon"
            },
            {
                "kind": "pKa (strongest basic)",
                "value": "-5.3",
                "source": "ChemAxon"
            },
            {
                "kind": "Physiological Charge",
                "value": "0",
                "source": "ChemAxon"
            },
            {
                "kind": "Number of Rings",
                "value": "1",
                "source": "ChemAxon"
            },
            {
                "kind": "Bioavailability",
                "value": "1",
                "source": "ChemAxon"
            },
            {
                "kind": "Rule of Five",
                "value": "1",
                "source": "ChemAxon"
            },
            {
                "kind": "Ghose Filter",
                "value": "0",
                "source": "ChemAxon"
            },
            {
                "kind": "MDDR-Like Rule",
                "value": "0",
                "source": "ChemAxon"
            }
        ]
    },
    "experimental-properties": null,
    "external-identifiers": {
        "external-identifier": [
            {
                "resource": "ChemSpider",
                "identifier": "64853787"
            }
        ]
    },
    "external-links": null,
    "pathways": null,
    "reactions": null,
    "snp-effects": null,
    "snp-adverse-drug-reactions": null,
    "targets": null,
    "enzymes": null,
    "carriers": null,
    "transporters": null
}