{
    "type": "small molecule",
    "created": "2019-05-20",
    "updated": "2020-06-12",
    "drugbank-id": [
        {
            "primary": true,
            "value": "DB15173"
        }
    ],
    "name": "JNJ-42165279",
    "description": "Jnj-42165279 is under investigation in clinical trial NCT02498392 (An Efficacy, Safety and Tolerability Study of JNJ-42165279 in Participants With Major Depressive Disorder With Anxious Distress).",
    "cas-number": "1346528-50-4",
    "unii": "AH2E5UQ11Y",
    "average-mass": 410.81,
    "monoisotopic-mass": 410.0957244,
    "groups": {
        "group": [
            "investigational"
        ]
    },
    "general-references": {
        "articles": null,
        "textbooks": null,
        "links": null,
        "attachments": null
    },
    "synthesis-reference": null,
    "indication": null,
    "pharmacodynamics": null,
    "mechanism-of-action": null,
    "toxicity": null,
    "metabolism": null,
    "absorption": null,
    "half-life": null,
    "protein-binding": null,
    "route-of-elimination": null,
    "volume-of-distribution": null,
    "clearance": null,
    "salts": null,
    "synonyms": null,
    "products": null,
    "international-brands": null,
    "mixtures": null,
    "packagers": null,
    "manufacturers": null,
    "prices": null,
    "categories": {
        "category": [
            {
                "category": "Enzyme Inhibitors",
                "mesh-id": "D004791"
            }
        ]
    },
    "affected-organisms": null,
    "dosages": null,
    "atc-codes": null,
    "ahfs-codes": null,
    "pdb-entries": null,
    "patents": null,
    "food-interactions": null,
    "drug-interactions": null,
    "calculated-properties": {
        "property": [
            {
                "kind": "logP",
                "value": "2.75",
                "source": "ALOGPS"
            },
            {
                "kind": "logS",
                "value": "-3.5",
                "source": "ALOGPS"
            },
            {
                "kind": "Water Solubility",
                "value": "1.41e-01 g/l",
                "source": "ALOGPS"
            },
            {
                "kind": "logP",
                "value": "3.3",
                "source": "ChemAxon"
            },
            {
                "kind": "IUPAC Name",
                "value": "N-(4-chloropyridin-3-yl)-4-[(2,2-difluoro-2H-1,3-benzodioxol-5-yl)methyl]piperazine-1-carboxamide",
                "source": "ChemAxon"
            },
            {
                "kind": "Traditional IUPAC Name",
                "value": "(2R)-14-fluoro-2-methyl-6,9,10,19-tetraazapentacyclo[14.2.1.0^{2,6}.0^{8,18}.0^{12,17}]nonadeca-1(18),8,12(17),13,15-pentaen-11-one",
                "source": "ChemAxon"
            },
            {
                "kind": "Molecular Weight",
                "value": "410.81",
                "source": "ChemAxon"
            },
            {
                "kind": "Monoisotopic Weight",
                "value": "410.0957244",
                "source": "ChemAxon"
            },
            {
                "kind": "SMILES",
                "value": "FC1(F)OC2=CC=C(CN3CCN(CC3)C(=O)NC3=C(Cl)C=CN=C3)C=C2O1",
                "source": "ChemAxon"
            },
            {
                "kind": "Molecular Formula",
                "value": "C18H17ClF2N4O3",
                "source": "ChemAxon"
            },
            {
                "kind": "InChI",
                "value": "InChI=1S/C18H17ClF2N4O3/c19-13-3-4-22-10-14(13)23-17(26)25-7-5-24(6-8-25)11-12-1-2-15-16(9-12)28-18(20,21)27-15/h1-4,9-10H,5-8,11H2,(H,23,26)",
                "source": "ChemAxon"
            },
            {
                "kind": "InChIKey",
                "value": "YWGYNGCRVZLMCS-UHFFFAOYSA-N",
                "source": "ChemAxon"
            },
            {
                "kind": "Polar Surface Area (PSA)",
                "value": "66.93",
                "source": "ChemAxon"
            },
            {
                "kind": "Refractivity",
                "value": "96.54",
                "source": "ChemAxon"
            },
            {
                "kind": "Polarizability",
                "value": "38.61",
                "source": "ChemAxon"
            },
            {
                "kind": "Rotatable Bond Count",
                "value": "3",
                "source": "ChemAxon"
            },
            {
                "kind": "H Bond Acceptor Count",
                "value": "5",
                "source": "ChemAxon"
            },
            {
                "kind": "H Bond Donor Count",
                "value": "1",
                "source": "ChemAxon"
            },
            {
                "kind": "pKa (strongest acidic)",
                "value": "11.98",
                "source": "ChemAxon"
            },
            {
                "kind": "pKa (strongest basic)",
                "value": "6.01",
                "source": "ChemAxon"
            },
            {
                "kind": "Physiological Charge",
                "value": "0",
                "source": "ChemAxon"
            },
            {
                "kind": "Number of Rings",
                "value": "4",
                "source": "ChemAxon"
            },
            {
                "kind": "Bioavailability",
                "value": "1",
                "source": "ChemAxon"
            },
            {
                "kind": "Rule of Five",
                "value": "1",
                "source": "ChemAxon"
            },
            {
                "kind": "Ghose Filter",
                "value": "1",
                "source": "ChemAxon"
            },
            {
                "kind": "MDDR-Like Rule",
                "value": "0",
                "source": "ChemAxon"
            }
        ]
    },
    "experimental-properties": null,
    "external-identifiers": {
        "external-identifier": [
            {
                "resource": "ChemSpider",
                "identifier": "45743462"
            },
            {
                "resource": "BindingDB",
                "identifier": "174013"
            },
            {
                "resource": "Wikipedia",
                "identifier": "JNJ-42165279"
            },
            {
                "resource": "ZINC",
                "identifier": "ZINC000168658420"
            }
        ]
    },
    "external-links": null,
    "pathways": null,
    "reactions": null,
    "snp-effects": null,
    "snp-adverse-drug-reactions": null,
    "targets": null,
    "enzymes": null,
    "carriers": null,
    "transporters": null
}