{
    "type": "small molecule",
    "created": "2019-05-20",
    "updated": "2020-06-12",
    "drugbank-id": [
        {
            "primary": true,
            "value": "DB15319"
        }
    ],
    "name": "VM4-037",
    "description": "VM4-037 is under investigation in clinical trial NCT00884520 (An Exploratory, Open Label, Multi-Center, Non-Randomized Study of [F-18]VM4-037).",
    "cas-number": "1071470-72-8",
    "unii": "009954O7PB",
    "average-mass": 620.67,
    "monoisotopic-mass": 620.152317809,
    "groups": {
        "group": [
            "investigational"
        ]
    },
    "general-references": {
        "articles": null,
        "textbooks": null,
        "links": null,
        "attachments": null
    },
    "synthesis-reference": null,
    "indication": null,
    "pharmacodynamics": null,
    "mechanism-of-action": null,
    "toxicity": null,
    "metabolism": null,
    "absorption": null,
    "half-life": null,
    "protein-binding": null,
    "route-of-elimination": null,
    "volume-of-distribution": null,
    "clearance": null,
    "salts": null,
    "synonyms": null,
    "products": null,
    "international-brands": null,
    "mixtures": null,
    "packagers": null,
    "manufacturers": null,
    "prices": null,
    "categories": {
        "category": [
            {
                "category": "Amides",
                "mesh-id": "D000577"
            },
            {
                "category": "Amino Acids, Peptides, and Proteins",
                "mesh-id": "D000602"
            },
            {
                "category": "Fluorine Radioisotopes",
                "mesh-id": "D005462"
            },
            {
                "category": "Oligopeptides",
                "mesh-id": "D009842"
            },
            {
                "category": "Peptides",
                "mesh-id": "D010455"
            },
            {
                "category": "Sulfones",
                "mesh-id": "D013450"
            },
            {
                "category": "Sulfur Compounds",
                "mesh-id": "D013457"
            }
        ]
    },
    "affected-organisms": null,
    "dosages": null,
    "atc-codes": null,
    "ahfs-codes": null,
    "pdb-entries": null,
    "patents": null,
    "food-interactions": null,
    "drug-interactions": null,
    "calculated-properties": {
        "property": [
            {
                "kind": "logP",
                "value": "2.54",
                "source": "ALOGPS"
            },
            {
                "kind": "logS",
                "value": "-4.6",
                "source": "ALOGPS"
            },
            {
                "kind": "Water Solubility",
                "value": "1.70e-02 g/l",
                "source": "ALOGPS"
            },
            {
                "kind": "logP",
                "value": "3.2",
                "source": "ChemAxon"
            },
            {
                "kind": "IUPAC Name",
                "value": "(2S)-3-[4-(2-fluoroethoxy)phenyl]-2-[(2S)-3-methyl-2-(4-{[(2-sulfamoyl-1,3-benzothiazol-6-yl)oxy]methyl}-1H-1,2,3-triazol-1-yl)butanamido]propanoic acid",
                "source": "ChemAxon"
            },
            {
                "kind": "Traditional IUPAC Name",
                "value": "(2R)-14-fluoro-2-methyl-6,9,10,19-tetraazapentacyclo[14.2.1.0^{2,6}.0^{8,18}.0^{12,17}]nonadeca-1(18),8,12(17),13,15-pentaen-11-one",
                "source": "ChemAxon"
            },
            {
                "kind": "Molecular Weight",
                "value": "620.67",
                "source": "ChemAxon"
            },
            {
                "kind": "Monoisotopic Weight",
                "value": "620.152317809",
                "source": "ChemAxon"
            },
            {
                "kind": "SMILES",
                "value": "CC(C)[C@H](N1C=C(COC2=CC3=C(C=C2)N=C(S3)S(N)(=O)=O)N=N1)C(=O)N[C@@H](CC1=CC=C(OCCF)C=C1)C(O)=O",
                "source": "ChemAxon"
            },
            {
                "kind": "Molecular Formula",
                "value": "C26H29FN6O7S2",
                "source": "ChemAxon"
            },
            {
                "kind": "InChI",
                "value": "InChI=1S/C26H29FN6O7S2/c1-15(2)23(24(34)29-21(25(35)36)11-16-3-5-18(6-4-16)39-10-9-27)33-13-17(31-32-33)14-40-19-7-8-20-22(12-19)41-26(30-20)42(28,37)38/h3-8,12-13,15,21,23H,9-11,14H2,1-2H3,(H,29,34)(H,35,36)(H2,28,37,38)/t21-,23-/m0/s1",
                "source": "ChemAxon"
            },
            {
                "kind": "InChIKey",
                "value": "QGYZPMXIVNIGKA-GMAHTHKFSA-N",
                "source": "ChemAxon"
            },
            {
                "kind": "Polar Surface Area (PSA)",
                "value": "188.62",
                "source": "ChemAxon"
            },
            {
                "kind": "Refractivity",
                "value": "159.13",
                "source": "ChemAxon"
            },
            {
                "kind": "Polarizability",
                "value": "60.98",
                "source": "ChemAxon"
            },
            {
                "kind": "Rotatable Bond Count",
                "value": "14",
                "source": "ChemAxon"
            },
            {
                "kind": "H Bond Acceptor Count",
                "value": "10",
                "source": "ChemAxon"
            },
            {
                "kind": "H Bond Donor Count",
                "value": "3",
                "source": "ChemAxon"
            },
            {
                "kind": "pKa (strongest acidic)",
                "value": "3.42",
                "source": "ChemAxon"
            },
            {
                "kind": "pKa (strongest basic)",
                "value": "-0.083",
                "source": "ChemAxon"
            },
            {
                "kind": "Physiological Charge",
                "value": "-1",
                "source": "ChemAxon"
            },
            {
                "kind": "Number of Rings",
                "value": "4",
                "source": "ChemAxon"
            },
            {
                "kind": "Bioavailability",
                "value": "0",
                "source": "ChemAxon"
            },
            {
                "kind": "Rule of Five",
                "value": "0",
                "source": "ChemAxon"
            },
            {
                "kind": "Ghose Filter",
                "value": "0",
                "source": "ChemAxon"
            },
            {
                "kind": "MDDR-Like Rule",
                "value": "1",
                "source": "ChemAxon"
            }
        ]
    },
    "experimental-properties": null,
    "external-identifiers": {
        "external-identifier": [
            {
                "resource": "ChemSpider",
                "identifier": "64853835"
            }
        ]
    },
    "external-links": null,
    "pathways": null,
    "reactions": null,
    "snp-effects": null,
    "snp-adverse-drug-reactions": null,
    "targets": null,
    "enzymes": null,
    "carriers": null,
    "transporters": null
}