{
    "type": "small molecule",
    "created": "2019-05-20",
    "updated": "2020-06-12",
    "drugbank-id": [
        {
            "primary": true,
            "value": "DB15259"
        }
    ],
    "name": "VB-201",
    "description": "VB-201 is under investigation in clinical trial NCT01001468 (Study to Assess VB-201 in Patients With Psoriasis).",
    "cas-number": "630112-41-3",
    "unii": "SJ5A8151JO",
    "average-mass": 581.772,
    "monoisotopic-mass": 581.405654894,
    "groups": {
        "group": [
            "investigational"
        ]
    },
    "general-references": {
        "articles": null,
        "textbooks": null,
        "links": null,
        "attachments": null
    },
    "synthesis-reference": null,
    "indication": null,
    "pharmacodynamics": null,
    "mechanism-of-action": null,
    "toxicity": null,
    "metabolism": null,
    "absorption": null,
    "half-life": null,
    "protein-binding": null,
    "route-of-elimination": null,
    "volume-of-distribution": null,
    "clearance": null,
    "classification": {
        "description": "This compound belongs to the class of organic compounds known as dialkylglycerol-3-phosphocholines. These are glycerophosphocholines in which the glycerol moiety is bonded to two aliphatic (saturated or unsaturated) chains through ether linkages.",
        "direct-parent": "Dialkylglycerol-3-phosphocholines",
        "kingdom": "Organic compounds",
        "superclass": "Lipids and lipid-like molecules",
        "class": "Glycerophospholipids",
        "subclass": "Glycerophosphocholines",
        "alternative-parent": [
            "Amines",
            "Carbonyl compounds",
            "Carboxylic acids",
            "Dialkyl ethers",
            "Dialkyl phosphates",
            "Fatty acids and conjugates",
            "Glycerol ethers",
            "Hydrocarbon derivatives",
            "Monocarboxylic acids and derivatives",
            "Organic cations",
            "Organic oxides",
            "Organic salts",
            "Phosphocholines",
            "Tetraalkylammonium salts"
        ],
        "substituent": [
            "Aliphatic acyclic compound",
            "Alkyl phosphate",
            "Amine",
            "Carbonyl group",
            "Carboxylic acid",
            "Carboxylic acid derivative",
            "Choline",
            "Dialkyl ether",
            "Dialkyl phosphate",
            "Dialkylglycero-3-phosphocholine",
            "Ether",
            "Fatty acid",
            "Glycerol ether",
            "Hydrocarbon derivative",
            "Monocarboxylic acid or derivatives",
            "Organic cation",
            "Organic nitrogen compound",
            "Organic oxide",
            "Organic oxygen compound",
            "Organic phosphoric acid derivative",
            "Organic salt",
            "Organonitrogen compound",
            "Organooxygen compound",
            "Phosphocholine",
            "Phosphoric acid ester",
            "Quaternary ammonium salt",
            "Tetraalkylammonium salt"
        ]
    },
    "salts": null,
    "synonyms": null,
    "products": null,
    "international-brands": null,
    "mixtures": null,
    "packagers": null,
    "manufacturers": null,
    "prices": null,
    "categories": {
        "category": [
            {
                "category": "Alcohols",
                "mesh-id": "D000438"
            },
            {
                "category": "Carbohydrates",
                "mesh-id": "D002241"
            },
            {
                "category": "Glycerophosphates",
                "mesh-id": "D005994"
            },
            {
                "category": "Glycerophospholipids",
                "mesh-id": "D020404"
            },
            {
                "category": "Lecithins",
                "mesh-id": "D054709"
            },
            {
                "category": "Lipids",
                "mesh-id": "D008055"
            },
            {
                "category": "Membrane Lipids",
                "mesh-id": "D008563"
            },
            {
                "category": "Phosphatidic Acids",
                "mesh-id": "D010712"
            },
            {
                "category": "Phosphatidylcholines",
                "mesh-id": "D010713"
            },
            {
                "category": "Phospholipids",
                "mesh-id": "D010743"
            },
            {
                "category": "Plant Extracts",
                "mesh-id": "D010936"
            },
            {
                "category": "Sugar Alcohols",
                "mesh-id": "D013402"
            },
            {
                "category": "Triose Sugar Alcohols",
                "mesh-id": "D000073999"
            }
        ]
    },
    "affected-organisms": null,
    "dosages": null,
    "atc-codes": null,
    "ahfs-codes": null,
    "pdb-entries": null,
    "patents": null,
    "food-interactions": null,
    "drug-interactions": null,
    "calculated-properties": {
        "property": [
            {
                "kind": "logP",
                "value": "2.91",
                "source": "ALOGPS"
            },
            {
                "kind": "logS",
                "value": "-6.5",
                "source": "ALOGPS"
            },
            {
                "kind": "Water Solubility",
                "value": "2.15e-04 g/l",
                "source": "ALOGPS"
            },
            {
                "kind": "logP",
                "value": "2.66",
                "source": "ChemAxon"
            },
            {
                "kind": "IUPAC Name",
                "value": "(2-{[(2R)-2-(4-carboxybutoxy)-3-(hexadecyloxy)propyl phosphonato]oxy}ethyl)trimethylazanium",
                "source": "ChemAxon"
            },
            {
                "kind": "Traditional IUPAC Name",
                "value": "(2R)-14-fluoro-2-methyl-6,9,10,19-tetraazapentacyclo[14.2.1.0^{2,6}.0^{8,18}.0^{12,17}]nonadeca-1(18),8,12(17),13,15-pentaen-11-one",
                "source": "ChemAxon"
            },
            {
                "kind": "Molecular Weight",
                "value": "581.772",
                "source": "ChemAxon"
            },
            {
                "kind": "Monoisotopic Weight",
                "value": "581.405654894",
                "source": "ChemAxon"
            },
            {
                "kind": "SMILES",
                "value": "CCCCCCCCCCCCCCCCOC[C@H](COP([O-])(=O)OCC[N+](C)(C)C)OCCCCC(O)=O",
                "source": "ChemAxon"
            },
            {
                "kind": "Molecular Formula",
                "value": "C29H60NO8P",
                "source": "ChemAxon"
            },
            {
                "kind": "InChI",
                "value": "InChI=1S/C29H60NO8P/c1-5-6-7-8-9-10-11-12-13-14-15-16-17-19-23-35-26-28(36-24-20-18-21-29(31)32)27-38-39(33,34)37-25-22-30(2,3)4/h28H,5-27H2,1-4H3,(H-,31,32,33,34)/t28-/m1/s1",
                "source": "ChemAxon"
            },
            {
                "kind": "InChIKey",
                "value": "JGGNOCUEWOGWPL-MUUNZHRXSA-N",
                "source": "ChemAxon"
            },
            {
                "kind": "Polar Surface Area (PSA)",
                "value": "114.35",
                "source": "ChemAxon"
            },
            {
                "kind": "Refractivity",
                "value": "167.41",
                "source": "ChemAxon"
            },
            {
                "kind": "Polarizability",
                "value": "69.9",
                "source": "ChemAxon"
            },
            {
                "kind": "Rotatable Bond Count",
                "value": "30",
                "source": "ChemAxon"
            },
            {
                "kind": "H Bond Acceptor Count",
                "value": "6",
                "source": "ChemAxon"
            },
            {
                "kind": "H Bond Donor Count",
                "value": "1",
                "source": "ChemAxon"
            },
            {
                "kind": "pKa (strongest acidic)",
                "value": "1.85",
                "source": "ChemAxon"
            },
            {
                "kind": "pKa (strongest basic)",
                "value": "-3.9",
                "source": "ChemAxon"
            },
            {
                "kind": "Physiological Charge",
                "value": "-1",
                "source": "ChemAxon"
            },
            {
                "kind": "Number of Rings",
                "value": "0",
                "source": "ChemAxon"
            },
            {
                "kind": "Bioavailability",
                "value": "0",
                "source": "ChemAxon"
            },
            {
                "kind": "Rule of Five",
                "value": "0",
                "source": "ChemAxon"
            },
            {
                "kind": "Ghose Filter",
                "value": "0",
                "source": "ChemAxon"
            },
            {
                "kind": "MDDR-Like Rule",
                "value": "0",
                "source": "ChemAxon"
            }
        ]
    },
    "experimental-properties": null,
    "external-identifiers": {
        "external-identifier": [
            {
                "resource": "ChemSpider",
                "identifier": "64854641"
            }
        ]
    },
    "external-links": null,
    "pathways": null,
    "reactions": null,
    "snp-effects": null,
    "snp-adverse-drug-reactions": null,
    "targets": null,
    "enzymes": null,
    "carriers": null,
    "transporters": null
}