{
    "type": "small molecule",
    "created": "2019-05-20",
    "updated": "2020-06-12",
    "drugbank-id": [
        {
            "primary": true,
            "value": "DB15124"
        }
    ],
    "name": "PF-05241328",
    "description": "PF-05241328 is under investigation in clinical trial NCT01165736 (To Calculate the Pharmacokinetics (Concentration of Compound in and Rate of Excretion From the Blood) Following a Very Low Dose of Compound Which Will Not Have Any Pharmacological Activity).",
    "cas-number": "1387633-03-5",
    "unii": "8RAL5N48VT",
    "average-mass": 436.91,
    "monoisotopic-mass": 436.097204,
    "groups": {
        "group": [
            "investigational"
        ]
    },
    "general-references": {
        "articles": null,
        "textbooks": null,
        "links": null,
        "attachments": null
    },
    "synthesis-reference": null,
    "indication": null,
    "pharmacodynamics": null,
    "mechanism-of-action": null,
    "toxicity": null,
    "metabolism": null,
    "absorption": null,
    "half-life": null,
    "protein-binding": null,
    "route-of-elimination": null,
    "volume-of-distribution": null,
    "clearance": null,
    "salts": null,
    "synonyms": null,
    "products": null,
    "international-brands": null,
    "mixtures": null,
    "packagers": null,
    "manufacturers": null,
    "prices": null,
    "categories": null,
    "affected-organisms": null,
    "dosages": null,
    "atc-codes": null,
    "ahfs-codes": null,
    "pdb-entries": null,
    "patents": null,
    "food-interactions": null,
    "drug-interactions": null,
    "calculated-properties": {
        "property": [
            {
                "kind": "logP",
                "value": "3.5",
                "source": "ALOGPS"
            },
            {
                "kind": "logS",
                "value": "-4.6",
                "source": "ALOGPS"
            },
            {
                "kind": "Water Solubility",
                "value": "1.04e-02 g/l",
                "source": "ALOGPS"
            },
            {
                "kind": "logP",
                "value": "2.61",
                "source": "ChemAxon"
            },
            {
                "kind": "IUPAC Name",
                "value": "1-[5-chloro-6-(2-methylpropoxy)pyridin-3-yl]-N-methanesulfonyl-3-methyl-1H-indazole-5-carboxamide",
                "source": "ChemAxon"
            },
            {
                "kind": "Traditional IUPAC Name",
                "value": "(2R)-14-fluoro-2-methyl-6,9,10,19-tetraazapentacyclo[14.2.1.0^{2,6}.0^{8,18}.0^{12,17}]nonadeca-1(18),8,12(17),13,15-pentaen-11-one",
                "source": "ChemAxon"
            },
            {
                "kind": "Molecular Weight",
                "value": "436.91",
                "source": "ChemAxon"
            },
            {
                "kind": "Monoisotopic Weight",
                "value": "436.097204",
                "source": "ChemAxon"
            },
            {
                "kind": "SMILES",
                "value": "CC(C)COC1=NC=C(C=C1Cl)N1N=C(C)C2=C1C=CC(=C2)C(=O)NS(C)(=O)=O",
                "source": "ChemAxon"
            },
            {
                "kind": "Molecular Formula",
                "value": "C19H21ClN4O4S",
                "source": "ChemAxon"
            },
            {
                "kind": "InChI",
                "value": "InChI=1S/C19H21ClN4O4S/c1-11(2)10-28-19-16(20)8-14(9-21-19)24-17-6-5-13(7-15(17)12(3)22-24)18(25)23-29(4,26)27/h5-9,11H,10H2,1-4H3,(H,23,25)",
                "source": "ChemAxon"
            },
            {
                "kind": "InChIKey",
                "value": "RVTSXVZXEGFIPW-UHFFFAOYSA-N",
                "source": "ChemAxon"
            },
            {
                "kind": "Polar Surface Area (PSA)",
                "value": "103.18",
                "source": "ChemAxon"
            },
            {
                "kind": "Refractivity",
                "value": "110.75",
                "source": "ChemAxon"
            },
            {
                "kind": "Polarizability",
                "value": "45.11",
                "source": "ChemAxon"
            },
            {
                "kind": "Rotatable Bond Count",
                "value": "5",
                "source": "ChemAxon"
            },
            {
                "kind": "H Bond Acceptor Count",
                "value": "6",
                "source": "ChemAxon"
            },
            {
                "kind": "H Bond Donor Count",
                "value": "1",
                "source": "ChemAxon"
            },
            {
                "kind": "pKa (strongest acidic)",
                "value": "4.13",
                "source": "ChemAxon"
            },
            {
                "kind": "pKa (strongest basic)",
                "value": "1.34",
                "source": "ChemAxon"
            },
            {
                "kind": "Physiological Charge",
                "value": "-1",
                "source": "ChemAxon"
            },
            {
                "kind": "Number of Rings",
                "value": "3",
                "source": "ChemAxon"
            },
            {
                "kind": "Bioavailability",
                "value": "1",
                "source": "ChemAxon"
            },
            {
                "kind": "Rule of Five",
                "value": "1",
                "source": "ChemAxon"
            },
            {
                "kind": "Ghose Filter",
                "value": "1",
                "source": "ChemAxon"
            },
            {
                "kind": "MDDR-Like Rule",
                "value": "0",
                "source": "ChemAxon"
            }
        ]
    },
    "experimental-properties": null,
    "external-identifiers": {
        "external-identifier": [
            {
                "resource": "ChemSpider",
                "identifier": "58828227"
            }
        ]
    },
    "external-links": null,
    "pathways": null,
    "reactions": null,
    "snp-effects": null,
    "snp-adverse-drug-reactions": null,
    "targets": null,
    "enzymes": null,
    "carriers": null,
    "transporters": null
}