{
    "type": "small molecule",
    "created": "2019-05-20",
    "updated": "2021-02-21",
    "drugbank-id": [
        {
            "primary": true,
            "value": "DB15357"
        }
    ],
    "name": "Xanomeline",
    "description": "Xanomeline is under investigation in clinical trial NCT02831231 (Pilot Study Comparing Effects of Xanomeline Alone to Xanomeline Plus Trospium).",
    "cas-number": "131986-45-3",
    "unii": "9ORI6L73CJ",
    "average-mass": 281.42,
    "monoisotopic-mass": 281.156183547,
    "groups": {
        "group": [
            "investigational"
        ]
    },
    "general-references": {
        "articles": null,
        "textbooks": null,
        "links": null,
        "attachments": null
    },
    "synthesis-reference": null,
    "indication": null,
    "pharmacodynamics": null,
    "mechanism-of-action": null,
    "toxicity": null,
    "metabolism": null,
    "absorption": null,
    "half-life": null,
    "protein-binding": null,
    "route-of-elimination": null,
    "volume-of-distribution": null,
    "clearance": null,
    "salts": null,
    "synonyms": {
        "synonym": [
            {
                "language": "english",
                "coder": "inn/usan",
                "value": "Xanomeline"
            }
        ]
    },
    "products": null,
    "international-brands": null,
    "mixtures": null,
    "packagers": null,
    "manufacturers": null,
    "prices": null,
    "categories": {
        "category": [
            {
                "category": "Autonomic Agents",
                "mesh-id": "D001337"
            },
            {
                "category": "Central Nervous System Agents",
                "mesh-id": "D002491"
            },
            {
                "category": "Cholinergic Agents",
                "mesh-id": "D018678"
            },
            {
                "category": "Cholinergic Agonists",
                "mesh-id": "D018679"
            },
            {
                "category": "Muscarinic Agonists",
                "mesh-id": "D018721"
            },
            {
                "category": "Neurotransmitter Agents",
                "mesh-id": "D018377"
            },
            {
                "category": "Parasympathomimetics",
                "mesh-id": "D010277"
            },
            {
                "category": "Peripheral Nervous System Agents",
                "mesh-id": "D018373"
            },
            {
                "category": "Sulfur Compounds",
                "mesh-id": "D013457"
            },
            {
                "category": "Thiazoles",
                "mesh-id": "D013844"
            }
        ]
    },
    "affected-organisms": null,
    "dosages": null,
    "atc-codes": null,
    "ahfs-codes": null,
    "pdb-entries": null,
    "patents": null,
    "food-interactions": null,
    "drug-interactions": {
        "drug-interaction": [
            {
                "drugbank-id": {
                    "primary": false,
                    "value": "DB00187"
                },
                "name": "Esmolol",
                "description": "The risk or severity of adverse effects can be increased when Esmolol is combined with Xanomeline."
            },
            {
                "drugbank-id": {
                    "primary": false,
                    "value": "DB00195"
                },
                "name": "Betaxolol",
                "description": "The risk or severity of adverse effects can be increased when Betaxolol is combined with Xanomeline."
            },
            {
                "drugbank-id": {
                    "primary": false,
                    "value": "DB00264"
                },
                "name": "Metoprolol",
                "description": "The risk or severity of adverse effects can be increased when Metoprolol is combined with Xanomeline."
            },
            {
                "drugbank-id": {
                    "primary": false,
                    "value": "DB00335"
                },
                "name": "Atenolol",
                "description": "The risk or severity of adverse effects can be increased when Atenolol is combined with Xanomeline."
            },
            {
                "drugbank-id": {
                    "primary": false,
                    "value": "DB00373"
                },
                "name": "Timolol",
                "description": "The risk or severity of adverse effects can be increased when Timolol is combined with Xanomeline."
            },
            {
                "drugbank-id": {
                    "primary": false,
                    "value": "DB00489"
                },
                "name": "Sotalol",
                "description": "The risk or severity of adverse effects can be increased when Sotalol is combined with Xanomeline."
            },
            {
                "drugbank-id": {
                    "primary": false,
                    "value": "DB00571"
                },
                "name": "Propranolol",
                "description": "The risk or severity of adverse effects can be increased when Propranolol is combined with Xanomeline."
            },
            {
                "drugbank-id": {
                    "primary": false,
                    "value": "DB00598"
                },
                "name": "Labetalol",
                "description": "The risk or severity of adverse effects can be increased when Labetalol is combined with Xanomeline."
            },
            {
                "drugbank-id": {
                    "primary": false,
                    "value": "DB00612"
                },
                "name": "Bisoprolol",
                "description": "The risk or severity of adverse effects can be increased when Bisoprolol is combined with Xanomeline."
            },
            {
                "drugbank-id": {
                    "primary": false,
                    "value": "DB01136"
                },
                "name": "Carvedilol",
                "description": "The risk or severity of adverse effects can be increased when Carvedilol is combined with Xanomeline."
            },
            {
                "drugbank-id": {
                    "primary": false,
                    "value": "DB01182"
                },
                "name": "Propafenone",
                "description": "The risk or severity of adverse effects can be increased when Propafenone is combined with Xanomeline."
            },
            {
                "drugbank-id": {
                    "primary": false,
                    "value": "DB01193"
                },
                "name": "Acebutolol",
                "description": "The risk or severity of adverse effects can be increased when Acebutolol is combined with Xanomeline."
            },
            {
                "drugbank-id": {
                    "primary": false,
                    "value": "DB01203"
                },
                "name": "Nadolol",
                "description": "The risk or severity of adverse effects can be increased when Nadolol is combined with Xanomeline."
            },
            {
                "drugbank-id": {
                    "primary": false,
                    "value": "DB01295"
                },
                "name": "Bevantolol",
                "description": "The risk or severity of adverse effects can be increased when Bevantolol is combined with Xanomeline."
            },
            {
                "drugbank-id": {
                    "primary": false,
                    "value": "DB01297"
                },
                "name": "Practolol",
                "description": "The risk or severity of adverse effects can be increased when Practolol is combined with Xanomeline."
            },
            {
                "drugbank-id": {
                    "primary": false,
                    "value": "DB03322"
                },
                "name": "Dexpropranolol",
                "description": "The risk or severity of adverse effects can be increased when Dexpropranolol is combined with Xanomeline."
            },
            {
                "drugbank-id": {
                    "primary": false,
                    "value": "DB04846"
                },
                "name": "Celiprolol",
                "description": "The risk or severity of adverse effects can be increased when Celiprolol is combined with Xanomeline."
            },
            {
                "drugbank-id": {
                    "primary": false,
                    "value": "DB04861"
                },
                "name": "Nebivolol",
                "description": "The risk or severity of adverse effects can be increased when Nebivolol is combined with Xanomeline."
            },
            {
                "drugbank-id": {
                    "primary": false,
                    "value": "DB06726"
                },
                "name": "Bufuralol",
                "description": "The risk or severity of adverse effects can be increased when Bufuralol is combined with Xanomeline."
            },
            {
                "drugbank-id": {
                    "primary": false,
                    "value": "DB08807"
                },
                "name": "Bopindolol",
                "description": "The risk or severity of adverse effects can be increased when Bopindolol is combined with Xanomeline."
            },
            {
                "drugbank-id": {
                    "primary": false,
                    "value": "DB08808"
                },
                "name": "Bupranolol",
                "description": "The risk or severity of adverse effects can be increased when Bupranolol is combined with Xanomeline."
            },
            {
                "drugbank-id": {
                    "primary": false,
                    "value": "DB08952"
                },
                "name": "Indenolol",
                "description": "The risk or severity of adverse effects can be increased when Indenolol is combined with Xanomeline."
            },
            {
                "drugbank-id": {
                    "primary": false,
                    "value": "DB09204"
                },
                "name": "Arotinolol",
                "description": "The risk or severity of adverse effects can be increased when Arotinolol is combined with Xanomeline."
            },
            {
                "drugbank-id": {
                    "primary": false,
                    "value": "DB09351"
                },
                "name": "Levobetaxolol",
                "description": "The risk or severity of adverse effects can be increased when Levobetaxolol is combined with Xanomeline."
            },
            {
                "drugbank-id": {
                    "primary": false,
                    "value": "DB11770"
                },
                "name": "Talinolol",
                "description": "The risk or severity of adverse effects can be increased when Talinolol is combined with Xanomeline."
            },
            {
                "drugbank-id": {
                    "primary": false,
                    "value": "DB11785"
                },
                "name": "Anisodamine",
                "description": "The risk or severity of adverse effects can be increased when Anisodamine is combined with Xanomeline."
            },
            {
                "drugbank-id": {
                    "primary": false,
                    "value": "DB12752"
                },
                "name": "Bucindolol",
                "description": "The risk or severity of adverse effects can be increased when Bucindolol is combined with Xanomeline."
            },
            {
                "drugbank-id": {
                    "primary": false,
                    "value": "DB13443"
                },
                "name": "Esatenolol",
                "description": "The risk or severity of adverse effects can be increased when Esatenolol is combined with Xanomeline."
            },
            {
                "drugbank-id": {
                    "primary": false,
                    "value": "DB13508"
                },
                "name": "Cloranolol",
                "description": "The risk or severity of adverse effects can be increased when Cloranolol is combined with Xanomeline."
            },
            {
                "drugbank-id": {
                    "primary": false,
                    "value": "DB13530"
                },
                "name": "Mepindolol",
                "description": "The risk or severity of adverse effects can be increased when Mepindolol is combined with Xanomeline."
            },
            {
                "drugbank-id": {
                    "primary": false,
                    "value": "DB13757"
                },
                "name": "Epanolol",
                "description": "The risk or severity of adverse effects can be increased when Epanolol is combined with Xanomeline."
            },
            {
                "drugbank-id": {
                    "primary": false,
                    "value": "DB13775"
                },
                "name": "Tertatolol",
                "description": "The risk or severity of adverse effects can be increased when Tertatolol is combined with Xanomeline."
            },
            {
                "drugbank-id": {
                    "primary": false,
                    "value": "DB00866"
                },
                "name": "Alprenolol",
                "description": "The risk or severity of adverse effects can be increased when Alprenolol is combined with Xanomeline."
            },
            {
                "drugbank-id": {
                    "primary": false,
                    "value": "DB00960"
                },
                "name": "Pindolol",
                "description": "The risk or severity of adverse effects can be increased when Pindolol is combined with Xanomeline."
            },
            {
                "drugbank-id": {
                    "primary": false,
                    "value": "DB01359"
                },
                "name": "Penbutolol",
                "description": "The risk or severity of adverse effects can be increased when Penbutolol is combined with Xanomeline."
            },
            {
                "drugbank-id": {
                    "primary": false,
                    "value": "DB01580"
                },
                "name": "Oxprenolol",
                "description": "The risk or severity of adverse effects can be increased when Oxprenolol is combined with Xanomeline."
            },
            {
                "drugbank-id": {
                    "primary": false,
                    "value": "DB12212"
                },
                "name": "Landiolol",
                "description": "The risk or severity of adverse effects can be increased when Landiolol is combined with Xanomeline."
            },
            {
                "drugbank-id": {
                    "primary": false,
                    "value": "DB09271"
                },
                "name": "Cimetropium",
                "description": "Xanomeline may decrease the anticholinergic activities of Cimetropium."
            },
            {
                "drugbank-id": {
                    "primary": false,
                    "value": "DB00082"
                },
                "name": "Pegvisomant",
                "description": "The risk or severity of adverse effects can be increased when Pegvisomant is combined with Xanomeline."
            },
            {
                "drugbank-id": {
                    "primary": false,
                    "value": "DB00358"
                },
                "name": "Mefloquine",
                "description": "The risk or severity of adverse effects can be increased when Mefloquine is combined with Xanomeline."
            },
            {
                "drugbank-id": {
                    "primary": false,
                    "value": "DB00382"
                },
                "name": "Tacrine",
                "description": "The risk or severity of adverse effects can be increased when Tacrine is combined with Xanomeline."
            },
            {
                "drugbank-id": {
                    "primary": false,
                    "value": "DB00515"
                },
                "name": "Cisplatin",
                "description": "The risk or severity of adverse effects can be increased when Cisplatin is combined with Xanomeline."
            },
            {
                "drugbank-id": {
                    "primary": false,
                    "value": "DB00527"
                },
                "name": "Cinchocaine",
                "description": "The risk or severity of adverse effects can be increased when Cinchocaine is combined with Xanomeline."
            },
            {
                "drugbank-id": {
                    "primary": false,
                    "value": "DB00545"
                },
                "name": "Pyridostigmine",
                "description": "The risk or severity of adverse effects can be increased when Pyridostigmine is combined with Xanomeline."
            },
            {
                "drugbank-id": {
                    "primary": false,
                    "value": "DB00585"
                },
                "name": "Nizatidine",
                "description": "The risk or severity of adverse effects can be increased when Nizatidine is combined with Xanomeline."
            },
            {
                "drugbank-id": {
                    "primary": false,
                    "value": "DB00674"
                },
                "name": "Galantamine",
                "description": "The risk or severity of adverse effects can be increased when Galantamine is combined with Xanomeline."
            },
            {
                "drugbank-id": {
                    "primary": false,
                    "value": "DB00677"
                },
                "name": "Isoflurophate",
                "description": "The risk or severity of adverse effects can be increased when Isoflurophate is combined with Xanomeline."
            },
            {
                "drugbank-id": {
                    "primary": false,
                    "value": "DB00711"
                },
                "name": "Diethylcarbamazine",
                "description": "The risk or severity of adverse effects can be increased when Diethylcarbamazine is combined with Xanomeline."
            },
            {
                "drugbank-id": {
                    "primary": false,
                    "value": "DB00871"
                },
                "name": "Terbutaline",
                "description": "The risk or severity of adverse effects can be increased when Terbutaline is combined with Xanomeline."
            },
            {
                "drugbank-id": {
                    "primary": false,
                    "value": "DB00888"
                },
                "name": "Mechlorethamine",
                "description": "The risk or severity of adverse effects can be increased when Mechlorethamine is combined with Xanomeline."
            },
            {
                "drugbank-id": {
                    "primary": false,
                    "value": "DB00944"
                },
                "name": "Demecarium",
                "description": "The risk or severity of adverse effects can be increased when Demecarium is combined with Xanomeline."
            },
            {
                "drugbank-id": {
                    "primary": false,
                    "value": "DB00981"
                },
                "name": "Physostigmine",
                "description": "The risk or severity of adverse effects can be increased when Physostigmine is combined with Xanomeline."
            },
            {
                "drugbank-id": {
                    "primary": false,
                    "value": "DB00989"
                },
                "name": "Rivastigmine",
                "description": "The risk or severity of adverse effects can be increased when Rivastigmine is combined with Xanomeline."
            },
            {
                "drugbank-id": {
                    "primary": false,
                    "value": "DB01010"
                },
                "name": "Edrophonium",
                "description": "The risk or severity of adverse effects can be increased when Edrophonium is combined with Xanomeline."
            },
            {
                "drugbank-id": {
                    "primary": false,
                    "value": "DB01035"
                },
                "name": "Procainamide",
                "description": "The risk or severity of adverse effects can be increased when Procainamide is combined with Xanomeline."
            },
            {
                "drugbank-id": {
                    "primary": false,
                    "value": "DB01043"
                },
                "name": "Memantine",
                "description": "The risk or severity of adverse effects can be increased when Memantine is combined with Xanomeline."
            },
            {
                "drugbank-id": {
                    "primary": false,
                    "value": "DB01122"
                },
                "name": "Ambenonium",
                "description": "The risk or severity of adverse effects can be increased when Ambenonium is combined with Xanomeline."
            },
            {
                "drugbank-id": {
                    "primary": false,
                    "value": "DB01233"
                },
                "name": "Metoclopramide",
                "description": "The risk or severity of adverse effects can be increased when Metoclopramide is combined with Xanomeline."
            },
            {
                "drugbank-id": {
                    "primary": false,
                    "value": "DB01381"
                },
                "name": "Ginkgo biloba",
                "description": "The risk or severity of adverse effects can be increased when Ginkgo biloba is combined with Xanomeline."
            },
            {
                "drugbank-id": {
                    "primary": false,
                    "value": "DB01400"
                },
                "name": "Neostigmine",
                "description": "The risk or severity of adverse effects can be increased when Neostigmine is combined with Xanomeline."
            },
            {
                "drugbank-id": {
                    "primary": false,
                    "value": "DB01408"
                },
                "name": "Bambuterol",
                "description": "The risk or severity of adverse effects can be increased when Bambuterol is combined with Xanomeline."
            },
            {
                "drugbank-id": {
                    "primary": false,
                    "value": "DB02365"
                },
                "name": "1,10-Phenanthroline",
                "description": "The risk or severity of adverse effects can be increased when 1,10-Phenanthroline is combined with Xanomeline."
            },
            {
                "drugbank-id": {
                    "primary": false,
                    "value": "DB04572"
                },
                "name": "Thiotepa",
                "description": "The risk or severity of adverse effects can be increased when Thiotepa is combined with Xanomeline."
            },
            {
                "drugbank-id": {
                    "primary": false,
                    "value": "DB04864"
                },
                "name": "Huperzine A",
                "description": "The risk or severity of adverse effects can be increased when Huperzine A is combined with Xanomeline."
            },
            {
                "drugbank-id": {
                    "primary": false,
                    "value": "DB04892"
                },
                "name": "Phenserine",
                "description": "The risk or severity of adverse effects can be increased when Phenserine is combined with Xanomeline."
            },
            {
                "drugbank-id": {
                    "primary": false,
                    "value": "DB05386"
                },
                "name": "Regramostim",
                "description": "The risk or severity of adverse effects can be increased when Regramostim is combined with Xanomeline."
            },
            {
                "drugbank-id": {
                    "primary": false,
                    "value": "DB06692"
                },
                "name": "Aprotinin",
                "description": "The risk or severity of adverse effects can be increased when Aprotinin is combined with Xanomeline."
            },
            {
                "drugbank-id": {
                    "primary": false,
                    "value": "DB06756"
                },
                "name": "Betaine",
                "description": "The risk or severity of adverse effects can be increased when Betaine is combined with Xanomeline."
            },
            {
                "drugbank-id": {
                    "primary": false,
                    "value": "DB06774"
                },
                "name": "Capsaicin",
                "description": "The risk or severity of adverse effects can be increased when Capsaicin is combined with Xanomeline."
            },
            {
                "drugbank-id": {
                    "primary": false,
                    "value": "DB11390"
                },
                "name": "Coumaphos",
                "description": "The risk or severity of adverse effects can be increased when Coumaphos is combined with Xanomeline."
            },
            {
                "drugbank-id": {
                    "primary": false,
                    "value": "DB11397"
                },
                "name": "Dichlorvos",
                "description": "The risk or severity of adverse effects can be increased when Dichlorvos is combined with Xanomeline."
            },
            {
                "drugbank-id": {
                    "primary": false,
                    "value": "DB11412"
                },
                "name": "Fenthion",
                "description": "The risk or severity of adverse effects can be increased when Fenthion is combined with Xanomeline."
            },
            {
                "drugbank-id": {
                    "primary": false,
                    "value": "DB11473"
                },
                "name": "Metrifonate",
                "description": "The risk or severity of adverse effects can be increased when Metrifonate is combined with Xanomeline."
            },
            {
                "drugbank-id": {
                    "primary": false,
                    "value": "DB12482"
                },
                "name": "Acotiamide",
                "description": "The risk or severity of adverse effects can be increased when Acotiamide is combined with Xanomeline."
            },
            {
                "drugbank-id": {
                    "primary": false,
                    "value": "DB13058"
                },
                "name": "Methanesulfonyl Fluoride",
                "description": "The risk or severity of adverse effects can be increased when Methanesulfonyl Fluoride is combined with Xanomeline."
            },
            {
                "drugbank-id": {
                    "primary": false,
                    "value": "DB13495"
                },
                "name": "Paraoxon",
                "description": "The risk or severity of adverse effects can be increased when Paraoxon is combined with Xanomeline."
            },
            {
                "drugbank-id": {
                    "primary": false,
                    "value": "DB13503"
                },
                "name": "Tyrothricin",
                "description": "The risk or severity of adverse effects can be increased when Tyrothricin is combined with Xanomeline."
            },
            {
                "drugbank-id": {
                    "primary": false,
                    "value": "DB13668"
                },
                "name": "Ipidacrine",
                "description": "The risk or severity of adverse effects can be increased when Ipidacrine is combined with Xanomeline."
            },
            {
                "drugbank-id": {
                    "primary": false,
                    "value": "DB13694"
                },
                "name": "Distigmine",
                "description": "The risk or severity of adverse effects can be increased when Distigmine is combined with Xanomeline."
            },
            {
                "drugbank-id": {
                    "primary": false,
                    "value": "DB14031"
                },
                "name": "Tretamine",
                "description": "The risk or severity of adverse effects can be increased when Tretamine is combined with Xanomeline."
            },
            {
                "drugbank-id": {
                    "primary": false,
                    "value": "DB15317"
                },
                "name": "Posiphen",
                "description": "The risk or severity of adverse effects can be increased when Posiphen is combined with Xanomeline."
            },
            {
                "drugbank-id": {
                    "primary": false,
                    "value": "DB00483"
                },
                "name": "Gallamine triethiodide",
                "description": "The risk or severity of adverse effects can be increased when Gallamine triethiodide is combined with Xanomeline."
            },
            {
                "drugbank-id": {
                    "primary": false,
                    "value": "DB00721"
                },
                "name": "Procaine",
                "description": "The risk or severity of adverse effects can be increased when Procaine is combined with Xanomeline."
            },
            {
                "drugbank-id": {
                    "primary": false,
                    "value": "DB00941"
                },
                "name": "Hexafluronium",
                "description": "The risk or severity of adverse effects can be increased when Hexafluronium is combined with Xanomeline."
            },
            {
                "drugbank-id": {
                    "primary": false,
                    "value": "DB01199"
                },
                "name": "Tubocurarine",
                "description": "The risk or severity of adverse effects can be increased when Tubocurarine is combined with Xanomeline."
            },
            {
                "drugbank-id": {
                    "primary": false,
                    "value": "DB01221"
                },
                "name": "Ketamine",
                "description": "The risk or severity of adverse effects can be increased when Ketamine is combined with Xanomeline."
            },
            {
                "drugbank-id": {
                    "primary": false,
                    "value": "DB01245"
                },
                "name": "Decamethonium",
                "description": "The risk or severity of adverse effects can be increased when Decamethonium is combined with Xanomeline."
            },
            {
                "drugbank-id": {
                    "primary": false,
                    "value": "DB01337"
                },
                "name": "Pancuronium",
                "description": "The risk or severity of adverse effects can be increased when Pancuronium is combined with Xanomeline."
            },
            {
                "drugbank-id": {
                    "primary": false,
                    "value": "DB01338"
                },
                "name": "Pipecuronium",
                "description": "The risk or severity of adverse effects can be increased when Pipecuronium is combined with Xanomeline."
            },
            {
                "drugbank-id": {
                    "primary": false,
                    "value": "DB00391"
                },
                "name": "Sulpiride",
                "description": "The risk or severity of adverse effects can be increased when Sulpiride is combined with Xanomeline."
            },
            {
                "drugbank-id": {
                    "primary": false,
                    "value": "DB00477"
                },
                "name": "Chlorpromazine",
                "description": "The risk or severity of adverse effects can be increased when Chlorpromazine is combined with Xanomeline."
            },
            {
                "drugbank-id": {
                    "primary": false,
                    "value": "DB00508"
                },
                "name": "Triflupromazine",
                "description": "The risk or severity of adverse effects can be increased when Triflupromazine is combined with Xanomeline."
            },
            {
                "drugbank-id": {
                    "primary": false,
                    "value": "DB00805"
                },
                "name": "Minaprine",
                "description": "The risk or severity of adverse effects can be increased when Minaprine is combined with Xanomeline."
            },
            {
                "drugbank-id": {
                    "primary": false,
                    "value": "DB00392"
                },
                "name": "Profenamine",
                "description": "The risk or severity of adverse effects can be increased when Profenamine is combined with Xanomeline."
            },
            {
                "drugbank-id": {
                    "primary": false,
                    "value": "DB02845"
                },
                "name": "Methylphosphinic Acid",
                "description": "The risk or severity of adverse effects can be increased when Methylphosphinic Acid is combined with Xanomeline."
            },
            {
                "drugbank-id": {
                    "primary": false,
                    "value": "DB00314"
                },
                "name": "Capreomycin",
                "description": "The therapeutic efficacy of Xanomeline can be decreased when used in combination with Capreomycin."
            },
            {
                "drugbank-id": {
                    "primary": false,
                    "value": "DB00452"
                },
                "name": "Framycetin",
                "description": "The therapeutic efficacy of Xanomeline can be decreased when used in combination with Framycetin."
            },
            {
                "drugbank-id": {
                    "primary": false,
                    "value": "DB00479"
                },
                "name": "Amikacin",
                "description": "The therapeutic efficacy of Xanomeline can be decreased when used in combination with Amikacin."
            },
            {
                "drugbank-id": {
                    "primary": false,
                    "value": "DB00684"
                },
                "name": "Tobramycin",
                "description": "The therapeutic efficacy of Xanomeline can be decreased when used in combination with Tobramycin."
            },
            {
                "drugbank-id": {
                    "primary": false,
                    "value": "DB00798"
                },
                "name": "Gentamicin",
                "description": "The therapeutic efficacy of Xanomeline can be decreased when used in combination with Gentamicin."
            },
            {
                "drugbank-id": {
                    "primary": false,
                    "value": "DB00955"
                },
                "name": "Netilmicin",
                "description": "The therapeutic efficacy of Xanomeline can be decreased when used in combination with Netilmicin."
            },
            {
                "drugbank-id": {
                    "primary": false,
                    "value": "DB00994"
                },
                "name": "Neomycin",
                "description": "The therapeutic efficacy of Xanomeline can be decreased when used in combination with Neomycin."
            },
            {
                "drugbank-id": {
                    "primary": false,
                    "value": "DB01082"
                },
                "name": "Streptomycin",
                "description": "The therapeutic efficacy of Xanomeline can be decreased when used in combination with Streptomycin."
            },
            {
                "drugbank-id": {
                    "primary": false,
                    "value": "DB01172"
                },
                "name": "Kanamycin",
                "description": "The therapeutic efficacy of Xanomeline can be decreased when used in combination with Kanamycin."
            },
            {
                "drugbank-id": {
                    "primary": false,
                    "value": "DB01421"
                },
                "name": "Paromomycin",
                "description": "The therapeutic efficacy of Xanomeline can be decreased when used in combination with Paromomycin."
            },
            {
                "drugbank-id": {
                    "primary": false,
                    "value": "DB03615"
                },
                "name": "Ribostamycin",
                "description": "The therapeutic efficacy of Xanomeline can be decreased when used in combination with Ribostamycin."
            },
            {
                "drugbank-id": {
                    "primary": false,
                    "value": "DB04263"
                },
                "name": "Geneticin",
                "description": "The therapeutic efficacy of Xanomeline can be decreased when used in combination with Geneticin."
            },
            {
                "drugbank-id": {
                    "primary": false,
                    "value": "DB04626"
                },
                "name": "Apramycin",
                "description": "The therapeutic efficacy of Xanomeline can be decreased when used in combination with Apramycin."
            },
            {
                "drugbank-id": {
                    "primary": false,
                    "value": "DB04729"
                },
                "name": "Gentamicin C1a",
                "description": "The therapeutic efficacy of Xanomeline can be decreased when used in combination with Gentamicin C1a."
            },
            {
                "drugbank-id": {
                    "primary": false,
                    "value": "DB04808"
                },
                "name": "Neamine",
                "description": "The therapeutic efficacy of Xanomeline can be decreased when used in combination with Neamine."
            },
            {
                "drugbank-id": {
                    "primary": false,
                    "value": "DB06696"
                },
                "name": "Arbekacin",
                "description": "The therapeutic efficacy of Xanomeline can be decreased when used in combination with Arbekacin."
            },
            {
                "drugbank-id": {
                    "primary": false,
                    "value": "DB08437"
                },
                "name": "Puromycin",
                "description": "The therapeutic efficacy of Xanomeline can be decreased when used in combination with Puromycin."
            },
            {
                "drugbank-id": {
                    "primary": false,
                    "value": "DB11512"
                },
                "name": "Dihydrostreptomycin",
                "description": "The therapeutic efficacy of Xanomeline can be decreased when used in combination with Dihydrostreptomycin."
            },
            {
                "drugbank-id": {
                    "primary": false,
                    "value": "DB11520"
                },
                "name": "Hygromycin B",
                "description": "The therapeutic efficacy of Xanomeline can be decreased when used in combination with Hygromycin B."
            },
            {
                "drugbank-id": {
                    "primary": false,
                    "value": "DB12604"
                },
                "name": "Sisomicin",
                "description": "The therapeutic efficacy of Xanomeline can be decreased when used in combination with Sisomicin."
            },
            {
                "drugbank-id": {
                    "primary": false,
                    "value": "DB12615"
                },
                "name": "Plazomicin",
                "description": "The therapeutic efficacy of Xanomeline can be decreased when used in combination with Plazomicin."
            },
            {
                "drugbank-id": {
                    "primary": false,
                    "value": "DB13540"
                },
                "name": "Isepamicin",
                "description": "The therapeutic efficacy of Xanomeline can be decreased when used in combination with Isepamicin."
            },
            {
                "drugbank-id": {
                    "primary": false,
                    "value": "DB00803"
                },
                "name": "Colistin",
                "description": "The therapeutic efficacy of Xanomeline can be decreased when used in combination with Colistin."
            },
            {
                "drugbank-id": {
                    "primary": false,
                    "value": "DB00843"
                },
                "name": "Donepezil",
                "description": "The risk or severity of adverse effects can be increased when Donepezil is combined with Xanomeline."
            },
            {
                "drugbank-id": {
                    "primary": false,
                    "value": "DB01064"
                },
                "name": "Isoprenaline",
                "description": "The risk or severity of adverse effects can be increased when Isoprenaline is combined with Xanomeline."
            }
        ]
    },
    "calculated-properties": {
        "property": [
            {
                "kind": "logP",
                "value": "3.76",
                "source": "ALOGPS"
            },
            {
                "kind": "logS",
                "value": "-3.6",
                "source": "ALOGPS"
            },
            {
                "kind": "Water Solubility",
                "value": "7.58e-02 g/l",
                "source": "ALOGPS"
            },
            {
                "kind": "logP",
                "value": "3.77",
                "source": "ChemAxon"
            },
            {
                "kind": "IUPAC Name",
                "value": "5-[4-(hexyloxy)-1,2,5-thiadiazol-3-yl]-1-methyl-1,2,3,6-tetrahydropyridine",
                "source": "ChemAxon"
            },
            {
                "kind": "Traditional IUPAC Name",
                "value": "(2R)-14-fluoro-2-methyl-6,9,10,19-tetraazapentacyclo[14.2.1.0^{2,6}.0^{8,18}.0^{12,17}]nonadeca-1(18),8,12(17),13,15-pentaen-11-one",
                "source": "ChemAxon"
            },
            {
                "kind": "Molecular Weight",
                "value": "281.42",
                "source": "ChemAxon"
            },
            {
                "kind": "Monoisotopic Weight",
                "value": "281.156183547",
                "source": "ChemAxon"
            },
            {
                "kind": "SMILES",
                "value": "CCCCCCOC1=NSN=C1C1=CCCN(C)C1",
                "source": "ChemAxon"
            },
            {
                "kind": "Molecular Formula",
                "value": "C14H23N3OS",
                "source": "ChemAxon"
            },
            {
                "kind": "InChI",
                "value": "InChI=1S/C14H23N3OS/c1-3-4-5-6-10-18-14-13(15-19-16-14)12-8-7-9-17(2)11-12/h8H,3-7,9-11H2,1-2H3",
                "source": "ChemAxon"
            },
            {
                "kind": "InChIKey",
                "value": "JOLJIIDDOBNFHW-UHFFFAOYSA-N",
                "source": "ChemAxon"
            },
            {
                "kind": "Polar Surface Area (PSA)",
                "value": "38.25",
                "source": "ChemAxon"
            },
            {
                "kind": "Refractivity",
                "value": "81.73",
                "source": "ChemAxon"
            },
            {
                "kind": "Polarizability",
                "value": "32.55",
                "source": "ChemAxon"
            },
            {
                "kind": "Rotatable Bond Count",
                "value": "7",
                "source": "ChemAxon"
            },
            {
                "kind": "H Bond Acceptor Count",
                "value": "4",
                "source": "ChemAxon"
            },
            {
                "kind": "H Bond Donor Count",
                "value": "0",
                "source": "ChemAxon"
            },
            {
                "kind": "pKa (strongest basic)",
                "value": "6.7",
                "source": "ChemAxon"
            },
            {
                "kind": "Physiological Charge",
                "value": "0",
                "source": "ChemAxon"
            },
            {
                "kind": "Number of Rings",
                "value": "2",
                "source": "ChemAxon"
            },
            {
                "kind": "Bioavailability",
                "value": "1",
                "source": "ChemAxon"
            },
            {
                "kind": "Rule of Five",
                "value": "1",
                "source": "ChemAxon"
            },
            {
                "kind": "Ghose Filter",
                "value": "1",
                "source": "ChemAxon"
            },
            {
                "kind": "MDDR-Like Rule",
                "value": "0",
                "source": "ChemAxon"
            }
        ]
    },
    "experimental-properties": null,
    "external-identifiers": {
        "external-identifier": [
            {
                "resource": "ChEBI",
                "identifier": "10056"
            },
            {
                "resource": "KEGG Compound",
                "identifier": "C11767"
            },
            {
                "resource": "ChemSpider",
                "identifier": "54797"
            },
            {
                "resource": "BindingDB",
                "identifier": "50003359"
            },
            {
                "resource": "Wikipedia",
                "identifier": "Xanomeline"
            },
            {
                "resource": "ChEMBL",
                "identifier": "CHEMBL21536"
            },
            {
                "resource": "ZINC",
                "identifier": "ZINC000001532358"
            }
        ]
    },
    "external-links": null,
    "pathways": null,
    "reactions": null,
    "snp-effects": null,
    "snp-adverse-drug-reactions": null,
    "targets": null,
    "enzymes": null,
    "carriers": null,
    "transporters": null
}