{
    "type": "small molecule",
    "created": "2019-05-20",
    "updated": "2021-02-21",
    "drugbank-id": [
        {
            "primary": true,
            "value": "DB15146"
        }
    ],
    "name": "Adrabetadex",
    "description": "Adrabetadex is under investigation in clinical trial NCT03887533 (Combined Intrathecal and Intravenous VTS-270 Therapy for Liver and Neurological Disease Associated With Niemann-Pick Disease, Type C1).",
    "cas-number": "128446-35-5",
    "unii": "8W6Q67R6NX",
    "average-mass": 1351.308,
    "monoisotopic-mass": 1350.542308587,
    "groups": {
        "group": [
            "investigational"
        ]
    },
    "general-references": {
        "articles": null,
        "textbooks": null,
        "links": null,
        "attachments": null
    },
    "synthesis-reference": null,
    "indication": null,
    "pharmacodynamics": null,
    "mechanism-of-action": null,
    "toxicity": null,
    "metabolism": null,
    "absorption": null,
    "half-life": null,
    "protein-binding": null,
    "route-of-elimination": null,
    "volume-of-distribution": null,
    "clearance": null,
    "salts": null,
    "synonyms": {
        "synonym": [
            {
                "language": "english",
                "coder": "usan",
                "value": "Adrabetadex"
            }
        ]
    },
    "products": null,
    "international-brands": null,
    "mixtures": null,
    "packagers": null,
    "manufacturers": null,
    "prices": null,
    "categories": null,
    "affected-organisms": null,
    "dosages": null,
    "atc-codes": null,
    "ahfs-codes": null,
    "pdb-entries": null,
    "patents": null,
    "food-interactions": null,
    "drug-interactions": null,
    "calculated-properties": {
        "property": [
            {
                "kind": "logP",
                "value": "-2.3",
                "source": "ALOGPS"
            },
            {
                "kind": "logS",
                "value": "-0.51",
                "source": "ALOGPS"
            },
            {
                "kind": "Water Solubility",
                "value": "4.18e+02 g/l",
                "source": "ALOGPS"
            },
            {
                "kind": "logP",
                "value": "-10",
                "source": "ChemAxon"
            },
            {
                "kind": "IUPAC Name",
                "value": "(1S,3R,5R,6S,8R,10R,11S,13S,15R,16S,18R,20R,21S,23R,25R,26S,28R,30R,31S,33R,35R,36R,37R,38R,39R,40R,41R,42R,43R,44R,45R,47R,48S,49R)-5,20,30,35-tetrakis(hydroxymethyl)-49-(2-hydroxypropoxy)-10,15,25-tris[(2-hydroxypropoxy)methyl]-2,4,7,9,12,14,17,19,22,24,27,29,32,34-tetradecaoxaoctacyclo[31.2.2.2^{3,6}.2^{8,11}.2^{13,16}.2^{18,21}.2^{23,26}.2^{28,31}]nonatetracontane-36,37,38,39,40,41,42,43,44,45,47,48-dodecol",
                "source": "ChemAxon"
            },
            {
                "kind": "Traditional IUPAC Name",
                "value": "(2R)-14-fluoro-2-methyl-6,9,10,19-tetraazapentacyclo[14.2.1.0^{2,6}.0^{8,18}.0^{12,17}]nonadeca-1(18),8,12(17),13,15-pentaen-11-one",
                "source": "ChemAxon"
            },
            {
                "kind": "Molecular Weight",
                "value": "1351.308",
                "source": "ChemAxon"
            },
            {
                "kind": "Monoisotopic Weight",
                "value": "1350.542308587",
                "source": "ChemAxon"
            },
            {
                "kind": "SMILES",
                "value": "CC(O)COC[C@H]1O[C@@H]2O[C@@H]3[C@@H](CO)O[C@H](O[C@@H]4[C@@H](CO)O[C@H](O[C@@H]5[C@@H](CO)O[C@H](O[C@@H]6[C@@H](COCC(C)O)O[C@H](O[C@@H]7[C@@H](CO)O[C@H](O[C@@H]8[C@@H](COCC(C)O)O[C@H](O[C@H]1C[C@H]2O)[C@H](O)[C@H]8O)[C@H](O)[C@H]7O)[C@H](O)[C@H]6O)[C@H](O)[C@H]5O)[C@H](O)[C@H]4O)[C@H](OCC(C)O)[C@H]3O",
                "source": "ChemAxon"
            },
            {
                "kind": "Molecular Formula",
                "value": "C54H94O38",
                "source": "ChemAxon"
            },
            {
                "kind": "InChI",
                "value": "InChI=1S/C54H94O38/c1-17(59)10-75-14-27-22-5-21(63)48(84-27)87-44-26(9-58)83-54(47(40(44)74)78-13-20(4)62)92-43-25(8-57)82-50(38(72)32(43)66)88-41-23(6-55)80-52(36(70)30(41)64)91-46-29(16-77-12-19(3)61)86-53(39(73)34(46)68)89-42-24(7-56)81-51(37(71)31(42)65)90-45-28(15-76-11-18(2)60)85-49(79-22)35(69)33(45)67/h17-74H,5-16H2,1-4H3/t17?,18?,19?,20?,21-,22+,23-,24-,25-,26-,27-,28-,29-,30-,31-,32-,33-,34-,35-,36-,37-,38-,39-,40+,41-,42-,43-,44-,45-,46-,47-,48-,49+,50-,51-,52-,53-,54-/m1/s1",
                "source": "ChemAxon"
            },
            {
                "kind": "InChIKey",
                "value": "NJWCVQBHNBLNOZ-ZRMYETLXSA-N",
                "source": "ChemAxon"
            },
            {
                "kind": "Polar Surface Area (PSA)",
                "value": "570.74",
                "source": "ChemAxon"
            },
            {
                "kind": "Refractivity",
                "value": "287.65",
                "source": "ChemAxon"
            },
            {
                "kind": "Polarizability",
                "value": "129.34",
                "source": "ChemAxon"
            },
            {
                "kind": "Rotatable Bond Count",
                "value": "19",
                "source": "ChemAxon"
            },
            {
                "kind": "H Bond Acceptor Count",
                "value": "38",
                "source": "ChemAxon"
            },
            {
                "kind": "H Bond Donor Count",
                "value": "20",
                "source": "ChemAxon"
            },
            {
                "kind": "pKa (strongest acidic)",
                "value": "11.61",
                "source": "ChemAxon"
            },
            {
                "kind": "pKa (strongest basic)",
                "value": "-3.7",
                "source": "ChemAxon"
            },
            {
                "kind": "Physiological Charge",
                "value": "0",
                "source": "ChemAxon"
            },
            {
                "kind": "Number of Rings",
                "value": "8",
                "source": "ChemAxon"
            },
            {
                "kind": "Bioavailability",
                "value": "0",
                "source": "ChemAxon"
            },
            {
                "kind": "Rule of Five",
                "value": "0",
                "source": "ChemAxon"
            },
            {
                "kind": "Ghose Filter",
                "value": "0",
                "source": "ChemAxon"
            },
            {
                "kind": "MDDR-Like Rule",
                "value": "1",
                "source": "ChemAxon"
            }
        ]
    },
    "experimental-properties": null,
    "external-identifiers": {
        "external-identifier": [
            {
                "resource": "RxCUI",
                "identifier": "2105627"
            }
        ]
    },
    "external-links": null,
    "pathways": null,
    "reactions": null,
    "snp-effects": null,
    "snp-adverse-drug-reactions": null,
    "targets": null,
    "enzymes": null,
    "carriers": null,
    "transporters": null
}