{
    "type": "small molecule",
    "created": "2019-05-20",
    "updated": "2021-02-21",
    "drugbank-id": [
        {
            "primary": true,
            "value": "DB15257"
        }
    ],
    "name": "Milademetan",
    "description": "Milademetan is under investigation in clinical trial NCT02319369 (Safety, Tolerability and Pharmacokinetics of Milademetan Alone and With 5-Azacitidine (AZA) in Acute Myelogenous Leukemia (AML) or High-Risk Myelodysplastic Syndrome (MDS)).",
    "cas-number": "1398568-47-2",
    "unii": "R3I80TLN7S",
    "average-mass": 618.53,
    "monoisotopic-mass": 617.1971882,
    "groups": {
        "group": [
            "investigational"
        ]
    },
    "general-references": {
        "articles": null,
        "textbooks": null,
        "links": null,
        "attachments": null
    },
    "synthesis-reference": null,
    "indication": null,
    "pharmacodynamics": null,
    "mechanism-of-action": null,
    "toxicity": null,
    "metabolism": null,
    "absorption": null,
    "half-life": null,
    "protein-binding": null,
    "route-of-elimination": null,
    "volume-of-distribution": null,
    "clearance": null,
    "salts": null,
    "synonyms": {
        "synonym": [
            {
                "language": "english",
                "coder": "inn",
                "value": "Milademetan"
            }
        ]
    },
    "products": null,
    "international-brands": null,
    "mixtures": null,
    "packagers": null,
    "manufacturers": null,
    "prices": null,
    "categories": {
        "category": [
            {
                "category": "Heterocyclic Compounds, Fused-Ring",
                "mesh-id": "D000072471"
            }
        ]
    },
    "affected-organisms": null,
    "dosages": null,
    "atc-codes": null,
    "ahfs-codes": null,
    "pdb-entries": null,
    "patents": null,
    "food-interactions": null,
    "drug-interactions": null,
    "calculated-properties": {
        "property": [
            {
                "kind": "logP",
                "value": "3.76",
                "source": "ALOGPS"
            },
            {
                "kind": "logS",
                "value": "-5.2",
                "source": "ALOGPS"
            },
            {
                "kind": "Water Solubility",
                "value": "4.41e-03 g/l",
                "source": "ALOGPS"
            },
            {
                "kind": "logP",
                "value": "3.31",
                "source": "ChemAxon"
            },
            {
                "kind": "IUPAC Name",
                "value": "(3'R,4'S,5'R)-N-[(3R,6S)-6-carbamoyloxan-3-yl]-6''-chloro-4'-(2-chloro-3-fluoropyridin-4-yl)-4,4-dimethyl-2''-oxo-1'',2''-dihydrodispiro[cyclohexane-1,2'-pyrrolidine-3',3''-indole]-5'-carboxamide",
                "source": "ChemAxon"
            },
            {
                "kind": "Traditional IUPAC Name",
                "value": "(2R)-14-fluoro-2-methyl-6,9,10,19-tetraazapentacyclo[14.2.1.0^{2,6}.0^{8,18}.0^{12,17}]nonadeca-1(18),8,12(17),13,15-pentaen-11-one",
                "source": "ChemAxon"
            },
            {
                "kind": "Molecular Weight",
                "value": "618.53",
                "source": "ChemAxon"
            },
            {
                "kind": "Monoisotopic Weight",
                "value": "617.1971882",
                "source": "ChemAxon"
            },
            {
                "kind": "SMILES",
                "value": "CC1(C)CCC2(CC1)N[C@H]([C@H](C1=C(F)C(Cl)=NC=C1)[C@]21C(=O)NC2=CC(Cl)=CC=C12)C(=O)N[C@@H]1CC[C@H](OC1)C(N)=O",
                "source": "ChemAxon"
            },
            {
                "kind": "Molecular Formula",
                "value": "C30H34Cl2FN5O4",
                "source": "ChemAxon"
            },
            {
                "kind": "InChI",
                "value": "InChI=1S/C30H34Cl2FN5O4/c1-28(2)8-10-29(11-9-28)30(18-5-3-15(31)13-19(18)37-27(30)41)21(17-7-12-35-24(32)22(17)33)23(38-29)26(40)36-16-4-6-20(25(34)39)42-14-16/h3,5,7,12-13,16,20-21,23,38H,4,6,8-11,14H2,1-2H3,(H2,34,39)(H,36,40)(H,37,41)/t16-,20+,21+,23-,30-/m1/s1",
                "source": "ChemAxon"
            },
            {
                "kind": "InChIKey",
                "value": "RYAYYVTWKAOAJF-QISPRATLSA-N",
                "source": "ChemAxon"
            },
            {
                "kind": "Polar Surface Area (PSA)",
                "value": "135.44",
                "source": "ChemAxon"
            },
            {
                "kind": "Refractivity",
                "value": "156.82",
                "source": "ChemAxon"
            },
            {
                "kind": "Polarizability",
                "value": "62.25",
                "source": "ChemAxon"
            },
            {
                "kind": "Rotatable Bond Count",
                "value": "4",
                "source": "ChemAxon"
            },
            {
                "kind": "H Bond Acceptor Count",
                "value": "6",
                "source": "ChemAxon"
            },
            {
                "kind": "H Bond Donor Count",
                "value": "4",
                "source": "ChemAxon"
            },
            {
                "kind": "pKa (strongest acidic)",
                "value": "12.74",
                "source": "ChemAxon"
            },
            {
                "kind": "pKa (strongest basic)",
                "value": "8.97",
                "source": "ChemAxon"
            },
            {
                "kind": "Physiological Charge",
                "value": "1",
                "source": "ChemAxon"
            },
            {
                "kind": "Number of Rings",
                "value": "6",
                "source": "ChemAxon"
            },
            {
                "kind": "Bioavailability",
                "value": "1",
                "source": "ChemAxon"
            },
            {
                "kind": "Rule of Five",
                "value": "0",
                "source": "ChemAxon"
            },
            {
                "kind": "Ghose Filter",
                "value": "0",
                "source": "ChemAxon"
            },
            {
                "kind": "MDDR-Like Rule",
                "value": "0",
                "source": "ChemAxon"
            }
        ]
    },
    "experimental-properties": null,
    "external-identifiers": {
        "external-identifier": [
            {
                "resource": "ChemSpider",
                "identifier": "58828164"
            }
        ]
    },
    "external-links": null,
    "pathways": null,
    "reactions": null,
    "snp-effects": null,
    "snp-adverse-drug-reactions": null,
    "targets": null,
    "enzymes": null,
    "carriers": null,
    "transporters": null
}