{
    "type": "small molecule",
    "created": "2019-10-16",
    "updated": "2020-06-12",
    "drugbank-id": [
        {
            "primary": true,
            "value": "DB15556"
        }
    ],
    "name": "Zinc glycinate citrate",
    "description": null,
    "cas-number": "955009-96-8",
    "unii": "H3472PJ7YA",
    "average-mass": 405.62,
    "monoisotopic-mass": 404.004551,
    "groups": {
        "group": [
            "experimental"
        ]
    },
    "general-references": {
        "articles": null,
        "textbooks": null,
        "links": null,
        "attachments": null
    },
    "synthesis-reference": null,
    "indication": null,
    "pharmacodynamics": null,
    "mechanism-of-action": null,
    "toxicity": null,
    "metabolism": null,
    "absorption": null,
    "half-life": null,
    "protein-binding": null,
    "route-of-elimination": null,
    "volume-of-distribution": null,
    "clearance": null,
    "classification": {
        "description": "This compound belongs to the class of organic compounds known as alpha amino acids. These are amino acids in which the amino group is attached to the carbon atom immediately adjacent to the carboxylate group (alpha carbon).",
        "direct-parent": "Alpha amino acids",
        "kingdom": "Organic compounds",
        "superclass": "Organic acids and derivatives",
        "class": "Carboxylic acids and derivatives",
        "subclass": "Amino acids, peptides, and analogues",
        "alternative-parent": [
            "Alpha hydroxy acids and derivatives",
            "Amino acids",
            "Carbonyl compounds",
            "Carboxylic acid salts",
            "Carboxylic acids",
            "Hydrocarbon derivatives",
            "Monoalkylamines",
            "Organic cations",
            "Organic oxides",
            "Organic transition metal salts",
            "Tertiary alcohols",
            "Tricarboxylic acids and derivatives"
        ],
        "substituent": [
            "Alcohol",
            "Aliphatic acyclic compound",
            "Alpha-amino acid",
            "Alpha-hydroxy acid",
            "Amine",
            "Amino acid",
            "Carbonyl group",
            "Carboxylic acid",
            "Carboxylic acid salt",
            "Hydrocarbon derivative",
            "Hydroxy acid",
            "Organic cation",
            "Organic nitrogen compound",
            "Organic oxide",
            "Organic oxygen compound",
            "Organic salt",
            "Organic transition metal salt",
            "Organonitrogen compound",
            "Organooxygen compound",
            "Primary aliphatic amine",
            "Primary amine",
            "Tertiary alcohol",
            "Tricarboxylic acid or derivatives"
        ]
    },
    "salts": null,
    "synonyms": null,
    "products": {
        "product": [
            {
                "name": "Fosteum",
                "labeller": "Primus Pharmaceuticals, Inc.",
                "ndc-id": null,
                "ndc-product-code": "68040-603",
                "dpd-id": null,
                "ema-product-code": null,
                "ema-ma-number": null,
                "started-marketing-on": "2007-06-17",
                "ended-marketing-on": null,
                "dosage-form": "Capsule",
                "strength": null,
                "route": "Oral",
                "fda-application-number": null,
                "generic": false,
                "over-the-counter": false,
                "approved": false,
                "country": "US",
                "source": "FDA NDC"
            },
            {
                "name": "Vp-gstn",
                "labeller": "Virtus Pharmaceuticals",
                "ndc-id": null,
                "ndc-product-code": "69543-222",
                "dpd-id": null,
                "ema-product-code": null,
                "ema-ma-number": null,
                "started-marketing-on": "2015-12-04",
                "ended-marketing-on": "2019-11-30",
                "dosage-form": "Capsule",
                "strength": null,
                "route": "Oral",
                "fda-application-number": null,
                "generic": false,
                "over-the-counter": false,
                "approved": false,
                "country": "US",
                "source": "FDA NDC"
            },
            {
                "name": "Vp-gstn",
                "labeller": "Virtus Pharmaceuticals",
                "ndc-id": null,
                "ndc-product-code": "76439-222",
                "dpd-id": null,
                "ema-product-code": null,
                "ema-ma-number": null,
                "started-marketing-on": "2012-03-15",
                "ended-marketing-on": "2016-07-30",
                "dosage-form": "Capsule",
                "strength": null,
                "route": "Oral",
                "fda-application-number": null,
                "generic": false,
                "over-the-counter": false,
                "approved": false,
                "country": "US",
                "source": "FDA NDC"
            }
        ]
    },
    "international-brands": null,
    "mixtures": {
        "mixture": [
            {
                "name": "Fosteum",
                "ingredients": "Cholecalciferol + Genistein + Zinc glycinate citrate"
            },
            {
                "name": "Vp-gstn",
                "ingredients": "Cholecalciferol + Genistein + Zinc glycinate citrate"
            },
            {
                "name": "Vp-gstn",
                "ingredients": "Cholecalciferol + Genistein + Zinc glycinate citrate"
            }
        ]
    },
    "packagers": null,
    "manufacturers": null,
    "prices": null,
    "categories": null,
    "affected-organisms": null,
    "dosages": {
        "dosage": [
            {
                "form": "Capsule",
                "route": "Oral",
                "strength": null
            }
        ]
    },
    "atc-codes": null,
    "ahfs-codes": null,
    "pdb-entries": null,
    "patents": null,
    "food-interactions": null,
    "drug-interactions": null,
    "calculated-properties": {
        "property": [
            {
                "kind": "logP",
                "value": "-1.3",
                "source": "ALOGPS"
            },
            {
                "kind": "logS",
                "value": "-0.26",
                "source": "ALOGPS"
            },
            {
                "kind": "Water Solubility",
                "value": "1.06e+02 g/l",
                "source": "ALOGPS"
            },
            {
                "kind": "logP",
                "value": "-1.3",
                "source": "ChemAxon"
            },
            {
                "kind": "IUPAC Name",
                "value": "zinc(2+) 2-hydroxypropane-1,2,3-tricarboxylic acid bis(2-aminoacetate)",
                "source": "ChemAxon"
            },
            {
                "kind": "Traditional IUPAC Name",
                "value": "magnesium malate",
                "source": "ChemAxon"
            },
            {
                "kind": "Molecular Weight",
                "value": "405.62",
                "source": "ChemAxon"
            },
            {
                "kind": "Monoisotopic Weight",
                "value": "404.004551",
                "source": "ChemAxon"
            },
            {
                "kind": "SMILES",
                "value": "[Zn++].NCC([O-])=O.NCC([O-])=O.OC(=O)CC(O)(CC(O)=O)C(O)=O",
                "source": "ChemAxon"
            },
            {
                "kind": "Molecular Formula",
                "value": "C10H16N2O11Zn",
                "source": "ChemAxon"
            },
            {
                "kind": "InChI",
                "value": "InChI=1S/C6H8O7.2C2H5NO2.Zn/c7-3(8)1-6(13,5(11)12)2-4(9)10;2*3-1-2(4)5;/h13H,1-2H2,(H,7,8)(H,9,10)(H,11,12);2*1,3H2,(H,4,5);/q;;;+2/p-2",
                "source": "ChemAxon"
            },
            {
                "kind": "InChIKey",
                "value": "AORYXJPNCRHPND-UHFFFAOYSA-L",
                "source": "ChemAxon"
            },
            {
                "kind": "Polar Surface Area (PSA)",
                "value": "132.13",
                "source": "ChemAxon"
            },
            {
                "kind": "Refractivity",
                "value": "35.62",
                "source": "ChemAxon"
            },
            {
                "kind": "Polarizability",
                "value": "15.51",
                "source": "ChemAxon"
            },
            {
                "kind": "Rotatable Bond Count",
                "value": "7",
                "source": "ChemAxon"
            },
            {
                "kind": "H Bond Acceptor Count",
                "value": "7",
                "source": "ChemAxon"
            },
            {
                "kind": "H Bond Donor Count",
                "value": "4",
                "source": "ChemAxon"
            },
            {
                "kind": "pKa (strongest acidic)",
                "value": "3.05",
                "source": "ChemAxon"
            },
            {
                "kind": "pKa (strongest basic)",
                "value": "-4.2",
                "source": "ChemAxon"
            },
            {
                "kind": "Physiological Charge",
                "value": "-3",
                "source": "ChemAxon"
            },
            {
                "kind": "Number of Rings",
                "value": "0",
                "source": "ChemAxon"
            },
            {
                "kind": "Bioavailability",
                "value": "1",
                "source": "ChemAxon"
            },
            {
                "kind": "Rule of Five",
                "value": "1",
                "source": "ChemAxon"
            },
            {
                "kind": "Ghose Filter",
                "value": "0",
                "source": "ChemAxon"
            },
            {
                "kind": "MDDR-Like Rule",
                "value": "0",
                "source": "ChemAxon"
            }
        ]
    },
    "experimental-properties": null,
    "external-identifiers": {
        "external-identifier": [
            {
                "resource": "ChemSpider",
                "identifier": "32699723"
            },
            {
                "resource": "RxCUI",
                "identifier": "1306062"
            }
        ]
    },
    "external-links": null,
    "pathways": null,
    "reactions": null,
    "snp-effects": null,
    "snp-adverse-drug-reactions": null,
    "targets": null,
    "enzymes": null,
    "carriers": null,
    "transporters": null
}