{
    "type": "small molecule",
    "created": "2019-05-20",
    "updated": "2020-06-12",
    "drugbank-id": [
        {
            "primary": true,
            "value": "DB15235"
        }
    ],
    "name": "Di-2-pyridylketone 4-cyclohexyl-4-methyl-3-thiosemicarbazone",
    "description": "Di-2-pyridylketone 4-cyclohexyl-4-methyl-3-thiosemicarbazone is under investigation in clinical trial NCT02688101 (Dose-finding and Pharmacokinetic Study of DpC, Administered Orally to Patients With Advanced Solid Tumors).",
    "cas-number": "1382469-39-7",
    "unii": "6068Z4Y7QI",
    "average-mass": 353.49,
    "monoisotopic-mass": 353.167416935,
    "groups": {
        "group": [
            "investigational"
        ]
    },
    "general-references": {
        "articles": null,
        "textbooks": null,
        "links": null,
        "attachments": null
    },
    "synthesis-reference": null,
    "indication": null,
    "pharmacodynamics": null,
    "mechanism-of-action": null,
    "toxicity": null,
    "metabolism": null,
    "absorption": null,
    "half-life": null,
    "protein-binding": null,
    "route-of-elimination": null,
    "volume-of-distribution": null,
    "clearance": null,
    "salts": null,
    "synonyms": {
        "synonym": [
            {
                "language": "english",
                "coder": "",
                "value": "DP4CYCH4MT"
            }
        ]
    },
    "products": null,
    "international-brands": null,
    "mixtures": null,
    "packagers": null,
    "manufacturers": null,
    "prices": null,
    "categories": {
        "category": [
            {
                "category": "Semicarbazides",
                "mesh-id": "D012663"
            },
            {
                "category": "Semicarbazones",
                "mesh-id": "D012664"
            },
            {
                "category": "Sulfur Compounds",
                "mesh-id": "D013457"
            }
        ]
    },
    "affected-organisms": null,
    "dosages": null,
    "atc-codes": null,
    "ahfs-codes": null,
    "pdb-entries": null,
    "patents": null,
    "food-interactions": null,
    "drug-interactions": null,
    "calculated-properties": {
        "property": [
            {
                "kind": "logP",
                "value": "3.78",
                "source": "ALOGPS"
            },
            {
                "kind": "logS",
                "value": "-4.8",
                "source": "ALOGPS"
            },
            {
                "kind": "Water Solubility",
                "value": "5.69e-03 g/l",
                "source": "ALOGPS"
            },
            {
                "kind": "logP",
                "value": "4",
                "source": "ChemAxon"
            },
            {
                "kind": "IUPAC Name",
                "value": "1-{[bis(pyridin-2-yl)methylidene]amino}-3-cyclohexyl-3-methylthiourea",
                "source": "ChemAxon"
            },
            {
                "kind": "Traditional IUPAC Name",
                "value": "(2R)-14-fluoro-2-methyl-6,9,10,19-tetraazapentacyclo[14.2.1.0^{2,6}.0^{8,18}.0^{12,17}]nonadeca-1(18),8,12(17),13,15-pentaen-11-one",
                "source": "ChemAxon"
            },
            {
                "kind": "Molecular Weight",
                "value": "353.49",
                "source": "ChemAxon"
            },
            {
                "kind": "Monoisotopic Weight",
                "value": "353.167416935",
                "source": "ChemAxon"
            },
            {
                "kind": "SMILES",
                "value": "CN(C1CCCCC1)C(=S)NN=C(C1=CC=CC=N1)C1=NC=CC=C1",
                "source": "ChemAxon"
            },
            {
                "kind": "Molecular Formula",
                "value": "C19H23N5S",
                "source": "ChemAxon"
            },
            {
                "kind": "InChI",
                "value": "InChI=1S/C19H23N5S/c1-24(15-9-3-2-4-10-15)19(25)23-22-18(16-11-5-7-13-20-16)17-12-6-8-14-21-17/h5-8,11-15H,2-4,9-10H2,1H3,(H,23,25)",
                "source": "ChemAxon"
            },
            {
                "kind": "InChIKey",
                "value": "GNLZNQJBZNOUBM-UHFFFAOYSA-N",
                "source": "ChemAxon"
            },
            {
                "kind": "Polar Surface Area (PSA)",
                "value": "53.41",
                "source": "ChemAxon"
            },
            {
                "kind": "Refractivity",
                "value": "103.97",
                "source": "ChemAxon"
            },
            {
                "kind": "Polarizability",
                "value": "39.31",
                "source": "ChemAxon"
            },
            {
                "kind": "Rotatable Bond Count",
                "value": "4",
                "source": "ChemAxon"
            },
            {
                "kind": "H Bond Acceptor Count",
                "value": "3",
                "source": "ChemAxon"
            },
            {
                "kind": "H Bond Donor Count",
                "value": "1",
                "source": "ChemAxon"
            },
            {
                "kind": "pKa (strongest acidic)",
                "value": "11.65",
                "source": "ChemAxon"
            },
            {
                "kind": "pKa (strongest basic)",
                "value": "2.38",
                "source": "ChemAxon"
            },
            {
                "kind": "Physiological Charge",
                "value": "0",
                "source": "ChemAxon"
            },
            {
                "kind": "Number of Rings",
                "value": "3",
                "source": "ChemAxon"
            },
            {
                "kind": "Bioavailability",
                "value": "1",
                "source": "ChemAxon"
            },
            {
                "kind": "Rule of Five",
                "value": "1",
                "source": "ChemAxon"
            },
            {
                "kind": "Ghose Filter",
                "value": "1",
                "source": "ChemAxon"
            },
            {
                "kind": "MDDR-Like Rule",
                "value": "0",
                "source": "ChemAxon"
            }
        ]
    },
    "experimental-properties": null,
    "external-identifiers": {
        "external-identifier": [
            {
                "resource": "ChemSpider",
                "identifier": "28644813"
            },
            {
                "resource": "ChEMBL",
                "identifier": "CHEMBL2203744"
            },
            {
                "resource": "ZINC",
                "identifier": "ZINC000072317804"
            }
        ]
    },
    "external-links": null,
    "pathways": null,
    "reactions": null,
    "snp-effects": null,
    "snp-adverse-drug-reactions": null,
    "targets": null,
    "enzymes": null,
    "carriers": null,
    "transporters": null
}