{
    "type": "small molecule",
    "created": "2019-05-20",
    "updated": "2022-12-01",
    "drugbank-id": [
        {
            "primary": true,
            "value": "DB15244"
        }
    ],
    "name": "Iopofosine I-131",
    "description": "Iopofosine I-131 (NM-404 I-131) is under investigation in clinical trial NCT01495663 (Dose Escalation Study of I-131-CLR1404 in Subjects With Cancer That Does Not Respond to Treatment or Has Returned).",
    "cas-number": "873438-88-1",
    "unii": "R048696O9L",
    "average-mass": 641.626,
    "monoisotopic-mass": 641.277345357,
    "groups": {
        "group": [
            "investigational"
        ]
    },
    "general-references": {
        "articles": null,
        "textbooks": null,
        "links": null,
        "attachments": null
    },
    "synthesis-reference": null,
    "indication": null,
    "pharmacodynamics": null,
    "mechanism-of-action": null,
    "toxicity": null,
    "metabolism": null,
    "absorption": null,
    "half-life": null,
    "protein-binding": null,
    "route-of-elimination": null,
    "volume-of-distribution": null,
    "clearance": null,
    "salts": null,
    "synonyms": {
        "synonym": [
            {
                "language": "english",
                "coder": "",
                "value": "18-(p-(131I)-iodophenyl)octadecyl phosphocholine"
            },
            {
                "language": "english",
                "coder": "",
                "value": "18-(p-[131]-iodophenyl)octadecyl phosphocholine"
            },
            {
                "language": "english",
                "coder": "",
                "value": "Ethanaminium, 2-((hydroxy((18-(4-(iodo-131I)phenyl)octadecyl)oxy)phosphinyl)oxy)-N,N,N-trimethyl-, inner salt"
            },
            {
                "language": "english",
                "coder": "",
                "value": "I-131-CLR1404"
            }
        ]
    },
    "products": null,
    "international-brands": null,
    "mixtures": null,
    "packagers": null,
    "manufacturers": null,
    "prices": null,
    "categories": {
        "category": [
            {
                "category": "Alcohols",
                "mesh-id": "D000438"
            },
            {
                "category": "Benzene Derivatives",
                "mesh-id": "D001555"
            },
            {
                "category": "Ethers",
                "mesh-id": "D004987"
            },
            {
                "category": "Glycerophosphates",
                "mesh-id": "D005994"
            },
            {
                "category": "Glycerophospholipids",
                "mesh-id": "D020404"
            },
            {
                "category": "Glyceryl Ethers",
                "mesh-id": "D005995"
            },
            {
                "category": "Hydrocarbons, Halogenated",
                "mesh-id": "D006846"
            },
            {
                "category": "Hydrocarbons, Iodinated",
                "mesh-id": "D006847"
            },
            {
                "category": "Iodine Radioisotopes",
                "mesh-id": "D007457"
            },
            {
                "category": "Lipids",
                "mesh-id": "D008055"
            },
            {
                "category": "Membrane Lipids",
                "mesh-id": "D008563"
            },
            {
                "category": "Phosphatidic Acids",
                "mesh-id": "D010712"
            },
            {
                "category": "Phospholipids",
                "mesh-id": "D010743"
            },
            {
                "category": "Sugar Alcohols",
                "mesh-id": "D013402"
            },
            {
                "category": "Triose Sugar Alcohols",
                "mesh-id": "D000073999"
            }
        ]
    },
    "affected-organisms": null,
    "dosages": null,
    "atc-codes": null,
    "ahfs-codes": null,
    "pdb-entries": null,
    "patents": null,
    "food-interactions": null,
    "drug-interactions": null,
    "calculated-properties": {
        "property": [
            {
                "kind": "logP",
                "value": "4.38",
                "source": "ALOGPS"
            },
            {
                "kind": "logS",
                "value": "-7.8",
                "source": "ALOGPS"
            },
            {
                "kind": "Water Solubility",
                "value": "1.06e-05 g/l",
                "source": "ALOGPS"
            },
            {
                "kind": "logP",
                "value": "5.65",
                "source": "ChemAxon"
            },
            {
                "kind": "IUPAC Name",
                "value": "18-[4-(¹³¹I)iodophenyl]octadecyl 2-(trimethylazaniumyl)ethyl phosphate",
                "source": "ChemAxon"
            },
            {
                "kind": "Traditional IUPAC Name",
                "value": "(2R)-14-fluoro-2-methyl-6,9,10,19-tetraazapentacyclo[14.2.1.0^{2,6}.0^{8,18}.0^{12,17}]nonadeca-1(18),8,12(17),13,15-pentaen-11-one",
                "source": "ChemAxon"
            },
            {
                "kind": "Molecular Weight",
                "value": "641.626",
                "source": "ChemAxon"
            },
            {
                "kind": "Monoisotopic Weight",
                "value": "641.277345357",
                "source": "ChemAxon"
            },
            {
                "kind": "SMILES",
                "value": "C[N+](C)(C)CCOP([O-])(=O)OCCCCCCCCCCCCCCCCCCC1=CC=C([131I])C=C1",
                "source": "ChemAxon"
            },
            {
                "kind": "Molecular Formula",
                "value": "C29H53INO4P",
                "source": "ChemAxon"
            },
            {
                "kind": "InChI",
                "value": "InChI=1S/C29H53INO4P/c1-31(2,3)25-27-35-36(32,33)34-26-19-17-15-13-11-9-7-5-4-6-8-10-12-14-16-18-20-28-21-23-29(30)24-22-28/h21-24H,4-20,25-27H2,1-3H3/i30+4",
                "source": "ChemAxon"
            },
            {
                "kind": "InChIKey",
                "value": "ZOAIEFWMQLYMTF-YRKXUXMHSA-N",
                "source": "ChemAxon"
            },
            {
                "kind": "Polar Surface Area (PSA)",
                "value": "58.59",
                "source": "ChemAxon"
            },
            {
                "kind": "Refractivity",
                "value": "172.77",
                "source": "ChemAxon"
            },
            {
                "kind": "Polarizability",
                "value": "69.9",
                "source": "ChemAxon"
            },
            {
                "kind": "Rotatable Bond Count",
                "value": "24",
                "source": "ChemAxon"
            },
            {
                "kind": "H Bond Acceptor Count",
                "value": "2",
                "source": "ChemAxon"
            },
            {
                "kind": "H Bond Donor Count",
                "value": "0",
                "source": "ChemAxon"
            },
            {
                "kind": "pKa (strongest acidic)",
                "value": "1.88",
                "source": "ChemAxon"
            },
            {
                "kind": "Physiological Charge",
                "value": "0",
                "source": "ChemAxon"
            },
            {
                "kind": "Number of Rings",
                "value": "1",
                "source": "ChemAxon"
            },
            {
                "kind": "Bioavailability",
                "value": "0",
                "source": "ChemAxon"
            },
            {
                "kind": "Rule of Five",
                "value": "0",
                "source": "ChemAxon"
            },
            {
                "kind": "Ghose Filter",
                "value": "0",
                "source": "ChemAxon"
            },
            {
                "kind": "MDDR-Like Rule",
                "value": "0",
                "source": "ChemAxon"
            }
        ]
    },
    "experimental-properties": null,
    "external-identifiers": {
        "external-identifier": [
            {
                "resource": "ChemSpider",
                "identifier": "13173778"
            },
            {
                "resource": "ChEMBL",
                "identifier": "CHEMBL4297495"
            }
        ]
    },
    "external-links": null,
    "pathways": null,
    "reactions": null,
    "snp-effects": null,
    "snp-adverse-drug-reactions": null,
    "targets": null,
    "enzymes": null,
    "carriers": null,
    "transporters": null
}