{
    "type": "small molecule",
    "created": "2019-05-20",
    "updated": "2020-06-12",
    "drugbank-id": [
        {
            "primary": true,
            "value": "DB15344"
        }
    ],
    "name": "beta-Hydroxyisovaleric acid",
    "description": "beta-Hydroxyisovaleric acid is under investigation in clinical trial NCT03018496 (Investigating the Effects of Beta-Hydroxy-Beta-Methylbutyrate on Glucose Handling in Older and Younger Men.).",
    "cas-number": "625-08-1",
    "unii": "3F752311CD",
    "average-mass": 118.1311,
    "monoisotopic-mass": 118.062994186,
    "groups": {
        "group": [
            "investigational"
        ]
    },
    "general-references": {
        "articles": null,
        "textbooks": null,
        "links": null,
        "attachments": null
    },
    "synthesis-reference": null,
    "indication": null,
    "pharmacodynamics": null,
    "mechanism-of-action": null,
    "toxicity": null,
    "metabolism": null,
    "absorption": null,
    "half-life": null,
    "protein-binding": null,
    "route-of-elimination": null,
    "volume-of-distribution": null,
    "clearance": null,
    "salts": null,
    "synonyms": {
        "synonym": [
            {
                "language": "english",
                "coder": "",
                "value": "beta-Hydroxy-methylbutyrate"
            }
        ]
    },
    "products": null,
    "international-brands": null,
    "mixtures": null,
    "packagers": null,
    "manufacturers": null,
    "prices": null,
    "categories": {
        "category": [
            {
                "category": "Acids, Acyclic",
                "mesh-id": "D000144"
            },
            {
                "category": "Fatty Acids",
                "mesh-id": "D005227"
            },
            {
                "category": "Fatty Acids, Volatile",
                "mesh-id": "D005232"
            },
            {
                "category": "Lipids",
                "mesh-id": "D008055"
            }
        ]
    },
    "affected-organisms": null,
    "dosages": null,
    "atc-codes": null,
    "ahfs-codes": null,
    "pdb-entries": null,
    "patents": null,
    "food-interactions": null,
    "drug-interactions": null,
    "calculated-properties": {
        "property": [
            {
                "kind": "logP",
                "value": "-0.12",
                "source": "ALOGPS"
            },
            {
                "kind": "logS",
                "value": "0.51",
                "source": "ALOGPS"
            },
            {
                "kind": "Water Solubility",
                "value": "3.84e+02 g/l",
                "source": "ALOGPS"
            },
            {
                "kind": "logP",
                "value": "-0.11",
                "source": "ChemAxon"
            },
            {
                "kind": "IUPAC Name",
                "value": "3-hydroxy-3-methylbutanoic acid",
                "source": "ChemAxon"
            },
            {
                "kind": "Traditional IUPAC Name",
                "value": "(2R)-14-fluoro-2-methyl-6,9,10,19-tetraazapentacyclo[14.2.1.0^{2,6}.0^{8,18}.0^{12,17}]nonadeca-1(18),8,12(17),13,15-pentaen-11-one",
                "source": "ChemAxon"
            },
            {
                "kind": "Molecular Weight",
                "value": "118.1311",
                "source": "ChemAxon"
            },
            {
                "kind": "Monoisotopic Weight",
                "value": "118.062994186",
                "source": "ChemAxon"
            },
            {
                "kind": "SMILES",
                "value": "CC(C)(O)CC(O)=O",
                "source": "ChemAxon"
            },
            {
                "kind": "Molecular Formula",
                "value": "C5H10O3",
                "source": "ChemAxon"
            },
            {
                "kind": "InChI",
                "value": "InChI=1S/C5H10O3/c1-5(2,8)3-4(6)7/h8H,3H2,1-2H3,(H,6,7)",
                "source": "ChemAxon"
            },
            {
                "kind": "InChIKey",
                "value": "AXFYFNCPONWUHW-UHFFFAOYSA-N",
                "source": "ChemAxon"
            },
            {
                "kind": "Polar Surface Area (PSA)",
                "value": "57.53",
                "source": "ChemAxon"
            },
            {
                "kind": "Refractivity",
                "value": "28.1",
                "source": "ChemAxon"
            },
            {
                "kind": "Polarizability",
                "value": "11.75",
                "source": "ChemAxon"
            },
            {
                "kind": "Rotatable Bond Count",
                "value": "2",
                "source": "ChemAxon"
            },
            {
                "kind": "H Bond Acceptor Count",
                "value": "3",
                "source": "ChemAxon"
            },
            {
                "kind": "H Bond Donor Count",
                "value": "2",
                "source": "ChemAxon"
            },
            {
                "kind": "pKa (strongest acidic)",
                "value": "4.55",
                "source": "ChemAxon"
            },
            {
                "kind": "pKa (strongest basic)",
                "value": "-2.7",
                "source": "ChemAxon"
            },
            {
                "kind": "Physiological Charge",
                "value": "-1",
                "source": "ChemAxon"
            },
            {
                "kind": "Number of Rings",
                "value": "0",
                "source": "ChemAxon"
            },
            {
                "kind": "Bioavailability",
                "value": "1",
                "source": "ChemAxon"
            },
            {
                "kind": "Rule of Five",
                "value": "1",
                "source": "ChemAxon"
            },
            {
                "kind": "Ghose Filter",
                "value": "0",
                "source": "ChemAxon"
            },
            {
                "kind": "MDDR-Like Rule",
                "value": "0",
                "source": "ChemAxon"
            }
        ]
    },
    "experimental-properties": null,
    "external-identifiers": {
        "external-identifier": [
            {
                "resource": "ChEBI",
                "identifier": "37084"
            },
            {
                "resource": "ChemSpider",
                "identifier": "62571"
            },
            {
                "resource": "Wikipedia",
                "identifier": "Beta-Hydroxy_beta-methylbutyric_acid"
            },
            {
                "resource": "ZINC",
                "identifier": "ZINC000000395642"
            }
        ]
    },
    "external-links": null,
    "pathways": null,
    "reactions": null,
    "snp-effects": null,
    "snp-adverse-drug-reactions": null,
    "targets": null,
    "enzymes": null,
    "carriers": null,
    "transporters": null
}