{
    "type": "small molecule",
    "created": "2019-08-13",
    "updated": "2021-02-21",
    "drugbank-id": [
        {
            "primary": true,
            "value": "DB15468"
        }
    ],
    "name": "Iscotrizinol",
    "description": null,
    "cas-number": "154702-15-5",
    "unii": "2UTZ0QC864",
    "average-mass": 766.0,
    "monoisotopic-mass": 765.457768028,
    "groups": {
        "group": [
            "experimental"
        ]
    },
    "general-references": {
        "articles": null,
        "textbooks": null,
        "links": null,
        "attachments": null
    },
    "synthesis-reference": null,
    "indication": null,
    "pharmacodynamics": null,
    "mechanism-of-action": null,
    "toxicity": null,
    "metabolism": null,
    "absorption": null,
    "half-life": null,
    "protein-binding": null,
    "route-of-elimination": null,
    "volume-of-distribution": null,
    "clearance": null,
    "salts": null,
    "synonyms": {
        "synonym": [
            {
                "language": "english",
                "coder": "usan",
                "value": "Iscotrizinol"
            }
        ]
    },
    "products": {
        "product": [
            {
                "name": "Calming Days Vegan Sunscreen",
                "labeller": "Merci Co.",
                "ndc-id": null,
                "ndc-product-code": "83020-301",
                "dpd-id": null,
                "ema-product-code": null,
                "ema-ma-number": null,
                "started-marketing-on": "2022-10-18",
                "ended-marketing-on": null,
                "dosage-form": "Gel",
                "strength": null,
                "route": "Topical",
                "fda-application-number": null,
                "generic": false,
                "over-the-counter": true,
                "approved": false,
                "country": "US",
                "source": "FDA NDC"
            },
            {
                "name": "Sun Project Skin-relief Suncream",
                "labeller": "Thank You Farmer Co., Ltd.",
                "ndc-id": null,
                "ndc-product-code": "70618-010",
                "dpd-id": null,
                "ema-product-code": null,
                "ema-ma-number": null,
                "started-marketing-on": "2022-05-30",
                "ended-marketing-on": null,
                "dosage-form": "Cream",
                "strength": null,
                "route": "Topical",
                "fda-application-number": null,
                "generic": false,
                "over-the-counter": true,
                "approved": false,
                "country": "US",
                "source": "FDA NDC"
            }
        ]
    },
    "international-brands": null,
    "mixtures": {
        "mixture": [
            {
                "name": "Sun Project Skin-relief Suncream",
                "ingredients": "Bisoctrizole + Diethylamino hydroxybenzoyl hexyl benzoate + Iscotrizinol + Octyl triazone"
            },
            {
                "name": "Calming Days Vegan Sunscreen",
                "ingredients": "Bisoctrizole + Diethylamino hydroxybenzoyl hexyl benzoate + Iscotrizinol + Octyl triazone"
            }
        ]
    },
    "packagers": null,
    "manufacturers": null,
    "prices": null,
    "categories": {
        "category": [
            {
                "category": "Sunscreen Agents",
                "mesh-id": "D013473"
            }
        ]
    },
    "affected-organisms": null,
    "dosages": {
        "dosage": [
            {
                "form": "Gel",
                "route": "Topical",
                "strength": null
            },
            {
                "form": "Cream",
                "route": "Topical",
                "strength": null
            }
        ]
    },
    "atc-codes": null,
    "ahfs-codes": null,
    "pdb-entries": null,
    "patents": null,
    "food-interactions": null,
    "drug-interactions": null,
    "calculated-properties": {
        "property": [
            {
                "kind": "logP",
                "value": "8.11",
                "source": "ALOGPS"
            },
            {
                "kind": "logS",
                "value": "-5.9",
                "source": "ALOGPS"
            },
            {
                "kind": "Water Solubility",
                "value": "9.13e-04 g/l",
                "source": "ALOGPS"
            },
            {
                "kind": "logP",
                "value": "12.39",
                "source": "ChemAxon"
            },
            {
                "kind": "IUPAC Name",
                "value": "2-ethylhexyl 4-[(4-{[4-(tert-butylcarbamoyl)phenyl]amino}-6-[(4-{[(2-ethylhexyl)oxy]carbonyl}phenyl)amino]-1,3,5-triazin-2-yl)amino]benzoate",
                "source": "ChemAxon"
            },
            {
                "kind": "Traditional IUPAC Name",
                "value": "sundare",
                "source": "ChemAxon"
            },
            {
                "kind": "Molecular Weight",
                "value": "766.0",
                "source": "ChemAxon"
            },
            {
                "kind": "Monoisotopic Weight",
                "value": "765.457768028",
                "source": "ChemAxon"
            },
            {
                "kind": "SMILES",
                "value": "CCCCC(CC)COC(=O)C1=CC=C(NC2=NC(NC3=CC=C(C=C3)C(=O)OCC(CC)CCCC)=NC(NC3=CC=C(C=C3)C(=O)NC(C)(C)C)=N2)C=C1",
                "source": "ChemAxon"
            },
            {
                "kind": "Molecular Formula",
                "value": "C44H59N7O5",
                "source": "ChemAxon"
            },
            {
                "kind": "InChI",
                "value": "InChI=1S/C44H59N7O5/c1-8-12-14-30(10-3)28-55-39(53)33-18-24-36(25-19-33)46-42-48-41(45-35-22-16-32(17-23-35)38(52)51-44(5,6)7)49-43(50-42)47-37-26-20-34(21-27-37)40(54)56-29-31(11-4)15-13-9-2/h16-27,30-31H,8-15,28-29H2,1-7H3,(H,51,52)(H3,45,46,47,48,49,50)",
                "source": "ChemAxon"
            },
            {
                "kind": "InChIKey",
                "value": "OSCJHTSDLYVCQC-UHFFFAOYSA-N",
                "source": "ChemAxon"
            },
            {
                "kind": "Polar Surface Area (PSA)",
                "value": "156.46",
                "source": "ChemAxon"
            },
            {
                "kind": "Refractivity",
                "value": "223.95",
                "source": "ChemAxon"
            },
            {
                "kind": "Polarizability",
                "value": "87.63",
                "source": "ChemAxon"
            },
            {
                "kind": "Rotatable Bond Count",
                "value": "24",
                "source": "ChemAxon"
            },
            {
                "kind": "H Bond Acceptor Count",
                "value": "9",
                "source": "ChemAxon"
            },
            {
                "kind": "H Bond Donor Count",
                "value": "4",
                "source": "ChemAxon"
            },
            {
                "kind": "pKa (strongest acidic)",
                "value": "11.35",
                "source": "ChemAxon"
            },
            {
                "kind": "pKa (strongest basic)",
                "value": "3.73",
                "source": "ChemAxon"
            },
            {
                "kind": "Physiological Charge",
                "value": "0",
                "source": "ChemAxon"
            },
            {
                "kind": "Number of Rings",
                "value": "4",
                "source": "ChemAxon"
            },
            {
                "kind": "Bioavailability",
                "value": "0",
                "source": "ChemAxon"
            },
            {
                "kind": "Rule of Five",
                "value": "0",
                "source": "ChemAxon"
            },
            {
                "kind": "Ghose Filter",
                "value": "0",
                "source": "ChemAxon"
            },
            {
                "kind": "MDDR-Like Rule",
                "value": "1",
                "source": "ChemAxon"
            }
        ]
    },
    "experimental-properties": null,
    "external-identifiers": {
        "external-identifier": [
            {
                "resource": "ChemSpider",
                "identifier": "7986571"
            },
            {
                "resource": "Wikipedia",
                "identifier": "Iscotrizinol"
            },
            {
                "resource": "ChEMBL",
                "identifier": "CHEMBL2103813"
            },
            {
                "resource": "RxCUI",
                "identifier": "2602134"
            }
        ]
    },
    "external-links": null,
    "pathways": null,
    "reactions": null,
    "snp-effects": null,
    "snp-adverse-drug-reactions": null,
    "targets": null,
    "enzymes": null,
    "carriers": null,
    "transporters": null
}