{
    "type": "small molecule",
    "created": "2019-11-28",
    "updated": "2021-05-14",
    "drugbank-id": [
        {
            "primary": true,
            "value": "DB15574"
        }
    ],
    "name": "beta-Pinene",
    "description": null,
    "cas-number": "127-91-3",
    "unii": "4MS8VHZ1HJ",
    "average-mass": 136.238,
    "monoisotopic-mass": 136.125200515,
    "groups": {
        "group": [
            "experimental"
        ]
    },
    "general-references": {
        "articles": null,
        "textbooks": null,
        "links": {
            "link": [
                {
                    "ref-id": "L27791",
                    "title": "FDA Thailand: Rowatinex (Anethole, Borneol, Camphene, Eucalyptol, Fenchone, Alpha-Pinene, Beta-Pinene) Capsule",
                    "url": "http://pertento.fda.moph.go.th/FDA_SEARCH_DRUG/SEARCH_DRUG/pop-up_drug_ex.aspx?Newcode=U1DR2C1022300012311C"
                }
            ]
        },
        "attachments": null
    },
    "synthesis-reference": null,
    "indication": null,
    "pharmacodynamics": null,
    "mechanism-of-action": null,
    "toxicity": null,
    "metabolism": null,
    "absorption": null,
    "half-life": null,
    "protein-binding": null,
    "route-of-elimination": null,
    "volume-of-distribution": null,
    "clearance": null,
    "salts": null,
    "synonyms": {
        "synonym": [
            {
                "language": "english",
                "coder": "",
                "value": "2(10)-pinene"
            },
            {
                "language": "english",
                "coder": "",
                "value": "nopinene"
            },
            {
                "language": "english",
                "coder": "",
                "value": "pseudopinene"
            },
            {
                "language": "english",
                "coder": "",
                "value": "β-pinene"
            }
        ]
    },
    "products": null,
    "international-brands": null,
    "mixtures": null,
    "packagers": null,
    "manufacturers": null,
    "prices": null,
    "categories": {
        "category": [
            {
                "category": "Bridged-Ring Compounds",
                "mesh-id": "D001952"
            },
            {
                "category": "Monoterpenes",
                "mesh-id": "D039821"
            },
            {
                "category": "Terpenes",
                "mesh-id": "D013729"
            }
        ]
    },
    "affected-organisms": null,
    "dosages": {
        "dosage": [
            {
                "form": "Capsule, gelatin coated",
                "route": "Oral",
                "strength": null
            },
            {
                "form": "Capsule",
                "route": null,
                "strength": null
            }
        ]
    },
    "atc-codes": null,
    "ahfs-codes": null,
    "pdb-entries": null,
    "patents": null,
    "food-interactions": null,
    "drug-interactions": null,
    "calculated-properties": {
        "property": [
            {
                "kind": "logP",
                "value": "3.94",
                "source": "ALOGPS"
            },
            {
                "kind": "logS",
                "value": "-3.3",
                "source": "ALOGPS"
            },
            {
                "kind": "Water Solubility",
                "value": "6.37e-02 g/l",
                "source": "ALOGPS"
            },
            {
                "kind": "logP",
                "value": "2.86",
                "source": "ChemAxon"
            },
            {
                "kind": "IUPAC Name",
                "value": "6,6-dimethyl-2-methylidenebicyclo[3.1.1]heptane",
                "source": "ChemAxon"
            },
            {
                "kind": "Traditional IUPAC Name",
                "value": "2,4-dichlorobenzyl alcohol",
                "source": "ChemAxon"
            },
            {
                "kind": "Molecular Weight",
                "value": "136.238",
                "source": "ChemAxon"
            },
            {
                "kind": "Monoisotopic Weight",
                "value": "136.125200515",
                "source": "ChemAxon"
            },
            {
                "kind": "SMILES",
                "value": "CC1(C)C2CC1C(=C)CC2",
                "source": "ChemAxon"
            },
            {
                "kind": "Molecular Formula",
                "value": "C10H16",
                "source": "ChemAxon"
            },
            {
                "kind": "InChI",
                "value": "InChI=1S/C10H16/c1-7-4-5-8-6-9(7)10(8,2)3/h8-9H,1,4-6H2,2-3H3",
                "source": "ChemAxon"
            },
            {
                "kind": "InChIKey",
                "value": "WTARULDDTDQWMU-UHFFFAOYSA-N",
                "source": "ChemAxon"
            },
            {
                "kind": "Polar Surface Area (PSA)",
                "value": "0",
                "source": "ChemAxon"
            },
            {
                "kind": "Refractivity",
                "value": "43.65",
                "source": "ChemAxon"
            },
            {
                "kind": "Polarizability",
                "value": "17.14",
                "source": "ChemAxon"
            },
            {
                "kind": "Rotatable Bond Count",
                "value": "0",
                "source": "ChemAxon"
            },
            {
                "kind": "H Bond Acceptor Count",
                "value": "0",
                "source": "ChemAxon"
            },
            {
                "kind": "H Bond Donor Count",
                "value": "0",
                "source": "ChemAxon"
            },
            {
                "kind": "Physiological Charge",
                "value": "0",
                "source": "ChemAxon"
            },
            {
                "kind": "Number of Rings",
                "value": "2",
                "source": "ChemAxon"
            },
            {
                "kind": "Bioavailability",
                "value": "1",
                "source": "ChemAxon"
            },
            {
                "kind": "Rule of Five",
                "value": "1",
                "source": "ChemAxon"
            },
            {
                "kind": "Ghose Filter",
                "value": "0",
                "source": "ChemAxon"
            },
            {
                "kind": "MDDR-Like Rule",
                "value": "0",
                "source": "ChemAxon"
            }
        ]
    },
    "experimental-properties": null,
    "external-identifiers": {
        "external-identifier": [
            {
                "resource": "ChEBI",
                "identifier": "50025"
            },
            {
                "resource": "KEGG Compound",
                "identifier": "C09882"
            },
            {
                "resource": "ChemSpider",
                "identifier": "14198"
            },
            {
                "resource": "Wikipedia",
                "identifier": "Beta-Pinene"
            },
            {
                "resource": "ChEMBL",
                "identifier": "CHEMBL501351"
            },
            {
                "resource": "RxCUI",
                "identifier": "1923811"
            }
        ]
    },
    "external-links": null,
    "pathways": null,
    "reactions": null,
    "snp-effects": null,
    "snp-adverse-drug-reactions": null,
    "targets": null,
    "enzymes": null,
    "carriers": null,
    "transporters": null
}