{
    "type": "small molecule",
    "created": "2019-05-20",
    "updated": "2020-06-12",
    "drugbank-id": [
        {
            "primary": true,
            "value": "DB15126"
        }
    ],
    "name": "IMG-7289",
    "description": "IMG-7289 is under investigation in clinical trial NCT03136185 (IMG-7289 in Patients With Myelofibrosis).",
    "cas-number": "1990504-34-1",
    "unii": "Y2T4ALDEAT",
    "average-mass": 519.625,
    "monoisotopic-mass": 519.275801526,
    "groups": {
        "group": [
            "investigational"
        ]
    },
    "general-references": {
        "articles": null,
        "textbooks": null,
        "links": null,
        "attachments": null
    },
    "synthesis-reference": null,
    "indication": null,
    "pharmacodynamics": null,
    "mechanism-of-action": null,
    "toxicity": null,
    "metabolism": null,
    "absorption": null,
    "half-life": null,
    "protein-binding": null,
    "route-of-elimination": null,
    "volume-of-distribution": null,
    "clearance": null,
    "salts": null,
    "synonyms": null,
    "products": null,
    "international-brands": null,
    "mixtures": null,
    "packagers": null,
    "manufacturers": null,
    "prices": null,
    "categories": null,
    "affected-organisms": null,
    "dosages": null,
    "atc-codes": null,
    "ahfs-codes": null,
    "pdb-entries": null,
    "patents": null,
    "food-interactions": null,
    "drug-interactions": null,
    "calculated-properties": {
        "property": [
            {
                "kind": "logP",
                "value": "1.61",
                "source": "ALOGPS"
            },
            {
                "kind": "logS",
                "value": "-4.1",
                "source": "ALOGPS"
            },
            {
                "kind": "Water Solubility",
                "value": "3.76e-02 g/l",
                "source": "ALOGPS"
            },
            {
                "kind": "logP",
                "value": "2.25",
                "source": "ChemAxon"
            },
            {
                "kind": "IUPAC Name",
                "value": "N-[(2S)-5-{[(1R,2S)-2-(4-fluorophenyl)cyclopropyl]amino}-1-(4-methylpiperazin-1-yl)-1-oxopentan-2-yl]-4-(1H-1,2,3-triazol-1-yl)benzamide",
                "source": "ChemAxon"
            },
            {
                "kind": "Traditional IUPAC Name",
                "value": "(2R)-14-fluoro-2-methyl-6,9,10,19-tetraazapentacyclo[14.2.1.0^{2,6}.0^{8,18}.0^{12,17}]nonadeca-1(18),8,12(17),13,15-pentaen-11-one",
                "source": "ChemAxon"
            },
            {
                "kind": "Molecular Weight",
                "value": "519.625",
                "source": "ChemAxon"
            },
            {
                "kind": "Monoisotopic Weight",
                "value": "519.275801526",
                "source": "ChemAxon"
            },
            {
                "kind": "SMILES",
                "value": "CN1CCN(CC1)C(=O)[C@H](CCCN[C@@H]1C[C@H]1C1=CC=C(F)C=C1)NC(=O)C1=CC=C(C=C1)N1C=CN=N1",
                "source": "ChemAxon"
            },
            {
                "kind": "Molecular Formula",
                "value": "C28H34FN7O2",
                "source": "ChemAxon"
            },
            {
                "kind": "InChI",
                "value": "InChI=1S/C28H34FN7O2/c1-34-15-17-35(18-16-34)28(38)25(3-2-12-30-26-19-24(26)20-4-8-22(29)9-5-20)32-27(37)21-6-10-23(11-7-21)36-14-13-31-33-36/h4-11,13-14,24-26,30H,2-3,12,15-19H2,1H3,(H,32,37)/t24-,25-,26+/m0/s1",
                "source": "ChemAxon"
            },
            {
                "kind": "InChIKey",
                "value": "KQKBMHGOHXOHTD-KKUQBAQOSA-N",
                "source": "ChemAxon"
            },
            {
                "kind": "Polar Surface Area (PSA)",
                "value": "95.39",
                "source": "ChemAxon"
            },
            {
                "kind": "Refractivity",
                "value": "144.48",
                "source": "ChemAxon"
            },
            {
                "kind": "Polarizability",
                "value": "56.5",
                "source": "ChemAxon"
            },
            {
                "kind": "Rotatable Bond Count",
                "value": "10",
                "source": "ChemAxon"
            },
            {
                "kind": "H Bond Acceptor Count",
                "value": "6",
                "source": "ChemAxon"
            },
            {
                "kind": "H Bond Donor Count",
                "value": "2",
                "source": "ChemAxon"
            },
            {
                "kind": "pKa (strongest acidic)",
                "value": "15.22",
                "source": "ChemAxon"
            },
            {
                "kind": "pKa (strongest basic)",
                "value": "9.34",
                "source": "ChemAxon"
            },
            {
                "kind": "Physiological Charge",
                "value": "2",
                "source": "ChemAxon"
            },
            {
                "kind": "Number of Rings",
                "value": "5",
                "source": "ChemAxon"
            },
            {
                "kind": "Bioavailability",
                "value": "1",
                "source": "ChemAxon"
            },
            {
                "kind": "Rule of Five",
                "value": "0",
                "source": "ChemAxon"
            },
            {
                "kind": "Ghose Filter",
                "value": "0",
                "source": "ChemAxon"
            },
            {
                "kind": "MDDR-Like Rule",
                "value": "1",
                "source": "ChemAxon"
            }
        ]
    },
    "experimental-properties": null,
    "external-identifiers": {
        "external-identifier": [
            {
                "resource": "ChemSpider",
                "identifier": "75531282"
            }
        ]
    },
    "external-links": null,
    "pathways": null,
    "reactions": null,
    "snp-effects": null,
    "snp-adverse-drug-reactions": null,
    "targets": null,
    "enzymes": null,
    "carriers": null,
    "transporters": null
}