{
    "type": "small molecule",
    "created": "2019-05-20",
    "updated": "2021-02-21",
    "drugbank-id": [
        {
            "primary": true,
            "value": "DB15314"
        }
    ],
    "name": "Modimelanotide",
    "description": "Modimelanotide is under investigation in clinical trial NCT01897519 (A Safety and Efficacy Trial of Multiple Dosing Regimens of ABT-719 for the Prevention of Acute Kidney Injury in Subjects Undergoing High Risk Surgery).",
    "cas-number": "926277-68-1",
    "unii": "96C1EBE9CG",
    "average-mass": 2433.96,
    "monoisotopic-mass": 2432.362709634,
    "groups": {
        "group": [
            "investigational"
        ]
    },
    "general-references": {
        "articles": null,
        "textbooks": null,
        "links": null,
        "attachments": null
    },
    "synthesis-reference": null,
    "indication": null,
    "pharmacodynamics": null,
    "mechanism-of-action": null,
    "toxicity": null,
    "metabolism": null,
    "absorption": null,
    "half-life": null,
    "protein-binding": null,
    "route-of-elimination": null,
    "volume-of-distribution": null,
    "clearance": null,
    "salts": null,
    "synonyms": {
        "synonym": [
            {
                "language": "english",
                "coder": "inn",
                "value": "Modimelanotide"
            }
        ]
    },
    "products": null,
    "international-brands": null,
    "mixtures": null,
    "packagers": null,
    "manufacturers": null,
    "prices": null,
    "categories": {
        "category": [
            {
                "category": "Pyridines",
                "mesh-id": "D011725"
            }
        ]
    },
    "affected-organisms": null,
    "dosages": null,
    "atc-codes": null,
    "ahfs-codes": null,
    "pdb-entries": null,
    "patents": null,
    "food-interactions": null,
    "drug-interactions": null,
    "calculated-properties": {
        "property": [
            {
                "kind": "logP",
                "value": "-0.96",
                "source": "ALOGPS"
            },
            {
                "kind": "logS",
                "value": "-4.8",
                "source": "ALOGPS"
            },
            {
                "kind": "Water Solubility",
                "value": "3.90e-02 g/l",
                "source": "ALOGPS"
            },
            {
                "kind": "logP",
                "value": "-12",
                "source": "ChemAxon"
            },
            {
                "kind": "IUPAC Name",
                "value": "(4S)-4-{[(1S)-1-{[(1S)-1-{[(1S)-1-{[(1S)-1-[({[(2S)-6-amino-1-[(2S)-2-{[(1S)-1-carbamoyl-2-methylpropyl]carbamoyl}pyrrolidin-1-yl]-1-oxohexan-2-yl]carbamoyl}methyl)carbamoyl]-2-(1H-indol-3-yl)ethyl]carbamoyl}-4-carbamimidamidobutyl]carbamoyl}-2-phenylethyl]carbamoyl}-2-(1H-imidazol-4-yl)ethyl]carbamoyl}-4-[(2S)-2-[(2S)-2-[(2S)-2-[(2S)-2-[(2S)-6-amino-2-[(2S)-6-amino-2-[(2S)-6-amino-2-[(2S)-6-amino-2-[(2S)-6-amino-2-[(2S)-6-amino-2-acetamidohexanamido]hexanamido]hexanamido]hexanamido]hexanamido]hexanamido]-3-hydroxypropanamido]-3-(4-hydroxyphenyl)propanamido]-3-hydroxypropanamido]-4-(methylsulfanyl)butanamido]butanoic acid",
                "source": "ChemAxon"
            },
            {
                "kind": "Traditional IUPAC Name",
                "value": "(2R)-14-fluoro-2-methyl-6,9,10,19-tetraazapentacyclo[14.2.1.0^{2,6}.0^{8,18}.0^{12,17}]nonadeca-1(18),8,12(17),13,15-pentaen-11-one",
                "source": "ChemAxon"
            },
            {
                "kind": "Molecular Weight",
                "value": "2433.96",
                "source": "ChemAxon"
            },
            {
                "kind": "Monoisotopic Weight",
                "value": "2432.362709634",
                "source": "ChemAxon"
            },
            {
                "kind": "SMILES",
                "value": "CSCC[C@H](NC(=O)[C@H](CO)NC(=O)[C@H](CC1=CC=C(O)C=C1)NC(=O)[C@H](CO)NC(=O)[C@H](CCCCN)NC(=O)[C@H](CCCCN)NC(=O)[C@H](CCCCN)NC(=O)[C@H](CCCCN)NC(=O)[C@H](CCCCN)NC(=O)[C@H](CCCCN)NC(C)=O)C(=O)N[C@@H](CCC(O)=O)C(=O)N[C@@H](CC1=CNC=N1)C(=O)N[C@@H](CC1=CC=CC=C1)C(=O)N[C@@H](CCCNC(N)=N)C(=O)N[C@@H](CC1=CNC2=C1C=CC=C2)C(=O)NCC(=O)N[C@@H](CCCCN)C(=O)N1CCC[C@H]1C(=O)N[C@@H](C(C)C)C(N)=O",
                "source": "ChemAxon"
            },
            {
                "kind": "Molecular Formula",
                "value": "C113H181N33O25S",
                "source": "ChemAxon"
            },
            {
                "kind": "InChI",
                "value": "InChI=1S/C113H181N33O25S/c1-66(2)94(95(121)154)145-111(170)91-38-25-54-146(91)112(171)84(36-16-23-52-120)130-92(151)62-127-96(155)87(58-70-60-126-74-29-9-8-28-73(70)74)141-102(161)81(37-24-53-125-113(122)123)136-106(165)85(56-68-26-6-5-7-27-68)139-108(167)88(59-71-61-124-65-128-71)142-104(163)82(43-44-93(152)153)137-105(164)83(45-55-172-4)138-109(168)89(63-147)144-107(166)86(57-69-39-41-72(150)42-40-69)140-110(169)90(64-148)143-103(162)80(35-15-22-51-119)135-101(160)79(34-14-21-50-118)134-100(159)78(33-13-20-49-117)133-99(158)77(32-12-19-48-116)132-98(157)76(31-11-18-47-115)131-97(156)75(129-67(3)149)30-10-17-46-114/h5-9,26-29,39-42,60-61,65-66,75-91,94,126,147-148,150H,10-25,30-38,43-59,62-64,114-120H2,1-4H3,(H2,121,154)(H,124,128)(H,127,155)(H,129,149)(H,130,151)(H,131,156)(H,132,157)(H,133,158)(H,134,159)(H,135,160)(H,136,165)(H,137,164)(H,138,168)(H,139,167)(H,140,169)(H,141,161)(H,142,163)(H,143,162)(H,144,166)(H,145,170)(H,152,153)(H4,122,123,125)/t75-,76-,77-,78-,79-,80-,81-,82-,83-,84-,85-,86-,87-,88-,89-,90-,91-,94-/m0/s1",
                "source": "ChemAxon"
            },
            {
                "kind": "InChIKey",
                "value": "WHRVKPBBRZHWTN-ZHHKRVSMSA-N",
                "source": "ChemAxon"
            },
            {
                "kind": "Polar Surface Area (PSA)",
                "value": "973.7",
                "source": "ChemAxon"
            },
            {
                "kind": "Refractivity",
                "value": "644.81",
                "source": "ChemAxon"
            },
            {
                "kind": "Polarizability",
                "value": "259.14",
                "source": "ChemAxon"
            },
            {
                "kind": "Rotatable Bond Count",
                "value": "86",
                "source": "ChemAxon"
            },
            {
                "kind": "H Bond Acceptor Count",
                "value": "36",
                "source": "ChemAxon"
            },
            {
                "kind": "H Bond Donor Count",
                "value": "35",
                "source": "ChemAxon"
            },
            {
                "kind": "pKa (strongest acidic)",
                "value": "3.48",
                "source": "ChemAxon"
            },
            {
                "kind": "pKa (strongest basic)",
                "value": "11.95",
                "source": "ChemAxon"
            },
            {
                "kind": "Physiological Charge",
                "value": "7",
                "source": "ChemAxon"
            },
            {
                "kind": "Number of Rings",
                "value": "6",
                "source": "ChemAxon"
            },
            {
                "kind": "Bioavailability",
                "value": "0",
                "source": "ChemAxon"
            },
            {
                "kind": "Rule of Five",
                "value": "0",
                "source": "ChemAxon"
            },
            {
                "kind": "Ghose Filter",
                "value": "0",
                "source": "ChemAxon"
            },
            {
                "kind": "MDDR-Like Rule",
                "value": "1",
                "source": "ChemAxon"
            }
        ]
    },
    "experimental-properties": null,
    "external-identifiers": {
        "external-identifier": [
            {
                "resource": "ChemSpider",
                "identifier": "34988374"
            },
            {
                "resource": "Wikipedia",
                "identifier": "Modimelanotide"
            }
        ]
    },
    "external-links": null,
    "pathways": null,
    "reactions": null,
    "snp-effects": null,
    "snp-adverse-drug-reactions": null,
    "targets": null,
    "enzymes": null,
    "carriers": null,
    "transporters": null
}