{
    "type": "biotech",
    "created": "2019-10-09",
    "updated": "2020-06-12",
    "drugbank-id": [
        {
            "primary": true,
            "value": "DB15530"
        }
    ],
    "name": "Trifolium pratense pollen",
    "description": "Trifolium pratense pollen allergenic extract is used in allergenic testing.",
    "cas-number": null,
    "unii": "3SNK70F46Y",
    "groups": {
        "group": [
            "approved"
        ]
    },
    "general-references": {
        "articles": null,
        "textbooks": null,
        "links": null,
        "attachments": null
    },
    "synthesis-reference": null,
    "indication": null,
    "pharmacodynamics": null,
    "mechanism-of-action": null,
    "toxicity": null,
    "metabolism": null,
    "absorption": null,
    "half-life": null,
    "protein-binding": null,
    "route-of-elimination": null,
    "volume-of-distribution": null,
    "clearance": null,
    "salts": null,
    "synonyms": null,
    "products": {
        "product": [
            {
                "name": "Red Clover",
                "labeller": "Greer Laboratories, Inc.",
                "ndc-id": null,
                "ndc-product-code": "22840-1514",
                "dpd-id": null,
                "ema-product-code": null,
                "ema-ma-number": null,
                "started-marketing-on": "1981-09-15",
                "ended-marketing-on": null,
                "dosage-form": "Solution",
                "strength": "0.05 g/1mL",
                "route": "Intradermal; Percutaneous; Subcutaneous",
                "fda-application-number": "BLA101833",
                "generic": false,
                "over-the-counter": false,
                "approved": true,
                "country": "US",
                "source": "FDA NDC"
            },
            {
                "name": "Red Clover",
                "labeller": "Greer Laboratories, Inc.",
                "ndc-id": null,
                "ndc-product-code": "22840-1565",
                "dpd-id": null,
                "ema-product-code": null,
                "ema-ma-number": null,
                "started-marketing-on": "1981-09-15",
                "ended-marketing-on": null,
                "dosage-form": "Solution",
                "strength": "20000 [PNU]/1mL",
                "route": "Intradermal; Percutaneous; Subcutaneous",
                "fda-application-number": "BLA101833",
                "generic": false,
                "over-the-counter": false,
                "approved": true,
                "country": "US",
                "source": "FDA NDC"
            },
            {
                "name": "Red Clover",
                "labeller": "Greer Laboratories, Inc.",
                "ndc-id": null,
                "ndc-product-code": "22840-1515",
                "dpd-id": null,
                "ema-product-code": null,
                "ema-ma-number": null,
                "started-marketing-on": "1981-09-15",
                "ended-marketing-on": null,
                "dosage-form": "Solution",
                "strength": "0.001 g/1mL",
                "route": "Intradermal; Percutaneous; Subcutaneous",
                "fda-application-number": "BLA101833",
                "generic": false,
                "over-the-counter": false,
                "approved": true,
                "country": "US",
                "source": "FDA NDC"
            },
            {
                "name": "Red Clover",
                "labeller": "Greer Laboratories, Inc.",
                "ndc-id": null,
                "ndc-product-code": "22840-5506",
                "dpd-id": null,
                "ema-product-code": null,
                "ema-ma-number": null,
                "started-marketing-on": "1981-09-15",
                "ended-marketing-on": null,
                "dosage-form": "Solution",
                "strength": "0.025 g/1mL",
                "route": "Intradermal; Percutaneous; Subcutaneous",
                "fda-application-number": "BLA101833",
                "generic": false,
                "over-the-counter": false,
                "approved": true,
                "country": "US",
                "source": "FDA NDC"
            }
        ]
    },
    "international-brands": null,
    "mixtures": null,
    "packagers": null,
    "manufacturers": null,
    "prices": null,
    "categories": {
        "category": [
            {
                "category": "Cell-mediated Immunity",
                "mesh-id": "D007111"
            },
            {
                "category": "Increased Histamine Release",
                "mesh-id": null
            },
            {
                "category": "Increased IgG Production",
                "mesh-id": null
            },
            {
                "category": "Non-Standardized Pollen Allergenic Extract",
                "mesh-id": null
            }
        ]
    },
    "affected-organisms": null,
    "dosages": {
        "dosage": [
            {
                "form": "Solution",
                "route": "Intradermal; Percutaneous; Subcutaneous",
                "strength": "0.001 g/1mL"
            },
            {
                "form": "Solution",
                "route": "Intradermal; Percutaneous; Subcutaneous",
                "strength": "0.025 g/1mL"
            },
            {
                "form": "Solution",
                "route": "Intradermal; Percutaneous; Subcutaneous",
                "strength": "0.05 g/1mL"
            },
            {
                "form": "Solution",
                "route": "Intradermal; Percutaneous; Subcutaneous",
                "strength": "20000 [PNU]/1mL"
            }
        ]
    },
    "atc-codes": null,
    "ahfs-codes": null,
    "pdb-entries": null,
    "patents": null,
    "food-interactions": null,
    "drug-interactions": null,
    "sequences": null,
    "experimental-properties": null,
    "external-identifiers": {
        "external-identifier": [
            {
                "resource": "RxCUI",
                "identifier": "2102052"
            }
        ]
    },
    "external-links": null,
    "pathways": null,
    "reactions": null,
    "snp-effects": null,
    "snp-adverse-drug-reactions": null,
    "targets": null,
    "enzymes": null,
    "carriers": null,
    "transporters": null
}