{
    "type": "biotech",
    "created": "2019-08-30",
    "updated": "2021-11-30",
    "drugbank-id": [
        {
            "primary": true,
            "value": "DB15475"
        }
    ],
    "name": "Haemagglutinin-strain A(H3N2)",
    "description": null,
    "cas-number": null,
    "unii": null,
    "groups": {
        "group": [
            "approved"
        ]
    },
    "general-references": {
        "articles": null,
        "textbooks": null,
        "links": null,
        "attachments": null
    },
    "synthesis-reference": null,
    "indication": null,
    "pharmacodynamics": null,
    "mechanism-of-action": null,
    "toxicity": null,
    "metabolism": null,
    "absorption": null,
    "half-life": null,
    "protein-binding": null,
    "route-of-elimination": null,
    "volume-of-distribution": null,
    "clearance": null,
    "salts": null,
    "synonyms": {
        "synonym": [
            {
                "language": "english",
                "coder": "",
                "value": "Haemagglutinin-strain A (H3N2)"
            }
        ]
    },
    "products": {
        "product": [
            {
                "name": "Afluria Tetra",
                "labeller": "Seqirus Pty Ltd",
                "ndc-id": null,
                "ndc-product-code": null,
                "dpd-id": "02473283",
                "ema-product-code": null,
                "ema-ma-number": null,
                "started-marketing-on": "2019-10-25",
                "ended-marketing-on": null,
                "dosage-form": "Suspension",
                "strength": null,
                "route": "Intramuscular",
                "fda-application-number": null,
                "generic": false,
                "over-the-counter": false,
                "approved": true,
                "country": "Canada",
                "source": "DPD"
            },
            {
                "name": "Afluria Tetra",
                "labeller": "Seqirus Pty Ltd",
                "ndc-id": null,
                "ndc-product-code": null,
                "dpd-id": "02473313",
                "ema-product-code": null,
                "ema-ma-number": null,
                "started-marketing-on": "2020-09-23",
                "ended-marketing-on": null,
                "dosage-form": "Suspension",
                "strength": null,
                "route": "Intramuscular",
                "fda-application-number": null,
                "generic": false,
                "over-the-counter": false,
                "approved": true,
                "country": "Canada",
                "source": "DPD"
            },
            {
                "name": "Agriflu",
                "labeller": "Seqirus Uk Limited",
                "ndc-id": null,
                "ndc-product-code": null,
                "dpd-id": "02428881",
                "ema-product-code": null,
                "ema-ma-number": null,
                "started-marketing-on": "2015-10-09",
                "ended-marketing-on": null,
                "dosage-form": "Suspension",
                "strength": null,
                "route": "Intramuscular",
                "fda-application-number": null,
                "generic": false,
                "over-the-counter": false,
                "approved": true,
                "country": "Canada",
                "source": "DPD"
            },
            {
                "name": "Agriflu",
                "labeller": "Seqirus Uk Limited",
                "ndc-id": null,
                "ndc-product-code": null,
                "dpd-id": "02346850",
                "ema-product-code": null,
                "ema-ma-number": null,
                "started-marketing-on": "2010-10-04",
                "ended-marketing-on": "2020-06-30",
                "dosage-form": "Suspension",
                "strength": null,
                "route": "Intramuscular",
                "fda-application-number": null,
                "generic": false,
                "over-the-counter": false,
                "approved": true,
                "country": "Canada",
                "source": "DPD"
            },
            {
                "name": "Fluad",
                "labeller": "Seqirus Uk Limited",
                "ndc-id": null,
                "ndc-product-code": null,
                "dpd-id": "02362384",
                "ema-product-code": null,
                "ema-ma-number": null,
                "started-marketing-on": "2011-09-10",
                "ended-marketing-on": null,
                "dosage-form": "Suspension",
                "strength": null,
                "route": "Intramuscular",
                "fda-application-number": null,
                "generic": false,
                "over-the-counter": false,
                "approved": true,
                "country": "Canada",
                "source": "DPD"
            },
            {
                "name": "Fluad Pediatric",
                "labeller": "Seqirus Uk Limited",
                "ndc-id": null,
                "ndc-product-code": null,
                "dpd-id": "02434881",
                "ema-product-code": null,
                "ema-ma-number": null,
                "started-marketing-on": "2015-11-05",
                "ended-marketing-on": null,
                "dosage-form": "Suspension",
                "strength": null,
                "route": "Intramuscular",
                "fda-application-number": null,
                "generic": false,
                "over-the-counter": false,
                "approved": true,
                "country": "Canada",
                "source": "DPD"
            },
            {
                "name": "Flucelvax Quad",
                "labeller": "Seqirus Uk Limited",
                "ndc-id": null,
                "ndc-product-code": null,
                "dpd-id": "02494248",
                "ema-product-code": null,
                "ema-ma-number": null,
                "started-marketing-on": "2020-09-21",
                "ended-marketing-on": null,
                "dosage-form": "Suspension",
                "strength": null,
                "route": "Intramuscular",
                "fda-application-number": null,
                "generic": false,
                "over-the-counter": false,
                "approved": true,
                "country": "Canada",
                "source": "DPD"
            },
            {
                "name": "Flucelvax Quad",
                "labeller": "Seqirus Uk Limited",
                "ndc-id": null,
                "ndc-product-code": null,
                "dpd-id": "02494256",
                "ema-product-code": null,
                "ema-ma-number": null,
                "started-marketing-on": null,
                "ended-marketing-on": null,
                "dosage-form": "Suspension",
                "strength": null,
                "route": "Intramuscular",
                "fda-application-number": null,
                "generic": false,
                "over-the-counter": false,
                "approved": true,
                "country": "Canada",
                "source": "DPD"
            },
            {
                "name": "Flulaval Tetra",
                "labeller": "ID Biomedical Corporation of Quebec",
                "ndc-id": null,
                "ndc-product-code": null,
                "dpd-id": "02420783",
                "ema-product-code": null,
                "ema-ma-number": null,
                "started-marketing-on": "2015-10-14",
                "ended-marketing-on": null,
                "dosage-form": "Suspension",
                "strength": null,
                "route": "Intramuscular",
                "fda-application-number": null,
                "generic": false,
                "over-the-counter": false,
                "approved": true,
                "country": "Canada",
                "source": "DPD"
            },
            {
                "name": "Flulaval Tetra",
                "labeller": "ID Biomedical Corporation of Quebec",
                "ndc-id": null,
                "ndc-product-code": null,
                "dpd-id": "02478978",
                "ema-product-code": null,
                "ema-ma-number": null,
                "started-marketing-on": null,
                "ended-marketing-on": null,
                "dosage-form": "Suspension",
                "strength": null,
                "route": "Intramuscular",
                "fda-application-number": null,
                "generic": false,
                "over-the-counter": false,
                "approved": true,
                "country": "Canada",
                "source": "DPD"
            },
            {
                "name": "Fluviral",
                "labeller": "ID Biomedical Corporation of Quebec",
                "ndc-id": null,
                "ndc-product-code": null,
                "dpd-id": "01914510",
                "ema-product-code": null,
                "ema-ma-number": null,
                "started-marketing-on": "1991-12-31",
                "ended-marketing-on": "2005-06-02",
                "dosage-form": "Suspension",
                "strength": null,
                "route": "Intramuscular",
                "fda-application-number": null,
                "generic": false,
                "over-the-counter": false,
                "approved": true,
                "country": "Canada",
                "source": "DPD"
            },
            {
                "name": "Fluviral",
                "labeller": "ID Biomedical Corporation of Quebec",
                "ndc-id": null,
                "ndc-product-code": null,
                "dpd-id": "02015986",
                "ema-product-code": null,
                "ema-ma-number": null,
                "started-marketing-on": "1993-12-31",
                "ended-marketing-on": "2015-09-23",
                "dosage-form": "Suspension",
                "strength": null,
                "route": "Intramuscular",
                "fda-application-number": null,
                "generic": false,
                "over-the-counter": false,
                "approved": true,
                "country": "Canada",
                "source": "DPD"
            },
            {
                "name": "Fluviral",
                "labeller": "ID Biomedical Corporation of Quebec",
                "ndc-id": null,
                "ndc-product-code": null,
                "dpd-id": "02420686",
                "ema-product-code": null,
                "ema-ma-number": null,
                "started-marketing-on": "2015-09-23",
                "ended-marketing-on": null,
                "dosage-form": "Suspension",
                "strength": null,
                "route": "Intramuscular",
                "fda-application-number": null,
                "generic": false,
                "over-the-counter": false,
                "approved": true,
                "country": "Canada",
                "source": "DPD"
            },
            {
                "name": "Fluzone",
                "labeller": "Sanofi Pasteur Inc",
                "ndc-id": null,
                "ndc-product-code": null,
                "dpd-id": "02365936",
                "ema-product-code": null,
                "ema-ma-number": null,
                "started-marketing-on": "2014-10-29",
                "ended-marketing-on": "2015-06-30",
                "dosage-form": "Suspension",
                "strength": null,
                "route": "Intramuscular",
                "fda-application-number": null,
                "generic": false,
                "over-the-counter": false,
                "approved": true,
                "country": "Canada",
                "source": "DPD"
            },
            {
                "name": "Fluzone",
                "labeller": "Sanofi Pasteur Inc",
                "ndc-id": null,
                "ndc-product-code": null,
                "dpd-id": "02365693",
                "ema-product-code": null,
                "ema-ma-number": null,
                "started-marketing-on": null,
                "ended-marketing-on": null,
                "dosage-form": "Suspension",
                "strength": null,
                "route": "Intramuscular",
                "fda-application-number": null,
                "generic": false,
                "over-the-counter": false,
                "approved": true,
                "country": "Canada",
                "source": "DPD"
            },
            {
                "name": "Fluzone",
                "labeller": "Sanofi Pasteur Inc",
                "ndc-id": null,
                "ndc-product-code": null,
                "dpd-id": "02365715",
                "ema-product-code": null,
                "ema-ma-number": null,
                "started-marketing-on": null,
                "ended-marketing-on": null,
                "dosage-form": "Suspension",
                "strength": null,
                "route": "Intramuscular",
                "fda-application-number": null,
                "generic": false,
                "over-the-counter": false,
                "approved": true,
                "country": "Canada",
                "source": "DPD"
            },
            {
                "name": "Fluzone",
                "labeller": "Sanofi Pasteur Inc",
                "ndc-id": null,
                "ndc-product-code": null,
                "dpd-id": "02365707",
                "ema-product-code": null,
                "ema-ma-number": null,
                "started-marketing-on": "2014-12-04",
                "ended-marketing-on": "2015-06-30",
                "dosage-form": "Suspension",
                "strength": null,
                "route": "Intramuscular",
                "fda-application-number": null,
                "generic": false,
                "over-the-counter": false,
                "approved": true,
                "country": "Canada",
                "source": "DPD"
            },
            {
                "name": "FLUZONE High-Dose",
                "labeller": "Sanofi Pasteur Limited",
                "ndc-id": null,
                "ndc-product-code": null,
                "dpd-id": "02445646",
                "ema-product-code": null,
                "ema-ma-number": null,
                "started-marketing-on": "2016-09-27",
                "ended-marketing-on": "2020-11-06",
                "dosage-form": "Suspension",
                "strength": null,
                "route": "Intramuscular",
                "fda-application-number": null,
                "generic": false,
                "over-the-counter": false,
                "approved": true,
                "country": "Canada",
                "source": "DPD"
            },
            {
                "name": "Fluzone High-dose Quadrivalent",
                "labeller": "Sanofi Pasteur Limited",
                "ndc-id": null,
                "ndc-product-code": null,
                "dpd-id": "02500523",
                "ema-product-code": null,
                "ema-ma-number": null,
                "started-marketing-on": "2021-09-17",
                "ended-marketing-on": null,
                "dosage-form": "Suspension",
                "strength": null,
                "route": "Intramuscular",
                "fda-application-number": null,
                "generic": false,
                "over-the-counter": false,
                "approved": true,
                "country": "Canada",
                "source": "DPD"
            },
            {
                "name": "Fluzone Quadrivalent",
                "labeller": "Sanofi Pasteur Limited",
                "ndc-id": null,
                "ndc-product-code": null,
                "dpd-id": "02420651",
                "ema-product-code": null,
                "ema-ma-number": null,
                "started-marketing-on": null,
                "ended-marketing-on": null,
                "dosage-form": "Suspension",
                "strength": null,
                "route": "Intramuscular",
                "fda-application-number": null,
                "generic": false,
                "over-the-counter": false,
                "approved": true,
                "country": "Canada",
                "source": "DPD"
            },
            {
                "name": "Fluzone Quadrivalent",
                "labeller": "Sanofi Pasteur Limited",
                "ndc-id": null,
                "ndc-product-code": null,
                "dpd-id": "02420635",
                "ema-product-code": null,
                "ema-ma-number": null,
                "started-marketing-on": null,
                "ended-marketing-on": null,
                "dosage-form": "Suspension",
                "strength": null,
                "route": "Intramuscular",
                "fda-application-number": null,
                "generic": false,
                "over-the-counter": false,
                "approved": true,
                "country": "Canada",
                "source": "DPD"
            },
            {
                "name": "Fluzone Quadrivalent",
                "labeller": "Sanofi Pasteur Limited",
                "ndc-id": null,
                "ndc-product-code": null,
                "dpd-id": "02432730",
                "ema-product-code": null,
                "ema-ma-number": null,
                "started-marketing-on": "2015-09-14",
                "ended-marketing-on": null,
                "dosage-form": "Suspension",
                "strength": null,
                "route": "Intramuscular",
                "fda-application-number": null,
                "generic": false,
                "over-the-counter": false,
                "approved": true,
                "country": "Canada",
                "source": "DPD"
            },
            {
                "name": "Fluzone Quadrivalent",
                "labeller": "Sanofi Pasteur Limited",
                "ndc-id": null,
                "ndc-product-code": null,
                "dpd-id": "02420643",
                "ema-product-code": null,
                "ema-ma-number": null,
                "started-marketing-on": "2014-10-15",
                "ended-marketing-on": null,
                "dosage-form": "Suspension",
                "strength": null,
                "route": "Intramuscular",
                "fda-application-number": null,
                "generic": false,
                "over-the-counter": false,
                "approved": true,
                "country": "Canada",
                "source": "DPD"
            },
            {
                "name": "Influvac",
                "labeller": "Bgp Pharma Ulc",
                "ndc-id": null,
                "ndc-product-code": null,
                "dpd-id": "02269562",
                "ema-product-code": null,
                "ema-ma-number": null,
                "started-marketing-on": "2005-10-05",
                "ended-marketing-on": "2022-10-25",
                "dosage-form": "Suspension",
                "strength": null,
                "route": "Intramuscular; Subcutaneous",
                "fda-application-number": null,
                "generic": false,
                "over-the-counter": false,
                "approved": true,
                "country": "Canada",
                "source": "DPD"
            },
            {
                "name": "Influvac Tetra",
                "labeller": "Bgp Pharma Ulc",
                "ndc-id": null,
                "ndc-product-code": null,
                "dpd-id": "02484854",
                "ema-product-code": null,
                "ema-ma-number": null,
                "started-marketing-on": "2019-10-17",
                "ended-marketing-on": null,
                "dosage-form": "Suspension",
                "strength": null,
                "route": "Intramuscular; Subcutaneous",
                "fda-application-number": null,
                "generic": false,
                "over-the-counter": false,
                "approved": true,
                "country": "Canada",
                "source": "DPD"
            },
            {
                "name": "Intanza",
                "labeller": "Sanofi Pasteur Limited",
                "ndc-id": null,
                "ndc-product-code": null,
                "dpd-id": "02348756",
                "ema-product-code": null,
                "ema-ma-number": null,
                "started-marketing-on": "2010-09-29",
                "ended-marketing-on": "2015-07-03",
                "dosage-form": "Suspension",
                "strength": null,
                "route": "Intradermal",
                "fda-application-number": null,
                "generic": false,
                "over-the-counter": false,
                "approved": true,
                "country": "Canada",
                "source": "DPD"
            },
            {
                "name": "Intanza",
                "labeller": "Sanofi Pasteur Limited",
                "ndc-id": null,
                "ndc-product-code": null,
                "dpd-id": "02348764",
                "ema-product-code": null,
                "ema-ma-number": null,
                "started-marketing-on": "2011-11-07",
                "ended-marketing-on": "2015-07-03",
                "dosage-form": "Suspension",
                "strength": null,
                "route": "Intradermal",
                "fda-application-number": null,
                "generic": false,
                "over-the-counter": false,
                "approved": true,
                "country": "Canada",
                "source": "DPD"
            },
            {
                "name": "Vaxigrip",
                "labeller": "Sanofi Pasteur Limited",
                "ndc-id": null,
                "ndc-product-code": null,
                "dpd-id": "02223929",
                "ema-product-code": null,
                "ema-ma-number": null,
                "started-marketing-on": "1997-10-17",
                "ended-marketing-on": "2019-07-18",
                "dosage-form": "Suspension",
                "strength": null,
                "route": "Intramuscular",
                "fda-application-number": null,
                "generic": false,
                "over-the-counter": false,
                "approved": true,
                "country": "Canada",
                "source": "DPD"
            },
            {
                "name": "Vaxigrip",
                "labeller": "Sanofi Pasteur Limited",
                "ndc-id": null,
                "ndc-product-code": null,
                "dpd-id": "02367718",
                "ema-product-code": null,
                "ema-ma-number": null,
                "started-marketing-on": "2011-09-16",
                "ended-marketing-on": "2019-07-18",
                "dosage-form": "Suspension",
                "strength": null,
                "route": "Intramuscular",
                "fda-application-number": null,
                "generic": false,
                "over-the-counter": false,
                "approved": true,
                "country": "Canada",
                "source": "DPD"
            }
        ]
    },
    "international-brands": null,
    "mixtures": {
        "mixture": [
            {
                "name": "Agriflu",
                "ingredients": "Haemagglutinin-strain A(H1N1) + Haemagglutinin-strain A(H3N2) + Haemagglutinin-strain B"
            },
            {
                "name": "Fluzone Quadrivalent",
                "ingredients": "Haemagglutinin-strain A(H1N1) + Haemagglutinin-strain A(H3N2) + Haemagglutinin-strain B (Victoria-like) + Haemagglutinin-strain B (Yamagata-like)"
            },
            {
                "name": "Fluzone Quadrivalent",
                "ingredients": "Haemagglutinin-strain A(H1N1) + Haemagglutinin-strain A(H3N2) + Haemagglutinin-strain B (Victoria-like) + Haemagglutinin-strain B (Yamagata-like)"
            },
            {
                "name": "Fluzone High-dose Quadrivalent",
                "ingredients": "Haemagglutinin-strain A(H1N1) + Haemagglutinin-strain A(H3N2) + Haemagglutinin-strain B (Victoria-like) + Haemagglutinin-strain B (Yamagata-like)"
            },
            {
                "name": "Fluviral",
                "ingredients": "Haemagglutinin-strain A(H1N1) + Haemagglutinin-strain A(H3N2) + Haemagglutinin-strain B"
            },
            {
                "name": "Intanza",
                "ingredients": "Haemagglutinin-strain A(H1N1) + Haemagglutinin-strain A(H3N2) + Haemagglutinin-strain B"
            },
            {
                "name": "Intanza",
                "ingredients": "Haemagglutinin-strain A(H1N1) + Haemagglutinin-strain A(H3N2) + Haemagglutinin-strain B"
            },
            {
                "name": "Fluviral",
                "ingredients": "Haemagglutinin-strain A(H1N1) + Haemagglutinin-strain A(H3N2) + Haemagglutinin-strain B"
            },
            {
                "name": "Fluzone",
                "ingredients": "Haemagglutinin-strain A(H1N1) + Haemagglutinin-strain A(H3N2) + Haemagglutinin-strain B"
            },
            {
                "name": "Fluviral",
                "ingredients": "Haemagglutinin-strain A(H1N1) + Haemagglutinin-strain A(H3N2) + Haemagglutinin-strain B"
            },
            {
                "name": "Flulaval Tetra",
                "ingredients": "Haemagglutinin-strain A(H1N1) + Haemagglutinin-strain A(H3N2) + Haemagglutinin-strain B (Victoria-like) + Haemagglutinin-strain B (Yamagata-like)"
            },
            {
                "name": "Fluzone",
                "ingredients": "Haemagglutinin-strain A(H1N1) + Haemagglutinin-strain A(H3N2) + Haemagglutinin-strain B"
            },
            {
                "name": "Fluzone",
                "ingredients": "Haemagglutinin-strain A(H1N1) + Haemagglutinin-strain A(H3N2) + Haemagglutinin-strain B"
            },
            {
                "name": "Fluzone",
                "ingredients": "Haemagglutinin-strain A(H1N1) + Haemagglutinin-strain A(H3N2) + Haemagglutinin-strain B"
            },
            {
                "name": "Fluzone Quadrivalent",
                "ingredients": "Haemagglutinin-strain A(H1N1) + Haemagglutinin-strain A(H3N2) + Haemagglutinin-strain B (Victoria-like) + Haemagglutinin-strain B (Yamagata-like)"
            },
            {
                "name": "Influvac",
                "ingredients": "Haemagglutinin-strain A(H1N1) + Haemagglutinin-strain A(H3N2) + Haemagglutinin-strain B"
            },
            {
                "name": "Vaxigrip",
                "ingredients": "Haemagglutinin-strain A(H1N1) + Haemagglutinin-strain A(H3N2) + Haemagglutinin-strain B"
            },
            {
                "name": "Vaxigrip",
                "ingredients": "Haemagglutinin-strain A(H1N1) + Haemagglutinin-strain A(H3N2) + Haemagglutinin-strain B"
            },
            {
                "name": "Fluad",
                "ingredients": "Haemagglutinin-strain A(H1N1) + Haemagglutinin-strain A(H3N2) + Haemagglutinin-strain B"
            },
            {
                "name": "Fluzone Quadrivalent",
                "ingredients": "Haemagglutinin-strain A(H1N1) + Haemagglutinin-strain A(H3N2) + Haemagglutinin-strain B (Victoria-like) + Haemagglutinin-strain B (Yamagata-like)"
            },
            {
                "name": "Fluad Pediatric",
                "ingredients": "Haemagglutinin-strain A(H1N1) + Haemagglutinin-strain A(H3N2) + Haemagglutinin-strain B"
            },
            {
                "name": "Afluria Tetra",
                "ingredients": "Haemagglutinin-strain A(H1N1) + Haemagglutinin-strain A(H3N2) + Haemagglutinin-strain B (Victoria-like) + Haemagglutinin-strain B (Yamagata-like)"
            },
            {
                "name": "Afluria Tetra",
                "ingredients": "Haemagglutinin-strain A(H1N1) + Haemagglutinin-strain A(H3N2) + Haemagglutinin-strain B (Victoria-like) + Haemagglutinin-strain B (Yamagata-like)"
            },
            {
                "name": "Flulaval Tetra",
                "ingredients": "Haemagglutinin-strain A(H1N1) + Haemagglutinin-strain A(H3N2) + Haemagglutinin-strain B (Victoria-like) + Haemagglutinin-strain B (Yamagata-like)"
            },
            {
                "name": "Influvac Tetra",
                "ingredients": "Haemagglutinin-strain A(H1N1) + Haemagglutinin-strain A(H3N2) + Haemagglutinin-strain B (Victoria-like) + Haemagglutinin-strain B (Yamagata-like)"
            },
            {
                "name": "Flucelvax Quad",
                "ingredients": "Haemagglutinin-strain A(H1N1) + Haemagglutinin-strain A(H3N2) + Haemagglutinin-strain B (Victoria-like) + Haemagglutinin-strain B (Yamagata-like)"
            },
            {
                "name": "Flucelvax Quad",
                "ingredients": "Haemagglutinin-strain A(H1N1) + Haemagglutinin-strain A(H3N2) + Haemagglutinin-strain B (Victoria-like) + Haemagglutinin-strain B (Yamagata-like)"
            },
            {
                "name": "FLUZONE High-Dose",
                "ingredients": "Haemagglutinin-strain A(H1N1) + Haemagglutinin-strain A(H3N2) + Haemagglutinin-strain B"
            },
            {
                "name": "Agriflu",
                "ingredients": "Haemagglutinin-strain A(H1N1) + Haemagglutinin-strain A(H3N2) + Haemagglutinin-strain B"
            }
        ]
    },
    "packagers": null,
    "manufacturers": null,
    "prices": null,
    "categories": null,
    "affected-organisms": null,
    "dosages": {
        "dosage": [
            {
                "form": null,
                "route": null,
                "strength": null
            },
            {
                "form": "Injection, suspension",
                "route": "Intramuscular",
                "strength": null
            },
            {
                "form": "Suspension",
                "route": "Intramuscular",
                "strength": null
            },
            {
                "form": "Suspension",
                "route": "Intramuscular; Subcutaneous",
                "strength": null
            },
            {
                "form": "Injection, suspension",
                "route": "Intramuscular; Subcutaneous",
                "strength": null
            },
            {
                "form": "Suspension",
                "route": "Intradermal",
                "strength": null
            },
            {
                "form": "Injection",
                "route": null,
                "strength": null
            }
        ]
    },
    "atc-codes": null,
    "ahfs-codes": null,
    "pdb-entries": null,
    "patents": null,
    "food-interactions": null,
    "drug-interactions": null,
    "sequences": null,
    "experimental-properties": null,
    "external-identifiers": {
        "external-identifier": [
            {
                "resource": "Drugs Product Database (DPD)",
                "identifier": "743"
            }
        ]
    },
    "external-links": null,
    "pathways": null,
    "reactions": null,
    "snp-effects": null,
    "snp-adverse-drug-reactions": null,
    "targets": null,
    "enzymes": null,
    "carriers": null,
    "transporters": null
}