{
    "type": "small molecule",
    "created": "2019-05-20",
    "updated": "2021-02-21",
    "drugbank-id": [
        {
            "primary": true,
            "value": "DB15281"
        }
    ],
    "name": "Ravoxertinib",
    "description": "Ravoxertinib is under investigation in clinical trial NCT01875705 (A Dose-Escalation Study of GDC-0994 in Patients With Locally Advanced or Metastatic Solid Tumors).",
    "cas-number": "1453848-26-4",
    "unii": "R6AXV96CRH",
    "average-mass": 440.86,
    "monoisotopic-mass": 440.1163797,
    "groups": {
        "group": [
            "investigational"
        ]
    },
    "general-references": {
        "articles": null,
        "textbooks": null,
        "links": null,
        "attachments": null
    },
    "synthesis-reference": null,
    "indication": null,
    "pharmacodynamics": null,
    "mechanism-of-action": null,
    "toxicity": null,
    "metabolism": null,
    "absorption": null,
    "half-life": null,
    "protein-binding": null,
    "route-of-elimination": null,
    "volume-of-distribution": null,
    "clearance": null,
    "salts": null,
    "synonyms": {
        "synonym": [
            {
                "language": "english",
                "coder": "inn/usan",
                "value": "Ravoxertinib"
            }
        ]
    },
    "products": null,
    "international-brands": null,
    "mixtures": null,
    "packagers": null,
    "manufacturers": null,
    "prices": null,
    "categories": {
        "category": [
            {
                "category": "Antineoplastic Agents",
                "mesh-id": "D000970"
            },
            {
                "category": "Enzyme Inhibitors",
                "mesh-id": "D004791"
            },
            {
                "category": "Protein Kinase Inhibitors",
                "mesh-id": "D047428"
            },
            {
                "category": "Pyridines",
                "mesh-id": "D011725"
            }
        ]
    },
    "affected-organisms": null,
    "dosages": null,
    "atc-codes": null,
    "ahfs-codes": null,
    "pdb-entries": {
        "pdb-entry": [
            "5k4i",
            "5k4j",
            "6oph"
        ]
    },
    "patents": null,
    "food-interactions": null,
    "drug-interactions": null,
    "calculated-properties": {
        "property": [
            {
                "kind": "logP",
                "value": "2.89",
                "source": "ALOGPS"
            },
            {
                "kind": "logS",
                "value": "-4.1",
                "source": "ALOGPS"
            },
            {
                "kind": "Water Solubility",
                "value": "3.75e-02 g/l",
                "source": "ALOGPS"
            },
            {
                "kind": "logP",
                "value": "2.7",
                "source": "ChemAxon"
            },
            {
                "kind": "IUPAC Name",
                "value": "1-[(1S)-1-(4-chloro-3-fluorophenyl)-2-hydroxyethyl]-4-{2-[(1-methyl-1H-pyrazol-5-yl)amino]pyrimidin-4-yl}-1,2-dihydropyridin-2-one",
                "source": "ChemAxon"
            },
            {
                "kind": "Traditional IUPAC Name",
                "value": "(2R)-14-fluoro-2-methyl-6,9,10,19-tetraazapentacyclo[14.2.1.0^{2,6}.0^{8,18}.0^{12,17}]nonadeca-1(18),8,12(17),13,15-pentaen-11-one",
                "source": "ChemAxon"
            },
            {
                "kind": "Molecular Weight",
                "value": "440.86",
                "source": "ChemAxon"
            },
            {
                "kind": "Monoisotopic Weight",
                "value": "440.1163797",
                "source": "ChemAxon"
            },
            {
                "kind": "SMILES",
                "value": "CN1N=CC=C1NC1=NC=CC(=N1)C1=CC(=O)N(C=C1)[C@H](CO)C1=CC(F)=C(Cl)C=C1",
                "source": "ChemAxon"
            },
            {
                "kind": "Molecular Formula",
                "value": "C21H18ClFN6O2",
                "source": "ChemAxon"
            },
            {
                "kind": "InChI",
                "value": "InChI=1S/C21H18ClFN6O2/c1-28-19(5-8-25-28)27-21-24-7-4-17(26-21)13-6-9-29(20(31)11-13)18(12-30)14-2-3-15(22)16(23)10-14/h2-11,18,30H,12H2,1H3,(H,24,26,27)/t18-/m1/s1",
                "source": "ChemAxon"
            },
            {
                "kind": "InChIKey",
                "value": "RZUOCXOYPYGSKL-GOSISDBHSA-N",
                "source": "ChemAxon"
            },
            {
                "kind": "Polar Surface Area (PSA)",
                "value": "96.17",
                "source": "ChemAxon"
            },
            {
                "kind": "Refractivity",
                "value": "125.8",
                "source": "ChemAxon"
            },
            {
                "kind": "Polarizability",
                "value": "43.59",
                "source": "ChemAxon"
            },
            {
                "kind": "Rotatable Bond Count",
                "value": "6",
                "source": "ChemAxon"
            },
            {
                "kind": "H Bond Acceptor Count",
                "value": "6",
                "source": "ChemAxon"
            },
            {
                "kind": "H Bond Donor Count",
                "value": "2",
                "source": "ChemAxon"
            },
            {
                "kind": "pKa (strongest acidic)",
                "value": "12.2",
                "source": "ChemAxon"
            },
            {
                "kind": "pKa (strongest basic)",
                "value": "3.05",
                "source": "ChemAxon"
            },
            {
                "kind": "Physiological Charge",
                "value": "0",
                "source": "ChemAxon"
            },
            {
                "kind": "Number of Rings",
                "value": "4",
                "source": "ChemAxon"
            },
            {
                "kind": "Bioavailability",
                "value": "1",
                "source": "ChemAxon"
            },
            {
                "kind": "Rule of Five",
                "value": "1",
                "source": "ChemAxon"
            },
            {
                "kind": "Ghose Filter",
                "value": "1",
                "source": "ChemAxon"
            },
            {
                "kind": "MDDR-Like Rule",
                "value": "1",
                "source": "ChemAxon"
            }
        ]
    },
    "experimental-properties": null,
    "external-identifiers": {
        "external-identifier": [
            {
                "resource": "ChemSpider",
                "identifier": "32501977"
            },
            {
                "resource": "BindingDB",
                "identifier": "120095"
            },
            {
                "resource": "PDB",
                "identifier": "6QB"
            },
            {
                "resource": "ChEMBL",
                "identifier": "CHEMBL3544964"
            },
            {
                "resource": "ZINC",
                "identifier": "ZINC000144904566"
            }
        ]
    },
    "external-links": null,
    "pathways": null,
    "reactions": null,
    "snp-effects": null,
    "snp-adverse-drug-reactions": null,
    "targets": null,
    "enzymes": null,
    "carriers": null,
    "transporters": null
}