{
    "type": "small molecule",
    "created": "2019-05-20",
    "updated": "2021-02-21",
    "drugbank-id": [
        {
            "primary": true,
            "value": "DB15247"
        }
    ],
    "name": "Vorolanib",
    "description": "Vorolanib is under investigation in clinical trial NCT03904719 (CM082 and JS001 in Patients With Advanced Small-cell Lung Cancer (SCLC)).",
    "cas-number": "1013920-15-4",
    "unii": "YP8G3I74EL",
    "average-mass": 439.491,
    "monoisotopic-mass": 439.20196788,
    "groups": {
        "group": [
            "investigational"
        ]
    },
    "general-references": {
        "articles": null,
        "textbooks": null,
        "links": null,
        "attachments": null
    },
    "synthesis-reference": null,
    "indication": null,
    "pharmacodynamics": null,
    "mechanism-of-action": null,
    "toxicity": null,
    "metabolism": null,
    "absorption": null,
    "half-life": null,
    "protein-binding": null,
    "route-of-elimination": null,
    "volume-of-distribution": null,
    "clearance": null,
    "classification": {
        "description": "This compound belongs to the class of organic compounds known as indolines. These are compounds containing an indole moiety, which consists of pyrrolidine ring fused to benzene  to form 2,3-dihydroindole.",
        "direct-parent": "Indolines",
        "kingdom": "Organic compounds",
        "superclass": "Organoheterocyclic compounds",
        "class": "Indoles and derivatives",
        "subclass": "Indolines",
        "alternative-parent": [
            "Amino acids and derivatives",
            "Aryl fluorides",
            "Azacyclic compounds",
            "Benzenoids",
            "Carbonyl compounds",
            "Heteroaromatic compounds",
            "Hydrocarbon derivatives",
            "Lactams",
            "Organic oxides",
            "Organofluorides",
            "Pyrrole carboxamides",
            "Pyrrolidinecarboxamides",
            "Secondary carboxylic acid amides",
            "Substituted pyrroles",
            "Tertiary amines",
            "Ureas",
            "Vinylogous amides"
        ],
        "substituent": [
            "Amine",
            "Amino acid or derivatives",
            "Aromatic heteropolycyclic compound",
            "Aryl fluoride",
            "Aryl halide",
            "Azacycle",
            "Benzenoid",
            "Carbonyl group",
            "Carboxamide group",
            "Carboxylic acid derivative",
            "Dihydroindole",
            "Heteroaromatic compound",
            "Hydrocarbon derivative",
            "Lactam",
            "Organic nitrogen compound",
            "Organic oxide",
            "Organic oxygen compound",
            "Organofluoride",
            "Organohalogen compound",
            "Organonitrogen compound",
            "Organooxygen compound",
            "Pyrrole",
            "Pyrrole-3-carboxamide",
            "Pyrrole-3-carboxylic acid or derivatives",
            "Pyrrolidine",
            "Pyrrolidine carboxylic acid or derivatives",
            "Pyrrolidine-1-carboxamide",
            "Secondary carboxylic acid amide",
            "Substituted pyrrole",
            "Tertiary amine",
            "Urea",
            "Vinylogous amide"
        ]
    },
    "salts": null,
    "synonyms": {
        "synonym": [
            {
                "language": "english",
                "coder": "inn",
                "value": "Vorolanib"
            }
        ]
    },
    "products": null,
    "international-brands": null,
    "mixtures": null,
    "packagers": null,
    "manufacturers": null,
    "prices": null,
    "categories": {
        "category": [
            {
                "category": "Enzyme Inhibitors",
                "mesh-id": "D004791"
            },
            {
                "category": "Heterocyclic Compounds, Fused-Ring",
                "mesh-id": "D000072471"
            },
            {
                "category": "Protein Kinase Inhibitors",
                "mesh-id": "D047428"
            }
        ]
    },
    "affected-organisms": null,
    "dosages": null,
    "atc-codes": null,
    "ahfs-codes": null,
    "pdb-entries": null,
    "patents": null,
    "food-interactions": null,
    "drug-interactions": null,
    "calculated-properties": {
        "property": [
            {
                "kind": "logP",
                "value": "2.25",
                "source": "ALOGPS"
            },
            {
                "kind": "logS",
                "value": "-3.8",
                "source": "ALOGPS"
            },
            {
                "kind": "Water Solubility",
                "value": "6.90e-02 g/l",
                "source": "ALOGPS"
            },
            {
                "kind": "logP",
                "value": "1.5",
                "source": "ChemAxon"
            },
            {
                "kind": "IUPAC Name",
                "value": "N-[(3S)-1-(dimethylcarbamoyl)pyrrolidin-3-yl]-5-{[(3Z)-5-fluoro-2-oxo-2,3-dihydro-1H-indol-3-ylidene]methyl}-2,4-dimethyl-1H-pyrrole-3-carboxamide",
                "source": "ChemAxon"
            },
            {
                "kind": "Traditional IUPAC Name",
                "value": "(2R)-14-fluoro-2-methyl-6,9,10,19-tetraazapentacyclo[14.2.1.0^{2,6}.0^{8,18}.0^{12,17}]nonadeca-1(18),8,12(17),13,15-pentaen-11-one",
                "source": "ChemAxon"
            },
            {
                "kind": "Molecular Weight",
                "value": "439.491",
                "source": "ChemAxon"
            },
            {
                "kind": "Monoisotopic Weight",
                "value": "439.20196788",
                "source": "ChemAxon"
            },
            {
                "kind": "SMILES",
                "value": "CN(C)C(=O)N1CC[C@@H](C1)NC(=O)C1=C(C)NC(\\C=C2/C(=O)NC3=C2C=C(F)C=C3)=C1C",
                "source": "ChemAxon"
            },
            {
                "kind": "Molecular Formula",
                "value": "C23H26FN5O3",
                "source": "ChemAxon"
            },
            {
                "kind": "InChI",
                "value": "InChI=1S/C23H26FN5O3/c1-12-19(10-17-16-9-14(24)5-6-18(16)27-21(17)30)25-13(2)20(12)22(31)26-15-7-8-29(11-15)23(32)28(3)4/h5-6,9-10,15,25H,7-8,11H2,1-4H3,(H,26,31)(H,27,30)/b17-10-/t15-/m0/s1",
                "source": "ChemAxon"
            },
            {
                "kind": "InChIKey",
                "value": "KMIOJWCYOHBUJS-HAKPAVFJSA-N",
                "source": "ChemAxon"
            },
            {
                "kind": "Polar Surface Area (PSA)",
                "value": "97.54",
                "source": "ChemAxon"
            },
            {
                "kind": "Refractivity",
                "value": "122.08",
                "source": "ChemAxon"
            },
            {
                "kind": "Polarizability",
                "value": "45.9",
                "source": "ChemAxon"
            },
            {
                "kind": "Rotatable Bond Count",
                "value": "3",
                "source": "ChemAxon"
            },
            {
                "kind": "H Bond Acceptor Count",
                "value": "3",
                "source": "ChemAxon"
            },
            {
                "kind": "H Bond Donor Count",
                "value": "3",
                "source": "ChemAxon"
            },
            {
                "kind": "pKa (strongest acidic)",
                "value": "11.46",
                "source": "ChemAxon"
            },
            {
                "kind": "pKa (strongest basic)",
                "value": "-0.75",
                "source": "ChemAxon"
            },
            {
                "kind": "Physiological Charge",
                "value": "0",
                "source": "ChemAxon"
            },
            {
                "kind": "Number of Rings",
                "value": "4",
                "source": "ChemAxon"
            },
            {
                "kind": "Bioavailability",
                "value": "1",
                "source": "ChemAxon"
            },
            {
                "kind": "Rule of Five",
                "value": "1",
                "source": "ChemAxon"
            },
            {
                "kind": "Ghose Filter",
                "value": "1",
                "source": "ChemAxon"
            },
            {
                "kind": "MDDR-Like Rule",
                "value": "0",
                "source": "ChemAxon"
            }
        ]
    },
    "experimental-properties": null,
    "external-identifiers": {
        "external-identifier": [
            {
                "resource": "ChemSpider",
                "identifier": "58827733"
            }
        ]
    },
    "external-links": null,
    "pathways": null,
    "reactions": null,
    "snp-effects": null,
    "snp-adverse-drug-reactions": null,
    "targets": null,
    "enzymes": null,
    "carriers": null,
    "transporters": null
}