{
    "type": "small molecule",
    "created": "2019-05-20",
    "updated": "2021-02-21",
    "drugbank-id": [
        {
            "primary": true,
            "value": "DB15086"
        }
    ],
    "name": "Ocrylate",
    "description": "Ocrylate is under investigation in clinical trial NCT01918059 (Cosmetic Outcome Study of Lid Laceration Repair With Suture Versus Tissue Adhesive).",
    "cas-number": "6701-17-3",
    "unii": "6C655P1XVG",
    "average-mass": 209.2848,
    "monoisotopic-mass": 209.141578857,
    "groups": {
        "group": [
            "investigational"
        ]
    },
    "general-references": {
        "articles": null,
        "textbooks": null,
        "links": null,
        "attachments": null
    },
    "synthesis-reference": null,
    "indication": null,
    "pharmacodynamics": null,
    "mechanism-of-action": null,
    "toxicity": null,
    "metabolism": null,
    "absorption": null,
    "half-life": null,
    "protein-binding": null,
    "route-of-elimination": null,
    "volume-of-distribution": null,
    "clearance": null,
    "salts": null,
    "synonyms": {
        "synonym": [
            {
                "language": "english",
                "coder": "usan",
                "value": "Ocrylate"
            },
            {
                "language": "english",
                "coder": "",
                "value": "OCTYL-2-CYANOACRYLATE"
            }
        ]
    },
    "products": null,
    "international-brands": null,
    "mixtures": null,
    "packagers": null,
    "manufacturers": null,
    "prices": null,
    "categories": {
        "category": [
            {
                "category": "Acids, Acyclic",
                "mesh-id": "D000144"
            },
            {
                "category": "Acrylates",
                "mesh-id": "D000179"
            },
            {
                "category": "Compounds used in a research, industrial, or household setting",
                "mesh-id": "D020313"
            },
            {
                "category": "Equipment and Supplies",
                "mesh-id": "D004864"
            },
            {
                "category": "Macromolecular Substances",
                "mesh-id": "D046911"
            },
            {
                "category": "Nitriles",
                "mesh-id": "D009570"
            },
            {
                "category": "Polymers",
                "mesh-id": "D011108"
            },
            {
                "category": "Surgical Equipment",
                "mesh-id": "D013523"
            },
            {
                "category": "Surgical Fixation Devices",
                "mesh-id": "D053831"
            },
            {
                "category": "Tissue Adhesives",
                "mesh-id": "D014014"
            }
        ]
    },
    "affected-organisms": null,
    "dosages": null,
    "atc-codes": null,
    "ahfs-codes": null,
    "pdb-entries": null,
    "patents": null,
    "food-interactions": null,
    "drug-interactions": null,
    "calculated-properties": {
        "property": [
            {
                "kind": "logP",
                "value": "4.14",
                "source": "ALOGPS"
            },
            {
                "kind": "logS",
                "value": "-4",
                "source": "ALOGPS"
            },
            {
                "kind": "Water Solubility",
                "value": "2.04e-02 g/l",
                "source": "ALOGPS"
            },
            {
                "kind": "logP",
                "value": "3.83",
                "source": "ChemAxon"
            },
            {
                "kind": "IUPAC Name",
                "value": "octyl 2-cyanoprop-2-enoate",
                "source": "ChemAxon"
            },
            {
                "kind": "Traditional IUPAC Name",
                "value": "(2R)-14-fluoro-2-methyl-6,9,10,19-tetraazapentacyclo[14.2.1.0^{2,6}.0^{8,18}.0^{12,17}]nonadeca-1(18),8,12(17),13,15-pentaen-11-one",
                "source": "ChemAxon"
            },
            {
                "kind": "Molecular Weight",
                "value": "209.2848",
                "source": "ChemAxon"
            },
            {
                "kind": "Monoisotopic Weight",
                "value": "209.141578857",
                "source": "ChemAxon"
            },
            {
                "kind": "SMILES",
                "value": "CCCCCCCCOC(=O)C(=C)C#N",
                "source": "ChemAxon"
            },
            {
                "kind": "Molecular Formula",
                "value": "C12H19NO2",
                "source": "ChemAxon"
            },
            {
                "kind": "InChI",
                "value": "InChI=1S/C12H19NO2/c1-3-4-5-6-7-8-9-15-12(14)11(2)10-13/h2-9H2,1H3",
                "source": "ChemAxon"
            },
            {
                "kind": "InChIKey",
                "value": "RPQUGMLCZLGZTG-UHFFFAOYSA-N",
                "source": "ChemAxon"
            },
            {
                "kind": "Polar Surface Area (PSA)",
                "value": "50.09",
                "source": "ChemAxon"
            },
            {
                "kind": "Refractivity",
                "value": "59.39",
                "source": "ChemAxon"
            },
            {
                "kind": "Polarizability",
                "value": "24.58",
                "source": "ChemAxon"
            },
            {
                "kind": "Rotatable Bond Count",
                "value": "9",
                "source": "ChemAxon"
            },
            {
                "kind": "H Bond Acceptor Count",
                "value": "2",
                "source": "ChemAxon"
            },
            {
                "kind": "H Bond Donor Count",
                "value": "0",
                "source": "ChemAxon"
            },
            {
                "kind": "pKa (strongest basic)",
                "value": "-7.2",
                "source": "ChemAxon"
            },
            {
                "kind": "Physiological Charge",
                "value": "0",
                "source": "ChemAxon"
            },
            {
                "kind": "Number of Rings",
                "value": "0",
                "source": "ChemAxon"
            },
            {
                "kind": "Bioavailability",
                "value": "1",
                "source": "ChemAxon"
            },
            {
                "kind": "Rule of Five",
                "value": "1",
                "source": "ChemAxon"
            },
            {
                "kind": "Ghose Filter",
                "value": "1",
                "source": "ChemAxon"
            },
            {
                "kind": "MDDR-Like Rule",
                "value": "0",
                "source": "ChemAxon"
            }
        ]
    },
    "experimental-properties": null,
    "external-identifiers": {
        "external-identifier": [
            {
                "resource": "ChemSpider",
                "identifier": "21678"
            },
            {
                "resource": "ChEMBL",
                "identifier": "CHEMBL2105181"
            }
        ]
    },
    "external-links": null,
    "pathways": null,
    "reactions": null,
    "snp-effects": null,
    "snp-adverse-drug-reactions": null,
    "targets": null,
    "enzymes": null,
    "carriers": null,
    "transporters": null
}