{
    "type": "small molecule",
    "created": "2019-05-20",
    "updated": "2021-09-25",
    "drugbank-id": [
        {
            "primary": true,
            "value": "DB15300"
        }
    ],
    "name": "Hydroquinidine",
    "description": "Hydroquinidine is under investigation in clinical trial NCT00927732 (Hydroquinidine Versus Placebo in Patients With Brugada Syndrome).",
    "cas-number": "1435-55-8",
    "unii": "8P68XPY4HG",
    "average-mass": 326.44,
    "monoisotopic-mass": 326.199428085,
    "groups": {
        "group": [
            "investigational"
        ]
    },
    "general-references": {
        "articles": null,
        "textbooks": null,
        "links": {
            "link": [
                {
                    "ref-id": "L17838",
                    "title": "AIFA Product Information: IDROCHINIDINA LIRCA (hydroquinidine hydrochloride) oral tablet",
                    "url": "https://farmaci.agenziafarmaco.gov.it/aifa/servlet/PdfDownloadServlet?pdfFileName=footer_007046_005494_FI.pdf&retry=0&sys=m0b1l3"
                }
            ]
        },
        "attachments": null
    },
    "synthesis-reference": null,
    "indication": null,
    "pharmacodynamics": null,
    "mechanism-of-action": null,
    "toxicity": null,
    "metabolism": null,
    "absorption": null,
    "half-life": null,
    "protein-binding": null,
    "route-of-elimination": null,
    "volume-of-distribution": null,
    "clearance": null,
    "salts": null,
    "synonyms": null,
    "products": null,
    "international-brands": null,
    "mixtures": null,
    "packagers": null,
    "manufacturers": null,
    "prices": null,
    "categories": {
        "category": [
            {
                "category": "Alkaloids",
                "mesh-id": "D000470"
            },
            {
                "category": "Antiarrhythmic agents",
                "mesh-id": "D000889"
            },
            {
                "category": "Antiarrhythmics, Class I",
                "mesh-id": null
            },
            {
                "category": "Antiarrhythmics, Class Ia",
                "mesh-id": null
            },
            {
                "category": "Autonomic Agents",
                "mesh-id": "D001337"
            },
            {
                "category": "Cardiac Therapy",
                "mesh-id": null
            },
            {
                "category": "Cardiovascular Agents",
                "mesh-id": "D002317"
            },
            {
                "category": "Cinchona Alkaloids",
                "mesh-id": "D002930"
            },
            {
                "category": "Heterocyclic Compounds, Fused-Ring",
                "mesh-id": "D000072471"
            },
            {
                "category": "Parasympatholytics",
                "mesh-id": "D010276"
            },
            {
                "category": "Peripheral Nervous System Agents",
                "mesh-id": "D018373"
            },
            {
                "category": "Quinolines",
                "mesh-id": "D011804"
            },
            {
                "category": "Quinuclidines",
                "mesh-id": "D011812"
            }
        ]
    },
    "affected-organisms": null,
    "dosages": {
        "dosage": [
            {
                "form": "Cream",
                "route": null,
                "strength": null
            },
            {
                "form": "Tablet",
                "route": "Oral",
                "strength": "150 mg"
            }
        ]
    },
    "atc-codes": {
        "atc-code": [
            {
                "code": "C01BA13",
                "level": [
                    {
                        "code": "C01BA",
                        "value": "Antiarrhythmics, class Ia"
                    },
                    {
                        "code": "C01B",
                        "value": "ANTIARRHYTHMICS, CLASS I AND III"
                    },
                    {
                        "code": "C01",
                        "value": "CARDIAC THERAPY"
                    },
                    {
                        "code": "C",
                        "value": "CARDIOVASCULAR SYSTEM"
                    }
                ]
            }
        ]
    },
    "ahfs-codes": null,
    "pdb-entries": null,
    "patents": null,
    "food-interactions": null,
    "drug-interactions": {
        "drug-interaction": [
            {
                "drugbank-id": {
                    "primary": false,
                    "value": "DB01118"
                },
                "name": "Amiodarone",
                "description": "Amiodarone may increase the QTc-prolonging activities of Hydroquinidine."
            },
            {
                "drugbank-id": {
                    "primary": false,
                    "value": "DB08868"
                },
                "name": "Fingolimod",
                "description": "Fingolimod may increase the arrhythmogenic activities of Hydroquinidine."
            },
            {
                "drugbank-id": {
                    "primary": false,
                    "value": "DB01182"
                },
                "name": "Propafenone",
                "description": "Propafenone may increase the arrhythmogenic activities of Hydroquinidine."
            },
            {
                "drugbank-id": {
                    "primary": false,
                    "value": "DB00187"
                },
                "name": "Esmolol",
                "description": "Esmolol may increase the arrhythmogenic activities of Hydroquinidine."
            },
            {
                "drugbank-id": {
                    "primary": false,
                    "value": "DB00195"
                },
                "name": "Betaxolol",
                "description": "Betaxolol may increase the arrhythmogenic activities of Hydroquinidine."
            },
            {
                "drugbank-id": {
                    "primary": false,
                    "value": "DB00204"
                },
                "name": "Dofetilide",
                "description": "Dofetilide may increase the arrhythmogenic activities of Hydroquinidine."
            },
            {
                "drugbank-id": {
                    "primary": false,
                    "value": "DB00264"
                },
                "name": "Metoprolol",
                "description": "Metoprolol may increase the arrhythmogenic activities of Hydroquinidine."
            },
            {
                "drugbank-id": {
                    "primary": false,
                    "value": "DB00270"
                },
                "name": "Isradipine",
                "description": "Isradipine may increase the arrhythmogenic activities of Hydroquinidine."
            },
            {
                "drugbank-id": {
                    "primary": false,
                    "value": "DB00280"
                },
                "name": "Disopyramide",
                "description": "Disopyramide may increase the arrhythmogenic activities of Hydroquinidine."
            },
            {
                "drugbank-id": {
                    "primary": false,
                    "value": "DB00281"
                },
                "name": "Lidocaine",
                "description": "Lidocaine may increase the arrhythmogenic activities of Hydroquinidine."
            },
            {
                "drugbank-id": {
                    "primary": false,
                    "value": "DB00308"
                },
                "name": "Ibutilide",
                "description": "Ibutilide may increase the arrhythmogenic activities of Hydroquinidine."
            },
            {
                "drugbank-id": {
                    "primary": false,
                    "value": "DB00335"
                },
                "name": "Atenolol",
                "description": "Atenolol may increase the arrhythmogenic activities of Hydroquinidine."
            },
            {
                "drugbank-id": {
                    "primary": false,
                    "value": "DB00343"
                },
                "name": "Diltiazem",
                "description": "Diltiazem may increase the arrhythmogenic activities of Hydroquinidine."
            },
            {
                "drugbank-id": {
                    "primary": false,
                    "value": "DB00347"
                },
                "name": "Trimethadione",
                "description": "Trimethadione may increase the arrhythmogenic activities of Hydroquinidine."
            },
            {
                "drugbank-id": {
                    "primary": false,
                    "value": "DB00373"
                },
                "name": "Timolol",
                "description": "Timolol may increase the arrhythmogenic activities of Hydroquinidine."
            },
            {
                "drugbank-id": {
                    "primary": false,
                    "value": "DB00379"
                },
                "name": "Mexiletine",
                "description": "Mexiletine may increase the arrhythmogenic activities of Hydroquinidine."
            },
            {
                "drugbank-id": {
                    "primary": false,
                    "value": "DB00381"
                },
                "name": "Amlodipine",
                "description": "Amlodipine may increase the arrhythmogenic activities of Hydroquinidine."
            },
            {
                "drugbank-id": {
                    "primary": false,
                    "value": "DB00390"
                },
                "name": "Digoxin",
                "description": "Digoxin may increase the arrhythmogenic activities of Hydroquinidine."
            },
            {
                "drugbank-id": {
                    "primary": false,
                    "value": "DB00393"
                },
                "name": "Nimodipine",
                "description": "Nimodipine may increase the arrhythmogenic activities of Hydroquinidine."
            },
            {
                "drugbank-id": {
                    "primary": false,
                    "value": "DB00401"
                },
                "name": "Nisoldipine",
                "description": "Nisoldipine may increase the arrhythmogenic activities of Hydroquinidine."
            },
            {
                "drugbank-id": {
                    "primary": false,
                    "value": "DB00424"
                },
                "name": "Hyoscyamine",
                "description": "Hyoscyamine may increase the arrhythmogenic activities of Hydroquinidine."
            },
            {
                "drugbank-id": {
                    "primary": false,
                    "value": "DB00489"
                },
                "name": "Sotalol",
                "description": "Sotalol may increase the arrhythmogenic activities of Hydroquinidine."
            },
            {
                "drugbank-id": {
                    "primary": false,
                    "value": "DB00511"
                },
                "name": "Acetyldigitoxin",
                "description": "Acetyldigitoxin may increase the arrhythmogenic activities of Hydroquinidine."
            },
            {
                "drugbank-id": {
                    "primary": false,
                    "value": "DB00528"
                },
                "name": "Lercanidipine",
                "description": "Lercanidipine may increase the arrhythmogenic activities of Hydroquinidine."
            },
            {
                "drugbank-id": {
                    "primary": false,
                    "value": "DB00555"
                },
                "name": "Lamotrigine",
                "description": "Lamotrigine may increase the arrhythmogenic activities of Hydroquinidine."
            },
            {
                "drugbank-id": {
                    "primary": false,
                    "value": "DB00568"
                },
                "name": "Cinnarizine",
                "description": "Cinnarizine may increase the arrhythmogenic activities of Hydroquinidine."
            },
            {
                "drugbank-id": {
                    "primary": false,
                    "value": "DB00571"
                },
                "name": "Propranolol",
                "description": "Propranolol may increase the arrhythmogenic activities of Hydroquinidine."
            },
            {
                "drugbank-id": {
                    "primary": false,
                    "value": "DB00572"
                },
                "name": "Atropine",
                "description": "Atropine may increase the arrhythmogenic activities of Hydroquinidine."
            },
            {
                "drugbank-id": {
                    "primary": false,
                    "value": "DB00593"
                },
                "name": "Ethosuximide",
                "description": "Ethosuximide may increase the arrhythmogenic activities of Hydroquinidine."
            },
            {
                "drugbank-id": {
                    "primary": false,
                    "value": "DB00622"
                },
                "name": "Nicardipine",
                "description": "Nicardipine may increase the arrhythmogenic activities of Hydroquinidine."
            },
            {
                "drugbank-id": {
                    "primary": false,
                    "value": "DB00640"
                },
                "name": "Adenosine",
                "description": "Adenosine may increase the arrhythmogenic activities of Hydroquinidine."
            },
            {
                "drugbank-id": {
                    "primary": false,
                    "value": "DB00653"
                },
                "name": "Magnesium sulfate",
                "description": "Magnesium sulfate may increase the arrhythmogenic activities of Hydroquinidine."
            },
            {
                "drugbank-id": {
                    "primary": false,
                    "value": "DB00661"
                },
                "name": "Verapamil",
                "description": "Verapamil may increase the arrhythmogenic activities of Hydroquinidine."
            },
            {
                "drugbank-id": {
                    "primary": false,
                    "value": "DB00678"
                },
                "name": "Losartan",
                "description": "Losartan may increase the arrhythmogenic activities of Hydroquinidine."
            },
            {
                "drugbank-id": {
                    "primary": false,
                    "value": "DB00680"
                },
                "name": "Moricizine",
                "description": "Moricizine may increase the arrhythmogenic activities of Hydroquinidine."
            },
            {
                "drugbank-id": {
                    "primary": false,
                    "value": "DB00825"
                },
                "name": "Levomenthol",
                "description": "Levomenthol may increase the arrhythmogenic activities of Hydroquinidine."
            },
            {
                "drugbank-id": {
                    "primary": false,
                    "value": "DB00836"
                },
                "name": "Loperamide",
                "description": "Loperamide may increase the arrhythmogenic activities of Hydroquinidine."
            },
            {
                "drugbank-id": {
                    "primary": false,
                    "value": "DB00866"
                },
                "name": "Alprenolol",
                "description": "Alprenolol may increase the arrhythmogenic activities of Hydroquinidine."
            },
            {
                "drugbank-id": {
                    "primary": false,
                    "value": "DB00908"
                },
                "name": "Quinidine",
                "description": "Quinidine may increase the arrhythmogenic activities of Hydroquinidine."
            },
            {
                "drugbank-id": {
                    "primary": false,
                    "value": "DB00909"
                },
                "name": "Zonisamide",
                "description": "Zonisamide may increase the arrhythmogenic activities of Hydroquinidine."
            },
            {
                "drugbank-id": {
                    "primary": false,
                    "value": "DB00922"
                },
                "name": "Levosimendan",
                "description": "Levosimendan may increase the arrhythmogenic activities of Hydroquinidine."
            },
            {
                "drugbank-id": {
                    "primary": false,
                    "value": "DB01023"
                },
                "name": "Felodipine",
                "description": "Felodipine may increase the arrhythmogenic activities of Hydroquinidine."
            },
            {
                "drugbank-id": {
                    "primary": false,
                    "value": "DB01035"
                },
                "name": "Procainamide",
                "description": "Procainamide may increase the arrhythmogenic activities of Hydroquinidine."
            },
            {
                "drugbank-id": {
                    "primary": false,
                    "value": "DB01054"
                },
                "name": "Nitrendipine",
                "description": "Nitrendipine may increase the arrhythmogenic activities of Hydroquinidine."
            },
            {
                "drugbank-id": {
                    "primary": false,
                    "value": "DB01056"
                },
                "name": "Tocainide",
                "description": "Tocainide may increase the arrhythmogenic activities of Hydroquinidine."
            },
            {
                "drugbank-id": {
                    "primary": false,
                    "value": "DB01074"
                },
                "name": "Perhexiline",
                "description": "Perhexiline may increase the arrhythmogenic activities of Hydroquinidine."
            },
            {
                "drugbank-id": {
                    "primary": false,
                    "value": "DB01078"
                },
                "name": "Deslanoside",
                "description": "Deslanoside may increase the arrhythmogenic activities of Hydroquinidine."
            },
            {
                "drugbank-id": {
                    "primary": false,
                    "value": "DB01115"
                },
                "name": "Nifedipine",
                "description": "Nifedipine may increase the arrhythmogenic activities of Hydroquinidine."
            },
            {
                "drugbank-id": {
                    "primary": false,
                    "value": "DB01136"
                },
                "name": "Carvedilol",
                "description": "Carvedilol may increase the arrhythmogenic activities of Hydroquinidine."
            },
            {
                "drugbank-id": {
                    "primary": false,
                    "value": "DB01158"
                },
                "name": "Bretylium",
                "description": "Bretylium may increase the arrhythmogenic activities of Hydroquinidine."
            },
            {
                "drugbank-id": {
                    "primary": false,
                    "value": "DB01193"
                },
                "name": "Acebutolol",
                "description": "Acebutolol may increase the arrhythmogenic activities of Hydroquinidine."
            },
            {
                "drugbank-id": {
                    "primary": false,
                    "value": "DB01195"
                },
                "name": "Flecainide",
                "description": "Flecainide may increase the arrhythmogenic activities of Hydroquinidine."
            },
            {
                "drugbank-id": {
                    "primary": false,
                    "value": "DB01203"
                },
                "name": "Nadolol",
                "description": "Nadolol may increase the arrhythmogenic activities of Hydroquinidine."
            },
            {
                "drugbank-id": {
                    "primary": false,
                    "value": "DB01228"
                },
                "name": "Encainide",
                "description": "Encainide may increase the arrhythmogenic activities of Hydroquinidine."
            },
            {
                "drugbank-id": {
                    "primary": false,
                    "value": "DB01244"
                },
                "name": "Bepridil",
                "description": "Bepridil may increase the arrhythmogenic activities of Hydroquinidine."
            },
            {
                "drugbank-id": {
                    "primary": false,
                    "value": "DB01297"
                },
                "name": "Practolol",
                "description": "Practolol may increase the arrhythmogenic activities of Hydroquinidine."
            },
            {
                "drugbank-id": {
                    "primary": false,
                    "value": "DB01388"
                },
                "name": "Mibefradil",
                "description": "Mibefradil may increase the arrhythmogenic activities of Hydroquinidine."
            },
            {
                "drugbank-id": {
                    "primary": false,
                    "value": "DB01396"
                },
                "name": "Digitoxin",
                "description": "Digitoxin may increase the arrhythmogenic activities of Hydroquinidine."
            },
            {
                "drugbank-id": {
                    "primary": false,
                    "value": "DB01426"
                },
                "name": "Ajmaline",
                "description": "Ajmaline may increase the arrhythmogenic activities of Hydroquinidine."
            },
            {
                "drugbank-id": {
                    "primary": false,
                    "value": "DB01429"
                },
                "name": "Aprindine",
                "description": "Aprindine may increase the arrhythmogenic activities of Hydroquinidine."
            },
            {
                "drugbank-id": {
                    "primary": false,
                    "value": "DB01580"
                },
                "name": "Oxprenolol",
                "description": "Oxprenolol may increase the arrhythmogenic activities of Hydroquinidine."
            },
            {
                "drugbank-id": {
                    "primary": false,
                    "value": "DB03322"
                },
                "name": "Dexpropranolol",
                "description": "Dexpropranolol may increase the arrhythmogenic activities of Hydroquinidine."
            },
            {
                "drugbank-id": {
                    "primary": false,
                    "value": "DB04743"
                },
                "name": "Nimesulide",
                "description": "Nimesulide may increase the arrhythmogenic activities of Hydroquinidine."
            },
            {
                "drugbank-id": {
                    "primary": false,
                    "value": "DB04825"
                },
                "name": "Prenylamine",
                "description": "Prenylamine may increase the arrhythmogenic activities of Hydroquinidine."
            },
            {
                "drugbank-id": {
                    "primary": false,
                    "value": "DB04838"
                },
                "name": "Cyclandelate",
                "description": "Cyclandelate may increase the arrhythmogenic activities of Hydroquinidine."
            },
            {
                "drugbank-id": {
                    "primary": false,
                    "value": "DB04841"
                },
                "name": "Flunarizine",
                "description": "Flunarizine may increase the arrhythmogenic activities of Hydroquinidine."
            },
            {
                "drugbank-id": {
                    "primary": false,
                    "value": "DB04842"
                },
                "name": "Fluspirilene",
                "description": "Fluspirilene may increase the arrhythmogenic activities of Hydroquinidine."
            },
            {
                "drugbank-id": {
                    "primary": false,
                    "value": "DB04846"
                },
                "name": "Celiprolol",
                "description": "Celiprolol may increase the arrhythmogenic activities of Hydroquinidine."
            },
            {
                "drugbank-id": {
                    "primary": false,
                    "value": "DB04861"
                },
                "name": "Nebivolol",
                "description": "Nebivolol may increase the arrhythmogenic activities of Hydroquinidine."
            },
            {
                "drugbank-id": {
                    "primary": false,
                    "value": "DB04920"
                },
                "name": "Clevidipine",
                "description": "Clevidipine may increase the arrhythmogenic activities of Hydroquinidine."
            },
            {
                "drugbank-id": {
                    "primary": false,
                    "value": "DB04957"
                },
                "name": "Azimilide",
                "description": "Azimilide may increase the arrhythmogenic activities of Hydroquinidine."
            },
            {
                "drugbank-id": {
                    "primary": false,
                    "value": "DB05246"
                },
                "name": "Methsuximide",
                "description": "Methsuximide may increase the arrhythmogenic activities of Hydroquinidine."
            },
            {
                "drugbank-id": {
                    "primary": false,
                    "value": "DB05885"
                },
                "name": "Seletracetam",
                "description": "Seletracetam may increase the arrhythmogenic activities of Hydroquinidine."
            },
            {
                "drugbank-id": {
                    "primary": false,
                    "value": "DB06152"
                },
                "name": "Nylidrin",
                "description": "Nylidrin may increase the arrhythmogenic activities of Hydroquinidine."
            },
            {
                "drugbank-id": {
                    "primary": false,
                    "value": "DB06200"
                },
                "name": "Tedisamil",
                "description": "Tedisamil may increase the arrhythmogenic activities of Hydroquinidine."
            },
            {
                "drugbank-id": {
                    "primary": false,
                    "value": "DB06217"
                },
                "name": "Vernakalant",
                "description": "Vernakalant may increase the arrhythmogenic activities of Hydroquinidine."
            },
            {
                "drugbank-id": {
                    "primary": false,
                    "value": "DB06283"
                },
                "name": "Ziconotide",
                "description": "Ziconotide may increase the arrhythmogenic activities of Hydroquinidine."
            },
            {
                "drugbank-id": {
                    "primary": false,
                    "value": "DB06446"
                },
                "name": "Dotarizine",
                "description": "Dotarizine may increase the arrhythmogenic activities of Hydroquinidine."
            },
            {
                "drugbank-id": {
                    "primary": false,
                    "value": "DB06468"
                },
                "name": "Cariporide",
                "description": "Cariporide may increase the arrhythmogenic activities of Hydroquinidine."
            },
            {
                "drugbank-id": {
                    "primary": false,
                    "value": "DB06694"
                },
                "name": "Xylometazoline",
                "description": "Xylometazoline may increase the arrhythmogenic activities of Hydroquinidine."
            },
            {
                "drugbank-id": {
                    "primary": false,
                    "value": "DB06712"
                },
                "name": "Nilvadipine",
                "description": "Nilvadipine may increase the arrhythmogenic activities of Hydroquinidine."
            },
            {
                "drugbank-id": {
                    "primary": false,
                    "value": "DB06727"
                },
                "name": "Sparteine",
                "description": "Sparteine may increase the arrhythmogenic activities of Hydroquinidine."
            },
            {
                "drugbank-id": {
                    "primary": false,
                    "value": "DB07615"
                },
                "name": "Tranilast",
                "description": "Tranilast may increase the arrhythmogenic activities of Hydroquinidine."
            },
            {
                "drugbank-id": {
                    "primary": false,
                    "value": "DB08162"
                },
                "name": "Fasudil",
                "description": "Fasudil may increase the arrhythmogenic activities of Hydroquinidine."
            },
            {
                "drugbank-id": {
                    "primary": false,
                    "value": "DB08808"
                },
                "name": "Bupranolol",
                "description": "Bupranolol may increase the arrhythmogenic activities of Hydroquinidine."
            },
            {
                "drugbank-id": {
                    "primary": false,
                    "value": "DB08838"
                },
                "name": "Agmatine",
                "description": "Agmatine may increase the arrhythmogenic activities of Hydroquinidine."
            },
            {
                "drugbank-id": {
                    "primary": false,
                    "value": "DB08952"
                },
                "name": "Indenolol",
                "description": "Indenolol may increase the arrhythmogenic activities of Hydroquinidine."
            },
            {
                "drugbank-id": {
                    "primary": false,
                    "value": "DB08980"
                },
                "name": "Fendiline",
                "description": "Fendiline may increase the arrhythmogenic activities of Hydroquinidine."
            },
            {
                "drugbank-id": {
                    "primary": false,
                    "value": "DB08992"
                },
                "name": "Eperisone",
                "description": "Eperisone may increase the arrhythmogenic activities of Hydroquinidine."
            },
            {
                "drugbank-id": {
                    "primary": false,
                    "value": "DB09089"
                },
                "name": "Trimebutine",
                "description": "Trimebutine may increase the arrhythmogenic activities of Hydroquinidine."
            },
            {
                "drugbank-id": {
                    "primary": false,
                    "value": "DB09090"
                },
                "name": "Pinaverium",
                "description": "Pinaverium may increase the arrhythmogenic activities of Hydroquinidine."
            },
            {
                "drugbank-id": {
                    "primary": false,
                    "value": "DB09220"
                },
                "name": "Nicorandil",
                "description": "Nicorandil may increase the arrhythmogenic activities of Hydroquinidine."
            },
            {
                "drugbank-id": {
                    "primary": false,
                    "value": "DB09224"
                },
                "name": "Melperone",
                "description": "Melperone may increase the arrhythmogenic activities of Hydroquinidine."
            },
            {
                "drugbank-id": {
                    "primary": false,
                    "value": "DB09227"
                },
                "name": "Barnidipine",
                "description": "Barnidipine may increase the arrhythmogenic activities of Hydroquinidine."
            },
            {
                "drugbank-id": {
                    "primary": false,
                    "value": "DB09229"
                },
                "name": "Aranidipine",
                "description": "Aranidipine may increase the arrhythmogenic activities of Hydroquinidine."
            },
            {
                "drugbank-id": {
                    "primary": false,
                    "value": "DB09230"
                },
                "name": "Azelnidipine",
                "description": "Azelnidipine may increase the arrhythmogenic activities of Hydroquinidine."
            },
            {
                "drugbank-id": {
                    "primary": false,
                    "value": "DB09231"
                },
                "name": "Benidipine",
                "description": "Benidipine may increase the arrhythmogenic activities of Hydroquinidine."
            },
            {
                "drugbank-id": {
                    "primary": false,
                    "value": "DB09232"
                },
                "name": "Cilnidipine",
                "description": "Cilnidipine may increase the arrhythmogenic activities of Hydroquinidine."
            },
            {
                "drugbank-id": {
                    "primary": false,
                    "value": "DB09234"
                },
                "name": "Darodipine",
                "description": "Darodipine may increase the arrhythmogenic activities of Hydroquinidine."
            },
            {
                "drugbank-id": {
                    "primary": false,
                    "value": "DB09235"
                },
                "name": "Efonidipine",
                "description": "Efonidipine may increase the arrhythmogenic activities of Hydroquinidine."
            },
            {
                "drugbank-id": {
                    "primary": false,
                    "value": "DB09236"
                },
                "name": "Lacidipine",
                "description": "Lacidipine may increase the arrhythmogenic activities of Hydroquinidine."
            },
            {
                "drugbank-id": {
                    "primary": false,
                    "value": "DB09238"
                },
                "name": "Manidipine",
                "description": "Manidipine may increase the arrhythmogenic activities of Hydroquinidine."
            },
            {
                "drugbank-id": {
                    "primary": false,
                    "value": "DB09239"
                },
                "name": "Niguldipine",
                "description": "Niguldipine may increase the arrhythmogenic activities of Hydroquinidine."
            },
            {
                "drugbank-id": {
                    "primary": false,
                    "value": "DB09240"
                },
                "name": "Niludipine",
                "description": "Niludipine may increase the arrhythmogenic activities of Hydroquinidine."
            },
            {
                "drugbank-id": {
                    "primary": false,
                    "value": "DB11699"
                },
                "name": "Tropisetron",
                "description": "Tropisetron may increase the arrhythmogenic activities of Hydroquinidine."
            },
            {
                "drugbank-id": {
                    "primary": false,
                    "value": "DB11770"
                },
                "name": "Talinolol",
                "description": "Talinolol may increase the arrhythmogenic activities of Hydroquinidine."
            },
            {
                "drugbank-id": {
                    "primary": false,
                    "value": "DB11785"
                },
                "name": "Anisodamine",
                "description": "Anisodamine may increase the arrhythmogenic activities of Hydroquinidine."
            },
            {
                "drugbank-id": {
                    "primary": false,
                    "value": "DB11960"
                },
                "name": "Carboxyamidotriazole",
                "description": "Carboxyamidotriazole may increase the arrhythmogenic activities of Hydroquinidine."
            },
            {
                "drugbank-id": {
                    "primary": false,
                    "value": "DB12092"
                },
                "name": "Naftopidil",
                "description": "Naftopidil may increase the arrhythmogenic activities of Hydroquinidine."
            },
            {
                "drugbank-id": {
                    "primary": false,
                    "value": "DB12093"
                },
                "name": "Tetrahydropalmatine",
                "description": "Tetrahydropalmatine may increase the arrhythmogenic activities of Hydroquinidine."
            },
            {
                "drugbank-id": {
                    "primary": false,
                    "value": "DB12131"
                },
                "name": "Vinpocetine",
                "description": "Vinpocetine may increase the arrhythmogenic activities of Hydroquinidine."
            },
            {
                "drugbank-id": {
                    "primary": false,
                    "value": "DB12212"
                },
                "name": "Landiolol",
                "description": "Landiolol may increase the arrhythmogenic activities of Hydroquinidine."
            },
            {
                "drugbank-id": {
                    "primary": false,
                    "value": "DB12286"
                },
                "name": "Simendan",
                "description": "Simendan may increase the arrhythmogenic activities of Hydroquinidine."
            },
            {
                "drugbank-id": {
                    "primary": false,
                    "value": "DB12704"
                },
                "name": "Spiradoline",
                "description": "Spiradoline may increase the arrhythmogenic activities of Hydroquinidine."
            },
            {
                "drugbank-id": {
                    "primary": false,
                    "value": "DB12712"
                },
                "name": "Pilsicainide",
                "description": "Pilsicainide may increase the arrhythmogenic activities of Hydroquinidine."
            },
            {
                "drugbank-id": {
                    "primary": false,
                    "value": "DB12766"
                },
                "name": "Cicletanine",
                "description": "Cicletanine may increase the arrhythmogenic activities of Hydroquinidine."
            },
            {
                "drugbank-id": {
                    "primary": false,
                    "value": "DB12923"
                },
                "name": "Gallopamil",
                "description": "Gallopamil may increase the arrhythmogenic activities of Hydroquinidine."
            },
            {
                "drugbank-id": {
                    "primary": false,
                    "value": "DB13240"
                },
                "name": "Cymarin",
                "description": "Cymarin may increase the arrhythmogenic activities of Hydroquinidine."
            },
            {
                "drugbank-id": {
                    "primary": false,
                    "value": "DB13358"
                },
                "name": "Cibenzoline",
                "description": "Cibenzoline may increase the arrhythmogenic activities of Hydroquinidine."
            },
            {
                "drugbank-id": {
                    "primary": false,
                    "value": "DB13401"
                },
                "name": "Metildigoxin",
                "description": "Metildigoxin may increase the arrhythmogenic activities of Hydroquinidine."
            },
            {
                "drugbank-id": {
                    "primary": false,
                    "value": "DB13488"
                },
                "name": "Bencyclane",
                "description": "Bencyclane may increase the arrhythmogenic activities of Hydroquinidine."
            },
            {
                "drugbank-id": {
                    "primary": false,
                    "value": "DB13500"
                },
                "name": "Otilonium",
                "description": "Otilonium may increase the arrhythmogenic activities of Hydroquinidine."
            },
            {
                "drugbank-id": {
                    "primary": false,
                    "value": "DB13546"
                },
                "name": "Nizofenone",
                "description": "Nizofenone may increase the arrhythmogenic activities of Hydroquinidine."
            },
            {
                "drugbank-id": {
                    "primary": false,
                    "value": "DB13555"
                },
                "name": "Prajmaline",
                "description": "Prajmaline may increase the arrhythmogenic activities of Hydroquinidine."
            },
            {
                "drugbank-id": {
                    "primary": false,
                    "value": "DB13635"
                },
                "name": "Tiracizine",
                "description": "Tiracizine may increase the arrhythmogenic activities of Hydroquinidine."
            },
            {
                "drugbank-id": {
                    "primary": false,
                    "value": "DB13645"
                },
                "name": "Ethacizine",
                "description": "Ethacizine may increase the arrhythmogenic activities of Hydroquinidine."
            },
            {
                "drugbank-id": {
                    "primary": false,
                    "value": "DB13651"
                },
                "name": "Lorajmine",
                "description": "Lorajmine may increase the arrhythmogenic activities of Hydroquinidine."
            },
            {
                "drugbank-id": {
                    "primary": false,
                    "value": "DB13652"
                },
                "name": "Bunaftine",
                "description": "Bunaftine may increase the arrhythmogenic activities of Hydroquinidine."
            },
            {
                "drugbank-id": {
                    "primary": false,
                    "value": "DB13653"
                },
                "name": "Lorcainide",
                "description": "Lorcainide may increase the arrhythmogenic activities of Hydroquinidine."
            },
            {
                "drugbank-id": {
                    "primary": false,
                    "value": "DB13691"
                },
                "name": "Acetyldigoxin",
                "description": "Acetyldigoxin may increase the arrhythmogenic activities of Hydroquinidine."
            },
            {
                "drugbank-id": {
                    "primary": false,
                    "value": "DB13718"
                },
                "name": "Hydroquinine",
                "description": "Hydroquinine may increase the arrhythmogenic activities of Hydroquinidine."
            },
            {
                "drugbank-id": {
                    "primary": false,
                    "value": "DB13725"
                },
                "name": "Terodiline",
                "description": "Terodiline may increase the arrhythmogenic activities of Hydroquinidine."
            },
            {
                "drugbank-id": {
                    "primary": false,
                    "value": "DB13766"
                },
                "name": "Lidoflazine",
                "description": "Lidoflazine may increase the arrhythmogenic activities of Hydroquinidine."
            },
            {
                "drugbank-id": {
                    "primary": false,
                    "value": "DB13775"
                },
                "name": "Tertatolol",
                "description": "Tertatolol may increase the arrhythmogenic activities of Hydroquinidine."
            },
            {
                "drugbank-id": {
                    "primary": false,
                    "value": "DB13791"
                },
                "name": "Penfluridol",
                "description": "Penfluridol may increase the arrhythmogenic activities of Hydroquinidine."
            },
            {
                "drugbank-id": {
                    "primary": false,
                    "value": "DB13835"
                },
                "name": "Caroverine",
                "description": "Caroverine may increase the arrhythmogenic activities of Hydroquinidine."
            },
            {
                "drugbank-id": {
                    "primary": false,
                    "value": "DB13863"
                },
                "name": "Fosfructose",
                "description": "Fosfructose may increase the arrhythmogenic activities of Hydroquinidine."
            },
            {
                "drugbank-id": {
                    "primary": false,
                    "value": "DB13950"
                },
                "name": "WIN 55212-2",
                "description": "WIN 55212-2 may increase the arrhythmogenic activities of Hydroquinidine."
            },
            {
                "drugbank-id": {
                    "primary": false,
                    "value": "DB13961"
                },
                "name": "Fish oil",
                "description": "Fish oil may increase the arrhythmogenic activities of Hydroquinidine."
            },
            {
                "drugbank-id": {
                    "primary": false,
                    "value": "DB14063"
                },
                "name": "Dexverapamil",
                "description": "Dexverapamil may increase the arrhythmogenic activities of Hydroquinidine."
            },
            {
                "drugbank-id": {
                    "primary": false,
                    "value": "DB14064"
                },
                "name": "Emopamil",
                "description": "Emopamil may increase the arrhythmogenic activities of Hydroquinidine."
            },
            {
                "drugbank-id": {
                    "primary": false,
                    "value": "DB14065"
                },
                "name": "Lomerizine",
                "description": "Lomerizine may increase the arrhythmogenic activities of Hydroquinidine."
            },
            {
                "drugbank-id": {
                    "primary": false,
                    "value": "DB14066"
                },
                "name": "Tetrandrine",
                "description": "Tetrandrine may increase the arrhythmogenic activities of Hydroquinidine."
            },
            {
                "drugbank-id": {
                    "primary": false,
                    "value": "DB14068"
                },
                "name": "Dexniguldipine",
                "description": "Dexniguldipine may increase the arrhythmogenic activities of Hydroquinidine."
            },
            {
                "drugbank-id": {
                    "primary": false,
                    "value": "DB14207"
                },
                "name": "Fosinoprilat",
                "description": "Fosinoprilat may increase the arrhythmogenic activities of Hydroquinidine."
            },
            {
                "drugbank-id": {
                    "primary": false,
                    "value": "DB00521"
                },
                "name": "Carteolol",
                "description": "Hydroquinidine may increase the arrhythmogenic activities of Carteolol."
            },
            {
                "drugbank-id": {
                    "primary": false,
                    "value": "DB01214"
                },
                "name": "Metipranolol",
                "description": "Hydroquinidine may increase the arrhythmogenic activities of Metipranolol."
            },
            {
                "drugbank-id": {
                    "primary": false,
                    "value": "DB13746"
                },
                "name": "Bioallethrin",
                "description": "Hydroquinidine may increase the arrhythmogenic activities of Bioallethrin."
            },
            {
                "drugbank-id": {
                    "primary": false,
                    "value": "DB15366"
                },
                "name": "SOR-C13",
                "description": "Hydroquinidine may increase the arrhythmogenic activities of SOR-C13."
            },
            {
                "drugbank-id": {
                    "primary": false,
                    "value": "DB00612"
                },
                "name": "Bisoprolol",
                "description": "The therapeutic efficacy of Hydroquinidine can be increased when used in combination with Bisoprolol."
            },
            {
                "drugbank-id": {
                    "primary": false,
                    "value": "DB04855"
                },
                "name": "Dronedarone",
                "description": "Hydroquinidine may increase the QTc-prolonging activities of Dronedarone."
            },
            {
                "drugbank-id": {
                    "primary": false,
                    "value": "DB12016"
                },
                "name": "Ponesimod",
                "description": "The risk or severity of torsade de pointes can be increased when Ponesimod is combined with Hydroquinidine."
            },
            {
                "drugbank-id": {
                    "primary": false,
                    "value": "DB09039"
                },
                "name": "Eliglustat",
                "description": "The risk or severity of Cardiac Arrhythmia can be increased when Eliglustat is combined with Hydroquinidine."
            }
        ]
    },
    "calculated-properties": {
        "property": [
            {
                "kind": "logP",
                "value": "3.36",
                "source": "ALOGPS"
            },
            {
                "kind": "logS",
                "value": "-3",
                "source": "ALOGPS"
            },
            {
                "kind": "Water Solubility",
                "value": "3.12e-01 g/l",
                "source": "ALOGPS"
            },
            {
                "kind": "logP",
                "value": "2.82",
                "source": "ChemAxon"
            },
            {
                "kind": "IUPAC Name",
                "value": "(S)-[(1S,2R,4S,5R)-5-ethyl-1-azabicyclo[2.2.2]octan-2-yl](6-methoxyquinolin-4-yl)methanol",
                "source": "ChemAxon"
            },
            {
                "kind": "Traditional IUPAC Name",
                "value": "(+)-hydroquinidine",
                "source": "ChemAxon"
            },
            {
                "kind": "Molecular Weight",
                "value": "326.44",
                "source": "ChemAxon"
            },
            {
                "kind": "Monoisotopic Weight",
                "value": "326.199428085",
                "source": "ChemAxon"
            },
            {
                "kind": "SMILES",
                "value": "[H][C@@]1(C[C@@H]2CC[N@]1C[C@@H]2CC)[C@@H](O)C1=CC=NC2=CC=C(OC)C=C12",
                "source": "ChemAxon"
            },
            {
                "kind": "Molecular Formula",
                "value": "C20H26N2O2",
                "source": "ChemAxon"
            },
            {
                "kind": "InChI",
                "value": "InChI=1S/C20H26N2O2/c1-3-13-12-22-9-7-14(13)10-19(22)20(23)16-6-8-21-18-5-4-15(24-2)11-17(16)18/h4-6,8,11,13-14,19-20,23H,3,7,9-10,12H2,1-2H3/t13-,14-,19+,20-/m0/s1",
                "source": "ChemAxon"
            },
            {
                "kind": "InChIKey",
                "value": "LJOQGZACKSYWCH-LHHVKLHASA-N",
                "source": "ChemAxon"
            },
            {
                "kind": "Polar Surface Area (PSA)",
                "value": "45.59",
                "source": "ChemAxon"
            },
            {
                "kind": "Refractivity",
                "value": "94.65",
                "source": "ChemAxon"
            },
            {
                "kind": "Polarizability",
                "value": "36.67",
                "source": "ChemAxon"
            },
            {
                "kind": "Rotatable Bond Count",
                "value": "4",
                "source": "ChemAxon"
            },
            {
                "kind": "H Bond Acceptor Count",
                "value": "4",
                "source": "ChemAxon"
            },
            {
                "kind": "H Bond Donor Count",
                "value": "1",
                "source": "ChemAxon"
            },
            {
                "kind": "pKa (strongest acidic)",
                "value": "13.89",
                "source": "ChemAxon"
            },
            {
                "kind": "pKa (strongest basic)",
                "value": "9.18",
                "source": "ChemAxon"
            },
            {
                "kind": "Physiological Charge",
                "value": "1",
                "source": "ChemAxon"
            },
            {
                "kind": "Number of Rings",
                "value": "4",
                "source": "ChemAxon"
            },
            {
                "kind": "Bioavailability",
                "value": "1",
                "source": "ChemAxon"
            },
            {
                "kind": "Rule of Five",
                "value": "1",
                "source": "ChemAxon"
            },
            {
                "kind": "Ghose Filter",
                "value": "1",
                "source": "ChemAxon"
            },
            {
                "kind": "MDDR-Like Rule",
                "value": "0",
                "source": "ChemAxon"
            }
        ]
    },
    "experimental-properties": null,
    "external-identifiers": {
        "external-identifier": [
            {
                "resource": "ChemSpider",
                "identifier": "82624"
            },
            {
                "resource": "Wikipedia",
                "identifier": "Dihydroquinidine"
            },
            {
                "resource": "ChEMBL",
                "identifier": "CHEMBL531472"
            },
            {
                "resource": "ZINC",
                "identifier": "ZINC000003977899"
            },
            {
                "resource": "RxCUI",
                "identifier": "27220"
            }
        ]
    },
    "external-links": null,
    "pathways": null,
    "reactions": null,
    "snp-effects": null,
    "snp-adverse-drug-reactions": null,
    "targets": null,
    "enzymes": null,
    "carriers": null,
    "transporters": null
}