{
    "type": "small molecule",
    "created": "2019-05-20",
    "updated": "2021-02-21",
    "drugbank-id": [
        {
            "primary": true,
            "value": "DB15194"
        }
    ],
    "name": "Cotadutide",
    "description": "Cotadutide is under investigation in clinical trial NCT03444584 (Study of MEDI0382 in Combination With Dapagliflozin and Metformin in Overweight/Obese Subject With Type 2 Diabetes).",
    "cas-number": "1686108-82-6",
    "unii": "QL6A9B13HW",
    "average-mass": 3728.092,
    "monoisotopic-mass": 3725.821320382,
    "groups": {
        "group": [
            "investigational"
        ]
    },
    "general-references": {
        "articles": null,
        "textbooks": null,
        "links": null,
        "attachments": null
    },
    "synthesis-reference": null,
    "indication": null,
    "pharmacodynamics": null,
    "mechanism-of-action": null,
    "toxicity": null,
    "metabolism": null,
    "absorption": null,
    "half-life": null,
    "protein-binding": null,
    "route-of-elimination": null,
    "volume-of-distribution": null,
    "clearance": null,
    "salts": null,
    "synonyms": {
        "synonym": [
            {
                "language": "english",
                "coder": "inn/usan",
                "value": "Cotadutide"
            }
        ]
    },
    "products": null,
    "international-brands": null,
    "mixtures": null,
    "packagers": null,
    "manufacturers": null,
    "prices": null,
    "categories": {
        "category": [
            {
                "category": "Amino Acids, Peptides, and Proteins",
                "mesh-id": "D000602"
            }
        ]
    },
    "affected-organisms": null,
    "dosages": null,
    "atc-codes": null,
    "ahfs-codes": null,
    "pdb-entries": null,
    "patents": null,
    "food-interactions": null,
    "drug-interactions": null,
    "calculated-properties": {
        "property": [
            {
                "kind": "logP",
                "value": "-18",
                "source": "ChemAxon"
            },
            {
                "kind": "IUPAC Name",
                "value": "(2S)-4-{[(5S)-5-[(2S)-2-[(2S)-2-[(2S,3R)-2-[(2S)-2-[(2S,3R)-2-{2-[(2S)-2-[(2S)-2-[(2S)-2-amino-3-(1H-imidazol-4-yl)propanamido]-3-hydroxypropanamido]-4-carbamoylbutanamido]acetamido}-3-hydroxybutanamido]-3-phenylpropanamido]-3-hydroxybutanamido]-3-hydroxypropanamido]-3-carboxypropanamido]-5-{[(1S)-1-{[(1S)-1-{[(1S)-1-{[(1S)-1-{[(1S)-1-{[(1S)-1-{[(1S)-1-{[(1S)-4-carbamimidamido-1-{[(1S)-1-{[(1S)-4-carbamimidamido-1-{[(1S)-2-carboxy-1-{[(1S)-1-{[(1S)-1-{[(1S)-1-{[(1S)-1-{[(1S)-1-{[(1S)-3-carboxy-1-{[(1S)-1-({[(carboxymethyl)carbamoyl]methyl}carbamoyl)ethyl]carbamoyl}propyl]carbamoyl}-3-methylbutyl]carbamoyl}-2-(1H-indol-3-yl)ethyl]carbamoyl}ethyl]carbamoyl}-2-methylpropyl]carbamoyl}-2-phenylethyl]carbamoyl}ethyl]carbamoyl}butyl]carbamoyl}ethyl]carbamoyl}butyl]carbamoyl}-3-carboxypropyl]carbamoyl}-2-hydroxyethyl]carbamoyl}-2-carboxyethyl]carbamoyl}-3-methylbutyl]carbamoyl}-2-(4-hydroxyphenyl)ethyl]carbamoyl}-3-carboxypropyl]carbamoyl}-2-hydroxyethyl]carbamoyl}pentyl]carbamoyl}-2-hexadecanamidobutanoic acid",
                "source": "ChemAxon"
            },
            {
                "kind": "Traditional IUPAC Name",
                "value": "(2R)-14-fluoro-2-methyl-6,9,10,19-tetraazapentacyclo[14.2.1.0^{2,6}.0^{8,18}.0^{12,17}]nonadeca-1(18),8,12(17),13,15-pentaen-11-one",
                "source": "ChemAxon"
            },
            {
                "kind": "Molecular Weight",
                "value": "3728.092",
                "source": "ChemAxon"
            },
            {
                "kind": "Monoisotopic Weight",
                "value": "3725.821320382",
                "source": "ChemAxon"
            },
            {
                "kind": "SMILES",
                "value": "CCCCCCCCCCCCCCCC(=O)N[C@@H](CCC(=O)NCCCC[C@H](NC(=O)[C@H](CC(O)=O)NC(=O)[C@H](CO)NC(=O)[C@@H](NC(=O)[C@H](CC1=CC=CC=C1)NC(=O)[C@@H](NC(=O)CNC(=O)[C@H](CCC(N)=O)NC(=O)[C@H](CO)NC(=O)[C@@H](N)CC1=CNC=N1)[C@@H](C)O)[C@@H](C)O)C(=O)N[C@@H](CO)C(=O)N[C@@H](CCC(O)=O)C(=O)N[C@@H](CC1=CC=C(O)C=C1)C(=O)N[C@@H](CC(C)C)C(=O)N[C@@H](CC(O)=O)C(=O)N[C@@H](CO)C(=O)N[C@@H](CCC(O)=O)C(=O)N[C@@H](CCCNC(N)=N)C(=O)N[C@@H](C)C(=O)N[C@@H](CCCNC(N)=N)C(=O)N[C@@H](CC(O)=O)C(=O)N[C@@H](CC1=CC=CC=C1)C(=O)N[C@@H](C(C)C)C(=O)N[C@@H](C)C(=O)N[C@@H](CC1=CNC2=C1C=CC=C2)C(=O)N[C@@H](CC(C)C)C(=O)N[C@@H](CCC(O)=O)C(=O)N[C@@H](C)C(=O)NCC(=O)NCC(O)=O)C(O)=O",
                "source": "ChemAxon"
            },
            {
                "kind": "Molecular Formula",
                "value": "C167H252N42O55",
                "source": "ChemAxon"
            },
            {
                "kind": "InChI",
                "value": "InChI=1S/C167H252N42O55/c1-13-14-15-16-17-18-19-20-21-22-23-24-31-47-125(219)186-109(165(263)264)53-58-124(218)175-62-35-34-44-102(189-153(251)116(72-131(228)229)201-161(259)122(83-213)206-164(262)137(92(12)215)209-157(255)114(68-94-40-29-26-30-41-94)202-163(261)136(91(11)214)207-127(221)78-181-142(240)105(52-57-123(169)217)190-158(256)119(80-210)203-141(239)100(168)71-97-76-174-84-182-97)146(244)204-120(81-211)159(257)193-108(56-61-130(226)227)148(246)197-112(69-95-48-50-98(216)51-49-95)151(249)195-111(66-86(4)5)150(248)200-118(74-133(232)233)155(253)205-121(82-212)160(258)192-107(55-60-129(224)225)147(245)188-103(45-36-63-176-166(170)171)143(241)184-89(9)139(237)187-104(46-37-64-177-167(172)173)145(243)199-117(73-132(230)231)154(252)198-113(67-93-38-27-25-28-39-93)156(254)208-135(87(6)7)162(260)185-90(10)140(238)194-115(70-96-75-178-101-43-33-32-42-99(96)101)152(250)196-110(65-85(2)3)149(247)191-106(54-59-128(222)223)144(242)183-88(8)138(236)180-77-126(220)179-79-134(234)235/h25-30,32-33,38-43,48-51,75-76,84-92,100,102-122,135-137,178,210-216H,13-24,31,34-37,44-47,52-74,77-83,168H2,1-12H3,(H2,169,217)(H,174,182)(H,175,218)(H,179,220)(H,180,236)(H,181,240)(H,183,242)(H,184,241)(H,185,260)(H,186,219)(H,187,237)(H,188,245)(H,189,251)(H,190,256)(H,191,247)(H,192,258)(H,193,257)(H,194,238)(H,195,249)(H,196,250)(H,197,246)(H,198,252)(H,199,243)(H,200,248)(H,201,259)(H,202,261)(H,203,239)(H,204,244)(H,205,253)(H,206,262)(H,207,221)(H,208,254)(H,209,255)(H,222,223)(H,224,225)(H,226,227)(H,228,229)(H,230,231)(H,232,233)(H,234,235)(H,263,264)(H4,170,171,176)(H4,172,173,177)/t88-,89-,90-,91+,92+,100-,102-,103-,104-,105-,106-,107-,108-,109-,110-,111-,112-,113-,114-,115-,116-,117-,118-,119-,120-,121-,122-,135-,136-,137-/m0/s1",
                "source": "ChemAxon"
            },
            {
                "kind": "InChIKey",
                "value": "YEKUUBPJRPXMBM-PTCFZACGSA-N",
                "source": "ChemAxon"
            },
            {
                "kind": "Polar Surface Area (PSA)",
                "value": "1579.49",
                "source": "ChemAxon"
            },
            {
                "kind": "Refractivity",
                "value": "940.85",
                "source": "ChemAxon"
            },
            {
                "kind": "Polarizability",
                "value": "380.87",
                "source": "ChemAxon"
            },
            {
                "kind": "Rotatable Bond Count",
                "value": "130",
                "source": "ChemAxon"
            },
            {
                "kind": "H Bond Acceptor Count",
                "value": "63",
                "source": "ChemAxon"
            },
            {
                "kind": "H Bond Donor Count",
                "value": "56",
                "source": "ChemAxon"
            },
            {
                "kind": "pKa (strongest acidic)",
                "value": "2.72",
                "source": "ChemAxon"
            },
            {
                "kind": "pKa (strongest basic)",
                "value": "12.22",
                "source": "ChemAxon"
            },
            {
                "kind": "Physiological Charge",
                "value": "-5",
                "source": "ChemAxon"
            },
            {
                "kind": "Number of Rings",
                "value": "6",
                "source": "ChemAxon"
            },
            {
                "kind": "Bioavailability",
                "value": "0",
                "source": "ChemAxon"
            },
            {
                "kind": "Rule of Five",
                "value": "0",
                "source": "ChemAxon"
            },
            {
                "kind": "Ghose Filter",
                "value": "0",
                "source": "ChemAxon"
            },
            {
                "kind": "MDDR-Like Rule",
                "value": "1",
                "source": "ChemAxon"
            }
        ]
    },
    "experimental-properties": null,
    "external-identifiers": {
        "external-identifier": [
            {
                "resource": "ChemSpider",
                "identifier": "75531286"
            }
        ]
    },
    "external-links": null,
    "pathways": null,
    "reactions": null,
    "snp-effects": null,
    "snp-adverse-drug-reactions": null,
    "targets": null,
    "enzymes": null,
    "carriers": null,
    "transporters": null
}