{
    "type": "small molecule",
    "created": "2019-05-20",
    "updated": "2020-06-12",
    "drugbank-id": [
        {
            "primary": true,
            "value": "DB15381"
        }
    ],
    "name": "Menaquinone",
    "description": "Menaquinone is under investigation in clinical trial NCT01533441 (Vitamin K2 Intervention in Patients With Vitamin K Antagonists).",
    "cas-number": "1182-68-9",
    "unii": "12V8PA4WCH",
    "average-mass": 512.778,
    "monoisotopic-mass": 512.365430786,
    "groups": {
        "group": [
            "investigational"
        ]
    },
    "general-references": {
        "articles": null,
        "textbooks": null,
        "links": null,
        "attachments": null
    },
    "synthesis-reference": null,
    "indication": null,
    "pharmacodynamics": null,
    "mechanism-of-action": null,
    "toxicity": null,
    "metabolism": null,
    "absorption": null,
    "half-life": null,
    "protein-binding": null,
    "route-of-elimination": null,
    "volume-of-distribution": null,
    "clearance": null,
    "salts": null,
    "synonyms": null,
    "products": null,
    "international-brands": null,
    "mixtures": null,
    "packagers": null,
    "manufacturers": null,
    "prices": null,
    "categories": {
        "category": [
            {
                "category": "Coagulants",
                "mesh-id": "D003029"
            },
            {
                "category": "Diet, Food, and Nutrition",
                "mesh-id": "D000066888"
            },
            {
                "category": "Diterpenes",
                "mesh-id": "D004224"
            },
            {
                "category": "Fibrin Modulating Agents",
                "mesh-id": "D050299"
            },
            {
                "category": "Food",
                "mesh-id": "D005502"
            },
            {
                "category": "Hematologic Agents",
                "mesh-id": "D006401"
            },
            {
                "category": "Hemostatics",
                "mesh-id": "D006490"
            },
            {
                "category": "Micronutrients",
                "mesh-id": "D018977"
            },
            {
                "category": "Naphthalenes",
                "mesh-id": "D009281"
            },
            {
                "category": "Naphthoquinones",
                "mesh-id": "D009285"
            },
            {
                "category": "Physiological Phenomena",
                "mesh-id": "D010829"
            },
            {
                "category": "Phytol",
                "mesh-id": "D010836"
            },
            {
                "category": "Quinones",
                "mesh-id": "D011809"
            },
            {
                "category": "Terpenes",
                "mesh-id": "D013729"
            },
            {
                "category": "Vitamin K",
                "mesh-id": "D014812"
            },
            {
                "category": "Vitamin K 2",
                "mesh-id": "D024482"
            },
            {
                "category": "Vitamins",
                "mesh-id": "D014815"
            },
            {
                "category": "Vitamins (Fat Soluble)",
                "mesh-id": null
            }
        ]
    },
    "affected-organisms": null,
    "dosages": null,
    "atc-codes": null,
    "ahfs-codes": null,
    "pdb-entries": null,
    "patents": null,
    "food-interactions": null,
    "drug-interactions": {
        "drug-interaction": [
            {
                "drugbank-id": {
                    "primary": false,
                    "value": "DB01083"
                },
                "name": "Orlistat",
                "description": "Orlistat can cause a decrease in the absorption of Menaquinone resulting in a reduced serum concentration and potentially a decrease in efficacy."
            }
        ]
    },
    "calculated-properties": {
        "property": [
            {
                "kind": "logP",
                "value": "8.19",
                "source": "ALOGPS"
            },
            {
                "kind": "logS",
                "value": "-6.2",
                "source": "ALOGPS"
            },
            {
                "kind": "Water Solubility",
                "value": "3.28e-04 g/l",
                "source": "ALOGPS"
            },
            {
                "kind": "logP",
                "value": "10.14",
                "source": "ChemAxon"
            },
            {
                "kind": "IUPAC Name",
                "value": "2-methyl-3-[(2E,6E,10E,14E)-3,7,11,15,19-pentamethylicosa-2,6,10,14,18-pentaen-1-yl]-1,4-dihydronaphthalene-1,4-dione",
                "source": "ChemAxon"
            },
            {
                "kind": "Traditional IUPAC Name",
                "value": "(2R)-14-fluoro-2-methyl-6,9,10,19-tetraazapentacyclo[14.2.1.0^{2,6}.0^{8,18}.0^{12,17}]nonadeca-1(18),8,12(17),13,15-pentaen-11-one",
                "source": "ChemAxon"
            },
            {
                "kind": "Molecular Weight",
                "value": "512.778",
                "source": "ChemAxon"
            },
            {
                "kind": "Monoisotopic Weight",
                "value": "512.365430786",
                "source": "ChemAxon"
            },
            {
                "kind": "SMILES",
                "value": "CC(C)=CCC\\C(C)=C\\CC\\C(C)=C\\CC\\C(C)=C\\CC\\C(C)=C\\CC1=C(C)C(=O)C2=C(C=CC=C2)C1=O",
                "source": "ChemAxon"
            },
            {
                "kind": "Molecular Formula",
                "value": "C36H48O2",
                "source": "ChemAxon"
            },
            {
                "kind": "InChI",
                "value": "InChI=1S/C36H48O2/c1-26(2)14-10-15-27(3)16-11-17-28(4)18-12-19-29(5)20-13-21-30(6)24-25-32-31(7)35(37)33-22-8-9-23-34(33)36(32)38/h8-9,14,16,18,20,22-24H,10-13,15,17,19,21,25H2,1-7H3/b27-16+,28-18+,29-20+,30-24+",
                "source": "ChemAxon"
            },
            {
                "kind": "InChIKey",
                "value": "HYPYXGZDOYTYDR-HAJWAVTHSA-N",
                "source": "ChemAxon"
            },
            {
                "kind": "Polar Surface Area (PSA)",
                "value": "34.14",
                "source": "ChemAxon"
            },
            {
                "kind": "Refractivity",
                "value": "169.31",
                "source": "ChemAxon"
            },
            {
                "kind": "Polarizability",
                "value": "64.9",
                "source": "ChemAxon"
            },
            {
                "kind": "Rotatable Bond Count",
                "value": "14",
                "source": "ChemAxon"
            },
            {
                "kind": "H Bond Acceptor Count",
                "value": "2",
                "source": "ChemAxon"
            },
            {
                "kind": "H Bond Donor Count",
                "value": "0",
                "source": "ChemAxon"
            },
            {
                "kind": "pKa (strongest basic)",
                "value": "-7.2",
                "source": "ChemAxon"
            },
            {
                "kind": "Physiological Charge",
                "value": "0",
                "source": "ChemAxon"
            },
            {
                "kind": "Number of Rings",
                "value": "2",
                "source": "ChemAxon"
            },
            {
                "kind": "Bioavailability",
                "value": "0",
                "source": "ChemAxon"
            },
            {
                "kind": "Rule of Five",
                "value": "0",
                "source": "ChemAxon"
            },
            {
                "kind": "Ghose Filter",
                "value": "0",
                "source": "ChemAxon"
            },
            {
                "kind": "MDDR-Like Rule",
                "value": "0",
                "source": "ChemAxon"
            }
        ]
    },
    "experimental-properties": null,
    "external-identifiers": {
        "external-identifier": [
            {
                "resource": "ChemSpider",
                "identifier": "32815523"
            },
            {
                "resource": "Wikipedia",
                "identifier": "Vitamin_K2"
            },
            {
                "resource": "ZINC",
                "identifier": "ZINC000065743175"
            }
        ]
    },
    "external-links": null,
    "pathways": null,
    "reactions": null,
    "snp-effects": null,
    "snp-adverse-drug-reactions": null,
    "targets": null,
    "enzymes": null,
    "carriers": null,
    "transporters": null
}