{
    "type": "small molecule",
    "created": "2019-05-20",
    "updated": "2021-02-21",
    "drugbank-id": [
        {
            "primary": true,
            "value": "DB15338"
        }
    ],
    "name": "Rovatirelin",
    "description": "Rovatirelin is under investigation in clinical trial NCT01384435 (A Phase II Double Blind Comparative Study of KPS-0373 in Patients With Spinocerebellar Degeneration (SCD)).",
    "cas-number": "204386-76-5",
    "unii": "9DL0X410PY",
    "average-mass": 366.44,
    "monoisotopic-mass": 366.136176378,
    "groups": {
        "group": [
            "investigational"
        ]
    },
    "general-references": {
        "articles": null,
        "textbooks": null,
        "links": null,
        "attachments": null
    },
    "synthesis-reference": null,
    "indication": null,
    "pharmacodynamics": null,
    "mechanism-of-action": null,
    "toxicity": null,
    "metabolism": null,
    "absorption": null,
    "half-life": null,
    "protein-binding": null,
    "route-of-elimination": null,
    "volume-of-distribution": null,
    "clearance": null,
    "salts": null,
    "synonyms": {
        "synonym": [
            {
                "language": "english",
                "coder": "inn",
                "value": "Rovatirelin"
            }
        ]
    },
    "products": null,
    "international-brands": null,
    "mixtures": null,
    "packagers": null,
    "manufacturers": null,
    "prices": null,
    "categories": {
        "category": [
            {
                "category": "Oxazoles",
                "mesh-id": "D010080"
            }
        ]
    },
    "affected-organisms": null,
    "dosages": null,
    "atc-codes": null,
    "ahfs-codes": null,
    "pdb-entries": null,
    "patents": null,
    "food-interactions": null,
    "drug-interactions": null,
    "calculated-properties": {
        "property": [
            {
                "kind": "logP",
                "value": "0.52",
                "source": "ALOGPS"
            },
            {
                "kind": "logS",
                "value": "-3.4",
                "source": "ALOGPS"
            },
            {
                "kind": "Water Solubility",
                "value": "1.61e-01 g/l",
                "source": "ALOGPS"
            },
            {
                "kind": "logP",
                "value": "0.019",
                "source": "ChemAxon"
            },
            {
                "kind": "IUPAC Name",
                "value": "(4S,5S)-5-methyl-N-[(2S)-1-[(2R)-2-methylpyrrolidin-1-yl]-1-oxo-3-(1,3-thiazol-4-yl)propan-2-yl]-2-oxo-1,3-oxazolidine-4-carboxamide",
                "source": "ChemAxon"
            },
            {
                "kind": "Traditional IUPAC Name",
                "value": "(2R)-14-fluoro-2-methyl-6,9,10,19-tetraazapentacyclo[14.2.1.0^{2,6}.0^{8,18}.0^{12,17}]nonadeca-1(18),8,12(17),13,15-pentaen-11-one",
                "source": "ChemAxon"
            },
            {
                "kind": "Molecular Weight",
                "value": "366.44",
                "source": "ChemAxon"
            },
            {
                "kind": "Monoisotopic Weight",
                "value": "366.136176378",
                "source": "ChemAxon"
            },
            {
                "kind": "SMILES",
                "value": "C[C@@H]1CCCN1C(=O)[C@H](CC1=CSC=N1)NC(=O)[C@H]1NC(=O)O[C@H]1C",
                "source": "ChemAxon"
            },
            {
                "kind": "Molecular Formula",
                "value": "C16H22N4O4S",
                "source": "ChemAxon"
            },
            {
                "kind": "InChI",
                "value": "InChI=1S/C16H22N4O4S/c1-9-4-3-5-20(9)15(22)12(6-11-7-25-8-17-11)18-14(21)13-10(2)24-16(23)19-13/h7-10,12-13H,3-6H2,1-2H3,(H,18,21)(H,19,23)/t9-,10+,12+,13+/m1/s1",
                "source": "ChemAxon"
            },
            {
                "kind": "InChIKey",
                "value": "WTXWDXWZGJGIHV-URBCHYCLSA-N",
                "source": "ChemAxon"
            },
            {
                "kind": "Polar Surface Area (PSA)",
                "value": "100.63",
                "source": "ChemAxon"
            },
            {
                "kind": "Refractivity",
                "value": "89.39",
                "source": "ChemAxon"
            },
            {
                "kind": "Polarizability",
                "value": "36.28",
                "source": "ChemAxon"
            },
            {
                "kind": "Rotatable Bond Count",
                "value": "5",
                "source": "ChemAxon"
            },
            {
                "kind": "H Bond Acceptor Count",
                "value": "4",
                "source": "ChemAxon"
            },
            {
                "kind": "H Bond Donor Count",
                "value": "2",
                "source": "ChemAxon"
            },
            {
                "kind": "pKa (strongest acidic)",
                "value": "11.4",
                "source": "ChemAxon"
            },
            {
                "kind": "pKa (strongest basic)",
                "value": "2.46",
                "source": "ChemAxon"
            },
            {
                "kind": "Physiological Charge",
                "value": "0",
                "source": "ChemAxon"
            },
            {
                "kind": "Number of Rings",
                "value": "3",
                "source": "ChemAxon"
            },
            {
                "kind": "Bioavailability",
                "value": "1",
                "source": "ChemAxon"
            },
            {
                "kind": "Rule of Five",
                "value": "1",
                "source": "ChemAxon"
            },
            {
                "kind": "Ghose Filter",
                "value": "1",
                "source": "ChemAxon"
            },
            {
                "kind": "MDDR-Like Rule",
                "value": "0",
                "source": "ChemAxon"
            }
        ]
    },
    "experimental-properties": null,
    "external-identifiers": {
        "external-identifier": [
            {
                "resource": "ChemSpider",
                "identifier": "8126670"
            }
        ]
    },
    "external-links": null,
    "pathways": null,
    "reactions": null,
    "snp-effects": null,
    "snp-adverse-drug-reactions": null,
    "targets": null,
    "enzymes": null,
    "carriers": null,
    "transporters": null
}