{
    "type": "small molecule",
    "created": "2019-05-20",
    "updated": "2020-06-12",
    "drugbank-id": [
        {
            "primary": true,
            "value": "DB15294"
        }
    ],
    "name": "SB-1578",
    "description": "SB-1578 is under investigation in clinical trial NCT01235871 (A Single and Multiple-Dose Study of SB1578).",
    "cas-number": "937273-04-6",
    "unii": "4T71DC0G0A",
    "average-mass": 462.55,
    "monoisotopic-mass": 462.226705462,
    "groups": {
        "group": [
            "investigational"
        ]
    },
    "general-references": {
        "articles": null,
        "textbooks": null,
        "links": null,
        "attachments": null
    },
    "synthesis-reference": null,
    "indication": null,
    "pharmacodynamics": null,
    "mechanism-of-action": null,
    "toxicity": null,
    "metabolism": null,
    "absorption": null,
    "half-life": null,
    "protein-binding": null,
    "route-of-elimination": null,
    "volume-of-distribution": null,
    "clearance": null,
    "classification": {
        "description": "This compound belongs to the class of organic compounds known as phenol ethers. These are aromatic compounds containing an ether group substituted with a benzene ring.",
        "direct-parent": "Phenol ethers",
        "kingdom": "Organic compounds",
        "superclass": "Benzenoids",
        "class": "Phenol ethers",
        "subclass": null,
        "alternative-parent": [
            "Alkyl aryl ethers",
            "Azacyclic compounds",
            "Dialkyl ethers",
            "Furans",
            "Heteroaromatic compounds",
            "Hydrocarbon derivatives",
            "N-alkylpyrrolidines",
            "Oxacyclic compounds",
            "Pyrimidines and pyrimidine derivatives",
            "Trialkylamines"
        ],
        "substituent": [
            "Alkyl aryl ether",
            "Amine",
            "Aromatic heteropolycyclic compound",
            "Azacycle",
            "Dialkyl ether",
            "Ether",
            "Furan",
            "Heteroaromatic compound",
            "Hydrocarbon derivative",
            "N-alkylpyrrolidine",
            "Organic nitrogen compound",
            "Organic oxygen compound",
            "Organoheterocyclic compound",
            "Organonitrogen compound",
            "Organooxygen compound",
            "Oxacycle",
            "Phenol ether",
            "Pyrimidine",
            "Pyrrolidine",
            "Tertiary aliphatic amine",
            "Tertiary amine"
        ]
    },
    "salts": null,
    "synonyms": null,
    "products": null,
    "international-brands": null,
    "mixtures": null,
    "packagers": null,
    "manufacturers": null,
    "prices": null,
    "categories": {
        "category": [
            {
                "category": "fms-Like Tyrosine Kinase 3, antagonists & inhibitors",
                "mesh-id": null
            },
            {
                "category": "Heterocyclic Compounds, Fused-Ring",
                "mesh-id": "D000072471"
            }
        ]
    },
    "affected-organisms": null,
    "dosages": null,
    "atc-codes": null,
    "ahfs-codes": null,
    "pdb-entries": null,
    "patents": null,
    "food-interactions": null,
    "drug-interactions": null,
    "calculated-properties": {
        "property": [
            {
                "kind": "logP",
                "value": "4.23",
                "source": "ALOGPS"
            },
            {
                "kind": "logS",
                "value": "-3.9",
                "source": "ALOGPS"
            },
            {
                "kind": "Water Solubility",
                "value": "5.68e-02 g/l",
                "source": "ALOGPS"
            },
            {
                "kind": "logP",
                "value": "3.56",
                "source": "ChemAxon"
            },
            {
                "kind": "IUPAC Name",
                "value": "(9E)-15-[2-(pyrrolidin-1-yl)ethoxy]-7,12,26-trioxa-19,21,24-triazatetracyclo[18.3.1.1^{2,5}.1^{14,18}]hexacosa-1(23),2,4,9,14,16,18(25),20(24),21-nonaene",
                "source": "ChemAxon"
            },
            {
                "kind": "Traditional IUPAC Name",
                "value": "(2R)-14-fluoro-2-methyl-6,9,10,19-tetraazapentacyclo[14.2.1.0^{2,6}.0^{8,18}.0^{12,17}]nonadeca-1(18),8,12(17),13,15-pentaen-11-one",
                "source": "ChemAxon"
            },
            {
                "kind": "Molecular Weight",
                "value": "462.55",
                "source": "ChemAxon"
            },
            {
                "kind": "Monoisotopic Weight",
                "value": "462.226705462",
                "source": "ChemAxon"
            },
            {
                "kind": "SMILES",
                "value": "C(CN1CCCC1)OC1=C2COC\\C=C\\COCC3=CC=C(O3)C3=CC=NC(NC(C=C1)=C2)=N3",
                "source": "ChemAxon"
            },
            {
                "kind": "Molecular Formula",
                "value": "C26H30N4O4",
                "source": "ChemAxon"
            },
            {
                "kind": "InChI",
                "value": "InChI=1S/C26H30N4O4/c1-2-12-30(11-1)13-16-33-24-7-5-21-17-20(24)18-31-14-3-4-15-32-19-22-6-8-25(34-22)23-9-10-27-26(28-21)29-23/h3-10,17H,1-2,11-16,18-19H2,(H,27,28,29)/b4-3+",
                "source": "ChemAxon"
            },
            {
                "kind": "InChIKey",
                "value": "NNXDIGHYPZHXTR-ONEGZZNKSA-N",
                "source": "ChemAxon"
            },
            {
                "kind": "Polar Surface Area (PSA)",
                "value": "81.88",
                "source": "ChemAxon"
            },
            {
                "kind": "Refractivity",
                "value": "131.69",
                "source": "ChemAxon"
            },
            {
                "kind": "Polarizability",
                "value": "49.52",
                "source": "ChemAxon"
            },
            {
                "kind": "Rotatable Bond Count",
                "value": "4",
                "source": "ChemAxon"
            },
            {
                "kind": "H Bond Acceptor Count",
                "value": "7",
                "source": "ChemAxon"
            },
            {
                "kind": "H Bond Donor Count",
                "value": "1",
                "source": "ChemAxon"
            },
            {
                "kind": "pKa (strongest acidic)",
                "value": "13.9",
                "source": "ChemAxon"
            },
            {
                "kind": "pKa (strongest basic)",
                "value": "8.86",
                "source": "ChemAxon"
            },
            {
                "kind": "Physiological Charge",
                "value": "1",
                "source": "ChemAxon"
            },
            {
                "kind": "Number of Rings",
                "value": "5",
                "source": "ChemAxon"
            },
            {
                "kind": "Bioavailability",
                "value": "1",
                "source": "ChemAxon"
            },
            {
                "kind": "Rule of Five",
                "value": "1",
                "source": "ChemAxon"
            },
            {
                "kind": "Ghose Filter",
                "value": "0",
                "source": "ChemAxon"
            },
            {
                "kind": "MDDR-Like Rule",
                "value": "0",
                "source": "ChemAxon"
            }
        ]
    },
    "experimental-properties": null,
    "external-identifiers": {
        "external-identifier": [
            {
                "resource": "ChemSpider",
                "identifier": "28518963"
            },
            {
                "resource": "BindingDB",
                "identifier": "50384879"
            },
            {
                "resource": "ChEMBL",
                "identifier": "CHEMBL2035185"
            }
        ]
    },
    "external-links": null,
    "pathways": null,
    "reactions": null,
    "snp-effects": null,
    "snp-adverse-drug-reactions": null,
    "targets": null,
    "enzymes": null,
    "carriers": null,
    "transporters": null
}