{
    "type": "small molecule",
    "created": "2019-05-20",
    "updated": "2020-06-12",
    "drugbank-id": [
        {
            "primary": true,
            "value": "DB15339"
        }
    ],
    "name": "Methcathinone",
    "description": "Methcathinone is under investigation in clinical trial NCT02617862 (PCI Imaging System in Pediatric Ophthalmology).",
    "cas-number": "5650-44-2",
    "unii": "386QA522QG",
    "average-mass": 163.2163,
    "monoisotopic-mass": 163.099714043,
    "groups": {
        "group": [
            "investigational"
        ]
    },
    "general-references": {
        "articles": null,
        "textbooks": null,
        "links": null,
        "attachments": null
    },
    "synthesis-reference": null,
    "indication": null,
    "pharmacodynamics": null,
    "mechanism-of-action": null,
    "toxicity": null,
    "metabolism": null,
    "absorption": null,
    "half-life": null,
    "protein-binding": null,
    "route-of-elimination": null,
    "volume-of-distribution": null,
    "clearance": null,
    "salts": null,
    "synonyms": {
        "synonym": [
            {
                "language": "english",
                "coder": "",
                "value": "COSMOS"
            }
        ]
    },
    "products": null,
    "international-brands": null,
    "mixtures": null,
    "packagers": null,
    "manufacturers": null,
    "prices": null,
    "categories": {
        "category": [
            {
                "category": "Ketones",
                "mesh-id": "D007659"
            }
        ]
    },
    "affected-organisms": null,
    "dosages": null,
    "atc-codes": null,
    "ahfs-codes": null,
    "pdb-entries": null,
    "patents": null,
    "food-interactions": null,
    "drug-interactions": null,
    "calculated-properties": {
        "property": [
            {
                "kind": "logP",
                "value": "1.01",
                "source": "ALOGPS"
            },
            {
                "kind": "logS",
                "value": "-1.9",
                "source": "ALOGPS"
            },
            {
                "kind": "Water Solubility",
                "value": "2.22e+00 g/l",
                "source": "ALOGPS"
            },
            {
                "kind": "logP",
                "value": "1.61",
                "source": "ChemAxon"
            },
            {
                "kind": "IUPAC Name",
                "value": "2-(methylamino)-1-phenylpropan-1-one",
                "source": "ChemAxon"
            },
            {
                "kind": "Traditional IUPAC Name",
                "value": "(2R)-14-fluoro-2-methyl-6,9,10,19-tetraazapentacyclo[14.2.1.0^{2,6}.0^{8,18}.0^{12,17}]nonadeca-1(18),8,12(17),13,15-pentaen-11-one",
                "source": "ChemAxon"
            },
            {
                "kind": "Molecular Weight",
                "value": "163.2163",
                "source": "ChemAxon"
            },
            {
                "kind": "Monoisotopic Weight",
                "value": "163.099714043",
                "source": "ChemAxon"
            },
            {
                "kind": "SMILES",
                "value": "CNC(C)C(=O)C1=CC=CC=C1",
                "source": "ChemAxon"
            },
            {
                "kind": "Molecular Formula",
                "value": "C10H13NO",
                "source": "ChemAxon"
            },
            {
                "kind": "InChI",
                "value": "InChI=1S/C10H13NO/c1-8(11-2)10(12)9-6-4-3-5-7-9/h3-8,11H,1-2H3",
                "source": "ChemAxon"
            },
            {
                "kind": "InChIKey",
                "value": "LPLLVINFLBSFRP-UHFFFAOYSA-N",
                "source": "ChemAxon"
            },
            {
                "kind": "Polar Surface Area (PSA)",
                "value": "29.1",
                "source": "ChemAxon"
            },
            {
                "kind": "Refractivity",
                "value": "49.09",
                "source": "ChemAxon"
            },
            {
                "kind": "Polarizability",
                "value": "18.18",
                "source": "ChemAxon"
            },
            {
                "kind": "Rotatable Bond Count",
                "value": "3",
                "source": "ChemAxon"
            },
            {
                "kind": "H Bond Acceptor Count",
                "value": "2",
                "source": "ChemAxon"
            },
            {
                "kind": "H Bond Donor Count",
                "value": "1",
                "source": "ChemAxon"
            },
            {
                "kind": "pKa (strongest acidic)",
                "value": "18.76",
                "source": "ChemAxon"
            },
            {
                "kind": "pKa (strongest basic)",
                "value": "8.02",
                "source": "ChemAxon"
            },
            {
                "kind": "Physiological Charge",
                "value": "1",
                "source": "ChemAxon"
            },
            {
                "kind": "Number of Rings",
                "value": "1",
                "source": "ChemAxon"
            },
            {
                "kind": "Bioavailability",
                "value": "1",
                "source": "ChemAxon"
            },
            {
                "kind": "Rule of Five",
                "value": "1",
                "source": "ChemAxon"
            },
            {
                "kind": "Ghose Filter",
                "value": "1",
                "source": "ChemAxon"
            },
            {
                "kind": "MDDR-Like Rule",
                "value": "0",
                "source": "ChemAxon"
            }
        ]
    },
    "experimental-properties": null,
    "external-identifiers": {
        "external-identifier": [
            {
                "resource": "ChemSpider",
                "identifier": "1519"
            },
            {
                "resource": "BindingDB",
                "identifier": "86285"
            },
            {
                "resource": "Wikipedia",
                "identifier": "Methcathinone"
            },
            {
                "resource": "ChEMBL",
                "identifier": "CHEMBL4070364"
            }
        ]
    },
    "external-links": null,
    "pathways": null,
    "reactions": null,
    "snp-effects": null,
    "snp-adverse-drug-reactions": null,
    "targets": null,
    "enzymes": null,
    "carriers": null,
    "transporters": null
}