{
    "type": "small molecule",
    "created": "2019-08-13",
    "updated": "2021-02-21",
    "drugbank-id": [
        {
            "primary": true,
            "value": "DB15467"
        }
    ],
    "name": "Cinoxate",
    "description": null,
    "cas-number": "104-28-9",
    "unii": "5437O7N5BH",
    "average-mass": 250.294,
    "monoisotopic-mass": 250.12050906,
    "groups": {
        "group": [
            "approved"
        ]
    },
    "general-references": {
        "articles": null,
        "textbooks": null,
        "links": null,
        "attachments": null
    },
    "synthesis-reference": null,
    "indication": null,
    "pharmacodynamics": null,
    "mechanism-of-action": null,
    "toxicity": null,
    "metabolism": null,
    "absorption": null,
    "half-life": null,
    "protein-binding": null,
    "route-of-elimination": null,
    "volume-of-distribution": null,
    "clearance": null,
    "salts": null,
    "synonyms": {
        "synonym": [
            {
                "language": "english",
                "coder": "",
                "value": "2-Ethoxyethyl-p-methoxycinnamate"
            },
            {
                "language": "english",
                "coder": "inn/usan",
                "value": "Cinoxate"
            },
            {
                "language": "spanish",
                "coder": "inn",
                "value": "Cinoxato"
            },
            {
                "language": "latin",
                "coder": "inn",
                "value": "Cinoxatum"
            }
        ]
    },
    "products": {
        "product": [
            {
                "name": "Le Stick A Levres Onybel",
                "labeller": "Duchesnay Inc.",
                "ndc-id": null,
                "ndc-product-code": null,
                "dpd-id": "00622230",
                "ema-product-code": null,
                "ema-ma-number": null,
                "started-marketing-on": "1985-12-31",
                "ended-marketing-on": "2003-07-18",
                "dosage-form": "Stick",
                "strength": null,
                "route": "Topical",
                "fda-application-number": null,
                "generic": false,
                "over-the-counter": true,
                "approved": true,
                "country": "Canada",
                "source": "DPD"
            }
        ]
    },
    "international-brands": null,
    "mixtures": {
        "mixture": [
            {
                "name": "Le Stick A Levres Onybel",
                "ingredients": "Allantoin + Cinoxate + Vitamin A"
            }
        ]
    },
    "packagers": null,
    "manufacturers": null,
    "prices": null,
    "categories": {
        "category": [
            {
                "category": "Acids, Carbocyclic",
                "mesh-id": "D000146"
            },
            {
                "category": "Sunscreen Agents",
                "mesh-id": "D013473"
            }
        ]
    },
    "affected-organisms": null,
    "dosages": {
        "dosage": [
            {
                "form": "Stick",
                "route": "Topical",
                "strength": null
            }
        ]
    },
    "atc-codes": null,
    "ahfs-codes": null,
    "pdb-entries": null,
    "patents": null,
    "food-interactions": null,
    "drug-interactions": null,
    "calculated-properties": {
        "property": [
            {
                "kind": "logP",
                "value": "2.87",
                "source": "ALOGPS"
            },
            {
                "kind": "logS",
                "value": "-3.7",
                "source": "ALOGPS"
            },
            {
                "kind": "Water Solubility",
                "value": "4.51e-02 g/l",
                "source": "ALOGPS"
            },
            {
                "kind": "logP",
                "value": "2.67",
                "source": "ChemAxon"
            },
            {
                "kind": "IUPAC Name",
                "value": "2-ethoxyethyl (2E)-3-(4-methoxyphenyl)prop-2-enoate",
                "source": "ChemAxon"
            },
            {
                "kind": "Traditional IUPAC Name",
                "value": "sundare",
                "source": "ChemAxon"
            },
            {
                "kind": "Molecular Weight",
                "value": "250.294",
                "source": "ChemAxon"
            },
            {
                "kind": "Monoisotopic Weight",
                "value": "250.12050906",
                "source": "ChemAxon"
            },
            {
                "kind": "SMILES",
                "value": "CCOCCOC(=O)\\C=C\\C1=CC=C(OC)C=C1",
                "source": "ChemAxon"
            },
            {
                "kind": "Molecular Formula",
                "value": "C14H18O4",
                "source": "ChemAxon"
            },
            {
                "kind": "InChI",
                "value": "InChI=1S/C14H18O4/c1-3-17-10-11-18-14(15)9-6-12-4-7-13(16-2)8-5-12/h4-9H,3,10-11H2,1-2H3/b9-6+",
                "source": "ChemAxon"
            },
            {
                "kind": "InChIKey",
                "value": "CMDKPGRTAQVGFQ-RMKNXTFCSA-N",
                "source": "ChemAxon"
            },
            {
                "kind": "Polar Surface Area (PSA)",
                "value": "44.76",
                "source": "ChemAxon"
            },
            {
                "kind": "Refractivity",
                "value": "70.08",
                "source": "ChemAxon"
            },
            {
                "kind": "Polarizability",
                "value": "27.39",
                "source": "ChemAxon"
            },
            {
                "kind": "Rotatable Bond Count",
                "value": "8",
                "source": "ChemAxon"
            },
            {
                "kind": "H Bond Acceptor Count",
                "value": "3",
                "source": "ChemAxon"
            },
            {
                "kind": "H Bond Donor Count",
                "value": "0",
                "source": "ChemAxon"
            },
            {
                "kind": "pKa (strongest basic)",
                "value": "-4.1",
                "source": "ChemAxon"
            },
            {
                "kind": "Physiological Charge",
                "value": "0",
                "source": "ChemAxon"
            },
            {
                "kind": "Number of Rings",
                "value": "1",
                "source": "ChemAxon"
            },
            {
                "kind": "Bioavailability",
                "value": "1",
                "source": "ChemAxon"
            },
            {
                "kind": "Rule of Five",
                "value": "1",
                "source": "ChemAxon"
            },
            {
                "kind": "Ghose Filter",
                "value": "1",
                "source": "ChemAxon"
            },
            {
                "kind": "MDDR-Like Rule",
                "value": "0",
                "source": "ChemAxon"
            }
        ]
    },
    "experimental-properties": null,
    "external-identifiers": {
        "external-identifier": [
            {
                "resource": "Drugs Product Database (DPD)",
                "identifier": "7101"
            },
            {
                "resource": "ChemSpider",
                "identifier": "4523729"
            },
            {
                "resource": "Wikipedia",
                "identifier": "Cinoxate"
            },
            {
                "resource": "ChEMBL",
                "identifier": "CHEMBL2104045"
            },
            {
                "resource": "ZINC",
                "identifier": "ZINC000002041136"
            },
            {
                "resource": "RxCUI",
                "identifier": "288262"
            }
        ]
    },
    "external-links": null,
    "pathways": null,
    "reactions": null,
    "snp-effects": null,
    "snp-adverse-drug-reactions": null,
    "targets": null,
    "enzymes": null,
    "carriers": null,
    "transporters": null
}