{
    "type": "small molecule",
    "created": "2019-05-20",
    "updated": "2022-12-13",
    "drugbank-id": [
        {
            "primary": true,
            "value": "DB15343"
        }
    ],
    "name": "Tuspetinib",
    "description": "Tuspetinib (HM-43239) is under investigation in clinical trial NCT03850574 (Clinical Trial to Evaluate the Safety, Tolerability, Pharmacokinetics and Pharmacodynamics of HM43239 in Patients With Relapsed or Refractory Acute Myeloid Leukemia).",
    "cas-number": null,
    "unii": "C0WUS7XXE9",
    "average-mass": 501.08,
    "monoisotopic-mass": 500.2455228,
    "groups": {
        "group": [
            "investigational"
        ]
    },
    "general-references": {
        "articles": null,
        "textbooks": null,
        "links": null,
        "attachments": null
    },
    "synthesis-reference": null,
    "indication": null,
    "pharmacodynamics": null,
    "mechanism-of-action": null,
    "toxicity": null,
    "metabolism": null,
    "absorption": null,
    "half-life": null,
    "protein-binding": null,
    "route-of-elimination": null,
    "volume-of-distribution": null,
    "clearance": null,
    "salts": {
        "salt": [
            {
                "drugbank-id": [
                    {
                        "primary": true,
                        "value": "DBSALT003283"
                    }
                ],
                "name": "Tuspetinib monohydrate",
                "unii": "1YT25M37WR",
                "cas-number": "2758339-04-5",
                "inchikey": null
            }
        ]
    },
    "synonyms": {
        "synonym": [
            {
                "language": "english",
                "coder": "",
                "value": "2-Pyrimidinamine, 5-chloro-N-(3-cyclopropyl-5-(((3R,5S)-3,5-dimethyl-1-piperazinyl)methyl)phenyl)-4-(6-methyl-1H-indol-3-yl)-, rel-"
            },
            {
                "language": "english",
                "coder": "",
                "value": "5-Chloro-N-(3-cyclopropyl-5-(((3R,5S)-3,5-dimethylpiperazine-1-yl) methyl) phenyl)-4-(6-methyl-1hindol-3-yl) pyrimidin-2-amine"
            }
        ]
    },
    "products": null,
    "international-brands": null,
    "mixtures": null,
    "packagers": null,
    "manufacturers": null,
    "prices": null,
    "categories": null,
    "affected-organisms": null,
    "dosages": null,
    "atc-codes": null,
    "ahfs-codes": null,
    "pdb-entries": null,
    "patents": null,
    "food-interactions": null,
    "drug-interactions": null,
    "calculated-properties": {
        "property": [
            {
                "kind": "logP",
                "value": "5.51",
                "source": "ALOGPS"
            },
            {
                "kind": "logS",
                "value": "-5.4",
                "source": "ALOGPS"
            },
            {
                "kind": "Water Solubility",
                "value": "1.88e-03 g/l",
                "source": "ALOGPS"
            },
            {
                "kind": "logP",
                "value": "6.44",
                "source": "ChemAxon"
            },
            {
                "kind": "IUPAC Name",
                "value": "5-chloro-N-(3-cyclopropyl-5-{[(3R,5S)-3,5-dimethylpiperazin-1-yl]methyl}phenyl)-4-(6-methyl-1H-indol-3-yl)pyrimidin-2-amine",
                "source": "ChemAxon"
            },
            {
                "kind": "Traditional IUPAC Name",
                "value": "(2R)-14-fluoro-2-methyl-6,9,10,19-tetraazapentacyclo[14.2.1.0^{2,6}.0^{8,18}.0^{12,17}]nonadeca-1(18),8,12(17),13,15-pentaen-11-one",
                "source": "ChemAxon"
            },
            {
                "kind": "Molecular Weight",
                "value": "501.08",
                "source": "ChemAxon"
            },
            {
                "kind": "Monoisotopic Weight",
                "value": "500.2455228",
                "source": "ChemAxon"
            },
            {
                "kind": "SMILES",
                "value": "C[C@H]1CN(CC2=CC(=CC(NC3=NC=C(Cl)C(=N3)C3=CNC4=C3C=CC(C)=C4)=C2)C2CC2)C[C@@H](C)N1",
                "source": "ChemAxon"
            },
            {
                "kind": "Molecular Formula",
                "value": "C29H33ClN6",
                "source": "ChemAxon"
            },
            {
                "kind": "InChI",
                "value": "InChI=1S/C29H33ClN6/c1-17-4-7-24-25(12-31-27(24)8-17)28-26(30)13-32-29(35-28)34-23-10-20(9-22(11-23)21-5-6-21)16-36-14-18(2)33-19(3)15-36/h4,7-13,18-19,21,31,33H,5-6,14-16H2,1-3H3,(H,32,34,35)/t18-,19+",
                "source": "ChemAxon"
            },
            {
                "kind": "InChIKey",
                "value": "FZLSDZZNPXXBBB-KDURUIRLSA-N",
                "source": "ChemAxon"
            },
            {
                "kind": "Polar Surface Area (PSA)",
                "value": "68.87",
                "source": "ChemAxon"
            },
            {
                "kind": "Refractivity",
                "value": "147.38",
                "source": "ChemAxon"
            },
            {
                "kind": "Polarizability",
                "value": "56.91",
                "source": "ChemAxon"
            },
            {
                "kind": "Rotatable Bond Count",
                "value": "6",
                "source": "ChemAxon"
            },
            {
                "kind": "H Bond Acceptor Count",
                "value": "5",
                "source": "ChemAxon"
            },
            {
                "kind": "H Bond Donor Count",
                "value": "3",
                "source": "ChemAxon"
            },
            {
                "kind": "pKa (strongest acidic)",
                "value": "13.22",
                "source": "ChemAxon"
            },
            {
                "kind": "pKa (strongest basic)",
                "value": "9.42",
                "source": "ChemAxon"
            },
            {
                "kind": "Physiological Charge",
                "value": "1",
                "source": "ChemAxon"
            },
            {
                "kind": "Number of Rings",
                "value": "6",
                "source": "ChemAxon"
            },
            {
                "kind": "Bioavailability",
                "value": "0",
                "source": "ChemAxon"
            },
            {
                "kind": "Rule of Five",
                "value": "0",
                "source": "ChemAxon"
            },
            {
                "kind": "Ghose Filter",
                "value": "0",
                "source": "ChemAxon"
            },
            {
                "kind": "MDDR-Like Rule",
                "value": "1",
                "source": "ChemAxon"
            }
        ]
    },
    "experimental-properties": null,
    "external-identifiers": {
        "external-identifier": [
            {
                "resource": "ChemSpider",
                "identifier": "75531294"
            },
            {
                "resource": "BindingDB",
                "identifier": "476700"
            }
        ]
    },
    "external-links": null,
    "pathways": null,
    "reactions": null,
    "snp-effects": null,
    "snp-adverse-drug-reactions": null,
    "targets": null,
    "enzymes": null,
    "carriers": null,
    "transporters": null
}