{
    "type": "small molecule",
    "created": "2019-05-20",
    "updated": "2020-06-12",
    "drugbank-id": [
        {
            "primary": true,
            "value": "DB15214"
        }
    ],
    "name": "BMS-986104",
    "description": "BMS-986104 is under investigation in clinical trial NCT02211469 (A Randomized, Placebo-Controlled, Double-Blind, Single Ascending Dose Study to Evaluate the Safety, Tolerability, Pharmacokinetics and Pharmacodynamics of BMS-986104 in Healthy Male Subjects).",
    "cas-number": "1622180-31-7",
    "unii": "KJ9D084FO4",
    "average-mass": 329.528,
    "monoisotopic-mass": 329.271864751,
    "groups": {
        "group": [
            "investigational"
        ]
    },
    "general-references": {
        "articles": null,
        "textbooks": null,
        "links": null,
        "attachments": null
    },
    "synthesis-reference": null,
    "indication": null,
    "pharmacodynamics": null,
    "mechanism-of-action": null,
    "toxicity": null,
    "metabolism": null,
    "absorption": null,
    "half-life": null,
    "protein-binding": null,
    "route-of-elimination": null,
    "volume-of-distribution": null,
    "clearance": null,
    "classification": {
        "description": "This compound belongs to the class of organic compounds known as tetralins. These are polycyclic aromatic compounds containing a tetralin moiety, which consists of a benzene fused to a cyclohexane.",
        "direct-parent": "Tetralins",
        "kingdom": "Organic compounds",
        "superclass": "Benzenoids",
        "class": "Tetralins",
        "subclass": null,
        "alternative-parent": [
            "1,2-aminoalcohols",
            "Aralkylamines",
            "Hydrocarbon derivatives",
            "Monoalkylamines",
            "Organopnictogen compounds",
            "Primary alcohols"
        ],
        "substituent": [
            "1,2-aminoalcohol",
            "Alcohol",
            "Amine",
            "Aralkylamine",
            "Aromatic homopolycyclic compound",
            "Hydrocarbon derivative",
            "Organic nitrogen compound",
            "Organic oxygen compound",
            "Organonitrogen compound",
            "Organooxygen compound",
            "Organopnictogen compound",
            "Primary alcohol",
            "Primary aliphatic amine",
            "Primary amine",
            "Tetralin"
        ]
    },
    "salts": null,
    "synonyms": null,
    "products": null,
    "international-brands": null,
    "mixtures": null,
    "packagers": null,
    "manufacturers": null,
    "prices": null,
    "categories": null,
    "affected-organisms": null,
    "dosages": null,
    "atc-codes": null,
    "ahfs-codes": null,
    "pdb-entries": null,
    "patents": null,
    "food-interactions": null,
    "drug-interactions": null,
    "calculated-properties": {
        "property": [
            {
                "kind": "logP",
                "value": "5.76",
                "source": "ALOGPS"
            },
            {
                "kind": "logS",
                "value": "-6.5",
                "source": "ALOGPS"
            },
            {
                "kind": "Water Solubility",
                "value": "1.08e-04 g/l",
                "source": "ALOGPS"
            },
            {
                "kind": "logP",
                "value": "5.35",
                "source": "ChemAxon"
            },
            {
                "kind": "IUPAC Name",
                "value": "[(1R,3S)-1-amino-3-[(6R)-6-hexyl-5,6,7,8-tetrahydronaphthalen-2-yl]cyclopentyl]methanol",
                "source": "ChemAxon"
            },
            {
                "kind": "Traditional IUPAC Name",
                "value": "(2R)-14-fluoro-2-methyl-6,9,10,19-tetraazapentacyclo[14.2.1.0^{2,6}.0^{8,18}.0^{12,17}]nonadeca-1(18),8,12(17),13,15-pentaen-11-one",
                "source": "ChemAxon"
            },
            {
                "kind": "Molecular Weight",
                "value": "329.528",
                "source": "ChemAxon"
            },
            {
                "kind": "Monoisotopic Weight",
                "value": "329.271864751",
                "source": "ChemAxon"
            },
            {
                "kind": "SMILES",
                "value": "CCCCCC[C@@H]1CCC2=C(C1)C=CC(=C2)[C@H]1CC[C@](N)(CO)C1",
                "source": "ChemAxon"
            },
            {
                "kind": "Molecular Formula",
                "value": "C22H35NO",
                "source": "ChemAxon"
            },
            {
                "kind": "InChI",
                "value": "InChI=1S/C22H35NO/c1-2-3-4-5-6-17-7-8-19-14-20(10-9-18(19)13-17)21-11-12-22(23,15-21)16-24/h9-10,14,17,21,24H,2-8,11-13,15-16,23H2,1H3/t17-,21+,22-/m1/s1",
                "source": "ChemAxon"
            },
            {
                "kind": "InChIKey",
                "value": "BPMMYKAHRIEVDH-VOQZNFBZSA-N",
                "source": "ChemAxon"
            },
            {
                "kind": "Polar Surface Area (PSA)",
                "value": "46.25",
                "source": "ChemAxon"
            },
            {
                "kind": "Refractivity",
                "value": "102.19",
                "source": "ChemAxon"
            },
            {
                "kind": "Polarizability",
                "value": "42.67",
                "source": "ChemAxon"
            },
            {
                "kind": "Rotatable Bond Count",
                "value": "7",
                "source": "ChemAxon"
            },
            {
                "kind": "H Bond Acceptor Count",
                "value": "2",
                "source": "ChemAxon"
            },
            {
                "kind": "H Bond Donor Count",
                "value": "2",
                "source": "ChemAxon"
            },
            {
                "kind": "pKa (strongest acidic)",
                "value": "14.78",
                "source": "ChemAxon"
            },
            {
                "kind": "pKa (strongest basic)",
                "value": "9.96",
                "source": "ChemAxon"
            },
            {
                "kind": "Physiological Charge",
                "value": "1",
                "source": "ChemAxon"
            },
            {
                "kind": "Number of Rings",
                "value": "3",
                "source": "ChemAxon"
            },
            {
                "kind": "Bioavailability",
                "value": "1",
                "source": "ChemAxon"
            },
            {
                "kind": "Rule of Five",
                "value": "0",
                "source": "ChemAxon"
            },
            {
                "kind": "Ghose Filter",
                "value": "1",
                "source": "ChemAxon"
            },
            {
                "kind": "MDDR-Like Rule",
                "value": "1",
                "source": "ChemAxon"
            }
        ]
    },
    "experimental-properties": null,
    "external-identifiers": {
        "external-identifier": [
            {
                "resource": "ChemSpider",
                "identifier": "58826382"
            },
            {
                "resource": "ChEMBL",
                "identifier": "CHEMBL3806158"
            }
        ]
    },
    "external-links": null,
    "pathways": null,
    "reactions": null,
    "snp-effects": null,
    "snp-adverse-drug-reactions": null,
    "targets": null,
    "enzymes": null,
    "carriers": null,
    "transporters": null
}