{
    "type": "small molecule",
    "created": "2019-05-20",
    "updated": "2021-02-21",
    "drugbank-id": [
        {
            "primary": true,
            "value": "DB15408"
        }
    ],
    "name": "Silmitasertib",
    "description": "Silmitasertib is under investigation in clinical trial NCT03904862 (Testing the Safety and Tolerability of CX-4945 in Patients With Recurrent Medulloblastoma Who May or May Not Have Surgery).",
    "cas-number": "1009820-21-6",
    "unii": "C6RWP0N0L2",
    "average-mass": 349.77,
    "monoisotopic-mass": 349.06180435,
    "groups": {
        "group": [
            "investigational"
        ]
    },
    "general-references": {
        "articles": null,
        "textbooks": null,
        "links": null,
        "attachments": null
    },
    "synthesis-reference": null,
    "indication": null,
    "pharmacodynamics": null,
    "mechanism-of-action": null,
    "toxicity": null,
    "metabolism": null,
    "absorption": null,
    "half-life": null,
    "protein-binding": null,
    "route-of-elimination": null,
    "volume-of-distribution": null,
    "clearance": null,
    "salts": null,
    "synonyms": {
        "synonym": [
            {
                "language": "english",
                "coder": "inn",
                "value": "Silmitasertib"
            }
        ]
    },
    "products": null,
    "international-brands": null,
    "mixtures": null,
    "packagers": null,
    "manufacturers": null,
    "prices": null,
    "categories": {
        "category": [
            {
                "category": "Casein Kinase II, antagonists & inhibitors",
                "mesh-id": null
            },
            {
                "category": "Heterocyclic Compounds, Fused-Ring",
                "mesh-id": "D000072471"
            }
        ]
    },
    "affected-organisms": null,
    "dosages": null,
    "atc-codes": null,
    "ahfs-codes": null,
    "pdb-entries": {
        "pdb-entry": [
            "3nga",
            "3pe1",
            "5o11",
            "6fyl",
            "6fyp",
            "6fyv",
            "6hmb",
            "6isj",
            "6k3l",
            "6khd",
            "6khe",
            "6khf",
            "6p5s"
        ]
    },
    "patents": null,
    "food-interactions": null,
    "drug-interactions": null,
    "calculated-properties": {
        "property": [
            {
                "kind": "logP",
                "value": "4.32",
                "source": "ALOGPS"
            },
            {
                "kind": "logS",
                "value": "-5.2",
                "source": "ALOGPS"
            },
            {
                "kind": "Water Solubility",
                "value": "2.34e-03 g/l",
                "source": "ALOGPS"
            },
            {
                "kind": "logP",
                "value": "3.29",
                "source": "ChemAxon"
            },
            {
                "kind": "IUPAC Name",
                "value": "5-[(3-chlorophenyl)amino]benzo[c]2,6-naphthyridine-8-carboxylic acid",
                "source": "ChemAxon"
            },
            {
                "kind": "Traditional IUPAC Name",
                "value": "(2R)-14-fluoro-2-methyl-6,9,10,19-tetraazapentacyclo[14.2.1.0^{2,6}.0^{8,18}.0^{12,17}]nonadeca-1(18),8,12(17),13,15-pentaen-11-one",
                "source": "ChemAxon"
            },
            {
                "kind": "Molecular Weight",
                "value": "349.77",
                "source": "ChemAxon"
            },
            {
                "kind": "Monoisotopic Weight",
                "value": "349.06180435",
                "source": "ChemAxon"
            },
            {
                "kind": "SMILES",
                "value": "OC(=O)C1=CC2=C(C=C1)C1=C(C=CN=C1)C(NC1=CC(Cl)=CC=C1)=N2",
                "source": "ChemAxon"
            },
            {
                "kind": "Molecular Formula",
                "value": "C19H12ClN3O2",
                "source": "ChemAxon"
            },
            {
                "kind": "InChI",
                "value": "InChI=1S/C19H12ClN3O2/c20-12-2-1-3-13(9-12)22-18-15-6-7-21-10-16(15)14-5-4-11(19(24)25)8-17(14)23-18/h1-10H,(H,22,23)(H,24,25)",
                "source": "ChemAxon"
            },
            {
                "kind": "InChIKey",
                "value": "MUOKSQABCJCOPU-UHFFFAOYSA-N",
                "source": "ChemAxon"
            },
            {
                "kind": "Polar Surface Area (PSA)",
                "value": "75.11",
                "source": "ChemAxon"
            },
            {
                "kind": "Refractivity",
                "value": "95.13",
                "source": "ChemAxon"
            },
            {
                "kind": "Polarizability",
                "value": "35.31",
                "source": "ChemAxon"
            },
            {
                "kind": "Rotatable Bond Count",
                "value": "3",
                "source": "ChemAxon"
            },
            {
                "kind": "H Bond Acceptor Count",
                "value": "5",
                "source": "ChemAxon"
            },
            {
                "kind": "H Bond Donor Count",
                "value": "2",
                "source": "ChemAxon"
            },
            {
                "kind": "pKa (strongest acidic)",
                "value": "3.02",
                "source": "ChemAxon"
            },
            {
                "kind": "pKa (strongest basic)",
                "value": "4.61",
                "source": "ChemAxon"
            },
            {
                "kind": "Physiological Charge",
                "value": "-1",
                "source": "ChemAxon"
            },
            {
                "kind": "Number of Rings",
                "value": "4",
                "source": "ChemAxon"
            },
            {
                "kind": "Bioavailability",
                "value": "1",
                "source": "ChemAxon"
            },
            {
                "kind": "Rule of Five",
                "value": "1",
                "source": "ChemAxon"
            },
            {
                "kind": "Ghose Filter",
                "value": "1",
                "source": "ChemAxon"
            },
            {
                "kind": "MDDR-Like Rule",
                "value": "0",
                "source": "ChemAxon"
            }
        ]
    },
    "experimental-properties": null,
    "external-identifiers": {
        "external-identifier": [
            {
                "resource": "ChemSpider",
                "identifier": "25057795"
            },
            {
                "resource": "BindingDB",
                "identifier": "50335638"
            },
            {
                "resource": "PDB",
                "identifier": "3NG"
            },
            {
                "resource": "Wikipedia",
                "identifier": "Silmitasertib"
            },
            {
                "resource": "ChEMBL",
                "identifier": "CHEMBL1230165"
            },
            {
                "resource": "ZINC",
                "identifier": "ZINC000058638454"
            }
        ]
    },
    "external-links": null,
    "pathways": null,
    "reactions": null,
    "snp-effects": null,
    "snp-adverse-drug-reactions": null,
    "targets": null,
    "enzymes": null,
    "carriers": null,
    "transporters": null
}