{
    "type": "small molecule",
    "created": "2019-05-20",
    "updated": "2021-02-21",
    "drugbank-id": [
        {
            "primary": true,
            "value": "DB15310"
        }
    ],
    "name": "Vactosertib",
    "description": "Vactosertib is under investigation in clinical trial NCT03724851 (Vactosertib in Combination With Pembrolizumab in Metastatic Colorectal or Gastric Cancer).",
    "cas-number": "1352608-82-2",
    "unii": "6T4O391P5Y",
    "average-mass": 399.433,
    "monoisotopic-mass": 399.160771771,
    "groups": {
        "group": [
            "investigational"
        ]
    },
    "general-references": {
        "articles": null,
        "textbooks": null,
        "links": null,
        "attachments": null
    },
    "synthesis-reference": null,
    "indication": null,
    "pharmacodynamics": null,
    "mechanism-of-action": null,
    "toxicity": null,
    "metabolism": null,
    "absorption": null,
    "half-life": null,
    "protein-binding": null,
    "route-of-elimination": null,
    "volume-of-distribution": null,
    "clearance": null,
    "classification": {
        "description": "This compound belongs to the class of organic compounds known as triazolopyridines. These are compounds containing a triazole ring fused to a pyridine ring. Triazole is a five-membered ring consisting of two carbon atoms and three nitrogen atoms. Pyridine is a 6-membered ring consisting of five carbon atoms and one nitrogen center.",
        "direct-parent": "Triazolopyridines",
        "kingdom": "Organic compounds",
        "superclass": "Organoheterocyclic compounds",
        "class": "Triazolopyridines",
        "subclass": null,
        "alternative-parent": [
            "2,4,5-trisubstituted imidazoles",
            "Aniline and substituted anilines",
            "Aryl fluorides",
            "Azacyclic compounds",
            "Fluorobenzenes",
            "Heteroaromatic compounds",
            "Hydrocarbon derivatives",
            "Methylpyridines",
            "Organofluorides",
            "Phenylalkylamines",
            "Secondary alkylarylamines",
            "Triazoles"
        ],
        "substituent": [
            "1,2,4-triazole",
            "2,4,5-trisubstituted-imidazole",
            "Amine",
            "Aniline or substituted anilines",
            "Aralkylamine",
            "Aromatic heteropolycyclic compound",
            "Aryl fluoride",
            "Aryl halide",
            "Azacycle",
            "Azole",
            "Benzenoid",
            "Fluorobenzene",
            "Halobenzene",
            "Heteroaromatic compound",
            "Hydrocarbon derivative",
            "Imidazole",
            "Methylpyridine",
            "Monocyclic benzene moiety",
            "Organic nitrogen compound",
            "Organofluoride",
            "Organohalogen compound",
            "Organonitrogen compound",
            "Phenylalkylamine",
            "Pyridine",
            "Secondary aliphatic/aromatic amine",
            "Secondary amine",
            "Triazolopyridine",
            "Trisubstituted imidazole"
        ]
    },
    "salts": null,
    "synonyms": {
        "synonym": [
            {
                "language": "english",
                "coder": "inn",
                "value": "Vactosertib"
            }
        ]
    },
    "products": null,
    "international-brands": null,
    "mixtures": null,
    "packagers": null,
    "manufacturers": null,
    "prices": null,
    "categories": {
        "category": [
            {
                "category": "Amines",
                "mesh-id": "D000588"
            },
            {
                "category": "Enzyme Inhibitors",
                "mesh-id": "D004791"
            },
            {
                "category": "Protein Kinase Inhibitors",
                "mesh-id": "D047428"
            }
        ]
    },
    "affected-organisms": null,
    "dosages": null,
    "atc-codes": null,
    "ahfs-codes": null,
    "pdb-entries": null,
    "patents": null,
    "food-interactions": null,
    "drug-interactions": null,
    "calculated-properties": {
        "property": [
            {
                "kind": "logP",
                "value": "3.88",
                "source": "ALOGPS"
            },
            {
                "kind": "logS",
                "value": "-4.6",
                "source": "ALOGPS"
            },
            {
                "kind": "Water Solubility",
                "value": "9.36e-03 g/l",
                "source": "ALOGPS"
            },
            {
                "kind": "logP",
                "value": "3.36",
                "source": "ChemAxon"
            },
            {
                "kind": "IUPAC Name",
                "value": "2-fluoro-N-{[5-(6-methylpyridin-2-yl)-4-{[1,2,4]triazolo[1,5-a]pyridin-6-yl}-1H-imidazol-2-yl]methyl}aniline",
                "source": "ChemAxon"
            },
            {
                "kind": "Traditional IUPAC Name",
                "value": "(2R)-14-fluoro-2-methyl-6,9,10,19-tetraazapentacyclo[14.2.1.0^{2,6}.0^{8,18}.0^{12,17}]nonadeca-1(18),8,12(17),13,15-pentaen-11-one",
                "source": "ChemAxon"
            },
            {
                "kind": "Molecular Weight",
                "value": "399.433",
                "source": "ChemAxon"
            },
            {
                "kind": "Monoisotopic Weight",
                "value": "399.160771771",
                "source": "ChemAxon"
            },
            {
                "kind": "SMILES",
                "value": "CC1=NC(=CC=C1)C1=C(N=C(CNC2=C(F)C=CC=C2)N1)C1=CN2N=CN=C2C=C1",
                "source": "ChemAxon"
            },
            {
                "kind": "Molecular Formula",
                "value": "C22H18FN7",
                "source": "ChemAxon"
            },
            {
                "kind": "InChI",
                "value": "InChI=1S/C22H18FN7/c1-14-5-4-8-18(27-14)22-21(15-9-10-20-25-13-26-30(20)12-15)28-19(29-22)11-24-17-7-3-2-6-16(17)23/h2-10,12-13,24H,11H2,1H3,(H,28,29)",
                "source": "ChemAxon"
            },
            {
                "kind": "InChIKey",
                "value": "FJCDSQATIJKQKA-UHFFFAOYSA-N",
                "source": "ChemAxon"
            },
            {
                "kind": "Polar Surface Area (PSA)",
                "value": "83.79",
                "source": "ChemAxon"
            },
            {
                "kind": "Refractivity",
                "value": "123.9",
                "source": "ChemAxon"
            },
            {
                "kind": "Polarizability",
                "value": "42.5",
                "source": "ChemAxon"
            },
            {
                "kind": "Rotatable Bond Count",
                "value": "5",
                "source": "ChemAxon"
            },
            {
                "kind": "H Bond Acceptor Count",
                "value": "5",
                "source": "ChemAxon"
            },
            {
                "kind": "H Bond Donor Count",
                "value": "2",
                "source": "ChemAxon"
            },
            {
                "kind": "pKa (strongest acidic)",
                "value": "10.77",
                "source": "ChemAxon"
            },
            {
                "kind": "pKa (strongest basic)",
                "value": "4.59",
                "source": "ChemAxon"
            },
            {
                "kind": "Physiological Charge",
                "value": "0",
                "source": "ChemAxon"
            },
            {
                "kind": "Number of Rings",
                "value": "5",
                "source": "ChemAxon"
            },
            {
                "kind": "Bioavailability",
                "value": "1",
                "source": "ChemAxon"
            },
            {
                "kind": "Rule of Five",
                "value": "1",
                "source": "ChemAxon"
            },
            {
                "kind": "Ghose Filter",
                "value": "1",
                "source": "ChemAxon"
            },
            {
                "kind": "MDDR-Like Rule",
                "value": "0",
                "source": "ChemAxon"
            }
        ]
    },
    "experimental-properties": null,
    "external-identifiers": {
        "external-identifier": [
            {
                "resource": "ChemSpider",
                "identifier": "32813335"
            },
            {
                "resource": "BindingDB",
                "identifier": "50015639"
            },
            {
                "resource": "ChEMBL",
                "identifier": "CHEMBL3260567"
            },
            {
                "resource": "ZINC",
                "identifier": "ZINC000113391423"
            }
        ]
    },
    "external-links": null,
    "pathways": null,
    "reactions": null,
    "snp-effects": null,
    "snp-adverse-drug-reactions": null,
    "targets": null,
    "enzymes": null,
    "carriers": null,
    "transporters": null
}