{
    "type": "small molecule",
    "created": "2019-05-20",
    "updated": "2021-02-21",
    "drugbank-id": [
        {
            "primary": true,
            "value": "DB15188"
        }
    ],
    "name": "Livoletide",
    "description": "Livoletide is under investigation in clinical trial NCT03790865 (Effects of Livoletide (AZP-531) on Food-related Behaviors in Patients With Prader-Willi Syndrome).",
    "cas-number": "1088543-62-7",
    "unii": "9VHD7J6363",
    "average-mass": 962.036,
    "monoisotopic-mass": 961.472977149,
    "groups": {
        "group": [
            "investigational"
        ]
    },
    "general-references": {
        "articles": null,
        "textbooks": null,
        "links": null,
        "attachments": null
    },
    "synthesis-reference": null,
    "indication": null,
    "pharmacodynamics": null,
    "mechanism-of-action": null,
    "toxicity": null,
    "metabolism": null,
    "absorption": null,
    "half-life": null,
    "protein-binding": null,
    "route-of-elimination": null,
    "volume-of-distribution": null,
    "clearance": null,
    "salts": null,
    "synonyms": {
        "synonym": [
            {
                "language": "english",
                "coder": "inn",
                "value": "Livoletide"
            },
            {
                "language": "french",
                "coder": "inn",
                "value": "Livolétide"
            },
            {
                "language": "latin",
                "coder": "inn",
                "value": "Livoletidum"
            }
        ]
    },
    "products": null,
    "international-brands": null,
    "mixtures": null,
    "packagers": null,
    "manufacturers": null,
    "prices": null,
    "categories": null,
    "affected-organisms": null,
    "dosages": null,
    "atc-codes": null,
    "ahfs-codes": null,
    "pdb-entries": null,
    "patents": null,
    "food-interactions": null,
    "drug-interactions": null,
    "calculated-properties": {
        "property": [
            {
                "kind": "logP",
                "value": "-2.4",
                "source": "ALOGPS"
            },
            {
                "kind": "logS",
                "value": "-2.9",
                "source": "ALOGPS"
            },
            {
                "kind": "Water Solubility",
                "value": "1.20e+00 g/l",
                "source": "ALOGPS"
            },
            {
                "kind": "logP",
                "value": "-10",
                "source": "ChemAxon"
            },
            {
                "kind": "IUPAC Name",
                "value": "3-[(3S,6S,9S,12S,15S,18S,21S,26aS)-12-(3-carbamimidamidopropyl)-9,18-bis(2-carbamoylethyl)-21-(hydroxymethyl)-6-[(1H-imidazol-5-yl)methyl]-1,4,7,10,13,16,19,22-octaoxo-15-(propan-2-yl)-hexacosahydropyrrolo[1,2-a]1,4,7,10,13,16,19,22-octaazacyclotetracosan-3-yl]propanoic acid",
                "source": "ChemAxon"
            },
            {
                "kind": "Traditional IUPAC Name",
                "value": "2lambda5-triaz-1-en-2-yn-1-ide hydrate diiron",
                "source": "ChemAxon"
            },
            {
                "kind": "Molecular Weight",
                "value": "962.036",
                "source": "ChemAxon"
            },
            {
                "kind": "Monoisotopic Weight",
                "value": "961.472977149",
                "source": "ChemAxon"
            },
            {
                "kind": "SMILES",
                "value": "[H][C@@]12CCCN1C(=O)[C@H](CO)NC(=O)[C@H](CCC(N)=O)NC(=O)[C@@H](NC(=O)[C@H](CCCNC(N)=N)NC(=O)[C@H](CCC(N)=O)NC(=O)[C@H](CC1=CN=CN1)NC(=O)[C@H](CCC(O)=O)NC2=O)C(C)C",
                "source": "ChemAxon"
            },
            {
                "kind": "Molecular Formula",
                "value": "C40H63N15O13",
                "source": "ChemAxon"
            },
            {
                "kind": "InChI",
                "value": "InChI=1S/C40H63N15O13/c1-19(2)31-38(67)51-23(8-11-29(42)58)34(63)53-26(17-56)39(68)55-14-4-6-27(55)37(66)50-24(9-12-30(59)60)33(62)52-25(15-20-16-45-18-47-20)36(65)49-22(7-10-28(41)57)32(61)48-21(35(64)54-31)5-3-13-46-40(43)44/h16,18-19,21-27,31,56H,3-15,17H2,1-2H3,(H2,41,57)(H2,42,58)(H,45,47)(H,48,61)(H,49,65)(H,50,66)(H,51,67)(H,52,62)(H,53,63)(H,54,64)(H,59,60)(H4,43,44,46)/t21-,22-,23-,24-,25-,26-,27-,31-/m0/s1",
                "source": "ChemAxon"
            },
            {
                "kind": "InChIKey",
                "value": "JXPWLIYXIWGWSA-CLBRJLNISA-N",
                "source": "ChemAxon"
            },
            {
                "kind": "Polar Surface Area (PSA)",
                "value": "458.3",
                "source": "ChemAxon"
            },
            {
                "kind": "Refractivity",
                "value": "243.61",
                "source": "ChemAxon"
            },
            {
                "kind": "Polarizability",
                "value": "95.19",
                "source": "ChemAxon"
            },
            {
                "kind": "Rotatable Bond Count",
                "value": "17",
                "source": "ChemAxon"
            },
            {
                "kind": "H Bond Acceptor Count",
                "value": "17",
                "source": "ChemAxon"
            },
            {
                "kind": "H Bond Donor Count",
                "value": "15",
                "source": "ChemAxon"
            },
            {
                "kind": "pKa (strongest acidic)",
                "value": "3.51",
                "source": "ChemAxon"
            },
            {
                "kind": "pKa (strongest basic)",
                "value": "11.74",
                "source": "ChemAxon"
            },
            {
                "kind": "Physiological Charge",
                "value": "1",
                "source": "ChemAxon"
            },
            {
                "kind": "Number of Rings",
                "value": "3",
                "source": "ChemAxon"
            },
            {
                "kind": "Bioavailability",
                "value": "0",
                "source": "ChemAxon"
            },
            {
                "kind": "Rule of Five",
                "value": "0",
                "source": "ChemAxon"
            },
            {
                "kind": "Ghose Filter",
                "value": "0",
                "source": "ChemAxon"
            },
            {
                "kind": "MDDR-Like Rule",
                "value": "1",
                "source": "ChemAxon"
            }
        ]
    },
    "experimental-properties": null,
    "external-identifiers": {
        "external-identifier": [
            {
                "resource": "ChemSpider",
                "identifier": "28528452"
            },
            {
                "resource": "ChEMBL",
                "identifier": "CHEMBL2029605"
            }
        ]
    },
    "external-links": null,
    "pathways": null,
    "reactions": null,
    "snp-effects": null,
    "snp-adverse-drug-reactions": null,
    "targets": null,
    "enzymes": null,
    "carriers": null,
    "transporters": null
}