{
    "type": "small molecule",
    "created": "2019-05-20",
    "updated": "2021-02-21",
    "drugbank-id": [
        {
            "primary": true,
            "value": "DB15403"
        }
    ],
    "name": "Ziritaxestat",
    "description": "Ziritaxestat is under investigation in clinical trial NCT03798366 (A Clinical Study to Test How Effective and Safe GLPG1690 is for Patients With Systemic Sclerosis).",
    "cas-number": "1628260-79-6",
    "unii": "I02418V13W",
    "average-mass": 588.71,
    "monoisotopic-mass": 588.243121672,
    "groups": {
        "group": [
            "investigational"
        ]
    },
    "general-references": {
        "articles": null,
        "textbooks": null,
        "links": null,
        "attachments": null
    },
    "synthesis-reference": null,
    "indication": null,
    "pharmacodynamics": null,
    "mechanism-of-action": null,
    "toxicity": null,
    "metabolism": null,
    "absorption": null,
    "half-life": null,
    "protein-binding": null,
    "route-of-elimination": null,
    "volume-of-distribution": null,
    "clearance": null,
    "salts": null,
    "synonyms": {
        "synonym": [
            {
                "language": "english",
                "coder": "inn/usan",
                "value": "Ziritaxestat"
            }
        ]
    },
    "products": null,
    "international-brands": null,
    "mixtures": null,
    "packagers": null,
    "manufacturers": null,
    "prices": null,
    "categories": null,
    "affected-organisms": null,
    "dosages": null,
    "atc-codes": null,
    "ahfs-codes": null,
    "pdb-entries": {
        "pdb-entry": [
            "5mhp"
        ]
    },
    "patents": null,
    "food-interactions": null,
    "drug-interactions": null,
    "calculated-properties": {
        "property": [
            {
                "kind": "logP",
                "value": "4.1",
                "source": "ALOGPS"
            },
            {
                "kind": "logS",
                "value": "-4.3",
                "source": "ALOGPS"
            },
            {
                "kind": "Water Solubility",
                "value": "3.24e-02 g/l",
                "source": "ALOGPS"
            },
            {
                "kind": "logP",
                "value": "3.64",
                "source": "ChemAxon"
            },
            {
                "kind": "IUPAC Name",
                "value": "2-[(2-ethyl-6-{4-[2-(3-hydroxyazetidin-1-yl)-2-oxoethyl]piperazin-1-yl}-8-methylimidazo[1,2-a]pyridin-3-yl)(methyl)amino]-4-(4-fluorophenyl)-1,3-thiazole-5-carbonitrile",
                "source": "ChemAxon"
            },
            {
                "kind": "Traditional IUPAC Name",
                "value": "(2R)-14-fluoro-2-methyl-6,9,10,19-tetraazapentacyclo[14.2.1.0^{2,6}.0^{8,18}.0^{12,17}]nonadeca-1(18),8,12(17),13,15-pentaen-11-one",
                "source": "ChemAxon"
            },
            {
                "kind": "Molecular Weight",
                "value": "588.71",
                "source": "ChemAxon"
            },
            {
                "kind": "Monoisotopic Weight",
                "value": "588.243121672",
                "source": "ChemAxon"
            },
            {
                "kind": "SMILES",
                "value": "CCC1=C(N(C)C2=NC(=C(S2)C#N)C2=CC=C(F)C=C2)N2C=C(C=C(C)C2=N1)N1CCN(CC(=O)N2CC(O)C2)CC1",
                "source": "ChemAxon"
            },
            {
                "kind": "Molecular Formula",
                "value": "C30H33FN8O2S",
                "source": "ChemAxon"
            },
            {
                "kind": "InChI",
                "value": "InChI=1S/C30H33FN8O2S/c1-4-24-29(35(3)30-34-27(25(14-32)42-30)20-5-7-21(31)8-6-20)39-15-22(13-19(2)28(39)33-24)37-11-9-36(10-12-37)18-26(41)38-16-23(40)17-38/h5-8,13,15,23,40H,4,9-12,16-18H2,1-3H3",
                "source": "ChemAxon"
            },
            {
                "kind": "InChIKey",
                "value": "REQQVBGILUTQNN-UHFFFAOYSA-N",
                "source": "ChemAxon"
            },
            {
                "kind": "Polar Surface Area (PSA)",
                "value": "104.24",
                "source": "ChemAxon"
            },
            {
                "kind": "Refractivity",
                "value": "160.17",
                "source": "ChemAxon"
            },
            {
                "kind": "Polarizability",
                "value": "63.81",
                "source": "ChemAxon"
            },
            {
                "kind": "Rotatable Bond Count",
                "value": "7",
                "source": "ChemAxon"
            },
            {
                "kind": "H Bond Acceptor Count",
                "value": "8",
                "source": "ChemAxon"
            },
            {
                "kind": "H Bond Donor Count",
                "value": "1",
                "source": "ChemAxon"
            },
            {
                "kind": "pKa (strongest acidic)",
                "value": "14.76",
                "source": "ChemAxon"
            },
            {
                "kind": "pKa (strongest basic)",
                "value": "7.85",
                "source": "ChemAxon"
            },
            {
                "kind": "Physiological Charge",
                "value": "1",
                "source": "ChemAxon"
            },
            {
                "kind": "Number of Rings",
                "value": "6",
                "source": "ChemAxon"
            },
            {
                "kind": "Bioavailability",
                "value": "1",
                "source": "ChemAxon"
            },
            {
                "kind": "Rule of Five",
                "value": "0",
                "source": "ChemAxon"
            },
            {
                "kind": "Ghose Filter",
                "value": "0",
                "source": "ChemAxon"
            },
            {
                "kind": "MDDR-Like Rule",
                "value": "1",
                "source": "ChemAxon"
            }
        ]
    },
    "experimental-properties": null,
    "external-identifiers": {
        "external-identifier": [
            {
                "resource": "ChemSpider",
                "identifier": "58828502"
            },
            {
                "resource": "BindingDB",
                "identifier": "50187686"
            },
            {
                "resource": "PDB",
                "identifier": "7NB"
            },
            {
                "resource": "ChEMBL",
                "identifier": "CHEMBL3828074"
            }
        ]
    },
    "external-links": null,
    "pathways": null,
    "reactions": null,
    "snp-effects": null,
    "snp-adverse-drug-reactions": null,
    "targets": null,
    "enzymes": null,
    "carriers": null,
    "transporters": null
}