{
    "type": "small molecule",
    "created": "2019-05-20",
    "updated": "2020-06-12",
    "drugbank-id": [
        {
            "primary": true,
            "value": "DB15355"
        }
    ],
    "name": "PL-3994",
    "description": "PL-3994 is under investigation in clinical trial NCT01304628 (Cross-Over Study of Subcutaneous Study Drug for the Treatment of Patients With Mild to Moderate Asthma).",
    "cas-number": "952295-80-6",
    "unii": "YI2S0GUQ2C",
    "average-mass": 1875.21,
    "monoisotopic-mass": 1873.919211945,
    "groups": {
        "group": [
            "investigational"
        ]
    },
    "general-references": {
        "articles": null,
        "textbooks": null,
        "links": null,
        "attachments": null
    },
    "synthesis-reference": null,
    "indication": null,
    "pharmacodynamics": null,
    "mechanism-of-action": null,
    "toxicity": null,
    "metabolism": null,
    "absorption": null,
    "half-life": null,
    "protein-binding": null,
    "route-of-elimination": null,
    "volume-of-distribution": null,
    "clearance": null,
    "salts": null,
    "synonyms": null,
    "products": null,
    "international-brands": null,
    "mixtures": null,
    "packagers": null,
    "manufacturers": null,
    "prices": null,
    "categories": {
        "category": [
            {
                "category": "Amino Acids, Peptides, and Proteins",
                "mesh-id": "D000602"
            },
            {
                "category": "Bronchodilator Agents",
                "mesh-id": "D001993"
            },
            {
                "category": "Peptides",
                "mesh-id": "D010455"
            },
            {
                "category": "Receptors, Atrial Natriuretic Factor, agonists",
                "mesh-id": null
            }
        ]
    },
    "affected-organisms": null,
    "dosages": null,
    "atc-codes": null,
    "ahfs-codes": null,
    "pdb-entries": null,
    "patents": null,
    "food-interactions": null,
    "drug-interactions": null,
    "calculated-properties": {
        "property": [
            {
                "kind": "logP",
                "value": "-0.27",
                "source": "ALOGPS"
            },
            {
                "kind": "logS",
                "value": "-4.6",
                "source": "ALOGPS"
            },
            {
                "kind": "Water Solubility",
                "value": "5.00e-02 g/l",
                "source": "ALOGPS"
            },
            {
                "kind": "logP",
                "value": "-11",
                "source": "ChemAxon"
            },
            {
                "kind": "IUPAC Name",
                "value": "2-[(4R,7S,10S,13S,16S,19R,22S,28R,31S,34S,37S)-31-benzyl-10-[(2S)-butan-2-yl]-19-butyl-13,22-bis(3-carbamimidamidopropyl)-4-{[(2S)-1-[(2S,5R)-2-(3-carbamimidamidopropyl)-5-carbamoyl-3-oxopiperazin-1-yl]-3-(4-hydroxyphenyl)-1-oxopropan-2-yl]carbamoyl}-37-heptanamido-7-(hydroxymethyl)-34-[(1H-imidazol-4-yl)methyl]-28-methyl-6,9,12,15,18,21,24,27,30,33,36-undecaoxo-1,2-dithia-5,8,11,14,17,20,23,26,29,32,35-undecaazacyclooctatriacontan-16-yl]acetic acid",
                "source": "ChemAxon"
            },
            {
                "kind": "Traditional IUPAC Name",
                "value": "(2R)-14-fluoro-2-methyl-6,9,10,19-tetraazapentacyclo[14.2.1.0^{2,6}.0^{8,18}.0^{12,17}]nonadeca-1(18),8,12(17),13,15-pentaen-11-one",
                "source": "ChemAxon"
            },
            {
                "kind": "Molecular Weight",
                "value": "1875.21",
                "source": "ChemAxon"
            },
            {
                "kind": "Monoisotopic Weight",
                "value": "1873.919211945",
                "source": "ChemAxon"
            },
            {
                "kind": "SMILES",
                "value": "CCCCCCC(=O)N[C@@H]1CSSC[C@H](NC(=O)[C@H](CO)NC(=O)[C@@H](NC(=O)[C@H](CCCNC(N)=N)NC(=O)[C@H](CC(O)=O)NC(=O)[C@@H](CCCC)NC(=O)[C@H](CCCNC(N)=N)NC(=O)CNC(=O)[C@@H](C)NC(=O)[C@H](CC2=CC=CC=C2)NC(=O)[C@H](CC2=CNC=N2)NC1=O)[C@@H](C)CC)C(=O)N[C@@H](CC1=CC=C(O)C=C1)C(=O)N1C[C@@H](NC(=O)[C@@H]1CCCNC(N)=N)C(N)=O",
                "source": "ChemAxon"
            },
            {
                "kind": "Molecular Formula",
                "value": "C82H127N27O20S2",
                "source": "ChemAxon"
            },
            {
                "kind": "InChI",
                "value": "InChI=1S/C82H127N27O20S2/c1-6-9-11-15-25-62(112)98-59-41-130-131-42-60(76(126)104-56(34-47-26-28-49(111)29-27-47)79(129)109-39-57(66(83)116)105-77(127)61(109)24-18-32-93-82(88)89)107-74(124)58(40-110)106-78(128)65(44(4)8-3)108-70(120)52(23-17-31-92-81(86)87)100-73(123)55(36-64(114)115)103-69(119)51(21-10-7-2)99-68(118)50(22-16-30-91-80(84)85)97-63(113)38-94-67(117)45(5)96-71(121)53(33-46-19-13-12-14-20-46)101-72(122)54(102-75(59)125)35-48-37-90-43-95-48/h12-14,19-20,26-29,37,43-45,50-61,65,110-111H,6-11,15-18,21-25,30-36,38-42H2,1-5H3,(H2,83,116)(H,90,95)(H,94,117)(H,96,121)(H,97,113)(H,98,112)(H,99,118)(H,100,123)(H,101,122)(H,102,125)(H,103,119)(H,104,126)(H,105,127)(H,106,128)(H,107,124)(H,108,120)(H,114,115)(H4,84,85,91)(H4,86,87,92)(H4,88,89,93)/t44-,45+,50?,51+,52?,53-,54?,55-,56-,57+,58?,59?,60-,61-,65-/m0/s1",
                "source": "ChemAxon"
            },
            {
                "kind": "InChIKey",
                "value": "HSHVZRILAMZYHY-HJNNUAIJSA-N",
                "source": "ChemAxon"
            },
            {
                "kind": "Polar Surface Area (PSA)",
                "value": "762.94",
                "source": "ChemAxon"
            },
            {
                "kind": "Refractivity",
                "value": "507.91",
                "source": "ChemAxon"
            },
            {
                "kind": "Polarizability",
                "value": "190.05",
                "source": "ChemAxon"
            },
            {
                "kind": "Rotatable Bond Count",
                "value": "36",
                "source": "ChemAxon"
            },
            {
                "kind": "H Bond Acceptor Count",
                "value": "30",
                "source": "ChemAxon"
            },
            {
                "kind": "H Bond Donor Count",
                "value": "28",
                "source": "ChemAxon"
            },
            {
                "kind": "pKa (strongest acidic)",
                "value": "3.63",
                "source": "ChemAxon"
            },
            {
                "kind": "pKa (strongest basic)",
                "value": "12.4",
                "source": "ChemAxon"
            },
            {
                "kind": "Physiological Charge",
                "value": "2",
                "source": "ChemAxon"
            },
            {
                "kind": "Number of Rings",
                "value": "5",
                "source": "ChemAxon"
            },
            {
                "kind": "Bioavailability",
                "value": "0",
                "source": "ChemAxon"
            },
            {
                "kind": "Rule of Five",
                "value": "0",
                "source": "ChemAxon"
            },
            {
                "kind": "Ghose Filter",
                "value": "0",
                "source": "ChemAxon"
            },
            {
                "kind": "MDDR-Like Rule",
                "value": "1",
                "source": "ChemAxon"
            }
        ]
    },
    "experimental-properties": null,
    "external-identifiers": null,
    "external-links": null,
    "pathways": null,
    "reactions": null,
    "snp-effects": null,
    "snp-adverse-drug-reactions": null,
    "targets": null,
    "enzymes": null,
    "carriers": null,
    "transporters": null
}