{
    "type": "small molecule",
    "created": "2019-05-20",
    "updated": "2020-06-12",
    "drugbank-id": [
        {
            "primary": true,
            "value": "DB15377"
        }
    ],
    "name": "ATB-346",
    "description": "ATB-346 is under investigation in clinical trial NCT03220633 (Study To Assess Safety, Tolerability And PK Of ATB-346 In Healthy Subjects).",
    "cas-number": "1226895-20-0",
    "unii": "3096O7WP53",
    "average-mass": 365.45,
    "monoisotopic-mass": 365.10856465,
    "groups": {
        "group": [
            "investigational"
        ]
    },
    "general-references": {
        "articles": null,
        "textbooks": null,
        "links": null,
        "attachments": null
    },
    "synthesis-reference": null,
    "indication": null,
    "pharmacodynamics": null,
    "mechanism-of-action": null,
    "toxicity": null,
    "metabolism": null,
    "absorption": null,
    "half-life": null,
    "protein-binding": null,
    "route-of-elimination": null,
    "volume-of-distribution": null,
    "clearance": null,
    "salts": null,
    "synonyms": null,
    "products": null,
    "international-brands": null,
    "mixtures": null,
    "packagers": null,
    "manufacturers": null,
    "prices": null,
    "categories": {
        "category": [
            {
                "category": "Naphthaleneacetic Acids",
                "mesh-id": "D009280"
            },
            {
                "category": "Naphthalenes",
                "mesh-id": "D009281"
            }
        ]
    },
    "affected-organisms": null,
    "dosages": null,
    "atc-codes": null,
    "ahfs-codes": null,
    "pdb-entries": null,
    "patents": null,
    "food-interactions": null,
    "drug-interactions": null,
    "calculated-properties": {
        "property": [
            {
                "kind": "logP",
                "value": "4.65",
                "source": "ALOGPS"
            },
            {
                "kind": "logS",
                "value": "-6",
                "source": "ALOGPS"
            },
            {
                "kind": "Water Solubility",
                "value": "3.68e-04 g/l",
                "source": "ALOGPS"
            },
            {
                "kind": "logP",
                "value": "4.53",
                "source": "ChemAxon"
            },
            {
                "kind": "IUPAC Name",
                "value": "4-carbamothioylphenyl 2-(6-methoxynaphthalen-2-yl)propanoate",
                "source": "ChemAxon"
            },
            {
                "kind": "Traditional IUPAC Name",
                "value": "(2R)-14-fluoro-2-methyl-6,9,10,19-tetraazapentacyclo[14.2.1.0^{2,6}.0^{8,18}.0^{12,17}]nonadeca-1(18),8,12(17),13,15-pentaen-11-one",
                "source": "ChemAxon"
            },
            {
                "kind": "Molecular Weight",
                "value": "365.45",
                "source": "ChemAxon"
            },
            {
                "kind": "Monoisotopic Weight",
                "value": "365.10856465",
                "source": "ChemAxon"
            },
            {
                "kind": "SMILES",
                "value": "COC1=CC2=CC=C(C=C2C=C1)C(C)C(=O)OC1=CC=C(C=C1)C(N)=S",
                "source": "ChemAxon"
            },
            {
                "kind": "Molecular Formula",
                "value": "C21H19NO3S",
                "source": "ChemAxon"
            },
            {
                "kind": "InChI",
                "value": "InChI=1S/C21H19NO3S/c1-13(21(23)25-18-8-5-14(6-9-18)20(22)26)15-3-4-17-12-19(24-2)10-7-16(17)11-15/h3-13H,1-2H3,(H2,22,26)",
                "source": "ChemAxon"
            },
            {
                "kind": "InChIKey",
                "value": "YCNMAPLPQYQJFC-UHFFFAOYSA-N",
                "source": "ChemAxon"
            },
            {
                "kind": "Polar Surface Area (PSA)",
                "value": "61.55",
                "source": "ChemAxon"
            },
            {
                "kind": "Refractivity",
                "value": "106.47",
                "source": "ChemAxon"
            },
            {
                "kind": "Polarizability",
                "value": "37.75",
                "source": "ChemAxon"
            },
            {
                "kind": "Rotatable Bond Count",
                "value": "6",
                "source": "ChemAxon"
            },
            {
                "kind": "H Bond Acceptor Count",
                "value": "2",
                "source": "ChemAxon"
            },
            {
                "kind": "H Bond Donor Count",
                "value": "1",
                "source": "ChemAxon"
            },
            {
                "kind": "pKa (strongest acidic)",
                "value": "12.45",
                "source": "ChemAxon"
            },
            {
                "kind": "pKa (strongest basic)",
                "value": "-4.8",
                "source": "ChemAxon"
            },
            {
                "kind": "Physiological Charge",
                "value": "0",
                "source": "ChemAxon"
            },
            {
                "kind": "Number of Rings",
                "value": "3",
                "source": "ChemAxon"
            },
            {
                "kind": "Bioavailability",
                "value": "1",
                "source": "ChemAxon"
            },
            {
                "kind": "Rule of Five",
                "value": "1",
                "source": "ChemAxon"
            },
            {
                "kind": "Ghose Filter",
                "value": "1",
                "source": "ChemAxon"
            },
            {
                "kind": "MDDR-Like Rule",
                "value": "1",
                "source": "ChemAxon"
            }
        ]
    },
    "experimental-properties": null,
    "external-identifiers": {
        "external-identifier": [
            {
                "resource": "ChemSpider",
                "identifier": "32490194"
            }
        ]
    },
    "external-links": null,
    "pathways": null,
    "reactions": null,
    "snp-effects": null,
    "snp-adverse-drug-reactions": null,
    "targets": null,
    "enzymes": null,
    "carriers": null,
    "transporters": null
}