{
    "type": "small molecule",
    "created": "2019-05-20",
    "updated": "2020-06-12",
    "drugbank-id": [
        {
            "primary": true,
            "value": "DB15362"
        }
    ],
    "name": "LSZ-102",
    "description": "LSZ-102 is under investigation in clinical trial NCT02734615 (Phase I/Ib Trial of LSZ102 Single Agent or LSZ102 + LEE011 or LSZ102 + BYL719 in ER+ Breast Cancers).",
    "cas-number": "2135600-76-7",
    "unii": "0Y175XGX4P",
    "average-mass": 470.46,
    "monoisotopic-mass": 470.07996469,
    "groups": {
        "group": [
            "investigational"
        ]
    },
    "general-references": {
        "articles": null,
        "textbooks": null,
        "links": null,
        "attachments": null
    },
    "synthesis-reference": null,
    "indication": null,
    "pharmacodynamics": null,
    "mechanism-of-action": null,
    "toxicity": null,
    "metabolism": null,
    "absorption": null,
    "half-life": null,
    "protein-binding": null,
    "route-of-elimination": null,
    "volume-of-distribution": null,
    "clearance": null,
    "salts": null,
    "synonyms": null,
    "products": null,
    "international-brands": null,
    "mixtures": null,
    "packagers": null,
    "manufacturers": null,
    "prices": null,
    "categories": {
        "category": [
            {
                "category": "Sulfur Compounds",
                "mesh-id": "D013457"
            }
        ]
    },
    "affected-organisms": null,
    "dosages": null,
    "atc-codes": null,
    "ahfs-codes": null,
    "pdb-entries": {
        "pdb-entry": [
            "6b0f",
            "6v8t"
        ]
    },
    "patents": null,
    "food-interactions": null,
    "drug-interactions": null,
    "calculated-properties": {
        "property": [
            {
                "kind": "logP",
                "value": "6.09",
                "source": "ALOGPS"
            },
            {
                "kind": "logS",
                "value": "-6.3",
                "source": "ALOGPS"
            },
            {
                "kind": "Water Solubility",
                "value": "2.50e-04 g/l",
                "source": "ALOGPS"
            },
            {
                "kind": "logP",
                "value": "6.63",
                "source": "ChemAxon"
            },
            {
                "kind": "IUPAC Name",
                "value": "(2E)-3-[4-({2-[2-(1,1-difluoroethyl)-4-fluorophenyl]-6-hydroxy-1-benzothiophen-3-yl}oxy)phenyl]prop-2-enoic acid",
                "source": "ChemAxon"
            },
            {
                "kind": "Traditional IUPAC Name",
                "value": "(2R)-14-fluoro-2-methyl-6,9,10,19-tetraazapentacyclo[14.2.1.0^{2,6}.0^{8,18}.0^{12,17}]nonadeca-1(18),8,12(17),13,15-pentaen-11-one",
                "source": "ChemAxon"
            },
            {
                "kind": "Molecular Weight",
                "value": "470.46",
                "source": "ChemAxon"
            },
            {
                "kind": "Monoisotopic Weight",
                "value": "470.07996469",
                "source": "ChemAxon"
            },
            {
                "kind": "SMILES",
                "value": "CC(F)(F)C1=C(C=CC(F)=C1)C1=C(OC2=CC=C(\\C=C\\C(O)=O)C=C2)C2=CC=C(O)C=C2S1",
                "source": "ChemAxon"
            },
            {
                "kind": "Molecular Formula",
                "value": "C25H17F3O4S",
                "source": "ChemAxon"
            },
            {
                "kind": "InChI",
                "value": "InChI=1S/C25H17F3O4S/c1-25(27,28)20-12-15(26)5-9-18(20)24-23(19-10-6-16(29)13-21(19)33-24)32-17-7-2-14(3-8-17)4-11-22(30)31/h2-13,29H,1H3,(H,30,31)/b11-4+",
                "source": "ChemAxon"
            },
            {
                "kind": "InChIKey",
                "value": "SJXNPGGVGZXKKI-NYYWCZLTSA-N",
                "source": "ChemAxon"
            },
            {
                "kind": "Polar Surface Area (PSA)",
                "value": "66.76",
                "source": "ChemAxon"
            },
            {
                "kind": "Refractivity",
                "value": "119.86",
                "source": "ChemAxon"
            },
            {
                "kind": "Polarizability",
                "value": "45.13",
                "source": "ChemAxon"
            },
            {
                "kind": "Rotatable Bond Count",
                "value": "6",
                "source": "ChemAxon"
            },
            {
                "kind": "H Bond Acceptor Count",
                "value": "3",
                "source": "ChemAxon"
            },
            {
                "kind": "H Bond Donor Count",
                "value": "2",
                "source": "ChemAxon"
            },
            {
                "kind": "pKa (strongest acidic)",
                "value": "3.76",
                "source": "ChemAxon"
            },
            {
                "kind": "pKa (strongest basic)",
                "value": "-3.7",
                "source": "ChemAxon"
            },
            {
                "kind": "Physiological Charge",
                "value": "-1",
                "source": "ChemAxon"
            },
            {
                "kind": "Number of Rings",
                "value": "4",
                "source": "ChemAxon"
            },
            {
                "kind": "Bioavailability",
                "value": "1",
                "source": "ChemAxon"
            },
            {
                "kind": "Rule of Five",
                "value": "0",
                "source": "ChemAxon"
            },
            {
                "kind": "Ghose Filter",
                "value": "0",
                "source": "ChemAxon"
            },
            {
                "kind": "MDDR-Like Rule",
                "value": "1",
                "source": "ChemAxon"
            }
        ]
    },
    "experimental-properties": null,
    "external-identifiers": {
        "external-identifier": [
            {
                "resource": "ChemSpider",
                "identifier": "64835065"
            },
            {
                "resource": "BindingDB",
                "identifier": "269484"
            },
            {
                "resource": "PDB",
                "identifier": "C6V"
            },
            {
                "resource": "ChEMBL",
                "identifier": "CHEMBL4076124"
            }
        ]
    },
    "external-links": null,
    "pathways": null,
    "reactions": null,
    "snp-effects": null,
    "snp-adverse-drug-reactions": null,
    "targets": null,
    "enzymes": null,
    "carriers": null,
    "transporters": null
}