{
    "type": "small molecule",
    "created": "2019-05-20",
    "updated": "2020-06-12",
    "drugbank-id": [
        {
            "primary": true,
            "value": "DB15099"
        }
    ],
    "name": "GW-468816",
    "description": "GW-468816 is under investigation in clinical trial NCT00218465 (Effectiveness of GW468816, an NMDA Glycine Site Antagonist, for Prevention of Relapse to Smoking).",
    "cas-number": "476689-77-7",
    "unii": "3WGI8FOO62",
    "average-mass": 368.82,
    "monoisotopic-mass": 368.0927701,
    "groups": {
        "group": [
            "investigational"
        ]
    },
    "general-references": {
        "articles": null,
        "textbooks": null,
        "links": null,
        "attachments": null
    },
    "synthesis-reference": null,
    "indication": null,
    "pharmacodynamics": null,
    "mechanism-of-action": null,
    "toxicity": null,
    "metabolism": null,
    "absorption": null,
    "half-life": null,
    "protein-binding": null,
    "route-of-elimination": null,
    "volume-of-distribution": null,
    "clearance": null,
    "salts": null,
    "synonyms": null,
    "products": null,
    "international-brands": null,
    "mixtures": null,
    "packagers": null,
    "manufacturers": null,
    "prices": null,
    "categories": {
        "category": [
            {
                "category": "Heterocyclic Compounds, Fused-Ring",
                "mesh-id": "D000072471"
            },
            {
                "category": "Receptors, N-Methyl-D-Aspartate, antagonists & inhibitors",
                "mesh-id": null
            }
        ]
    },
    "affected-organisms": null,
    "dosages": null,
    "atc-codes": null,
    "ahfs-codes": null,
    "pdb-entries": null,
    "patents": null,
    "food-interactions": null,
    "drug-interactions": null,
    "calculated-properties": {
        "property": [
            {
                "kind": "logP",
                "value": "3.21",
                "source": "ALOGPS"
            },
            {
                "kind": "logS",
                "value": "-3.9",
                "source": "ALOGPS"
            },
            {
                "kind": "Water Solubility",
                "value": "4.38e-02 g/l",
                "source": "ALOGPS"
            },
            {
                "kind": "logP",
                "value": "2.95",
                "source": "ChemAxon"
            },
            {
                "kind": "IUPAC Name",
                "value": "(2R)-7-chloro-4-[(3E)-2-oxo-1-phenylpyrrolidin-3-ylidene]-1,2,3,4-tetrahydroquinoline-2-carboxylic acid",
                "source": "ChemAxon"
            },
            {
                "kind": "Traditional IUPAC Name",
                "value": "(2R)-14-fluoro-2-methyl-6,9,10,19-tetraazapentacyclo[14.2.1.0^{2,6}.0^{8,18}.0^{12,17}]nonadeca-1(18),8,12(17),13,15-pentaen-11-one",
                "source": "ChemAxon"
            },
            {
                "kind": "Molecular Weight",
                "value": "368.82",
                "source": "ChemAxon"
            },
            {
                "kind": "Monoisotopic Weight",
                "value": "368.0927701",
                "source": "ChemAxon"
            },
            {
                "kind": "SMILES",
                "value": "OC(=O)[C@H]1C\\C(=C2\\CCN(C2=O)C2=CC=CC=C2)C2=CC=C(Cl)C=C2N1",
                "source": "ChemAxon"
            },
            {
                "kind": "Molecular Formula",
                "value": "C20H17ClN2O3",
                "source": "ChemAxon"
            },
            {
                "kind": "InChI",
                "value": "InChI=1S/C20H17ClN2O3/c21-12-6-7-14-16(11-18(20(25)26)22-17(14)10-12)15-8-9-23(19(15)24)13-4-2-1-3-5-13/h1-7,10,18,22H,8-9,11H2,(H,25,26)/b16-15+/t18-/m1/s1",
                "source": "ChemAxon"
            },
            {
                "kind": "InChIKey",
                "value": "XDKRVNKVAKCFGW-WXWBBQJKSA-N",
                "source": "ChemAxon"
            },
            {
                "kind": "Polar Surface Area (PSA)",
                "value": "69.64",
                "source": "ChemAxon"
            },
            {
                "kind": "Refractivity",
                "value": "100.46",
                "source": "ChemAxon"
            },
            {
                "kind": "Polarizability",
                "value": "38.14",
                "source": "ChemAxon"
            },
            {
                "kind": "Rotatable Bond Count",
                "value": "2",
                "source": "ChemAxon"
            },
            {
                "kind": "H Bond Acceptor Count",
                "value": "4",
                "source": "ChemAxon"
            },
            {
                "kind": "H Bond Donor Count",
                "value": "2",
                "source": "ChemAxon"
            },
            {
                "kind": "pKa (strongest acidic)",
                "value": "3.87",
                "source": "ChemAxon"
            },
            {
                "kind": "pKa (strongest basic)",
                "value": "0.75",
                "source": "ChemAxon"
            },
            {
                "kind": "Physiological Charge",
                "value": "-1",
                "source": "ChemAxon"
            },
            {
                "kind": "Number of Rings",
                "value": "4",
                "source": "ChemAxon"
            },
            {
                "kind": "Bioavailability",
                "value": "1",
                "source": "ChemAxon"
            },
            {
                "kind": "Rule of Five",
                "value": "1",
                "source": "ChemAxon"
            },
            {
                "kind": "Ghose Filter",
                "value": "1",
                "source": "ChemAxon"
            },
            {
                "kind": "MDDR-Like Rule",
                "value": "0",
                "source": "ChemAxon"
            }
        ]
    },
    "experimental-properties": null,
    "external-identifiers": {
        "external-identifier": [
            {
                "resource": "ChemSpider",
                "identifier": "8082983"
            },
            {
                "resource": "ChEMBL",
                "identifier": "CHEMBL1206161"
            },
            {
                "resource": "ZINC",
                "identifier": "ZINC000003982522"
            }
        ]
    },
    "external-links": null,
    "pathways": null,
    "reactions": null,
    "snp-effects": null,
    "snp-adverse-drug-reactions": null,
    "targets": null,
    "enzymes": null,
    "carriers": null,
    "transporters": null
}