{
    "type": "small molecule",
    "created": "2019-05-20",
    "updated": "2021-02-21",
    "drugbank-id": [
        {
            "primary": true,
            "value": "DB15078"
        }
    ],
    "name": "Rogaratinib",
    "description": "Rogaratinib is under investigation in clinical trial NCT03762122 (Rogaratinib in Patients With Advanced Pretreated Squamous-cell Non-small Cell Lung Cancer (SQCLC)).",
    "cas-number": "1443530-05-9",
    "unii": "98BSN6N516",
    "average-mass": 466.56,
    "monoisotopic-mass": 466.178709895,
    "groups": {
        "group": [
            "investigational"
        ]
    },
    "general-references": {
        "articles": null,
        "textbooks": null,
        "links": null,
        "attachments": null
    },
    "synthesis-reference": null,
    "indication": null,
    "pharmacodynamics": null,
    "mechanism-of-action": null,
    "toxicity": null,
    "metabolism": null,
    "absorption": null,
    "half-life": null,
    "protein-binding": null,
    "route-of-elimination": null,
    "volume-of-distribution": null,
    "clearance": null,
    "classification": {
        "description": "This compound belongs to the class of organic compounds known as alpha amino acid amides. These are amide derivatives of alpha amino acids.",
        "direct-parent": "Alpha amino acid amides",
        "kingdom": "Organic compounds",
        "superclass": "Organic acids and derivatives",
        "class": "Carboxylic acids and derivatives",
        "subclass": "Amino acids, peptides, and analogues",
        "alternative-parent": [
            "1,2,4-triazines",
            "1-benzothiophenes",
            "2,3,5-trisubstituted thiophenes",
            "Alkyl aryl ethers",
            "Anisoles",
            "Aralkylamines",
            "Azacyclic compounds",
            "Carbonyl compounds",
            "Dialkyl ethers",
            "Heteroaromatic compounds",
            "Hydrocarbon derivatives",
            "Imidolactams",
            "Lactams",
            "N-alkylpiperazines",
            "Organic oxides",
            "Primary amines",
            "Pyrrolo[2,1-f][1,2,4]triazines",
            "Secondary carboxylic acid amides",
            "Substituted pyrroles",
            "Trialkylamines"
        ],
        "substituent": [
            "1,2,4-triazine",
            "1,4-diazinane",
            "1-benzothiophene",
            "2,3,5-trisubstituted thiophene",
            "Alkyl aryl ether",
            "Alpha-amino acid amide",
            "Amine",
            "Anisole",
            "Aralkylamine",
            "Aromatic heteropolycyclic compound",
            "Azacycle",
            "Benzenoid",
            "Benzothiophene",
            "Carbonyl group",
            "Carboxamide group",
            "Dialkyl ether",
            "Ether",
            "Heteroaromatic compound",
            "Hydrocarbon derivative",
            "Imidolactam",
            "Lactam",
            "N-alkylpiperazine",
            "Organic nitrogen compound",
            "Organic oxide",
            "Organic oxygen compound",
            "Organoheterocyclic compound",
            "Organonitrogen compound",
            "Organooxygen compound",
            "Phenol ether",
            "Piperazine",
            "Primary amine",
            "Pyrrole",
            "Pyrrolo[2,1-f][1,2,4]triazine",
            "Secondary carboxylic acid amide",
            "Substituted pyrrole",
            "Tertiary aliphatic amine",
            "Tertiary amine",
            "Thiophene",
            "Triazine"
        ]
    },
    "salts": null,
    "synonyms": {
        "synonym": [
            {
                "language": "english",
                "coder": "inn",
                "value": "Rogaratinib"
            }
        ]
    },
    "products": null,
    "international-brands": null,
    "mixtures": null,
    "packagers": null,
    "manufacturers": null,
    "prices": null,
    "categories": {
        "category": [
            {
                "category": "Sulfur Compounds",
                "mesh-id": "D013457"
            }
        ]
    },
    "affected-organisms": null,
    "dosages": null,
    "atc-codes": null,
    "ahfs-codes": null,
    "pdb-entries": null,
    "patents": null,
    "food-interactions": null,
    "drug-interactions": null,
    "calculated-properties": {
        "property": [
            {
                "kind": "logP",
                "value": "1.78",
                "source": "ALOGPS"
            },
            {
                "kind": "logS",
                "value": "-4.9",
                "source": "ALOGPS"
            },
            {
                "kind": "Water Solubility",
                "value": "6.39e-03 g/l",
                "source": "ALOGPS"
            },
            {
                "kind": "logP",
                "value": "1.9",
                "source": "ChemAxon"
            },
            {
                "kind": "IUPAC Name",
                "value": "4-{[4-amino-5-(7-methoxy-5-methyl-1-benzothiophen-2-yl)-6-(methoxymethyl)pyrrolo[2,1-f][1,2,4]triazin-7-yl]methyl}piperazin-2-one",
                "source": "ChemAxon"
            },
            {
                "kind": "Traditional IUPAC Name",
                "value": "(2R)-14-fluoro-2-methyl-6,9,10,19-tetraazapentacyclo[14.2.1.0^{2,6}.0^{8,18}.0^{12,17}]nonadeca-1(18),8,12(17),13,15-pentaen-11-one",
                "source": "ChemAxon"
            },
            {
                "kind": "Molecular Weight",
                "value": "466.56",
                "source": "ChemAxon"
            },
            {
                "kind": "Monoisotopic Weight",
                "value": "466.178709895",
                "source": "ChemAxon"
            },
            {
                "kind": "SMILES",
                "value": "COCC1=C(CN2CCNC(=O)C2)N2N=CN=C(N)C2=C1C1=CC2=C(S1)C(OC)=CC(C)=C2",
                "source": "ChemAxon"
            },
            {
                "kind": "Molecular Formula",
                "value": "C23H26N6O3S",
                "source": "ChemAxon"
            },
            {
                "kind": "InChI",
                "value": "InChI=1S/C23H26N6O3S/c1-13-6-14-8-18(33-22(14)17(7-13)32-3)20-15(11-31-2)16(9-28-5-4-25-19(30)10-28)29-21(20)23(24)26-12-27-29/h6-8,12H,4-5,9-11H2,1-3H3,(H,25,30)(H2,24,26,27)",
                "source": "ChemAxon"
            },
            {
                "kind": "InChIKey",
                "value": "HNLRRJSKGXOYNO-UHFFFAOYSA-N",
                "source": "ChemAxon"
            },
            {
                "kind": "Polar Surface Area (PSA)",
                "value": "107.01",
                "source": "ChemAxon"
            },
            {
                "kind": "Refractivity",
                "value": "140.4",
                "source": "ChemAxon"
            },
            {
                "kind": "Polarizability",
                "value": "50.24",
                "source": "ChemAxon"
            },
            {
                "kind": "Rotatable Bond Count",
                "value": "6",
                "source": "ChemAxon"
            },
            {
                "kind": "H Bond Acceptor Count",
                "value": "7",
                "source": "ChemAxon"
            },
            {
                "kind": "H Bond Donor Count",
                "value": "2",
                "source": "ChemAxon"
            },
            {
                "kind": "pKa (strongest acidic)",
                "value": "14",
                "source": "ChemAxon"
            },
            {
                "kind": "pKa (strongest basic)",
                "value": "4.68",
                "source": "ChemAxon"
            },
            {
                "kind": "Physiological Charge",
                "value": "0",
                "source": "ChemAxon"
            },
            {
                "kind": "Number of Rings",
                "value": "5",
                "source": "ChemAxon"
            },
            {
                "kind": "Bioavailability",
                "value": "1",
                "source": "ChemAxon"
            },
            {
                "kind": "Rule of Five",
                "value": "1",
                "source": "ChemAxon"
            },
            {
                "kind": "Ghose Filter",
                "value": "0",
                "source": "ChemAxon"
            },
            {
                "kind": "MDDR-Like Rule",
                "value": "1",
                "source": "ChemAxon"
            }
        ]
    },
    "experimental-properties": null,
    "external-identifiers": {
        "external-identifier": [
            {
                "resource": "ChemSpider",
                "identifier": "58828032"
            },
            {
                "resource": "BindingDB",
                "identifier": "194820"
            },
            {
                "resource": "ChEMBL",
                "identifier": "CHEMBL3963485"
            }
        ]
    },
    "external-links": null,
    "pathways": null,
    "reactions": null,
    "snp-effects": null,
    "snp-adverse-drug-reactions": null,
    "targets": null,
    "enzymes": null,
    "carriers": null,
    "transporters": null
}