{
    "type": "small molecule",
    "created": "2019-05-20",
    "updated": "2021-02-21",
    "drugbank-id": [
        {
            "primary": true,
            "value": "DB15224"
        }
    ],
    "name": "Lisavanbulin",
    "description": "Lisavanbulin is under investigation in clinical trial NCT02895360 (Phase 1/2a Study of BAL101553 as 48-hour Infusions in Patients With Advanced Solid Tumors or Recurrent Glioblastoma).",
    "cas-number": "1263384-43-5",
    "unii": "5PT0QP06X5",
    "average-mass": 515.578,
    "monoisotopic-mass": 515.23933583,
    "groups": {
        "group": [
            "investigational"
        ]
    },
    "general-references": {
        "articles": null,
        "textbooks": null,
        "links": null,
        "attachments": null
    },
    "synthesis-reference": null,
    "indication": null,
    "pharmacodynamics": null,
    "mechanism-of-action": null,
    "toxicity": null,
    "metabolism": null,
    "absorption": null,
    "half-life": null,
    "protein-binding": null,
    "route-of-elimination": null,
    "volume-of-distribution": null,
    "clearance": null,
    "salts": null,
    "synonyms": {
        "synonym": [
            {
                "language": "english",
                "coder": "inn/usan",
                "value": "Lisavanbulin"
            }
        ]
    },
    "products": null,
    "international-brands": null,
    "mixtures": null,
    "packagers": null,
    "manufacturers": null,
    "prices": null,
    "categories": {
        "category": [
            {
                "category": "Heterocyclic Compounds, Fused-Ring",
                "mesh-id": "D000072471"
            },
            {
                "category": "Oxazoles",
                "mesh-id": "D010080"
            }
        ]
    },
    "affected-organisms": null,
    "dosages": null,
    "atc-codes": null,
    "ahfs-codes": null,
    "pdb-entries": null,
    "patents": null,
    "food-interactions": null,
    "drug-interactions": null,
    "calculated-properties": {
        "property": [
            {
                "kind": "logP",
                "value": "2.51",
                "source": "ALOGPS"
            },
            {
                "kind": "logS",
                "value": "-3.3",
                "source": "ALOGPS"
            },
            {
                "kind": "Water Solubility",
                "value": "2.56e-01 g/l",
                "source": "ALOGPS"
            },
            {
                "kind": "logP",
                "value": "1.31",
                "source": "ChemAxon"
            },
            {
                "kind": "IUPAC Name",
                "value": "(2S)-2,6-diamino-N-{4-[2-(2-{4-[(2-cyanoethyl)amino]-1,2,5-oxadiazol-3-yl}-1H-1,3-benzodiazol-1-yl)acetyl]phenyl}hexanamide",
                "source": "ChemAxon"
            },
            {
                "kind": "Traditional IUPAC Name",
                "value": "(2R)-14-fluoro-2-methyl-6,9,10,19-tetraazapentacyclo[14.2.1.0^{2,6}.0^{8,18}.0^{12,17}]nonadeca-1(18),8,12(17),13,15-pentaen-11-one",
                "source": "ChemAxon"
            },
            {
                "kind": "Molecular Weight",
                "value": "515.578",
                "source": "ChemAxon"
            },
            {
                "kind": "Monoisotopic Weight",
                "value": "515.23933583",
                "source": "ChemAxon"
            },
            {
                "kind": "SMILES",
                "value": "NCCCC[C@H](N)C(=O)NC1=CC=C(C=C1)C(=O)CN1C2=C(C=CC=C2)N=C1C1=NON=C1NCCC#N",
                "source": "ChemAxon"
            },
            {
                "kind": "Molecular Formula",
                "value": "C26H29N9O3",
                "source": "ChemAxon"
            },
            {
                "kind": "InChI",
                "value": "InChI=1S/C26H29N9O3/c27-13-4-3-6-19(29)26(37)31-18-11-9-17(10-12-18)22(36)16-35-21-8-2-1-7-20(21)32-25(35)23-24(34-38-33-23)30-15-5-14-28/h1-2,7-12,19H,3-6,13,15-16,27,29H2,(H,30,34)(H,31,37)/t19-/m0/s1",
                "source": "ChemAxon"
            },
            {
                "kind": "InChIKey",
                "value": "NIPZLALJRAHABJ-IBGZPJMESA-N",
                "source": "ChemAxon"
            },
            {
                "kind": "Polar Surface Area (PSA)",
                "value": "190.77",
                "source": "ChemAxon"
            },
            {
                "kind": "Refractivity",
                "value": "155.17",
                "source": "ChemAxon"
            },
            {
                "kind": "Polarizability",
                "value": "55.44",
                "source": "ChemAxon"
            },
            {
                "kind": "Rotatable Bond Count",
                "value": "13",
                "source": "ChemAxon"
            },
            {
                "kind": "H Bond Acceptor Count",
                "value": "9",
                "source": "ChemAxon"
            },
            {
                "kind": "H Bond Donor Count",
                "value": "4",
                "source": "ChemAxon"
            },
            {
                "kind": "pKa (strongest acidic)",
                "value": "12.85",
                "source": "ChemAxon"
            },
            {
                "kind": "pKa (strongest basic)",
                "value": "10.21",
                "source": "ChemAxon"
            },
            {
                "kind": "Physiological Charge",
                "value": "2",
                "source": "ChemAxon"
            },
            {
                "kind": "Number of Rings",
                "value": "4",
                "source": "ChemAxon"
            },
            {
                "kind": "Bioavailability",
                "value": "0",
                "source": "ChemAxon"
            },
            {
                "kind": "Rule of Five",
                "value": "0",
                "source": "ChemAxon"
            },
            {
                "kind": "Ghose Filter",
                "value": "0",
                "source": "ChemAxon"
            },
            {
                "kind": "MDDR-Like Rule",
                "value": "1",
                "source": "ChemAxon"
            }
        ]
    },
    "experimental-properties": null,
    "external-identifiers": {
        "external-identifier": [
            {
                "resource": "ChemSpider",
                "identifier": "58828011"
            }
        ]
    },
    "external-links": null,
    "pathways": null,
    "reactions": null,
    "snp-effects": null,
    "snp-adverse-drug-reactions": null,
    "targets": null,
    "enzymes": null,
    "carriers": null,
    "transporters": null
}