{
    "type": "small molecule",
    "created": "2019-05-20",
    "updated": "2020-06-12",
    "drugbank-id": [
        {
            "primary": true,
            "value": "DB15075"
        }
    ],
    "name": "4-demethyl-4-cholesteryloxycarbonylpenclomedine",
    "description": "4-demethyl-4-cholesteryloxycarbonylpenclomedine is under investigation in clinical trial NCT01048008 (Study of 4-Demethylcholesteryloxycarbonylpenclomedine (DM-CHOC-PEN) in Patients With Advanced Cancer).",
    "cas-number": "942149-56-6",
    "unii": "1S83F4T2WE",
    "average-mass": 724.02,
    "monoisotopic-mass": 721.2025975,
    "groups": {
        "group": [
            "investigational"
        ]
    },
    "general-references": {
        "articles": null,
        "textbooks": null,
        "links": null,
        "attachments": null
    },
    "synthesis-reference": null,
    "indication": null,
    "pharmacodynamics": null,
    "mechanism-of-action": null,
    "toxicity": null,
    "metabolism": null,
    "absorption": null,
    "half-life": null,
    "protein-binding": null,
    "route-of-elimination": null,
    "volume-of-distribution": null,
    "clearance": null,
    "salts": null,
    "synonyms": {
        "synonym": [
            {
                "language": "english",
                "coder": "",
                "value": "4-DEMETHYLCHOLESTERYLOXYCARBONYLPENCLOMEDINE"
            },
            {
                "language": "english",
                "coder": "",
                "value": "DM-CHOC-PEN"
            }
        ]
    },
    "products": null,
    "international-brands": null,
    "mixtures": null,
    "packagers": null,
    "manufacturers": null,
    "prices": null,
    "categories": null,
    "affected-organisms": null,
    "dosages": null,
    "atc-codes": null,
    "ahfs-codes": null,
    "pdb-entries": null,
    "patents": null,
    "food-interactions": null,
    "drug-interactions": null,
    "calculated-properties": {
        "property": [
            {
                "kind": "logP",
                "value": "9.49",
                "source": "ALOGPS"
            },
            {
                "kind": "logS",
                "value": "-8.8",
                "source": "ALOGPS"
            },
            {
                "kind": "Water Solubility",
                "value": "1.26e-06 g/l",
                "source": "ALOGPS"
            },
            {
                "kind": "logP",
                "value": "12.14",
                "source": "ChemAxon"
            },
            {
                "kind": "IUPAC Name",
                "value": "(1R,3aS,3bS,7S,9aR,9bS,11aR)-9a,11a-dimethyl-1-[(2R)-6-methylheptan-2-yl]-1H,2H,3H,3aH,3bH,4H,6H,7H,8H,9H,9aH,9bH,10H,11H,11aH-cyclopenta[a]phenanthren-7-yl 3,5-dichloro-2-methoxy-6-(trichloromethyl)pyridin-4-yl carbonate",
                "source": "ChemAxon"
            },
            {
                "kind": "Traditional IUPAC Name",
                "value": "(2R)-14-fluoro-2-methyl-6,9,10,19-tetraazapentacyclo[14.2.1.0^{2,6}.0^{8,18}.0^{12,17}]nonadeca-1(18),8,12(17),13,15-pentaen-11-one",
                "source": "ChemAxon"
            },
            {
                "kind": "Molecular Weight",
                "value": "724.02",
                "source": "ChemAxon"
            },
            {
                "kind": "Monoisotopic Weight",
                "value": "721.2025975",
                "source": "ChemAxon"
            },
            {
                "kind": "SMILES",
                "value": "COC1=C(Cl)C(OC(=O)O[C@H]2CC[C@]3(C)[C@H]4CC[C@]5(C)[C@H](CC[C@H]5[C@@H]4CC=C3C2)[C@H](C)CCCC(C)C)=C(Cl)C(=N1)C(Cl)(Cl)Cl",
                "source": "ChemAxon"
            },
            {
                "kind": "Molecular Formula",
                "value": "C35H48Cl5NO4",
                "source": "ChemAxon"
            },
            {
                "kind": "InChI",
                "value": "InChI=1S/C35H48Cl5NO4/c1-19(2)8-7-9-20(3)24-12-13-25-23-11-10-21-18-22(14-16-33(21,4)26(23)15-17-34(24,25)5)44-32(42)45-29-27(36)30(35(38,39)40)41-31(43-6)28(29)37/h10,19-20,22-26H,7-9,11-18H2,1-6H3/t20-,22+,23+,24-,25+,26+,33+,34-/m1/s1",
                "source": "ChemAxon"
            },
            {
                "kind": "InChIKey",
                "value": "ZJUUIXYKTPSIOH-LEZJFEBPSA-N",
                "source": "ChemAxon"
            },
            {
                "kind": "Polar Surface Area (PSA)",
                "value": "57.65",
                "source": "ChemAxon"
            },
            {
                "kind": "Refractivity",
                "value": "185.5",
                "source": "ChemAxon"
            },
            {
                "kind": "Polarizability",
                "value": "78.79",
                "source": "ChemAxon"
            },
            {
                "kind": "Rotatable Bond Count",
                "value": "11",
                "source": "ChemAxon"
            },
            {
                "kind": "H Bond Acceptor Count",
                "value": "4",
                "source": "ChemAxon"
            },
            {
                "kind": "H Bond Donor Count",
                "value": "0",
                "source": "ChemAxon"
            },
            {
                "kind": "pKa (strongest basic)",
                "value": "-1.2",
                "source": "ChemAxon"
            },
            {
                "kind": "Physiological Charge",
                "value": "0",
                "source": "ChemAxon"
            },
            {
                "kind": "Number of Rings",
                "value": "5",
                "source": "ChemAxon"
            },
            {
                "kind": "Bioavailability",
                "value": "0",
                "source": "ChemAxon"
            },
            {
                "kind": "Rule of Five",
                "value": "0",
                "source": "ChemAxon"
            },
            {
                "kind": "Ghose Filter",
                "value": "0",
                "source": "ChemAxon"
            },
            {
                "kind": "MDDR-Like Rule",
                "value": "1",
                "source": "ChemAxon"
            }
        ]
    },
    "experimental-properties": null,
    "external-identifiers": {
        "external-identifier": [
            {
                "resource": "ChemSpider",
                "identifier": "17283754"
            }
        ]
    },
    "external-links": null,
    "pathways": null,
    "reactions": null,
    "snp-effects": null,
    "snp-adverse-drug-reactions": null,
    "targets": null,
    "enzymes": null,
    "carriers": null,
    "transporters": null
}