{
    "type": "small molecule",
    "created": "2019-05-20",
    "updated": "2022-12-01",
    "drugbank-id": [
        {
            "primary": true,
            "value": "DB15186"
        }
    ],
    "name": "Paxalisib",
    "description": "GDC-0084 is under investigation in clinical trial NCT03696355 (Study of GDC-0084 in Pediatric Patients With Newly Diagnosed Diffuse Intrinsic Pontine Glioma or Diffuse Midline Gliomas).",
    "cas-number": "1382979-44-3",
    "unii": "P5DKZ70636",
    "average-mass": 382.428,
    "monoisotopic-mass": 382.18657198,
    "groups": {
        "group": [
            "investigational"
        ]
    },
    "general-references": {
        "articles": null,
        "textbooks": null,
        "links": null,
        "attachments": null
    },
    "synthesis-reference": null,
    "indication": null,
    "pharmacodynamics": null,
    "mechanism-of-action": null,
    "toxicity": null,
    "metabolism": null,
    "absorption": null,
    "half-life": null,
    "protein-binding": null,
    "route-of-elimination": null,
    "volume-of-distribution": null,
    "clearance": null,
    "salts": null,
    "synonyms": {
        "synonym": [
            {
                "language": "english",
                "coder": "",
                "value": "5-(6,6-dimethyl-4-morpholino-8,9-dihydro-6H-[1,4]oxazino[3,4-e]purin-2-yl)pyrimidin-2-amine"
            }
        ]
    },
    "products": null,
    "international-brands": null,
    "mixtures": null,
    "packagers": null,
    "manufacturers": null,
    "prices": null,
    "categories": {
        "category": [
            {
                "category": "Enzyme Inhibitors",
                "mesh-id": "D004791"
            }
        ]
    },
    "affected-organisms": null,
    "dosages": null,
    "atc-codes": null,
    "ahfs-codes": null,
    "pdb-entries": null,
    "patents": null,
    "food-interactions": null,
    "drug-interactions": null,
    "calculated-properties": {
        "property": [
            {
                "kind": "logP",
                "value": "1.62",
                "source": "ALOGPS"
            },
            {
                "kind": "logS",
                "value": "-2.6",
                "source": "ALOGPS"
            },
            {
                "kind": "Water Solubility",
                "value": "9.93e-01 g/l",
                "source": "ALOGPS"
            },
            {
                "kind": "logP",
                "value": "1.32",
                "source": "ChemAxon"
            },
            {
                "kind": "IUPAC Name",
                "value": "5-[6,6-dimethyl-4-(morpholin-4-yl)-6H,8H,9H-[1,4]oxazino[3,4-h]purin-2-yl]pyrimidin-2-amine",
                "source": "ChemAxon"
            },
            {
                "kind": "Traditional IUPAC Name",
                "value": "(2R)-14-fluoro-2-methyl-6,9,10,19-tetraazapentacyclo[14.2.1.0^{2,6}.0^{8,18}.0^{12,17}]nonadeca-1(18),8,12(17),13,15-pentaen-11-one",
                "source": "ChemAxon"
            },
            {
                "kind": "Molecular Weight",
                "value": "382.428",
                "source": "ChemAxon"
            },
            {
                "kind": "Monoisotopic Weight",
                "value": "382.18657198",
                "source": "ChemAxon"
            },
            {
                "kind": "SMILES",
                "value": "CC1(C)OCCN2C1=NC1=C(N=C(N=C21)C1=CN=C(N)N=C1)N1CCOCC1",
                "source": "ChemAxon"
            },
            {
                "kind": "Molecular Formula",
                "value": "C18H22N8O2",
                "source": "ChemAxon"
            },
            {
                "kind": "InChI",
                "value": "InChI=1S/C18H22N8O2/c1-18(2)16-22-12-14(25-3-6-27-7-4-25)23-13(11-9-20-17(19)21-10-11)24-15(12)26(16)5-8-28-18/h9-10H,3-8H2,1-2H3,(H2,19,20,21)",
                "source": "ChemAxon"
            },
            {
                "kind": "InChIKey",
                "value": "LGWACEZVCMBSKW-UHFFFAOYSA-N",
                "source": "ChemAxon"
            },
            {
                "kind": "Polar Surface Area (PSA)",
                "value": "117.1",
                "source": "ChemAxon"
            },
            {
                "kind": "Refractivity",
                "value": "115.15",
                "source": "ChemAxon"
            },
            {
                "kind": "Polarizability",
                "value": "40.86",
                "source": "ChemAxon"
            },
            {
                "kind": "Rotatable Bond Count",
                "value": "2",
                "source": "ChemAxon"
            },
            {
                "kind": "H Bond Acceptor Count",
                "value": "9",
                "source": "ChemAxon"
            },
            {
                "kind": "H Bond Donor Count",
                "value": "1",
                "source": "ChemAxon"
            },
            {
                "kind": "pKa (strongest acidic)",
                "value": "15.83",
                "source": "ChemAxon"
            },
            {
                "kind": "pKa (strongest basic)",
                "value": "3.98",
                "source": "ChemAxon"
            },
            {
                "kind": "Physiological Charge",
                "value": "0",
                "source": "ChemAxon"
            },
            {
                "kind": "Number of Rings",
                "value": "5",
                "source": "ChemAxon"
            },
            {
                "kind": "Bioavailability",
                "value": "1",
                "source": "ChemAxon"
            },
            {
                "kind": "Rule of Five",
                "value": "1",
                "source": "ChemAxon"
            },
            {
                "kind": "Ghose Filter",
                "value": "1",
                "source": "ChemAxon"
            },
            {
                "kind": "MDDR-Like Rule",
                "value": "0",
                "source": "ChemAxon"
            }
        ]
    },
    "experimental-properties": null,
    "external-identifiers": {
        "external-identifier": [
            {
                "resource": "ChemSpider",
                "identifier": "57251291"
            },
            {
                "resource": "BindingDB",
                "identifier": "50177662"
            },
            {
                "resource": "ChEMBL",
                "identifier": "CHEMBL3813842"
            },
            {
                "resource": "ZINC",
                "identifier": "ZINC000149645112"
            }
        ]
    },
    "external-links": null,
    "pathways": null,
    "reactions": null,
    "snp-effects": null,
    "snp-adverse-drug-reactions": null,
    "targets": null,
    "enzymes": null,
    "carriers": null,
    "transporters": null
}