{
    "type": "small molecule",
    "created": "2019-05-20",
    "updated": "2020-06-12",
    "drugbank-id": [
        {
            "primary": true,
            "value": "DB15366"
        }
    ],
    "name": "SOR-C13",
    "description": "SOR-C13 is under investigation in clinical trial NCT01578564 (Safety and Tolerability Study of SOR-C13 in Subjects With Advanced Cancers Commonly Known to Express the TRPV6 Channel).",
    "cas-number": "1187852-48-7",
    "unii": "C79B5A73C4",
    "average-mass": 1565.841,
    "monoisotopic-mass": 1564.872561595,
    "groups": {
        "group": [
            "investigational"
        ]
    },
    "general-references": {
        "articles": null,
        "textbooks": null,
        "links": null,
        "attachments": null
    },
    "synthesis-reference": null,
    "indication": null,
    "pharmacodynamics": null,
    "mechanism-of-action": null,
    "toxicity": null,
    "metabolism": null,
    "absorption": null,
    "half-life": null,
    "protein-binding": null,
    "route-of-elimination": null,
    "volume-of-distribution": null,
    "clearance": null,
    "salts": null,
    "synonyms": null,
    "products": null,
    "international-brands": null,
    "mixtures": null,
    "packagers": null,
    "manufacturers": null,
    "prices": null,
    "categories": {
        "category": [
            {
                "category": "Amino Acids, Peptides, and Proteins",
                "mesh-id": "D000602"
            },
            {
                "category": "Antiarrhythmic agents",
                "mesh-id": "D000889"
            },
            {
                "category": "Antineoplastic Agents",
                "mesh-id": "D000970"
            },
            {
                "category": "Calcium Channel Blockers",
                "mesh-id": "D002121"
            },
            {
                "category": "Calcium-Regulating Hormones and Agents",
                "mesh-id": "D000077264"
            },
            {
                "category": "Cardiovascular Agents",
                "mesh-id": "D002317"
            },
            {
                "category": "Carrier Proteins",
                "mesh-id": "D002352"
            },
            {
                "category": "Ion Channels",
                "mesh-id": "D007473"
            },
            {
                "category": "Membrane Transport Modulators",
                "mesh-id": "D049990"
            },
            {
                "category": "Membrane Transport Proteins",
                "mesh-id": "D026901"
            },
            {
                "category": "Proteins",
                "mesh-id": "D011506"
            },
            {
                "category": "Transient Receptor Potential Channels",
                "mesh-id": "D050051"
            }
        ]
    },
    "affected-organisms": null,
    "dosages": null,
    "atc-codes": null,
    "ahfs-codes": null,
    "pdb-entries": null,
    "patents": null,
    "food-interactions": null,
    "drug-interactions": {
        "drug-interaction": [
            {
                "drugbank-id": {
                    "primary": false,
                    "value": "DB00204"
                },
                "name": "Dofetilide",
                "description": "Dofetilide may increase the arrhythmogenic activities of SOR-C13."
            },
            {
                "drugbank-id": {
                    "primary": false,
                    "value": "DB00270"
                },
                "name": "Isradipine",
                "description": "Isradipine may increase the arrhythmogenic activities of SOR-C13."
            },
            {
                "drugbank-id": {
                    "primary": false,
                    "value": "DB00280"
                },
                "name": "Disopyramide",
                "description": "Disopyramide may increase the arrhythmogenic activities of SOR-C13."
            },
            {
                "drugbank-id": {
                    "primary": false,
                    "value": "DB00281"
                },
                "name": "Lidocaine",
                "description": "Lidocaine may increase the arrhythmogenic activities of SOR-C13."
            },
            {
                "drugbank-id": {
                    "primary": false,
                    "value": "DB00308"
                },
                "name": "Ibutilide",
                "description": "Ibutilide may increase the arrhythmogenic activities of SOR-C13."
            },
            {
                "drugbank-id": {
                    "primary": false,
                    "value": "DB00343"
                },
                "name": "Diltiazem",
                "description": "Diltiazem may increase the arrhythmogenic activities of SOR-C13."
            },
            {
                "drugbank-id": {
                    "primary": false,
                    "value": "DB00347"
                },
                "name": "Trimethadione",
                "description": "Trimethadione may increase the arrhythmogenic activities of SOR-C13."
            },
            {
                "drugbank-id": {
                    "primary": false,
                    "value": "DB00379"
                },
                "name": "Mexiletine",
                "description": "Mexiletine may increase the arrhythmogenic activities of SOR-C13."
            },
            {
                "drugbank-id": {
                    "primary": false,
                    "value": "DB00381"
                },
                "name": "Amlodipine",
                "description": "Amlodipine may increase the arrhythmogenic activities of SOR-C13."
            },
            {
                "drugbank-id": {
                    "primary": false,
                    "value": "DB00393"
                },
                "name": "Nimodipine",
                "description": "Nimodipine may increase the arrhythmogenic activities of SOR-C13."
            },
            {
                "drugbank-id": {
                    "primary": false,
                    "value": "DB00401"
                },
                "name": "Nisoldipine",
                "description": "Nisoldipine may increase the arrhythmogenic activities of SOR-C13."
            },
            {
                "drugbank-id": {
                    "primary": false,
                    "value": "DB00424"
                },
                "name": "Hyoscyamine",
                "description": "Hyoscyamine may increase the arrhythmogenic activities of SOR-C13."
            },
            {
                "drugbank-id": {
                    "primary": false,
                    "value": "DB00528"
                },
                "name": "Lercanidipine",
                "description": "Lercanidipine may increase the arrhythmogenic activities of SOR-C13."
            },
            {
                "drugbank-id": {
                    "primary": false,
                    "value": "DB00555"
                },
                "name": "Lamotrigine",
                "description": "Lamotrigine may increase the arrhythmogenic activities of SOR-C13."
            },
            {
                "drugbank-id": {
                    "primary": false,
                    "value": "DB00568"
                },
                "name": "Cinnarizine",
                "description": "Cinnarizine may increase the arrhythmogenic activities of SOR-C13."
            },
            {
                "drugbank-id": {
                    "primary": false,
                    "value": "DB00572"
                },
                "name": "Atropine",
                "description": "Atropine may increase the arrhythmogenic activities of SOR-C13."
            },
            {
                "drugbank-id": {
                    "primary": false,
                    "value": "DB00593"
                },
                "name": "Ethosuximide",
                "description": "Ethosuximide may increase the arrhythmogenic activities of SOR-C13."
            },
            {
                "drugbank-id": {
                    "primary": false,
                    "value": "DB00640"
                },
                "name": "Adenosine",
                "description": "Adenosine may increase the arrhythmogenic activities of SOR-C13."
            },
            {
                "drugbank-id": {
                    "primary": false,
                    "value": "DB00678"
                },
                "name": "Losartan",
                "description": "Losartan may increase the arrhythmogenic activities of SOR-C13."
            },
            {
                "drugbank-id": {
                    "primary": false,
                    "value": "DB00680"
                },
                "name": "Moricizine",
                "description": "Moricizine may increase the arrhythmogenic activities of SOR-C13."
            },
            {
                "drugbank-id": {
                    "primary": false,
                    "value": "DB00825"
                },
                "name": "Levomenthol",
                "description": "Levomenthol may increase the arrhythmogenic activities of SOR-C13."
            },
            {
                "drugbank-id": {
                    "primary": false,
                    "value": "DB00836"
                },
                "name": "Loperamide",
                "description": "Loperamide may increase the arrhythmogenic activities of SOR-C13."
            },
            {
                "drugbank-id": {
                    "primary": false,
                    "value": "DB00909"
                },
                "name": "Zonisamide",
                "description": "Zonisamide may increase the arrhythmogenic activities of SOR-C13."
            },
            {
                "drugbank-id": {
                    "primary": false,
                    "value": "DB00922"
                },
                "name": "Levosimendan",
                "description": "Levosimendan may increase the arrhythmogenic activities of SOR-C13."
            },
            {
                "drugbank-id": {
                    "primary": false,
                    "value": "DB01035"
                },
                "name": "Procainamide",
                "description": "Procainamide may increase the arrhythmogenic activities of SOR-C13."
            },
            {
                "drugbank-id": {
                    "primary": false,
                    "value": "DB01054"
                },
                "name": "Nitrendipine",
                "description": "Nitrendipine may increase the arrhythmogenic activities of SOR-C13."
            },
            {
                "drugbank-id": {
                    "primary": false,
                    "value": "DB01056"
                },
                "name": "Tocainide",
                "description": "Tocainide may increase the arrhythmogenic activities of SOR-C13."
            },
            {
                "drugbank-id": {
                    "primary": false,
                    "value": "DB01074"
                },
                "name": "Perhexiline",
                "description": "Perhexiline may increase the arrhythmogenic activities of SOR-C13."
            },
            {
                "drugbank-id": {
                    "primary": false,
                    "value": "DB01158"
                },
                "name": "Bretylium",
                "description": "Bretylium may increase the arrhythmogenic activities of SOR-C13."
            },
            {
                "drugbank-id": {
                    "primary": false,
                    "value": "DB01195"
                },
                "name": "Flecainide",
                "description": "Flecainide may increase the arrhythmogenic activities of SOR-C13."
            },
            {
                "drugbank-id": {
                    "primary": false,
                    "value": "DB01228"
                },
                "name": "Encainide",
                "description": "Encainide may increase the arrhythmogenic activities of SOR-C13."
            },
            {
                "drugbank-id": {
                    "primary": false,
                    "value": "DB01244"
                },
                "name": "Bepridil",
                "description": "Bepridil may increase the arrhythmogenic activities of SOR-C13."
            },
            {
                "drugbank-id": {
                    "primary": false,
                    "value": "DB01388"
                },
                "name": "Mibefradil",
                "description": "Mibefradil may increase the arrhythmogenic activities of SOR-C13."
            },
            {
                "drugbank-id": {
                    "primary": false,
                    "value": "DB01426"
                },
                "name": "Ajmaline",
                "description": "Ajmaline may increase the arrhythmogenic activities of SOR-C13."
            },
            {
                "drugbank-id": {
                    "primary": false,
                    "value": "DB01429"
                },
                "name": "Aprindine",
                "description": "Aprindine may increase the arrhythmogenic activities of SOR-C13."
            },
            {
                "drugbank-id": {
                    "primary": false,
                    "value": "DB04743"
                },
                "name": "Nimesulide",
                "description": "Nimesulide may increase the arrhythmogenic activities of SOR-C13."
            },
            {
                "drugbank-id": {
                    "primary": false,
                    "value": "DB04825"
                },
                "name": "Prenylamine",
                "description": "Prenylamine may increase the arrhythmogenic activities of SOR-C13."
            },
            {
                "drugbank-id": {
                    "primary": false,
                    "value": "DB04838"
                },
                "name": "Cyclandelate",
                "description": "Cyclandelate may increase the arrhythmogenic activities of SOR-C13."
            },
            {
                "drugbank-id": {
                    "primary": false,
                    "value": "DB04841"
                },
                "name": "Flunarizine",
                "description": "Flunarizine may increase the arrhythmogenic activities of SOR-C13."
            },
            {
                "drugbank-id": {
                    "primary": false,
                    "value": "DB04842"
                },
                "name": "Fluspirilene",
                "description": "Fluspirilene may increase the arrhythmogenic activities of SOR-C13."
            },
            {
                "drugbank-id": {
                    "primary": false,
                    "value": "DB04920"
                },
                "name": "Clevidipine",
                "description": "Clevidipine may increase the arrhythmogenic activities of SOR-C13."
            },
            {
                "drugbank-id": {
                    "primary": false,
                    "value": "DB04957"
                },
                "name": "Azimilide",
                "description": "Azimilide may increase the arrhythmogenic activities of SOR-C13."
            },
            {
                "drugbank-id": {
                    "primary": false,
                    "value": "DB05246"
                },
                "name": "Methsuximide",
                "description": "Methsuximide may increase the arrhythmogenic activities of SOR-C13."
            },
            {
                "drugbank-id": {
                    "primary": false,
                    "value": "DB05885"
                },
                "name": "Seletracetam",
                "description": "Seletracetam may increase the arrhythmogenic activities of SOR-C13."
            },
            {
                "drugbank-id": {
                    "primary": false,
                    "value": "DB06152"
                },
                "name": "Nylidrin",
                "description": "Nylidrin may increase the arrhythmogenic activities of SOR-C13."
            },
            {
                "drugbank-id": {
                    "primary": false,
                    "value": "DB06200"
                },
                "name": "Tedisamil",
                "description": "Tedisamil may increase the arrhythmogenic activities of SOR-C13."
            },
            {
                "drugbank-id": {
                    "primary": false,
                    "value": "DB06217"
                },
                "name": "Vernakalant",
                "description": "Vernakalant may increase the arrhythmogenic activities of SOR-C13."
            },
            {
                "drugbank-id": {
                    "primary": false,
                    "value": "DB06283"
                },
                "name": "Ziconotide",
                "description": "Ziconotide may increase the arrhythmogenic activities of SOR-C13."
            },
            {
                "drugbank-id": {
                    "primary": false,
                    "value": "DB06446"
                },
                "name": "Dotarizine",
                "description": "Dotarizine may increase the arrhythmogenic activities of SOR-C13."
            },
            {
                "drugbank-id": {
                    "primary": false,
                    "value": "DB06468"
                },
                "name": "Cariporide",
                "description": "Cariporide may increase the arrhythmogenic activities of SOR-C13."
            },
            {
                "drugbank-id": {
                    "primary": false,
                    "value": "DB06694"
                },
                "name": "Xylometazoline",
                "description": "Xylometazoline may increase the arrhythmogenic activities of SOR-C13."
            },
            {
                "drugbank-id": {
                    "primary": false,
                    "value": "DB06712"
                },
                "name": "Nilvadipine",
                "description": "Nilvadipine may increase the arrhythmogenic activities of SOR-C13."
            },
            {
                "drugbank-id": {
                    "primary": false,
                    "value": "DB06727"
                },
                "name": "Sparteine",
                "description": "Sparteine may increase the arrhythmogenic activities of SOR-C13."
            },
            {
                "drugbank-id": {
                    "primary": false,
                    "value": "DB07615"
                },
                "name": "Tranilast",
                "description": "Tranilast may increase the arrhythmogenic activities of SOR-C13."
            },
            {
                "drugbank-id": {
                    "primary": false,
                    "value": "DB08162"
                },
                "name": "Fasudil",
                "description": "Fasudil may increase the arrhythmogenic activities of SOR-C13."
            },
            {
                "drugbank-id": {
                    "primary": false,
                    "value": "DB08838"
                },
                "name": "Agmatine",
                "description": "Agmatine may increase the arrhythmogenic activities of SOR-C13."
            },
            {
                "drugbank-id": {
                    "primary": false,
                    "value": "DB08980"
                },
                "name": "Fendiline",
                "description": "Fendiline may increase the arrhythmogenic activities of SOR-C13."
            },
            {
                "drugbank-id": {
                    "primary": false,
                    "value": "DB08992"
                },
                "name": "Eperisone",
                "description": "Eperisone may increase the arrhythmogenic activities of SOR-C13."
            },
            {
                "drugbank-id": {
                    "primary": false,
                    "value": "DB09089"
                },
                "name": "Trimebutine",
                "description": "Trimebutine may increase the arrhythmogenic activities of SOR-C13."
            },
            {
                "drugbank-id": {
                    "primary": false,
                    "value": "DB09090"
                },
                "name": "Pinaverium",
                "description": "Pinaverium may increase the arrhythmogenic activities of SOR-C13."
            },
            {
                "drugbank-id": {
                    "primary": false,
                    "value": "DB09220"
                },
                "name": "Nicorandil",
                "description": "Nicorandil may increase the arrhythmogenic activities of SOR-C13."
            },
            {
                "drugbank-id": {
                    "primary": false,
                    "value": "DB09224"
                },
                "name": "Melperone",
                "description": "Melperone may increase the arrhythmogenic activities of SOR-C13."
            },
            {
                "drugbank-id": {
                    "primary": false,
                    "value": "DB09227"
                },
                "name": "Barnidipine",
                "description": "Barnidipine may increase the arrhythmogenic activities of SOR-C13."
            },
            {
                "drugbank-id": {
                    "primary": false,
                    "value": "DB09229"
                },
                "name": "Aranidipine",
                "description": "Aranidipine may increase the arrhythmogenic activities of SOR-C13."
            },
            {
                "drugbank-id": {
                    "primary": false,
                    "value": "DB09230"
                },
                "name": "Azelnidipine",
                "description": "Azelnidipine may increase the arrhythmogenic activities of SOR-C13."
            },
            {
                "drugbank-id": {
                    "primary": false,
                    "value": "DB09231"
                },
                "name": "Benidipine",
                "description": "Benidipine may increase the arrhythmogenic activities of SOR-C13."
            },
            {
                "drugbank-id": {
                    "primary": false,
                    "value": "DB09232"
                },
                "name": "Cilnidipine",
                "description": "Cilnidipine may increase the arrhythmogenic activities of SOR-C13."
            },
            {
                "drugbank-id": {
                    "primary": false,
                    "value": "DB09234"
                },
                "name": "Darodipine",
                "description": "Darodipine may increase the arrhythmogenic activities of SOR-C13."
            },
            {
                "drugbank-id": {
                    "primary": false,
                    "value": "DB09235"
                },
                "name": "Efonidipine",
                "description": "Efonidipine may increase the arrhythmogenic activities of SOR-C13."
            },
            {
                "drugbank-id": {
                    "primary": false,
                    "value": "DB09236"
                },
                "name": "Lacidipine",
                "description": "Lacidipine may increase the arrhythmogenic activities of SOR-C13."
            },
            {
                "drugbank-id": {
                    "primary": false,
                    "value": "DB09238"
                },
                "name": "Manidipine",
                "description": "Manidipine may increase the arrhythmogenic activities of SOR-C13."
            },
            {
                "drugbank-id": {
                    "primary": false,
                    "value": "DB09240"
                },
                "name": "Niludipine",
                "description": "Niludipine may increase the arrhythmogenic activities of SOR-C13."
            },
            {
                "drugbank-id": {
                    "primary": false,
                    "value": "DB11699"
                },
                "name": "Tropisetron",
                "description": "Tropisetron may increase the arrhythmogenic activities of SOR-C13."
            },
            {
                "drugbank-id": {
                    "primary": false,
                    "value": "DB11960"
                },
                "name": "Carboxyamidotriazole",
                "description": "Carboxyamidotriazole may increase the arrhythmogenic activities of SOR-C13."
            },
            {
                "drugbank-id": {
                    "primary": false,
                    "value": "DB12092"
                },
                "name": "Naftopidil",
                "description": "Naftopidil may increase the arrhythmogenic activities of SOR-C13."
            },
            {
                "drugbank-id": {
                    "primary": false,
                    "value": "DB12093"
                },
                "name": "Tetrahydropalmatine",
                "description": "Tetrahydropalmatine may increase the arrhythmogenic activities of SOR-C13."
            },
            {
                "drugbank-id": {
                    "primary": false,
                    "value": "DB12131"
                },
                "name": "Vinpocetine",
                "description": "Vinpocetine may increase the arrhythmogenic activities of SOR-C13."
            },
            {
                "drugbank-id": {
                    "primary": false,
                    "value": "DB12286"
                },
                "name": "Simendan",
                "description": "Simendan may increase the arrhythmogenic activities of SOR-C13."
            },
            {
                "drugbank-id": {
                    "primary": false,
                    "value": "DB12704"
                },
                "name": "Spiradoline",
                "description": "Spiradoline may increase the arrhythmogenic activities of SOR-C13."
            },
            {
                "drugbank-id": {
                    "primary": false,
                    "value": "DB12712"
                },
                "name": "Pilsicainide",
                "description": "Pilsicainide may increase the arrhythmogenic activities of SOR-C13."
            },
            {
                "drugbank-id": {
                    "primary": false,
                    "value": "DB12766"
                },
                "name": "Cicletanine",
                "description": "Cicletanine may increase the arrhythmogenic activities of SOR-C13."
            },
            {
                "drugbank-id": {
                    "primary": false,
                    "value": "DB12923"
                },
                "name": "Gallopamil",
                "description": "Gallopamil may increase the arrhythmogenic activities of SOR-C13."
            },
            {
                "drugbank-id": {
                    "primary": false,
                    "value": "DB13358"
                },
                "name": "Cibenzoline",
                "description": "Cibenzoline may increase the arrhythmogenic activities of SOR-C13."
            },
            {
                "drugbank-id": {
                    "primary": false,
                    "value": "DB13488"
                },
                "name": "Bencyclane",
                "description": "Bencyclane may increase the arrhythmogenic activities of SOR-C13."
            },
            {
                "drugbank-id": {
                    "primary": false,
                    "value": "DB13500"
                },
                "name": "Otilonium",
                "description": "Otilonium may increase the arrhythmogenic activities of SOR-C13."
            },
            {
                "drugbank-id": {
                    "primary": false,
                    "value": "DB13546"
                },
                "name": "Nizofenone",
                "description": "Nizofenone may increase the arrhythmogenic activities of SOR-C13."
            },
            {
                "drugbank-id": {
                    "primary": false,
                    "value": "DB13555"
                },
                "name": "Prajmaline",
                "description": "Prajmaline may increase the arrhythmogenic activities of SOR-C13."
            },
            {
                "drugbank-id": {
                    "primary": false,
                    "value": "DB13635"
                },
                "name": "Tiracizine",
                "description": "Tiracizine may increase the arrhythmogenic activities of SOR-C13."
            },
            {
                "drugbank-id": {
                    "primary": false,
                    "value": "DB13645"
                },
                "name": "Ethacizine",
                "description": "Ethacizine may increase the arrhythmogenic activities of SOR-C13."
            },
            {
                "drugbank-id": {
                    "primary": false,
                    "value": "DB13651"
                },
                "name": "Lorajmine",
                "description": "Lorajmine may increase the arrhythmogenic activities of SOR-C13."
            },
            {
                "drugbank-id": {
                    "primary": false,
                    "value": "DB13652"
                },
                "name": "Bunaftine",
                "description": "Bunaftine may increase the arrhythmogenic activities of SOR-C13."
            },
            {
                "drugbank-id": {
                    "primary": false,
                    "value": "DB13653"
                },
                "name": "Lorcainide",
                "description": "Lorcainide may increase the arrhythmogenic activities of SOR-C13."
            },
            {
                "drugbank-id": {
                    "primary": false,
                    "value": "DB13718"
                },
                "name": "Hydroquinine",
                "description": "Hydroquinine may increase the arrhythmogenic activities of SOR-C13."
            },
            {
                "drugbank-id": {
                    "primary": false,
                    "value": "DB13725"
                },
                "name": "Terodiline",
                "description": "Terodiline may increase the arrhythmogenic activities of SOR-C13."
            },
            {
                "drugbank-id": {
                    "primary": false,
                    "value": "DB13766"
                },
                "name": "Lidoflazine",
                "description": "Lidoflazine may increase the arrhythmogenic activities of SOR-C13."
            },
            {
                "drugbank-id": {
                    "primary": false,
                    "value": "DB13791"
                },
                "name": "Penfluridol",
                "description": "Penfluridol may increase the arrhythmogenic activities of SOR-C13."
            },
            {
                "drugbank-id": {
                    "primary": false,
                    "value": "DB13835"
                },
                "name": "Caroverine",
                "description": "Caroverine may increase the arrhythmogenic activities of SOR-C13."
            },
            {
                "drugbank-id": {
                    "primary": false,
                    "value": "DB13863"
                },
                "name": "Fosfructose",
                "description": "Fosfructose may increase the arrhythmogenic activities of SOR-C13."
            },
            {
                "drugbank-id": {
                    "primary": false,
                    "value": "DB13950"
                },
                "name": "WIN 55212-2",
                "description": "WIN 55212-2 may increase the arrhythmogenic activities of SOR-C13."
            },
            {
                "drugbank-id": {
                    "primary": false,
                    "value": "DB13961"
                },
                "name": "Fish oil",
                "description": "Fish oil may increase the arrhythmogenic activities of SOR-C13."
            },
            {
                "drugbank-id": {
                    "primary": false,
                    "value": "DB14063"
                },
                "name": "Dexverapamil",
                "description": "Dexverapamil may increase the arrhythmogenic activities of SOR-C13."
            },
            {
                "drugbank-id": {
                    "primary": false,
                    "value": "DB14064"
                },
                "name": "Emopamil",
                "description": "Emopamil may increase the arrhythmogenic activities of SOR-C13."
            },
            {
                "drugbank-id": {
                    "primary": false,
                    "value": "DB14065"
                },
                "name": "Lomerizine",
                "description": "Lomerizine may increase the arrhythmogenic activities of SOR-C13."
            },
            {
                "drugbank-id": {
                    "primary": false,
                    "value": "DB14066"
                },
                "name": "Tetrandrine",
                "description": "Tetrandrine may increase the arrhythmogenic activities of SOR-C13."
            },
            {
                "drugbank-id": {
                    "primary": false,
                    "value": "DB14068"
                },
                "name": "Dexniguldipine",
                "description": "Dexniguldipine may increase the arrhythmogenic activities of SOR-C13."
            },
            {
                "drugbank-id": {
                    "primary": false,
                    "value": "DB14207"
                },
                "name": "Fosinoprilat",
                "description": "Fosinoprilat may increase the arrhythmogenic activities of SOR-C13."
            },
            {
                "drugbank-id": {
                    "primary": false,
                    "value": "DB15300"
                },
                "name": "Hydroquinidine",
                "description": "Hydroquinidine may increase the arrhythmogenic activities of SOR-C13."
            },
            {
                "drugbank-id": {
                    "primary": false,
                    "value": "DB00521"
                },
                "name": "Carteolol",
                "description": "SOR-C13 may increase the arrhythmogenic activities of Carteolol."
            },
            {
                "drugbank-id": {
                    "primary": false,
                    "value": "DB01214"
                },
                "name": "Metipranolol",
                "description": "SOR-C13 may increase the arrhythmogenic activities of Metipranolol."
            },
            {
                "drugbank-id": {
                    "primary": false,
                    "value": "DB13746"
                },
                "name": "Bioallethrin",
                "description": "SOR-C13 may increase the arrhythmogenic activities of Bioallethrin."
            },
            {
                "drugbank-id": {
                    "primary": false,
                    "value": "DB00187"
                },
                "name": "Esmolol",
                "description": "Esmolol may increase the arrhythmogenic activities of SOR-C13."
            },
            {
                "drugbank-id": {
                    "primary": false,
                    "value": "DB00195"
                },
                "name": "Betaxolol",
                "description": "Betaxolol may increase the arrhythmogenic activities of SOR-C13."
            },
            {
                "drugbank-id": {
                    "primary": false,
                    "value": "DB00264"
                },
                "name": "Metoprolol",
                "description": "Metoprolol may increase the arrhythmogenic activities of SOR-C13."
            },
            {
                "drugbank-id": {
                    "primary": false,
                    "value": "DB00335"
                },
                "name": "Atenolol",
                "description": "Atenolol may increase the arrhythmogenic activities of SOR-C13."
            },
            {
                "drugbank-id": {
                    "primary": false,
                    "value": "DB00489"
                },
                "name": "Sotalol",
                "description": "Sotalol may increase the arrhythmogenic activities of SOR-C13."
            },
            {
                "drugbank-id": {
                    "primary": false,
                    "value": "DB00571"
                },
                "name": "Propranolol",
                "description": "Propranolol may increase the arrhythmogenic activities of SOR-C13."
            },
            {
                "drugbank-id": {
                    "primary": false,
                    "value": "DB00866"
                },
                "name": "Alprenolol",
                "description": "Alprenolol may increase the arrhythmogenic activities of SOR-C13."
            },
            {
                "drugbank-id": {
                    "primary": false,
                    "value": "DB01182"
                },
                "name": "Propafenone",
                "description": "Propafenone may increase the arrhythmogenic activities of SOR-C13."
            },
            {
                "drugbank-id": {
                    "primary": false,
                    "value": "DB01193"
                },
                "name": "Acebutolol",
                "description": "Acebutolol may increase the arrhythmogenic activities of SOR-C13."
            },
            {
                "drugbank-id": {
                    "primary": false,
                    "value": "DB01203"
                },
                "name": "Nadolol",
                "description": "Nadolol may increase the arrhythmogenic activities of SOR-C13."
            },
            {
                "drugbank-id": {
                    "primary": false,
                    "value": "DB01297"
                },
                "name": "Practolol",
                "description": "Practolol may increase the arrhythmogenic activities of SOR-C13."
            },
            {
                "drugbank-id": {
                    "primary": false,
                    "value": "DB01580"
                },
                "name": "Oxprenolol",
                "description": "Oxprenolol may increase the arrhythmogenic activities of SOR-C13."
            },
            {
                "drugbank-id": {
                    "primary": false,
                    "value": "DB03322"
                },
                "name": "Dexpropranolol",
                "description": "Dexpropranolol may increase the arrhythmogenic activities of SOR-C13."
            },
            {
                "drugbank-id": {
                    "primary": false,
                    "value": "DB04846"
                },
                "name": "Celiprolol",
                "description": "Celiprolol may increase the arrhythmogenic activities of SOR-C13."
            },
            {
                "drugbank-id": {
                    "primary": false,
                    "value": "DB04861"
                },
                "name": "Nebivolol",
                "description": "Nebivolol may increase the arrhythmogenic activities of SOR-C13."
            },
            {
                "drugbank-id": {
                    "primary": false,
                    "value": "DB08808"
                },
                "name": "Bupranolol",
                "description": "Bupranolol may increase the arrhythmogenic activities of SOR-C13."
            },
            {
                "drugbank-id": {
                    "primary": false,
                    "value": "DB08952"
                },
                "name": "Indenolol",
                "description": "Indenolol may increase the arrhythmogenic activities of SOR-C13."
            },
            {
                "drugbank-id": {
                    "primary": false,
                    "value": "DB11770"
                },
                "name": "Talinolol",
                "description": "Talinolol may increase the arrhythmogenic activities of SOR-C13."
            },
            {
                "drugbank-id": {
                    "primary": false,
                    "value": "DB11785"
                },
                "name": "Anisodamine",
                "description": "Anisodamine may increase the arrhythmogenic activities of SOR-C13."
            },
            {
                "drugbank-id": {
                    "primary": false,
                    "value": "DB12212"
                },
                "name": "Landiolol",
                "description": "Landiolol may increase the arrhythmogenic activities of SOR-C13."
            },
            {
                "drugbank-id": {
                    "primary": false,
                    "value": "DB13775"
                },
                "name": "Tertatolol",
                "description": "Tertatolol may increase the arrhythmogenic activities of SOR-C13."
            },
            {
                "drugbank-id": {
                    "primary": false,
                    "value": "DB00390"
                },
                "name": "Digoxin",
                "description": "Digoxin may increase the arrhythmogenic activities of SOR-C13."
            },
            {
                "drugbank-id": {
                    "primary": false,
                    "value": "DB00511"
                },
                "name": "Acetyldigitoxin",
                "description": "Acetyldigitoxin may increase the arrhythmogenic activities of SOR-C13."
            },
            {
                "drugbank-id": {
                    "primary": false,
                    "value": "DB01078"
                },
                "name": "Deslanoside",
                "description": "Deslanoside may increase the arrhythmogenic activities of SOR-C13."
            },
            {
                "drugbank-id": {
                    "primary": false,
                    "value": "DB01396"
                },
                "name": "Digitoxin",
                "description": "Digitoxin may increase the arrhythmogenic activities of SOR-C13."
            },
            {
                "drugbank-id": {
                    "primary": false,
                    "value": "DB13240"
                },
                "name": "Cymarin",
                "description": "Cymarin may increase the arrhythmogenic activities of SOR-C13."
            },
            {
                "drugbank-id": {
                    "primary": false,
                    "value": "DB13401"
                },
                "name": "Metildigoxin",
                "description": "Metildigoxin may increase the arrhythmogenic activities of SOR-C13."
            },
            {
                "drugbank-id": {
                    "primary": false,
                    "value": "DB13691"
                },
                "name": "Acetyldigoxin",
                "description": "Acetyldigoxin may increase the arrhythmogenic activities of SOR-C13."
            },
            {
                "drugbank-id": {
                    "primary": false,
                    "value": "DB00622"
                },
                "name": "Nicardipine",
                "description": "Nicardipine may increase the arrhythmogenic activities of SOR-C13."
            },
            {
                "drugbank-id": {
                    "primary": false,
                    "value": "DB00661"
                },
                "name": "Verapamil",
                "description": "Verapamil may increase the arrhythmogenic activities of SOR-C13."
            },
            {
                "drugbank-id": {
                    "primary": false,
                    "value": "DB00908"
                },
                "name": "Quinidine",
                "description": "Quinidine may increase the arrhythmogenic activities of SOR-C13."
            },
            {
                "drugbank-id": {
                    "primary": false,
                    "value": "DB01136"
                },
                "name": "Carvedilol",
                "description": "Carvedilol may increase the arrhythmogenic activities of SOR-C13."
            },
            {
                "drugbank-id": {
                    "primary": false,
                    "value": "DB04855"
                },
                "name": "Dronedarone",
                "description": "Dronedarone may increase the arrhythmogenic activities of SOR-C13."
            },
            {
                "drugbank-id": {
                    "primary": false,
                    "value": "DB09239"
                },
                "name": "Niguldipine",
                "description": "Niguldipine may increase the arrhythmogenic activities of SOR-C13."
            },
            {
                "drugbank-id": {
                    "primary": false,
                    "value": "DB00653"
                },
                "name": "Magnesium sulfate",
                "description": "Magnesium sulfate may increase the arrhythmogenic activities of SOR-C13."
            },
            {
                "drugbank-id": {
                    "primary": false,
                    "value": "DB00373"
                },
                "name": "Timolol",
                "description": "Timolol may increase the arrhythmogenic activities of SOR-C13."
            },
            {
                "drugbank-id": {
                    "primary": false,
                    "value": "DB01023"
                },
                "name": "Felodipine",
                "description": "Felodipine may increase the arrhythmogenic activities of SOR-C13."
            },
            {
                "drugbank-id": {
                    "primary": false,
                    "value": "DB01115"
                },
                "name": "Nifedipine",
                "description": "Nifedipine may increase the arrhythmogenic activities of SOR-C13."
            },
            {
                "drugbank-id": {
                    "primary": false,
                    "value": "DB00612"
                },
                "name": "Bisoprolol",
                "description": "The therapeutic efficacy of SOR-C13 can be increased when used in combination with Bisoprolol."
            },
            {
                "drugbank-id": {
                    "primary": false,
                    "value": "DB01118"
                },
                "name": "Amiodarone",
                "description": "The risk or severity of adverse effects can be increased when Amiodarone is combined with SOR-C13."
            },
            {
                "drugbank-id": {
                    "primary": false,
                    "value": "DB00012"
                },
                "name": "Darbepoetin alfa",
                "description": "The risk or severity of Thrombosis can be increased when Darbepoetin alfa is combined with SOR-C13."
            },
            {
                "drugbank-id": {
                    "primary": false,
                    "value": "DB00016"
                },
                "name": "Erythropoietin",
                "description": "The risk or severity of Thrombosis can be increased when Erythropoietin is combined with SOR-C13."
            },
            {
                "drugbank-id": {
                    "primary": false,
                    "value": "DB08894"
                },
                "name": "Peginesatide",
                "description": "The risk or severity of Thrombosis can be increased when Peginesatide is combined with SOR-C13."
            },
            {
                "drugbank-id": {
                    "primary": false,
                    "value": "DB09107"
                },
                "name": "Methoxy polyethylene glycol-epoetin beta",
                "description": "The risk or severity of Thrombosis can be increased when Methoxy polyethylene glycol-epoetin beta is combined with SOR-C13."
            },
            {
                "drugbank-id": {
                    "primary": false,
                    "value": "DB00296"
                },
                "name": "Ropivacaine",
                "description": "The risk or severity of methemoglobinemia can be increased when SOR-C13 is combined with Ropivacaine."
            },
            {
                "drugbank-id": {
                    "primary": false,
                    "value": "DB00297"
                },
                "name": "Bupivacaine",
                "description": "The risk or severity of methemoglobinemia can be increased when SOR-C13 is combined with Bupivacaine."
            },
            {
                "drugbank-id": {
                    "primary": false,
                    "value": "DB00527"
                },
                "name": "Cinchocaine",
                "description": "The risk or severity of methemoglobinemia can be increased when SOR-C13 is combined with Cinchocaine."
            },
            {
                "drugbank-id": {
                    "primary": false,
                    "value": "DB00645"
                },
                "name": "Dyclonine",
                "description": "The risk or severity of methemoglobinemia can be increased when SOR-C13 is combined with Dyclonine."
            },
            {
                "drugbank-id": {
                    "primary": false,
                    "value": "DB00721"
                },
                "name": "Procaine",
                "description": "The risk or severity of methemoglobinemia can be increased when SOR-C13 is combined with Procaine."
            },
            {
                "drugbank-id": {
                    "primary": false,
                    "value": "DB00750"
                },
                "name": "Prilocaine",
                "description": "The risk or severity of methemoglobinemia can be increased when SOR-C13 is combined with Prilocaine."
            },
            {
                "drugbank-id": {
                    "primary": false,
                    "value": "DB00807"
                },
                "name": "Proparacaine",
                "description": "The risk or severity of methemoglobinemia can be increased when SOR-C13 is combined with Proparacaine."
            },
            {
                "drugbank-id": {
                    "primary": false,
                    "value": "DB00814"
                },
                "name": "Meloxicam",
                "description": "The risk or severity of methemoglobinemia can be increased when SOR-C13 is combined with Meloxicam."
            },
            {
                "drugbank-id": {
                    "primary": false,
                    "value": "DB00892"
                },
                "name": "Oxybuprocaine",
                "description": "The risk or severity of methemoglobinemia can be increased when SOR-C13 is combined with Oxybuprocaine."
            },
            {
                "drugbank-id": {
                    "primary": false,
                    "value": "DB00907"
                },
                "name": "Cocaine",
                "description": "The risk or severity of methemoglobinemia can be increased when SOR-C13 is combined with Cocaine."
            },
            {
                "drugbank-id": {
                    "primary": false,
                    "value": "DB00961"
                },
                "name": "Mepivacaine",
                "description": "The risk or severity of methemoglobinemia can be increased when SOR-C13 is combined with Mepivacaine."
            },
            {
                "drugbank-id": {
                    "primary": false,
                    "value": "DB01002"
                },
                "name": "Levobupivacaine",
                "description": "The risk or severity of methemoglobinemia can be increased when SOR-C13 is combined with Levobupivacaine."
            },
            {
                "drugbank-id": {
                    "primary": false,
                    "value": "DB01075"
                },
                "name": "Diphenhydramine",
                "description": "The risk or severity of methemoglobinemia can be increased when SOR-C13 is combined with Diphenhydramine."
            },
            {
                "drugbank-id": {
                    "primary": false,
                    "value": "DB01086"
                },
                "name": "Benzocaine",
                "description": "The risk or severity of methemoglobinemia can be increased when SOR-C13 is combined with Benzocaine."
            },
            {
                "drugbank-id": {
                    "primary": false,
                    "value": "DB01161"
                },
                "name": "Chloroprocaine",
                "description": "The risk or severity of methemoglobinemia can be increased when SOR-C13 is combined with Chloroprocaine."
            },
            {
                "drugbank-id": {
                    "primary": false,
                    "value": "DB03255"
                },
                "name": "Phenol",
                "description": "The risk or severity of methemoglobinemia can be increased when SOR-C13 is combined with Phenol."
            },
            {
                "drugbank-id": {
                    "primary": false,
                    "value": "DB05232"
                },
                "name": "Tetrodotoxin",
                "description": "The risk or severity of methemoglobinemia can be increased when SOR-C13 is combined with Tetrodotoxin."
            },
            {
                "drugbank-id": {
                    "primary": false,
                    "value": "DB06770"
                },
                "name": "Benzyl alcohol",
                "description": "The risk or severity of methemoglobinemia can be increased when SOR-C13 is combined with Benzyl alcohol."
            },
            {
                "drugbank-id": {
                    "primary": false,
                    "value": "DB06774"
                },
                "name": "Capsaicin",
                "description": "The risk or severity of methemoglobinemia can be increased when SOR-C13 is combined with Capsaicin."
            },
            {
                "drugbank-id": {
                    "primary": false,
                    "value": "DB08987"
                },
                "name": "Etidocaine",
                "description": "The risk or severity of methemoglobinemia can be increased when SOR-C13 is combined with Etidocaine."
            },
            {
                "drugbank-id": {
                    "primary": false,
                    "value": "DB09009"
                },
                "name": "Articaine",
                "description": "The risk or severity of methemoglobinemia can be increased when SOR-C13 is combined with Articaine."
            },
            {
                "drugbank-id": {
                    "primary": false,
                    "value": "DB09085"
                },
                "name": "Tetracaine",
                "description": "The risk or severity of methemoglobinemia can be increased when SOR-C13 is combined with Tetracaine."
            },
            {
                "drugbank-id": {
                    "primary": false,
                    "value": "DB09342"
                },
                "name": "Propoxycaine",
                "description": "The risk or severity of methemoglobinemia can be increased when SOR-C13 is combined with Propoxycaine."
            },
            {
                "drugbank-id": {
                    "primary": false,
                    "value": "DB09345"
                },
                "name": "Pramocaine",
                "description": "The risk or severity of methemoglobinemia can be increased when SOR-C13 is combined with Pramocaine."
            },
            {
                "drugbank-id": {
                    "primary": false,
                    "value": "DB11148"
                },
                "name": "Butamben",
                "description": "The risk or severity of methemoglobinemia can be increased when SOR-C13 is combined with Butamben."
            },
            {
                "drugbank-id": {
                    "primary": false,
                    "value": "DB11502"
                },
                "name": "Butacaine",
                "description": "The risk or severity of methemoglobinemia can be increased when SOR-C13 is combined with Butacaine."
            },
            {
                "drugbank-id": {
                    "primary": false,
                    "value": "DB12532"
                },
                "name": "Oxetacaine",
                "description": "The risk or severity of methemoglobinemia can be increased when SOR-C13 is combined with Oxetacaine."
            },
            {
                "drugbank-id": {
                    "primary": false,
                    "value": "DB13259"
                },
                "name": "Ethyl chloride",
                "description": "The risk or severity of methemoglobinemia can be increased when SOR-C13 is combined with Ethyl chloride."
            },
            {
                "drugbank-id": {
                    "primary": false,
                    "value": "DB13328"
                },
                "name": "Butanilicaine",
                "description": "The risk or severity of methemoglobinemia can be increased when SOR-C13 is combined with Butanilicaine."
            },
            {
                "drugbank-id": {
                    "primary": false,
                    "value": "DB13578"
                },
                "name": "Metabutethamine",
                "description": "The risk or severity of methemoglobinemia can be increased when SOR-C13 is combined with Metabutethamine."
            },
            {
                "drugbank-id": {
                    "primary": false,
                    "value": "DB13683"
                },
                "name": "Quinisocaine",
                "description": "The risk or severity of methemoglobinemia can be increased when SOR-C13 is combined with Quinisocaine."
            }
        ]
    },
    "calculated-properties": {
        "property": [
            {
                "kind": "logP",
                "value": "-3.2",
                "source": "ALOGPS"
            },
            {
                "kind": "logS",
                "value": "-4.6",
                "source": "ALOGPS"
            },
            {
                "kind": "Water Solubility",
                "value": "3.47e-02 g/l",
                "source": "ALOGPS"
            },
            {
                "kind": "logP",
                "value": "-12",
                "source": "ChemAxon"
            },
            {
                "kind": "IUPAC Name",
                "value": "(4S)-4-{[(1S)-1-{[(1S)-1-{[(2S)-1-[(2S)-2-{[(1S)-1-{[(1S)-5-amino-1-{[(1S)-1-{[(1S)-1-{[(2S)-1-[(2S)-2-{[(1S)-4-carbamimidamido-1-carboxybutyl]carbamoyl}pyrrolidin-1-yl]-4-methyl-1-oxopentan-2-yl]carbamoyl}-2-carboxyethyl]carbamoyl}-2-methylpropyl]carbamoyl}pentyl]carbamoyl}-2-hydroxyethyl]carbamoyl}pyrrolidin-1-yl]-3-(1H-imidazol-5-yl)-1-oxopropan-2-yl]carbamoyl}-3-methylbutyl]carbamoyl}-2-phenylethyl]carbamoyl}-4-[(2S)-2,6-diaminohexanamido]butanoic acid",
                "source": "ChemAxon"
            },
            {
                "kind": "Traditional IUPAC Name",
                "value": "(2S)-N-[(5aR,6aS,7S,10aS)-9-carbamoyl-7-(dimethylamino)-4-fluoro-1,8,10a,11-tetrahydroxy-10,12-dioxo-5a,6,6a,7-tetrahydro-5H-tetracen-2-yl]-1-methylpyrrolidine-2-carboxamide",
                "source": "ChemAxon"
            },
            {
                "kind": "Molecular Weight",
                "value": "1565.841",
                "source": "ChemAxon"
            },
            {
                "kind": "Monoisotopic Weight",
                "value": "1564.872561595",
                "source": "ChemAxon"
            },
            {
                "kind": "SMILES",
                "value": "CC(C)C[C@H](NC(=O)[C@H](CC1=CC=CC=C1)NC(=O)[C@H](CCC(O)=O)NC(=O)[C@@H](N)CCCCN)C(=O)N[C@@H](CC1=CN=CN1)C(=O)N1CCC[C@H]1C(=O)N[C@@H](CO)C(=O)N[C@@H](CCCCN)C(=O)N[C@@H](C(C)C)C(=O)N[C@@H](CC(O)=O)C(=O)N[C@@H](CC(C)C)C(=O)N1CCC[C@H]1C(=O)N[C@@H](CCCNC(N)=N)C(O)=O",
                "source": "ChemAxon"
            },
            {
                "kind": "Molecular Formula",
                "value": "C72H116N20O19",
                "source": "ChemAxon"
            },
            {
                "kind": "InChI",
                "value": "InChI=1S/C72H116N20O19/c1-39(2)31-48(84-63(102)49(33-42-17-8-7-9-18-42)85-60(99)46(24-25-56(94)95)81-59(98)44(75)19-10-12-26-73)62(101)88-52(34-43-36-78-38-80-43)70(109)92-30-16-23-55(92)67(106)89-53(37-93)65(104)82-45(20-11-13-27-74)61(100)90-58(41(5)6)68(107)86-50(35-57(96)97)64(103)87-51(32-40(3)4)69(108)91-29-15-22-54(91)66(105)83-47(71(110)111)21-14-28-79-72(76)77/h7-9,17-18,36,38-41,44-55,58,93H,10-16,19-35,37,73-75H2,1-6H3,(H,78,80)(H,81,98)(H,82,104)(H,83,105)(H,84,102)(H,85,99)(H,86,107)(H,87,103)(H,88,101)(H,89,106)(H,90,100)(H,94,95)(H,96,97)(H,110,111)(H4,76,77,79)/t44-,45-,46-,47-,48-,49-,50-,51-,52-,53-,54-,55-,58-/m0/s1",
                "source": "ChemAxon"
            },
            {
                "kind": "InChIKey",
                "value": "LGANPTNILMNMES-TVNHODDRSA-N",
                "source": "ChemAxon"
            },
            {
                "kind": "Polar Surface Area (PSA)",
                "value": "632.39",
                "source": "ChemAxon"
            },
            {
                "kind": "Refractivity",
                "value": "408.39",
                "source": "ChemAxon"
            },
            {
                "kind": "Polarizability",
                "value": "162.6",
                "source": "ChemAxon"
            },
            {
                "kind": "Rotatable Bond Count",
                "value": "50",
                "source": "ChemAxon"
            },
            {
                "kind": "H Bond Acceptor Count",
                "value": "26",
                "source": "ChemAxon"
            },
            {
                "kind": "H Bond Donor Count",
                "value": "21",
                "source": "ChemAxon"
            },
            {
                "kind": "pKa (strongest acidic)",
                "value": "3.14",
                "source": "ChemAxon"
            },
            {
                "kind": "pKa (strongest basic)",
                "value": "12.05",
                "source": "ChemAxon"
            },
            {
                "kind": "Physiological Charge",
                "value": "2",
                "source": "ChemAxon"
            },
            {
                "kind": "Number of Rings",
                "value": "4",
                "source": "ChemAxon"
            },
            {
                "kind": "Bioavailability",
                "value": "0",
                "source": "ChemAxon"
            },
            {
                "kind": "Rule of Five",
                "value": "0",
                "source": "ChemAxon"
            },
            {
                "kind": "Ghose Filter",
                "value": "0",
                "source": "ChemAxon"
            },
            {
                "kind": "MDDR-Like Rule",
                "value": "1",
                "source": "ChemAxon"
            }
        ]
    },
    "experimental-properties": null,
    "external-identifiers": {
        "external-identifier": [
            {
                "resource": "ChemSpider",
                "identifier": "64854333"
            }
        ]
    },
    "external-links": null,
    "pathways": null,
    "reactions": null,
    "snp-effects": null,
    "snp-adverse-drug-reactions": null,
    "targets": null,
    "enzymes": null,
    "carriers": null,
    "transporters": null
}