{
    "type": "small molecule",
    "created": "2019-05-20",
    "updated": "2020-06-12",
    "drugbank-id": [
        {
            "primary": true,
            "value": "DB15105"
        }
    ],
    "name": "PF-06751979",
    "description": "PF-06751979 is under investigation in clinical trial NCT03126721 (The Study is to Evaluate the Effect of Multiple Doses PF-06751979 on the Pharmacokinetics of Midazolam in Healthy Adults).",
    "cas-number": "1818339-66-0",
    "unii": "1Y0Y126GUG",
    "average-mass": 455.5,
    "monoisotopic-mass": 455.089738166,
    "groups": {
        "group": [
            "investigational"
        ]
    },
    "general-references": {
        "articles": null,
        "textbooks": null,
        "links": null,
        "attachments": null
    },
    "synthesis-reference": null,
    "indication": null,
    "pharmacodynamics": null,
    "mechanism-of-action": null,
    "toxicity": null,
    "metabolism": null,
    "absorption": null,
    "half-life": null,
    "protein-binding": null,
    "route-of-elimination": null,
    "volume-of-distribution": null,
    "clearance": null,
    "salts": null,
    "synonyms": null,
    "products": null,
    "international-brands": null,
    "mixtures": null,
    "packagers": null,
    "manufacturers": null,
    "prices": null,
    "categories": {
        "category": [
            {
                "category": "Sulfur Compounds",
                "mesh-id": "D013457"
            }
        ]
    },
    "affected-organisms": null,
    "dosages": null,
    "atc-codes": null,
    "ahfs-codes": null,
    "pdb-entries": null,
    "patents": null,
    "food-interactions": null,
    "drug-interactions": null,
    "calculated-properties": {
        "property": [
            {
                "kind": "logP",
                "value": "2.98",
                "source": "ALOGPS"
            },
            {
                "kind": "logS",
                "value": "-4.6",
                "source": "ALOGPS"
            },
            {
                "kind": "Water Solubility",
                "value": "1.23e-02 g/l",
                "source": "ALOGPS"
            },
            {
                "kind": "logP",
                "value": "3.17",
                "source": "ChemAxon"
            },
            {
                "kind": "IUPAC Name",
                "value": "N-{2-[(4aR,6S,8aR)-2-amino-6-methyl-4H,4aH,5H,6H,8H,8aH-pyrano[3,4-d][1,3]thiazin-8a-yl]-1,3-thiazol-4-yl}-5-(difluoromethoxy)pyridine-2-carboxamide",
                "source": "ChemAxon"
            },
            {
                "kind": "Traditional IUPAC Name",
                "value": "(2R)-14-fluoro-2-methyl-6,9,10,19-tetraazapentacyclo[14.2.1.0^{2,6}.0^{8,18}.0^{12,17}]nonadeca-1(18),8,12(17),13,15-pentaen-11-one",
                "source": "ChemAxon"
            },
            {
                "kind": "Molecular Weight",
                "value": "455.5",
                "source": "ChemAxon"
            },
            {
                "kind": "Monoisotopic Weight",
                "value": "455.089738166",
                "source": "ChemAxon"
            },
            {
                "kind": "SMILES",
                "value": "C[C@H]1C[C@H]2CSC(N)=N[C@]2(CO1)C1=NC(NC(=O)C2=NC=C(OC(F)F)C=C2)=CS1",
                "source": "ChemAxon"
            },
            {
                "kind": "Molecular Formula",
                "value": "C18H19F2N5O3S2",
                "source": "ChemAxon"
            },
            {
                "kind": "InChI",
                "value": "InChI=1S/C18H19F2N5O3S2/c1-9-4-10-6-30-17(21)25-18(10,8-27-9)15-24-13(7-29-15)23-14(26)12-3-2-11(5-22-12)28-16(19)20/h2-3,5,7,9-10,16H,4,6,8H2,1H3,(H2,21,25)(H,23,26)/t9-,10-,18-/m0/s1",
                "source": "ChemAxon"
            },
            {
                "kind": "InChIKey",
                "value": "ZLZUHACSRMOLLV-RAALSFIWSA-N",
                "source": "ChemAxon"
            },
            {
                "kind": "Polar Surface Area (PSA)",
                "value": "111.72",
                "source": "ChemAxon"
            },
            {
                "kind": "Refractivity",
                "value": "109.2",
                "source": "ChemAxon"
            },
            {
                "kind": "Polarizability",
                "value": "43.37",
                "source": "ChemAxon"
            },
            {
                "kind": "Rotatable Bond Count",
                "value": "5",
                "source": "ChemAxon"
            },
            {
                "kind": "H Bond Acceptor Count",
                "value": "7",
                "source": "ChemAxon"
            },
            {
                "kind": "H Bond Donor Count",
                "value": "2",
                "source": "ChemAxon"
            },
            {
                "kind": "pKa (strongest acidic)",
                "value": "10.11",
                "source": "ChemAxon"
            },
            {
                "kind": "pKa (strongest basic)",
                "value": "6.95",
                "source": "ChemAxon"
            },
            {
                "kind": "Physiological Charge",
                "value": "1",
                "source": "ChemAxon"
            },
            {
                "kind": "Number of Rings",
                "value": "4",
                "source": "ChemAxon"
            },
            {
                "kind": "Bioavailability",
                "value": "1",
                "source": "ChemAxon"
            },
            {
                "kind": "Rule of Five",
                "value": "1",
                "source": "ChemAxon"
            },
            {
                "kind": "Ghose Filter",
                "value": "1",
                "source": "ChemAxon"
            },
            {
                "kind": "MDDR-Like Rule",
                "value": "0",
                "source": "ChemAxon"
            }
        ]
    },
    "experimental-properties": null,
    "external-identifiers": {
        "external-identifier": [
            {
                "resource": "ChemSpider",
                "identifier": "71045570"
            },
            {
                "resource": "BindingDB",
                "identifier": "223395"
            },
            {
                "resource": "ChEMBL",
                "identifier": "CHEMBL3952064"
            }
        ]
    },
    "external-links": null,
    "pathways": null,
    "reactions": null,
    "snp-effects": null,
    "snp-adverse-drug-reactions": null,
    "targets": null,
    "enzymes": null,
    "carriers": null,
    "transporters": null
}