{
    "type": "small molecule",
    "created": "2019-05-20",
    "updated": "2020-06-12",
    "drugbank-id": [
        {
            "primary": true,
            "value": "DB15132"
        }
    ],
    "name": "AZD-8165",
    "description": "AZD-8165 is under investigation in clinical trial NCT01150812 (Oral AZD8165 After Single Oral Ascending Doses in Healthy Male Subjects).",
    "cas-number": "1201686-72-7",
    "unii": "7WO8I5IY24",
    "average-mass": 513.91,
    "monoisotopic-mass": 513.132758,
    "groups": {
        "group": [
            "investigational"
        ]
    },
    "general-references": {
        "articles": null,
        "textbooks": null,
        "links": null,
        "attachments": null
    },
    "synthesis-reference": null,
    "indication": null,
    "pharmacodynamics": null,
    "mechanism-of-action": null,
    "toxicity": null,
    "metabolism": null,
    "absorption": null,
    "half-life": null,
    "protein-binding": null,
    "route-of-elimination": null,
    "volume-of-distribution": null,
    "clearance": null,
    "classification": {
        "description": "This compound belongs to the class of organic compounds known as phenyltetrazoles and derivatives. These are compounds containing a phenyltetrazole skeleton, which consists of a tetrazole bound to a phenyl group.",
        "direct-parent": "Phenyltetrazoles and derivatives",
        "kingdom": "Organic compounds",
        "superclass": "Organoheterocyclic compounds",
        "class": "Azoles",
        "subclass": "Tetrazoles",
        "alternative-parent": [
            "Alpha amino acids and derivatives",
            "Aryl chlorides",
            "Aryl fluorides",
            "Azacyclic compounds",
            "Benzyloxycarbonyls",
            "Carbonyl compounds",
            "Carboxylic acid esters",
            "Chlorobenzenes",
            "Fluorobenzenes",
            "Heteroaromatic compounds",
            "Hydrocarbon derivatives",
            "Monocarboxylic acids and derivatives",
            "N-alkylated hydrazones",
            "Organic oxides",
            "Organochlorides",
            "Organofluorides",
            "Phenylacetamides",
            "Pyrazolines",
            "Secondary carboxylic acid amides"
        ],
        "substituent": [
            "Alpha-amino acid or derivatives",
            "Aromatic heteromonocyclic compound",
            "Aryl chloride",
            "Aryl fluoride",
            "Aryl halide",
            "Azacycle",
            "Benzenoid",
            "Benzyloxycarbonyl",
            "Carbonyl group",
            "Carboxamide group",
            "Carboxylic acid derivative",
            "Carboxylic acid ester",
            "Chlorobenzene",
            "Fluorobenzene",
            "Halobenzene",
            "Heteroaromatic compound",
            "Hydrocarbon derivative",
            "Monocarboxylic acid or derivatives",
            "Monocyclic benzene moiety",
            "N-alkylated hydrazone",
            "Organic nitrogen compound",
            "Organic oxide",
            "Organic oxygen compound",
            "Organochloride",
            "Organofluoride",
            "Organohalogen compound",
            "Organonitrogen compound",
            "Organooxygen compound",
            "Phenylacetamide",
            "Phenyltetrazole",
            "Pyrazoline",
            "Secondary carboxylic acid amide"
        ]
    },
    "salts": null,
    "synonyms": null,
    "products": null,
    "international-brands": null,
    "mixtures": null,
    "packagers": null,
    "manufacturers": null,
    "prices": null,
    "categories": null,
    "affected-organisms": null,
    "dosages": null,
    "atc-codes": null,
    "ahfs-codes": null,
    "pdb-entries": null,
    "patents": null,
    "food-interactions": null,
    "drug-interactions": null,
    "calculated-properties": {
        "property": [
            {
                "kind": "logP",
                "value": "2.33",
                "source": "ALOGPS"
            },
            {
                "kind": "logS",
                "value": "-4.4",
                "source": "ALOGPS"
            },
            {
                "kind": "Water Solubility",
                "value": "2.16e-02 g/l",
                "source": "ALOGPS"
            },
            {
                "kind": "logP",
                "value": "2.08",
                "source": "ChemAxon"
            },
            {
                "kind": "IUPAC Name",
                "value": "(1R)-2-[(5S)-5-({[5-chloro-2-(1H-1,2,3,4-tetrazol-1-yl)phenyl]methyl}carbamoyl)-4,5-dihydro-1H-pyrazol-1-yl]-1-(4-fluorophenyl)-2-oxoethyl propanoate",
                "source": "ChemAxon"
            },
            {
                "kind": "Traditional IUPAC Name",
                "value": "(2R)-14-fluoro-2-methyl-6,9,10,19-tetraazapentacyclo[14.2.1.0^{2,6}.0^{8,18}.0^{12,17}]nonadeca-1(18),8,12(17),13,15-pentaen-11-one",
                "source": "ChemAxon"
            },
            {
                "kind": "Molecular Weight",
                "value": "513.91",
                "source": "ChemAxon"
            },
            {
                "kind": "Monoisotopic Weight",
                "value": "513.132758",
                "source": "ChemAxon"
            },
            {
                "kind": "SMILES",
                "value": "CCC(=O)O[C@@H](C(=O)N1N=CC[C@H]1C(=O)NCC1=C(C=CC(Cl)=C1)N1C=NN=N1)C1=CC=C(F)C=C1",
                "source": "ChemAxon"
            },
            {
                "kind": "Molecular Formula",
                "value": "C23H21ClFN7O4",
                "source": "ChemAxon"
            },
            {
                "kind": "InChI",
                "value": "InChI=1S/C23H21ClFN7O4/c1-2-20(33)36-21(14-3-6-17(25)7-4-14)23(35)32-19(9-10-28-32)22(34)26-12-15-11-16(24)5-8-18(15)31-13-27-29-30-31/h3-8,10-11,13,19,21H,2,9,12H2,1H3,(H,26,34)/t19-,21+/m0/s1",
                "source": "ChemAxon"
            },
            {
                "kind": "InChIKey",
                "value": "YUHNXUAATAMVKD-PZJWPPBQSA-N",
                "source": "ChemAxon"
            },
            {
                "kind": "Polar Surface Area (PSA)",
                "value": "131.67",
                "source": "ChemAxon"
            },
            {
                "kind": "Refractivity",
                "value": "128.63",
                "source": "ChemAxon"
            },
            {
                "kind": "Polarizability",
                "value": "48.27",
                "source": "ChemAxon"
            },
            {
                "kind": "Rotatable Bond Count",
                "value": "9",
                "source": "ChemAxon"
            },
            {
                "kind": "H Bond Acceptor Count",
                "value": "7",
                "source": "ChemAxon"
            },
            {
                "kind": "H Bond Donor Count",
                "value": "1",
                "source": "ChemAxon"
            },
            {
                "kind": "pKa (strongest acidic)",
                "value": "13.29",
                "source": "ChemAxon"
            },
            {
                "kind": "pKa (strongest basic)",
                "value": "0.76",
                "source": "ChemAxon"
            },
            {
                "kind": "Physiological Charge",
                "value": "0",
                "source": "ChemAxon"
            },
            {
                "kind": "Number of Rings",
                "value": "4",
                "source": "ChemAxon"
            },
            {
                "kind": "Bioavailability",
                "value": "1",
                "source": "ChemAxon"
            },
            {
                "kind": "Rule of Five",
                "value": "0",
                "source": "ChemAxon"
            },
            {
                "kind": "Ghose Filter",
                "value": "0",
                "source": "ChemAxon"
            },
            {
                "kind": "MDDR-Like Rule",
                "value": "1",
                "source": "ChemAxon"
            }
        ]
    },
    "experimental-properties": null,
    "external-identifiers": {
        "external-identifier": [
            {
                "resource": "ChemSpider",
                "identifier": "34980772"
            },
            {
                "resource": "ChEMBL",
                "identifier": "CHEMBL3786896"
            },
            {
                "resource": "ZINC",
                "identifier": "ZINC000114299781"
            }
        ]
    },
    "external-links": null,
    "pathways": null,
    "reactions": null,
    "snp-effects": null,
    "snp-adverse-drug-reactions": null,
    "targets": null,
    "enzymes": null,
    "carriers": null,
    "transporters": null
}