{
    "type": "biotech",
    "created": "2019-08-30",
    "updated": "2021-12-11",
    "drugbank-id": [
        {
            "primary": true,
            "value": "DB15486"
        }
    ],
    "name": "Vibrio cholerae Ogawa 50 classical biotype, heat inactivated",
    "description": null,
    "cas-number": null,
    "unii": null,
    "groups": {
        "group": [
            "approved"
        ]
    },
    "general-references": {
        "articles": null,
        "textbooks": null,
        "links": null,
        "attachments": null
    },
    "synthesis-reference": null,
    "indication": null,
    "pharmacodynamics": null,
    "mechanism-of-action": null,
    "toxicity": null,
    "metabolism": null,
    "absorption": null,
    "half-life": null,
    "protein-binding": null,
    "route-of-elimination": null,
    "volume-of-distribution": null,
    "clearance": null,
    "salts": null,
    "synonyms": null,
    "products": {
        "product": [
            {
                "name": "Dukoral",
                "labeller": "Valneva Sweden Ab",
                "ndc-id": null,
                "ndc-product-code": null,
                "dpd-id": "02247208",
                "ema-product-code": null,
                "ema-ma-number": null,
                "started-marketing-on": "2003-04-15",
                "ended-marketing-on": null,
                "dosage-form": "Suspension",
                "strength": null,
                "route": "Oral",
                "fda-application-number": null,
                "generic": false,
                "over-the-counter": false,
                "approved": true,
                "country": "Canada",
                "source": "DPD"
            },
            {
                "name": "Dukoral",
                "labeller": "Valneva Sweden Ab",
                "ndc-id": null,
                "ndc-product-code": null,
                "dpd-id": null,
                "ema-product-code": "EMEA/H/C/000476",
                "ema-ma-number": "EU/1/03/263/001",
                "started-marketing-on": "2022-06-08",
                "ended-marketing-on": null,
                "dosage-form": "Suspension",
                "strength": null,
                "route": "Oral",
                "fda-application-number": null,
                "generic": false,
                "over-the-counter": false,
                "approved": true,
                "country": "EU",
                "source": "EMA"
            },
            {
                "name": "Dukoral",
                "labeller": "Valneva Sweden Ab",
                "ndc-id": null,
                "ndc-product-code": null,
                "dpd-id": null,
                "ema-product-code": "EMEA/H/C/000476",
                "ema-ma-number": "EU/1/03/263/002",
                "started-marketing-on": "2022-06-08",
                "ended-marketing-on": null,
                "dosage-form": "Suspension",
                "strength": null,
                "route": "Oral",
                "fda-application-number": null,
                "generic": false,
                "over-the-counter": false,
                "approved": true,
                "country": "EU",
                "source": "EMA"
            },
            {
                "name": "Dukoral",
                "labeller": "Valneva Sweden Ab",
                "ndc-id": null,
                "ndc-product-code": null,
                "dpd-id": null,
                "ema-product-code": "EMEA/H/C/000476",
                "ema-ma-number": "EU/1/03/263/003",
                "started-marketing-on": "2022-06-08",
                "ended-marketing-on": null,
                "dosage-form": "Suspension",
                "strength": null,
                "route": "Oral",
                "fda-application-number": null,
                "generic": false,
                "over-the-counter": false,
                "approved": true,
                "country": "EU",
                "source": "EMA"
            }
        ]
    },
    "international-brands": null,
    "mixtures": {
        "mixture": [
            {
                "name": "Dukoral",
                "ingredients": "Recombinant Cholera Toxin B Subunit + Vibrio cholerae Inaba 48 classical biotype, heat inactivated + Vibrio cholerae Inaba 6973 El Tor biotype, formalin inactivated + Vibrio cholerae Ogawa 50 classical biotype, formalin inactivated + Vibrio cholerae Ogawa 50 classical biotype, heat inactivated"
            },
            {
                "name": "Dukoral",
                "ingredients": "Recombinant Cholera Toxin B Subunit + Vibrio cholerae Inaba 48 classical biotype, heat inactivated + Vibrio cholerae Inaba 6973 El Tor biotype, formalin inactivated + Vibrio cholerae Ogawa 50 classical biotype, formalin inactivated + Vibrio cholerae Ogawa 50 classical biotype, heat inactivated"
            },
            {
                "name": "Dukoral",
                "ingredients": "Recombinant Cholera Toxin B Subunit + Vibrio cholerae Inaba 48 classical biotype, heat inactivated + Vibrio cholerae Inaba 6973 El Tor biotype, formalin inactivated + Vibrio cholerae Ogawa 50 classical biotype, formalin inactivated + Vibrio cholerae Ogawa 50 classical biotype, heat inactivated"
            },
            {
                "name": "Dukoral",
                "ingredients": "Recombinant Cholera Toxin B Subunit + Vibrio cholerae Inaba 48 classical biotype, heat inactivated + Vibrio cholerae Inaba 6973 El Tor biotype, formalin inactivated + Vibrio cholerae Ogawa 50 classical biotype, formalin inactivated + Vibrio cholerae Ogawa 50 classical biotype, heat inactivated"
            }
        ]
    },
    "packagers": null,
    "manufacturers": null,
    "prices": null,
    "categories": null,
    "affected-organisms": null,
    "dosages": {
        "dosage": [
            {
                "form": "Suspension",
                "route": "Oral",
                "strength": null
            }
        ]
    },
    "atc-codes": null,
    "ahfs-codes": null,
    "pdb-entries": null,
    "patents": null,
    "food-interactions": null,
    "drug-interactions": null,
    "sequences": null,
    "experimental-properties": null,
    "external-identifiers": {
        "external-identifier": [
            {
                "resource": "Drugs Product Database (DPD)",
                "identifier": "12359"
            }
        ]
    },
    "external-links": null,
    "pathways": null,
    "reactions": null,
    "snp-effects": null,
    "snp-adverse-drug-reactions": null,
    "targets": null,
    "enzymes": null,
    "carriers": null,
    "transporters": null
}