{
    "type": "small molecule",
    "created": "2019-05-20",
    "updated": "2021-02-21",
    "drugbank-id": [
        {
            "primary": true,
            "value": "DB15292"
        }
    ],
    "name": "Foliglurax",
    "description": "Foliglurax is under investigation in clinical trial NCT02639221 (A Phase I, Double Blind, Placebo Controlled, First in Human, Single and Multiple Ascending Oral Dose, Safety, Tolerability and Pharmacokinetic Study in Healthy Male and Female Subjects).",
    "cas-number": "1883329-53-0",
    "unii": "FR50CP1D6W",
    "average-mass": 421.52,
    "monoisotopic-mass": 421.146012787,
    "groups": {
        "group": [
            "investigational"
        ]
    },
    "general-references": {
        "articles": null,
        "textbooks": null,
        "links": null,
        "attachments": null
    },
    "synthesis-reference": null,
    "indication": null,
    "pharmacodynamics": null,
    "mechanism-of-action": null,
    "toxicity": null,
    "metabolism": null,
    "absorption": null,
    "half-life": null,
    "protein-binding": null,
    "route-of-elimination": null,
    "volume-of-distribution": null,
    "clearance": null,
    "salts": null,
    "synonyms": {
        "synonym": [
            {
                "language": "english",
                "coder": "inn",
                "value": "Foliglurax"
            }
        ]
    },
    "products": null,
    "international-brands": null,
    "mixtures": null,
    "packagers": null,
    "manufacturers": null,
    "prices": null,
    "categories": null,
    "affected-organisms": null,
    "dosages": null,
    "atc-codes": null,
    "ahfs-codes": null,
    "pdb-entries": null,
    "patents": null,
    "food-interactions": null,
    "drug-interactions": null,
    "calculated-properties": {
        "property": [
            {
                "kind": "logP",
                "value": "3.93",
                "source": "ALOGPS"
            },
            {
                "kind": "logS",
                "value": "-4.8",
                "source": "ALOGPS"
            },
            {
                "kind": "Water Solubility",
                "value": "6.21e-03 g/l",
                "source": "ALOGPS"
            },
            {
                "kind": "logP",
                "value": "2.01",
                "source": "ChemAxon"
            },
            {
                "kind": "IUPAC Name",
                "value": "N-[(4E)-6-[3-(morpholin-4-yl)propyl]-2-{thieno[3,2-c]pyridin-6-yl}-4H-chromen-4-ylidene]hydroxylamine",
                "source": "ChemAxon"
            },
            {
                "kind": "Traditional IUPAC Name",
                "value": "(2R)-14-fluoro-2-methyl-6,9,10,19-tetraazapentacyclo[14.2.1.0^{2,6}.0^{8,18}.0^{12,17}]nonadeca-1(18),8,12(17),13,15-pentaen-11-one",
                "source": "ChemAxon"
            },
            {
                "kind": "Molecular Weight",
                "value": "421.52",
                "source": "ChemAxon"
            },
            {
                "kind": "Monoisotopic Weight",
                "value": "421.146012787",
                "source": "ChemAxon"
            },
            {
                "kind": "SMILES",
                "value": "O\\N=C1/C=C(OC2=C1C=C(CCCN1CCOCC1)C=C2)C1=CC2=C(C=CS2)C=N1",
                "source": "ChemAxon"
            },
            {
                "kind": "Molecular Formula",
                "value": "C23H23N3O3S",
                "source": "ChemAxon"
            },
            {
                "kind": "InChI",
                "value": "InChI=1S/C23H23N3O3S/c27-25-19-13-22(20-14-23-17(15-24-20)5-11-30-23)29-21-4-3-16(12-18(19)21)2-1-6-26-7-9-28-10-8-26/h3-5,11-15,27H,1-2,6-10H2/b25-19+",
                "source": "ChemAxon"
            },
            {
                "kind": "InChIKey",
                "value": "ZTEDNASHAWNBKQ-NCELDCMTSA-N",
                "source": "ChemAxon"
            },
            {
                "kind": "Polar Surface Area (PSA)",
                "value": "67.18",
                "source": "ChemAxon"
            },
            {
                "kind": "Refractivity",
                "value": "118.58",
                "source": "ChemAxon"
            },
            {
                "kind": "Polarizability",
                "value": "46.9",
                "source": "ChemAxon"
            },
            {
                "kind": "Rotatable Bond Count",
                "value": "5",
                "source": "ChemAxon"
            },
            {
                "kind": "H Bond Acceptor Count",
                "value": "6",
                "source": "ChemAxon"
            },
            {
                "kind": "H Bond Donor Count",
                "value": "1",
                "source": "ChemAxon"
            },
            {
                "kind": "pKa (strongest acidic)",
                "value": "5.23",
                "source": "ChemAxon"
            },
            {
                "kind": "pKa (strongest basic)",
                "value": "7.47",
                "source": "ChemAxon"
            },
            {
                "kind": "Physiological Charge",
                "value": "0",
                "source": "ChemAxon"
            },
            {
                "kind": "Number of Rings",
                "value": "5",
                "source": "ChemAxon"
            },
            {
                "kind": "Bioavailability",
                "value": "1",
                "source": "ChemAxon"
            },
            {
                "kind": "Rule of Five",
                "value": "1",
                "source": "ChemAxon"
            },
            {
                "kind": "Ghose Filter",
                "value": "1",
                "source": "ChemAxon"
            },
            {
                "kind": "MDDR-Like Rule",
                "value": "0",
                "source": "ChemAxon"
            }
        ]
    },
    "experimental-properties": null,
    "external-identifiers": {
        "external-identifier": [
            {
                "resource": "ChemSpider",
                "identifier": "64835206"
            },
            {
                "resource": "BindingDB",
                "identifier": "50241580"
            },
            {
                "resource": "Wikipedia",
                "identifier": "Foliglurax"
            },
            {
                "resource": "ChEMBL",
                "identifier": "CHEMBL4089083"
            }
        ]
    },
    "external-links": null,
    "pathways": null,
    "reactions": null,
    "snp-effects": null,
    "snp-adverse-drug-reactions": null,
    "targets": null,
    "enzymes": null,
    "carriers": null,
    "transporters": null
}