{
    "type": "small molecule",
    "created": "2019-05-20",
    "updated": "2021-02-21",
    "drugbank-id": [
        {
            "primary": true,
            "value": "DB15353"
        }
    ],
    "name": "Nacubactam",
    "description": "Nacubactam is under investigation in clinical trial NCT03174795 (A Study to Investigate the Pharmacokinetics of RO7079901 and Meropenem in Participants With a Complicated Urinary Tract Infection).",
    "cas-number": "1452458-86-4",
    "unii": "832O37V7MZ",
    "average-mass": 324.31,
    "monoisotopic-mass": 324.073970045,
    "groups": {
        "group": [
            "investigational"
        ]
    },
    "general-references": {
        "articles": null,
        "textbooks": null,
        "links": null,
        "attachments": null
    },
    "synthesis-reference": null,
    "indication": null,
    "pharmacodynamics": null,
    "mechanism-of-action": null,
    "toxicity": null,
    "metabolism": null,
    "absorption": null,
    "half-life": null,
    "protein-binding": null,
    "route-of-elimination": null,
    "volume-of-distribution": null,
    "clearance": null,
    "classification": {
        "description": "This compound belongs to the class of organic compounds known as alpha amino acid amides. These are amide derivatives of alpha amino acids.",
        "direct-parent": "Alpha amino acid amides",
        "kingdom": "Organic compounds",
        "superclass": "Organic acids and derivatives",
        "class": "Carboxylic acids and derivatives",
        "subclass": "Amino acids, peptides, and analogues",
        "alternative-parent": [
            "1,3-diazepanes",
            "Azacyclic compounds",
            "Carbonyl compounds",
            "Hydrocarbon derivatives",
            "Imidazolidinones",
            "Monoalkylamines",
            "Organic oxides",
            "Organic sulfuric acids and derivatives",
            "Piperidinecarboxamides"
        ],
        "substituent": [
            "1,3-diazepane",
            "2-piperidinecarboxamide",
            "Aliphatic heteropolycyclic compound",
            "Alpha-amino acid amide",
            "Amine",
            "Azacycle",
            "Carbonyl group",
            "Diazepane",
            "Hydrocarbon derivative",
            "Imidazolidine",
            "Imidazolidinone",
            "Organic nitrogen compound",
            "Organic oxide",
            "Organic oxygen compound",
            "Organic sulfuric acid or derivatives",
            "Organoheterocyclic compound",
            "Organonitrogen compound",
            "Organooxygen compound",
            "Piperidine",
            "Piperidinecarboxamide",
            "Primary aliphatic amine",
            "Primary amine"
        ]
    },
    "salts": null,
    "synonyms": {
        "synonym": [
            {
                "language": "english",
                "coder": "inn/usan",
                "value": "Nacubactam"
            }
        ]
    },
    "products": null,
    "international-brands": null,
    "mixtures": null,
    "packagers": null,
    "manufacturers": null,
    "prices": null,
    "categories": {
        "category": [
            {
                "category": "Amides",
                "mesh-id": "D000577"
            },
            {
                "category": "Aza Compounds",
                "mesh-id": "D001372"
            }
        ]
    },
    "affected-organisms": null,
    "dosages": null,
    "atc-codes": null,
    "ahfs-codes": null,
    "pdb-entries": null,
    "patents": null,
    "food-interactions": null,
    "drug-interactions": null,
    "calculated-properties": {
        "property": [
            {
                "kind": "logP",
                "value": "-1.9",
                "source": "ALOGPS"
            },
            {
                "kind": "logS",
                "value": "-1.5",
                "source": "ALOGPS"
            },
            {
                "kind": "Water Solubility",
                "value": "1.05e+01 g/l",
                "source": "ALOGPS"
            },
            {
                "kind": "logP",
                "value": "-3.2",
                "source": "ChemAxon"
            },
            {
                "kind": "IUPAC Name",
                "value": "[(1R,2S,5R)-2-[(2-aminoethoxy)carbamoyl]-7-oxo-1,6-diazabicyclo[3.2.1]octan-6-yl]oxidanesulfonic acid",
                "source": "ChemAxon"
            },
            {
                "kind": "Traditional IUPAC Name",
                "value": "(2R)-14-fluoro-2-methyl-6,9,10,19-tetraazapentacyclo[14.2.1.0^{2,6}.0^{8,18}.0^{12,17}]nonadeca-1(18),8,12(17),13,15-pentaen-11-one",
                "source": "ChemAxon"
            },
            {
                "kind": "Molecular Weight",
                "value": "324.31",
                "source": "ChemAxon"
            },
            {
                "kind": "Monoisotopic Weight",
                "value": "324.073970045",
                "source": "ChemAxon"
            },
            {
                "kind": "SMILES",
                "value": "NCCONC(=O)[C@@H]1CC[C@@H]2C[N@]1C(=O)N2OS(O)(=O)=O",
                "source": "ChemAxon"
            },
            {
                "kind": "Molecular Formula",
                "value": "C9H16N4O7S",
                "source": "ChemAxon"
            },
            {
                "kind": "InChI",
                "value": "InChI=1S/C9H16N4O7S/c10-3-4-19-11-8(14)7-2-1-6-5-12(7)9(15)13(6)20-21(16,17)18/h6-7H,1-5,10H2,(H,11,14)(H,16,17,18)/t6-,7+/m1/s1",
                "source": "ChemAxon"
            },
            {
                "kind": "InChIKey",
                "value": "RSBPYSTVZQAADE-RQJHMYQMSA-N",
                "source": "ChemAxon"
            },
            {
                "kind": "Polar Surface Area (PSA)",
                "value": "151.5",
                "source": "ChemAxon"
            },
            {
                "kind": "Refractivity",
                "value": "66.68",
                "source": "ChemAxon"
            },
            {
                "kind": "Polarizability",
                "value": "29.13",
                "source": "ChemAxon"
            },
            {
                "kind": "Rotatable Bond Count",
                "value": "6",
                "source": "ChemAxon"
            },
            {
                "kind": "H Bond Acceptor Count",
                "value": "7",
                "source": "ChemAxon"
            },
            {
                "kind": "H Bond Donor Count",
                "value": "3",
                "source": "ChemAxon"
            },
            {
                "kind": "pKa (strongest acidic)",
                "value": "-2.1",
                "source": "ChemAxon"
            },
            {
                "kind": "pKa (strongest basic)",
                "value": "9.26",
                "source": "ChemAxon"
            },
            {
                "kind": "Physiological Charge",
                "value": "-1",
                "source": "ChemAxon"
            },
            {
                "kind": "Number of Rings",
                "value": "2",
                "source": "ChemAxon"
            },
            {
                "kind": "Bioavailability",
                "value": "1",
                "source": "ChemAxon"
            },
            {
                "kind": "Rule of Five",
                "value": "1",
                "source": "ChemAxon"
            },
            {
                "kind": "Ghose Filter",
                "value": "0",
                "source": "ChemAxon"
            },
            {
                "kind": "MDDR-Like Rule",
                "value": "0",
                "source": "ChemAxon"
            }
        ]
    },
    "experimental-properties": null,
    "external-identifiers": {
        "external-identifier": [
            {
                "resource": "ChemSpider",
                "identifier": "58827979"
            },
            {
                "resource": "ChEMBL",
                "identifier": "CHEMBL3989959"
            },
            {
                "resource": "ZINC",
                "identifier": "ZINC000207610051"
            }
        ]
    },
    "external-links": null,
    "pathways": null,
    "reactions": null,
    "snp-effects": null,
    "snp-adverse-drug-reactions": null,
    "targets": null,
    "enzymes": null,
    "carriers": null,
    "transporters": null
}