{
    "type": "small molecule",
    "created": "2019-11-29",
    "updated": "2021-05-14",
    "drugbank-id": [
        {
            "primary": true,
            "value": "DB15578"
        }
    ],
    "name": "Desfesoterodine",
    "description": "Desfesoterodine is a metabolite of [tolterodine].",
    "cas-number": "207679-81-0",
    "unii": "YU871O78GR",
    "average-mass": 341.487,
    "monoisotopic-mass": 341.235479241,
    "groups": {
        "group": [
            "experimental"
        ]
    },
    "general-references": {
        "articles": null,
        "textbooks": null,
        "links": {
            "link": [
                {
                    "ref-id": "L17878",
                    "title": "DIMDI Product Information: TOVEDESO (desfesoterodine) oral tablet",
                    "url": "https://portal.dimdi.de/amispb/doc/2017/12/24/2195770/O677e9539644244f489232211fbd99cc3.pdf"
                }
            ]
        },
        "attachments": null
    },
    "synthesis-reference": null,
    "indication": null,
    "pharmacodynamics": null,
    "mechanism-of-action": null,
    "toxicity": null,
    "metabolism": null,
    "absorption": null,
    "half-life": null,
    "protein-binding": null,
    "route-of-elimination": null,
    "volume-of-distribution": null,
    "clearance": null,
    "salts": null,
    "synonyms": {
        "synonym": [
            {
                "language": "english",
                "coder": "",
                "value": "5-Hydroxymethyltolterodine"
            },
            {
                "language": "english",
                "coder": "inn",
                "value": "Desfesoterodine"
            }
        ]
    },
    "products": null,
    "international-brands": null,
    "mixtures": null,
    "packagers": null,
    "manufacturers": null,
    "prices": null,
    "categories": {
        "category": [
            {
                "category": "Drugs for Urinary Frequency and Incontinence",
                "mesh-id": null
            },
            {
                "category": "Genito Urinary System and Sex Hormones",
                "mesh-id": null
            },
            {
                "category": "Urologicals",
                "mesh-id": null
            }
        ]
    },
    "affected-organisms": null,
    "dosages": {
        "dosage": [
            {
                "form": "Tablet, extended release",
                "route": "Oral",
                "strength": "3.5 MG"
            },
            {
                "form": "Tablet, extended release",
                "route": "Oral",
                "strength": "7 MG"
            }
        ]
    },
    "atc-codes": {
        "atc-code": [
            {
                "code": "G04BD13",
                "level": [
                    {
                        "code": "G04BD",
                        "value": "Drugs for urinary frequency and incontinence"
                    },
                    {
                        "code": "G04B",
                        "value": "UROLOGICALS"
                    },
                    {
                        "code": "G04",
                        "value": "UROLOGICALS"
                    },
                    {
                        "code": "G",
                        "value": "GENITO URINARY SYSTEM AND SEX HORMONES"
                    }
                ]
            }
        ]
    },
    "ahfs-codes": null,
    "pdb-entries": null,
    "patents": null,
    "food-interactions": null,
    "drug-interactions": null,
    "calculated-properties": {
        "property": [
            {
                "kind": "logP",
                "value": "4.59",
                "source": "ALOGPS"
            },
            {
                "kind": "logS",
                "value": "-4.1",
                "source": "ALOGPS"
            },
            {
                "kind": "Water Solubility",
                "value": "2.88e-02 g/l",
                "source": "ALOGPS"
            },
            {
                "kind": "logP",
                "value": "3.43",
                "source": "ChemAxon"
            },
            {
                "kind": "IUPAC Name",
                "value": "2-[(1R)-3-[bis(propan-2-yl)amino]-1-phenylpropyl]-4-(hydroxymethyl)phenol",
                "source": "ChemAxon"
            },
            {
                "kind": "Traditional IUPAC Name",
                "value": "L-ornithinium(1+) (+)-aspartate",
                "source": "ChemAxon"
            },
            {
                "kind": "Molecular Weight",
                "value": "341.487",
                "source": "ChemAxon"
            },
            {
                "kind": "Monoisotopic Weight",
                "value": "341.235479241",
                "source": "ChemAxon"
            },
            {
                "kind": "SMILES",
                "value": "CC(C)N(CC[C@H](C1=CC=CC=C1)C1=CC(CO)=CC=C1O)C(C)C",
                "source": "ChemAxon"
            },
            {
                "kind": "Molecular Formula",
                "value": "C22H31NO2",
                "source": "ChemAxon"
            },
            {
                "kind": "InChI",
                "value": "InChI=1S/C22H31NO2/c1-16(2)23(17(3)4)13-12-20(19-8-6-5-7-9-19)21-14-18(15-24)10-11-22(21)25/h5-11,14,16-17,20,24-25H,12-13,15H2,1-4H3/t20-/m1/s1",
                "source": "ChemAxon"
            },
            {
                "kind": "InChIKey",
                "value": "DUXZAXCGJSBGDW-HXUWFJFHSA-N",
                "source": "ChemAxon"
            },
            {
                "kind": "Polar Surface Area (PSA)",
                "value": "43.7",
                "source": "ChemAxon"
            },
            {
                "kind": "Refractivity",
                "value": "105.73",
                "source": "ChemAxon"
            },
            {
                "kind": "Polarizability",
                "value": "40.18",
                "source": "ChemAxon"
            },
            {
                "kind": "Rotatable Bond Count",
                "value": "8",
                "source": "ChemAxon"
            },
            {
                "kind": "H Bond Acceptor Count",
                "value": "3",
                "source": "ChemAxon"
            },
            {
                "kind": "H Bond Donor Count",
                "value": "2",
                "source": "ChemAxon"
            },
            {
                "kind": "pKa (strongest acidic)",
                "value": "9.58",
                "source": "ChemAxon"
            },
            {
                "kind": "pKa (strongest basic)",
                "value": "10.82",
                "source": "ChemAxon"
            },
            {
                "kind": "Physiological Charge",
                "value": "1",
                "source": "ChemAxon"
            },
            {
                "kind": "Number of Rings",
                "value": "2",
                "source": "ChemAxon"
            },
            {
                "kind": "Bioavailability",
                "value": "1",
                "source": "ChemAxon"
            },
            {
                "kind": "Rule of Five",
                "value": "1",
                "source": "ChemAxon"
            },
            {
                "kind": "Ghose Filter",
                "value": "1",
                "source": "ChemAxon"
            },
            {
                "kind": "MDDR-Like Rule",
                "value": "0",
                "source": "ChemAxon"
            }
        ]
    },
    "experimental-properties": null,
    "external-identifiers": {
        "external-identifier": [
            {
                "resource": "ChemSpider",
                "identifier": "7995131"
            },
            {
                "resource": "Wikipedia",
                "identifier": "Desfesoterodine"
            },
            {
                "resource": "ChEMBL",
                "identifier": "CHEMBL3348932"
            },
            {
                "resource": "ZINC",
                "identifier": "ZINC000000006047"
            }
        ]
    },
    "external-links": null,
    "pathways": null,
    "reactions": null,
    "snp-effects": null,
    "snp-adverse-drug-reactions": null,
    "targets": null,
    "enzymes": null,
    "carriers": null,
    "transporters": null
}