{
    "type": "small molecule",
    "created": "2019-05-20",
    "updated": "2021-02-21",
    "drugbank-id": [
        {
            "primary": true,
            "value": "DB15117"
        }
    ],
    "name": "Transfluthrin",
    "description": "Transfluthrin is under investigation in clinical trial NCT02394522 (Spatial Repellent Products for Control of Vector Borne Diseases - Malaria - Zambia (SR-M-ZM)).",
    "cas-number": "118712-89-3",
    "unii": "QWL3SKA6EG",
    "average-mass": 371.15,
    "monoisotopic-mass": 370.0150477,
    "groups": {
        "group": [
            "investigational"
        ]
    },
    "general-references": {
        "articles": null,
        "textbooks": null,
        "links": null,
        "attachments": null
    },
    "synthesis-reference": null,
    "indication": null,
    "pharmacodynamics": null,
    "mechanism-of-action": null,
    "toxicity": null,
    "metabolism": null,
    "absorption": null,
    "half-life": null,
    "protein-binding": null,
    "route-of-elimination": null,
    "volume-of-distribution": null,
    "clearance": null,
    "classification": {
        "description": "This compound belongs to the class of organic compounds known as benzyloxycarbonyls. These are organic compounds containing a carbonyl group substituted with a benzyloxyl group.",
        "direct-parent": "Benzyloxycarbonyls",
        "kingdom": "Organic compounds",
        "superclass": "Benzenoids",
        "class": "Benzene and substituted derivatives",
        "subclass": "Benzyloxycarbonyls",
        "alternative-parent": [
            "Aryl fluorides",
            "Carbonyl compounds",
            "Carboxylic acid esters",
            "Chloroalkenes",
            "Cyclopropanecarboxylic acids and derivatives",
            "Fluorobenzenes",
            "Hydrocarbon derivatives",
            "Ketene acetals",
            "Monocarboxylic acids and derivatives",
            "Organic oxides",
            "Organochlorides",
            "Organofluorides",
            "Vinyl chlorides"
        ],
        "substituent": [
            "Aromatic homomonocyclic compound",
            "Aryl fluoride",
            "Aryl halide",
            "Benzyloxycarbonyl",
            "Carbonyl group",
            "Carboxylic acid derivative",
            "Carboxylic acid ester",
            "Chloroalkene",
            "Cyclopropanecarboxylic acid or derivatives",
            "Fluorobenzene",
            "Haloalkene",
            "Halobenzene",
            "Hydrocarbon derivative",
            "Ketene acetal or derivatives",
            "Monocarboxylic acid or derivatives",
            "Organic oxide",
            "Organic oxygen compound",
            "Organochloride",
            "Organofluoride",
            "Organohalogen compound",
            "Organooxygen compound",
            "Vinyl chloride",
            "Vinyl halide"
        ]
    },
    "salts": null,
    "synonyms": {
        "synonym": [
            {
                "language": "english",
                "coder": "jan",
                "value": "Transfluthrin"
            }
        ]
    },
    "products": null,
    "international-brands": null,
    "mixtures": null,
    "packagers": null,
    "manufacturers": null,
    "prices": null,
    "categories": {
        "category": [
            {
                "category": "Agrochemicals",
                "mesh-id": "D016573"
            },
            {
                "category": "Benzene Derivatives",
                "mesh-id": "D001555"
            },
            {
                "category": "Compounds used in a research, industrial, or household setting",
                "mesh-id": "D020313"
            },
            {
                "category": "Cycloparaffins",
                "mesh-id": "D003516"
            },
            {
                "category": "Hydrocarbons, Fluorinated",
                "mesh-id": "D006845"
            },
            {
                "category": "Hydrocarbons, Halogenated",
                "mesh-id": "D006846"
            },
            {
                "category": "Insecticides",
                "mesh-id": "D007306"
            },
            {
                "category": "Pesticides",
                "mesh-id": "D010575"
            },
            {
                "category": "Toxic Actions",
                "mesh-id": "D004786"
            }
        ]
    },
    "affected-organisms": null,
    "dosages": null,
    "atc-codes": null,
    "ahfs-codes": null,
    "pdb-entries": null,
    "patents": null,
    "food-interactions": null,
    "drug-interactions": null,
    "calculated-properties": {
        "property": [
            {
                "kind": "logP",
                "value": "4.83",
                "source": "ALOGPS"
            },
            {
                "kind": "logS",
                "value": "-4.9",
                "source": "ALOGPS"
            },
            {
                "kind": "Water Solubility",
                "value": "4.89e-03 g/l",
                "source": "ALOGPS"
            },
            {
                "kind": "logP",
                "value": "4.77",
                "source": "ChemAxon"
            },
            {
                "kind": "IUPAC Name",
                "value": "(2,3,5,6-tetrafluorophenyl)methyl (1R,3S)-3-(2,2-dichloroethenyl)-2,2-dimethylcyclopropane-1-carboxylate",
                "source": "ChemAxon"
            },
            {
                "kind": "Traditional IUPAC Name",
                "value": "(2R)-14-fluoro-2-methyl-6,9,10,19-tetraazapentacyclo[14.2.1.0^{2,6}.0^{8,18}.0^{12,17}]nonadeca-1(18),8,12(17),13,15-pentaen-11-one",
                "source": "ChemAxon"
            },
            {
                "kind": "Molecular Weight",
                "value": "371.15",
                "source": "ChemAxon"
            },
            {
                "kind": "Monoisotopic Weight",
                "value": "370.0150477",
                "source": "ChemAxon"
            },
            {
                "kind": "SMILES",
                "value": "CC1(C)[C@H](C=C(Cl)Cl)[C@H]1C(=O)OCC1=C(F)C(F)=CC(F)=C1F",
                "source": "ChemAxon"
            },
            {
                "kind": "Molecular Formula",
                "value": "C15H12Cl2F4O2",
                "source": "ChemAxon"
            },
            {
                "kind": "InChI",
                "value": "InChI=1S/C15H12Cl2F4O2/c1-15(2)7(3-10(16)17)11(15)14(22)23-5-6-12(20)8(18)4-9(19)13(6)21/h3-4,7,11H,5H2,1-2H3/t7-,11+/m1/s1",
                "source": "ChemAxon"
            },
            {
                "kind": "InChIKey",
                "value": "DDVNRFNDOPPVQJ-HQJQHLMTSA-N",
                "source": "ChemAxon"
            },
            {
                "kind": "Polar Surface Area (PSA)",
                "value": "26.3",
                "source": "ChemAxon"
            },
            {
                "kind": "Refractivity",
                "value": "88.91",
                "source": "ChemAxon"
            },
            {
                "kind": "Polarizability",
                "value": "30.5",
                "source": "ChemAxon"
            },
            {
                "kind": "Rotatable Bond Count",
                "value": "5",
                "source": "ChemAxon"
            },
            {
                "kind": "H Bond Acceptor Count",
                "value": "1",
                "source": "ChemAxon"
            },
            {
                "kind": "H Bond Donor Count",
                "value": "0",
                "source": "ChemAxon"
            },
            {
                "kind": "pKa (strongest basic)",
                "value": "-7.1",
                "source": "ChemAxon"
            },
            {
                "kind": "Physiological Charge",
                "value": "0",
                "source": "ChemAxon"
            },
            {
                "kind": "Number of Rings",
                "value": "2",
                "source": "ChemAxon"
            },
            {
                "kind": "Bioavailability",
                "value": "1",
                "source": "ChemAxon"
            },
            {
                "kind": "Rule of Five",
                "value": "1",
                "source": "ChemAxon"
            },
            {
                "kind": "Ghose Filter",
                "value": "1",
                "source": "ChemAxon"
            },
            {
                "kind": "MDDR-Like Rule",
                "value": "0",
                "source": "ChemAxon"
            }
        ]
    },
    "experimental-properties": null,
    "external-identifiers": {
        "external-identifier": [
            {
                "resource": "ChEBI",
                "identifier": "32253"
            },
            {
                "resource": "KEGG Compound",
                "identifier": "C13410"
            },
            {
                "resource": "ChemSpider",
                "identifier": "570973"
            },
            {
                "resource": "Wikipedia",
                "identifier": "Transfluthrin"
            },
            {
                "resource": "ChEMBL",
                "identifier": "CHEMBL3184657"
            },
            {
                "resource": "ZINC",
                "identifier": "ZINC000005455493"
            }
        ]
    },
    "external-links": null,
    "pathways": null,
    "reactions": null,
    "snp-effects": null,
    "snp-adverse-drug-reactions": null,
    "targets": null,
    "enzymes": null,
    "carriers": null,
    "transporters": null
}