{
    "type": "small molecule",
    "created": "2019-05-20",
    "updated": "2022-12-01",
    "drugbank-id": [
        {
            "primary": true,
            "value": "DB15405"
        }
    ],
    "name": "FET F-18",
    "description": "FET F-18 is under investigation in clinical trial NCT01756352 (FET-PET for Evaluation of Response of Recurrent GBM to Avastin).",
    "cas-number": "178433-03-9",
    "unii": "1326R5J1IA",
    "average-mass": 226.238,
    "monoisotopic-mass": 226.098305982,
    "groups": {
        "group": [
            "investigational"
        ]
    },
    "general-references": {
        "articles": null,
        "textbooks": null,
        "links": null,
        "attachments": null
    },
    "synthesis-reference": null,
    "indication": null,
    "pharmacodynamics": null,
    "mechanism-of-action": null,
    "toxicity": null,
    "metabolism": null,
    "absorption": null,
    "half-life": null,
    "protein-binding": null,
    "route-of-elimination": null,
    "volume-of-distribution": null,
    "clearance": null,
    "salts": null,
    "synonyms": {
        "synonym": [
            {
                "language": "english",
                "coder": "",
                "value": "18F-FET"
            }
        ]
    },
    "products": null,
    "international-brands": null,
    "mixtures": null,
    "packagers": null,
    "manufacturers": null,
    "prices": null,
    "categories": null,
    "affected-organisms": null,
    "dosages": null,
    "atc-codes": null,
    "ahfs-codes": null,
    "pdb-entries": null,
    "patents": null,
    "food-interactions": null,
    "drug-interactions": null,
    "calculated-properties": {
        "property": [
            {
                "kind": "logP",
                "value": "-1.7",
                "source": "ALOGPS"
            },
            {
                "kind": "logS",
                "value": "-2",
                "source": "ALOGPS"
            },
            {
                "kind": "Water Solubility",
                "value": "2.47e+00 g/l",
                "source": "ALOGPS"
            },
            {
                "kind": "logP",
                "value": "-1.1",
                "source": "ChemAxon"
            },
            {
                "kind": "IUPAC Name",
                "value": "(2S)-2-amino-3-{4-[2-(¹⁸F)fluoroethoxy]phenyl}propanoic acid",
                "source": "ChemAxon"
            },
            {
                "kind": "Traditional IUPAC Name",
                "value": "(2R)-14-fluoro-2-methyl-6,9,10,19-tetraazapentacyclo[14.2.1.0^{2,6}.0^{8,18}.0^{12,17}]nonadeca-1(18),8,12(17),13,15-pentaen-11-one",
                "source": "ChemAxon"
            },
            {
                "kind": "Molecular Weight",
                "value": "226.238",
                "source": "ChemAxon"
            },
            {
                "kind": "Monoisotopic Weight",
                "value": "226.098305982",
                "source": "ChemAxon"
            },
            {
                "kind": "SMILES",
                "value": "N[C@@H](CC1=CC=C(OCC[18F])C=C1)C(O)=O",
                "source": "ChemAxon"
            },
            {
                "kind": "Molecular Formula",
                "value": "C11H14FNO3",
                "source": "ChemAxon"
            },
            {
                "kind": "InChI",
                "value": "InChI=1S/C11H14FNO3/c12-5-6-16-9-3-1-8(2-4-9)7-10(13)11(14)15/h1-4,10H,5-7,13H2,(H,14,15)/t10-/m0/s1/i12-1",
                "source": "ChemAxon"
            },
            {
                "kind": "InChIKey",
                "value": "QZZYPHBVOQMBAT-LRAGLOQXSA-N",
                "source": "ChemAxon"
            },
            {
                "kind": "Polar Surface Area (PSA)",
                "value": "72.55",
                "source": "ChemAxon"
            },
            {
                "kind": "Refractivity",
                "value": "56.18",
                "source": "ChemAxon"
            },
            {
                "kind": "Polarizability",
                "value": "22.52",
                "source": "ChemAxon"
            },
            {
                "kind": "Rotatable Bond Count",
                "value": "6",
                "source": "ChemAxon"
            },
            {
                "kind": "H Bond Acceptor Count",
                "value": "4",
                "source": "ChemAxon"
            },
            {
                "kind": "H Bond Donor Count",
                "value": "2",
                "source": "ChemAxon"
            },
            {
                "kind": "pKa (strongest acidic)",
                "value": "1.93",
                "source": "ChemAxon"
            },
            {
                "kind": "pKa (strongest basic)",
                "value": "9.47",
                "source": "ChemAxon"
            },
            {
                "kind": "Physiological Charge",
                "value": "0",
                "source": "ChemAxon"
            },
            {
                "kind": "Number of Rings",
                "value": "1",
                "source": "ChemAxon"
            },
            {
                "kind": "Bioavailability",
                "value": "1",
                "source": "ChemAxon"
            },
            {
                "kind": "Rule of Five",
                "value": "1",
                "source": "ChemAxon"
            },
            {
                "kind": "Ghose Filter",
                "value": "0",
                "source": "ChemAxon"
            },
            {
                "kind": "MDDR-Like Rule",
                "value": "0",
                "source": "ChemAxon"
            }
        ]
    },
    "experimental-properties": null,
    "external-identifiers": {
        "external-identifier": [
            {
                "resource": "ChemSpider",
                "identifier": "8010200"
            },
            {
                "resource": "ChEMBL",
                "identifier": "CHEMBL477278"
            },
            {
                "resource": "ZINC",
                "identifier": "ZINC000101627026"
            }
        ]
    },
    "external-links": null,
    "pathways": null,
    "reactions": null,
    "snp-effects": null,
    "snp-adverse-drug-reactions": null,
    "targets": null,
    "enzymes": null,
    "carriers": null,
    "transporters": null
}