{
    "type": "small molecule",
    "created": "2019-05-20",
    "updated": "2020-06-12",
    "drugbank-id": [
        {
            "primary": true,
            "value": "DB15254"
        }
    ],
    "name": "RO-5126766 free base",
    "description": "RO-5126766 free base is under investigation in clinical trial NCT03875820 (Phase I Trial of VS-6063 and RO5126766.).",
    "cas-number": "946128-88-7",
    "unii": "D0D4252V97",
    "average-mass": 471.46,
    "monoisotopic-mass": 471.101268037,
    "groups": {
        "group": [
            "investigational"
        ]
    },
    "general-references": {
        "articles": null,
        "textbooks": null,
        "links": null,
        "attachments": null
    },
    "synthesis-reference": null,
    "indication": null,
    "pharmacodynamics": null,
    "mechanism-of-action": null,
    "toxicity": null,
    "metabolism": null,
    "absorption": null,
    "half-life": null,
    "protein-binding": null,
    "route-of-elimination": null,
    "volume-of-distribution": null,
    "clearance": null,
    "salts": null,
    "synonyms": null,
    "products": null,
    "international-brands": null,
    "mixtures": null,
    "packagers": null,
    "manufacturers": null,
    "prices": null,
    "categories": {
        "category": [
            {
                "category": "Benzopyrans",
                "mesh-id": "D001578"
            },
            {
                "category": "Heterocyclic Compounds, Fused-Ring",
                "mesh-id": "D000072471"
            },
            {
                "category": "Protein Kinase Inhibitors",
                "mesh-id": "D047428"
            },
            {
                "category": "Pyrans",
                "mesh-id": "D011714"
            }
        ]
    },
    "affected-organisms": null,
    "dosages": null,
    "atc-codes": null,
    "ahfs-codes": null,
    "pdb-entries": {
        "pdb-entry": [
            "3wig",
            "7m0z",
            "7mfd"
        ]
    },
    "patents": null,
    "food-interactions": null,
    "drug-interactions": null,
    "calculated-properties": {
        "property": [
            {
                "kind": "logP",
                "value": "2.52",
                "source": "ALOGPS"
            },
            {
                "kind": "logS",
                "value": "-4.4",
                "source": "ALOGPS"
            },
            {
                "kind": "Water Solubility",
                "value": "1.77e-02 g/l",
                "source": "ALOGPS"
            },
            {
                "kind": "logP",
                "value": "1.97",
                "source": "ChemAxon"
            },
            {
                "kind": "IUPAC Name",
                "value": "3-({3-fluoro-2-[(methylsulfamoyl)amino]pyridin-4-yl}methyl)-4-methyl-7-(pyrimidin-2-yloxy)-2H-chromen-2-one",
                "source": "ChemAxon"
            },
            {
                "kind": "Traditional IUPAC Name",
                "value": "(2R)-14-fluoro-2-methyl-6,9,10,19-tetraazapentacyclo[14.2.1.0^{2,6}.0^{8,18}.0^{12,17}]nonadeca-1(18),8,12(17),13,15-pentaen-11-one",
                "source": "ChemAxon"
            },
            {
                "kind": "Molecular Weight",
                "value": "471.46",
                "source": "ChemAxon"
            },
            {
                "kind": "Monoisotopic Weight",
                "value": "471.101268037",
                "source": "ChemAxon"
            },
            {
                "kind": "SMILES",
                "value": "CNS(=O)(=O)NC1=C(F)C(CC2=C(C)C3=C(OC2=O)C=C(OC2=NC=CC=N2)C=C3)=CC=N1",
                "source": "ChemAxon"
            },
            {
                "kind": "Molecular Formula",
                "value": "C21H18FN5O5S",
                "source": "ChemAxon"
            },
            {
                "kind": "InChI",
                "value": "InChI=1S/C21H18FN5O5S/c1-12-15-5-4-14(31-21-25-7-3-8-26-21)11-17(15)32-20(28)16(12)10-13-6-9-24-19(18(13)22)27-33(29,30)23-2/h3-9,11,23H,10H2,1-2H3,(H,24,27)",
                "source": "ChemAxon"
            },
            {
                "kind": "InChIKey",
                "value": "LMMJFBMMJUMSJS-UHFFFAOYSA-N",
                "source": "ChemAxon"
            },
            {
                "kind": "Polar Surface Area (PSA)",
                "value": "132.4",
                "source": "ChemAxon"
            },
            {
                "kind": "Refractivity",
                "value": "116.46",
                "source": "ChemAxon"
            },
            {
                "kind": "Polarizability",
                "value": "44.88",
                "source": "ChemAxon"
            },
            {
                "kind": "Rotatable Bond Count",
                "value": "5",
                "source": "ChemAxon"
            },
            {
                "kind": "H Bond Acceptor Count",
                "value": "7",
                "source": "ChemAxon"
            },
            {
                "kind": "H Bond Donor Count",
                "value": "2",
                "source": "ChemAxon"
            },
            {
                "kind": "pKa (strongest acidic)",
                "value": "9",
                "source": "ChemAxon"
            },
            {
                "kind": "pKa (strongest basic)",
                "value": "0.97",
                "source": "ChemAxon"
            },
            {
                "kind": "Physiological Charge",
                "value": "0",
                "source": "ChemAxon"
            },
            {
                "kind": "Number of Rings",
                "value": "4",
                "source": "ChemAxon"
            },
            {
                "kind": "Bioavailability",
                "value": "1",
                "source": "ChemAxon"
            },
            {
                "kind": "Rule of Five",
                "value": "1",
                "source": "ChemAxon"
            },
            {
                "kind": "Ghose Filter",
                "value": "1",
                "source": "ChemAxon"
            },
            {
                "kind": "MDDR-Like Rule",
                "value": "0",
                "source": "ChemAxon"
            }
        ]
    },
    "experimental-properties": null,
    "external-identifiers": {
        "external-identifier": [
            {
                "resource": "ChEBI",
                "identifier": "78825"
            },
            {
                "resource": "ChemSpider",
                "identifier": "17623621"
            },
            {
                "resource": "BindingDB",
                "identifier": "50010462"
            },
            {
                "resource": "PDB",
                "identifier": "CHU"
            },
            {
                "resource": "ChEMBL",
                "identifier": "CHEMBL3264002"
            },
            {
                "resource": "ZINC",
                "identifier": "ZINC000068247388"
            }
        ]
    },
    "external-links": null,
    "pathways": null,
    "reactions": null,
    "snp-effects": null,
    "snp-adverse-drug-reactions": null,
    "targets": null,
    "enzymes": null,
    "carriers": null,
    "transporters": null
}