{
    "type": "small molecule",
    "created": "2019-05-20",
    "updated": "2020-06-12",
    "drugbank-id": [
        {
            "primary": true,
            "value": "DB15230"
        }
    ],
    "name": "Dithiopyr",
    "description": "Dithiopyr is under investigation in clinical trial NCT01236781 (Comparison of Full-Field Digital Mammography With Digital Breast Tomography for Screening Call-Back Rates).",
    "cas-number": "97886-45-8",
    "unii": "2TXF17HAV1",
    "average-mass": 401.415,
    "monoisotopic-mass": 401.054261166,
    "groups": {
        "group": [
            "investigational"
        ]
    },
    "general-references": {
        "articles": null,
        "textbooks": null,
        "links": null,
        "attachments": null
    },
    "synthesis-reference": null,
    "indication": null,
    "pharmacodynamics": null,
    "mechanism-of-action": null,
    "toxicity": null,
    "metabolism": null,
    "absorption": null,
    "half-life": null,
    "protein-binding": null,
    "route-of-elimination": null,
    "volume-of-distribution": null,
    "clearance": null,
    "salts": null,
    "synonyms": {
        "synonym": [
            {
                "language": "english",
                "coder": "",
                "value": "DIMENSION"
            }
        ]
    },
    "products": null,
    "international-brands": null,
    "mixtures": null,
    "packagers": null,
    "manufacturers": null,
    "prices": null,
    "categories": null,
    "affected-organisms": null,
    "dosages": null,
    "atc-codes": null,
    "ahfs-codes": null,
    "pdb-entries": null,
    "patents": null,
    "food-interactions": null,
    "drug-interactions": null,
    "calculated-properties": {
        "property": [
            {
                "kind": "logP",
                "value": "3.74",
                "source": "ALOGPS"
            },
            {
                "kind": "logS",
                "value": "-4.7",
                "source": "ALOGPS"
            },
            {
                "kind": "Water Solubility",
                "value": "8.39e-03 g/l",
                "source": "ALOGPS"
            },
            {
                "kind": "logP",
                "value": "5.77",
                "source": "ChemAxon"
            },
            {
                "kind": "IUPAC Name",
                "value": "[2-(difluoromethyl)-4-(2-methylpropyl)-5-[(methylsulfanyl)carbonyl]-6-(trifluoromethyl)pyridin-3-yl](methylsulfanyl)methanone",
                "source": "ChemAxon"
            },
            {
                "kind": "Traditional IUPAC Name",
                "value": "(2R)-14-fluoro-2-methyl-6,9,10,19-tetraazapentacyclo[14.2.1.0^{2,6}.0^{8,18}.0^{12,17}]nonadeca-1(18),8,12(17),13,15-pentaen-11-one",
                "source": "ChemAxon"
            },
            {
                "kind": "Molecular Weight",
                "value": "401.415",
                "source": "ChemAxon"
            },
            {
                "kind": "Monoisotopic Weight",
                "value": "401.054261166",
                "source": "ChemAxon"
            },
            {
                "kind": "SMILES",
                "value": "CSC(=O)C1=C(N=C(C(C(=O)SC)=C1CC(C)C)C(F)(F)F)C(F)F",
                "source": "ChemAxon"
            },
            {
                "kind": "Molecular Formula",
                "value": "C15H16F5NO2S2",
                "source": "ChemAxon"
            },
            {
                "kind": "InChI",
                "value": "InChI=1S/C15H16F5NO2S2/c1-6(2)5-7-8(13(22)24-3)10(12(16)17)21-11(15(18,19)20)9(7)14(23)25-4/h6,12H,5H2,1-4H3",
                "source": "ChemAxon"
            },
            {
                "kind": "InChIKey",
                "value": "YUBJPYNSGLJZPQ-UHFFFAOYSA-N",
                "source": "ChemAxon"
            },
            {
                "kind": "Polar Surface Area (PSA)",
                "value": "47.03",
                "source": "ChemAxon"
            },
            {
                "kind": "Refractivity",
                "value": "89.67",
                "source": "ChemAxon"
            },
            {
                "kind": "Polarizability",
                "value": "34.65",
                "source": "ChemAxon"
            },
            {
                "kind": "Rotatable Bond Count",
                "value": "8",
                "source": "ChemAxon"
            },
            {
                "kind": "H Bond Acceptor Count",
                "value": "3",
                "source": "ChemAxon"
            },
            {
                "kind": "H Bond Donor Count",
                "value": "0",
                "source": "ChemAxon"
            },
            {
                "kind": "pKa (strongest basic)",
                "value": "-1.9",
                "source": "ChemAxon"
            },
            {
                "kind": "Physiological Charge",
                "value": "0",
                "source": "ChemAxon"
            },
            {
                "kind": "Number of Rings",
                "value": "1",
                "source": "ChemAxon"
            },
            {
                "kind": "Bioavailability",
                "value": "1",
                "source": "ChemAxon"
            },
            {
                "kind": "Rule of Five",
                "value": "0",
                "source": "ChemAxon"
            },
            {
                "kind": "Ghose Filter",
                "value": "0",
                "source": "ChemAxon"
            },
            {
                "kind": "MDDR-Like Rule",
                "value": "0",
                "source": "ChemAxon"
            }
        ]
    },
    "experimental-properties": null,
    "external-identifiers": {
        "external-identifier": [
            {
                "resource": "ChEBI",
                "identifier": "81987"
            },
            {
                "resource": "KEGG Compound",
                "identifier": "C18826"
            },
            {
                "resource": "ChemSpider",
                "identifier": "82855"
            },
            {
                "resource": "Wikipedia",
                "identifier": "Dithiopyr"
            },
            {
                "resource": "ChEMBL",
                "identifier": "CHEMBL1902931"
            },
            {
                "resource": "ZINC",
                "identifier": "ZINC000002564885"
            }
        ]
    },
    "external-links": null,
    "pathways": null,
    "reactions": null,
    "snp-effects": null,
    "snp-adverse-drug-reactions": null,
    "targets": null,
    "enzymes": null,
    "carriers": null,
    "transporters": null
}