{
    "type": "small molecule",
    "created": "2019-05-20",
    "updated": "2021-02-21",
    "drugbank-id": [
        {
            "primary": true,
            "value": "DB15241"
        }
    ],
    "name": "Methylsamidorphan",
    "description": "Methylsamidorphan is under investigation in clinical trial NCT01418092 (ALK37-007: Evaluation of Safety and Efficacy of ALKS 37 (RDC-1036) in Adults With Opioid-induced Constipation (OIC)).",
    "cas-number": "1119361-12-4",
    "unii": "8347HC35J6",
    "average-mass": 385.483,
    "monoisotopic-mass": 385.212183842,
    "groups": {
        "group": [
            "investigational"
        ]
    },
    "general-references": {
        "articles": null,
        "textbooks": null,
        "links": null,
        "attachments": null
    },
    "synthesis-reference": null,
    "indication": null,
    "pharmacodynamics": null,
    "mechanism-of-action": null,
    "toxicity": null,
    "metabolism": null,
    "absorption": null,
    "half-life": null,
    "protein-binding": null,
    "route-of-elimination": null,
    "volume-of-distribution": null,
    "clearance": null,
    "classification": {
        "description": "This compound belongs to the class of organic compounds known as phenanthrenes and derivatives. These are polycyclic compounds containing a phenanthrene moiety, which is a tricyclic aromatic compound with three non-linearly fused benzene.",
        "direct-parent": "Phenanthrenes and derivatives",
        "kingdom": "Organic compounds",
        "superclass": "Benzenoids",
        "class": "Phenanthrenes and derivatives",
        "subclass": null,
        "alternative-parent": [
            "1,2-aminoalcohols",
            "1-hydroxy-4-unsubstituted benzenoids",
            "Aralkylamines",
            "Azacyclic compounds",
            "Benzazocines",
            "Cyclic alcohols and derivatives",
            "Cyclic ketones",
            "Hydrocarbon derivatives",
            "Isoquinolones and derivatives",
            "Naphthalenecarboxamides",
            "Organic cations",
            "Organic oxides",
            "Organic salts",
            "Organopnictogen compounds",
            "Piperidines",
            "Primary carboxylic acid amides",
            "Salicylic acid and derivatives",
            "Tertiary alcohols",
            "Tetraalkylammonium salts",
            "Tetralins",
            "Vinylogous acids"
        ],
        "substituent": [
            "1,2-aminoalcohol",
            "1-hydroxy-4-unsubstituted benzenoid",
            "2-naphthalenecarboxamide",
            "2-naphthalenecarboxylic acid or derivatives",
            "Alcohol",
            "Amine",
            "Aralkylamine",
            "Aromatic heteropolycyclic compound",
            "Azacycle",
            "Benzazocine",
            "Carbonyl group",
            "Carboxamide group",
            "Carboxylic acid derivative",
            "Cyclic alcohol",
            "Cyclic ketone",
            "Hydrocarbon derivative",
            "Isoquinolone",
            "Ketone",
            "Organic cation",
            "Organic nitrogen compound",
            "Organic oxide",
            "Organic oxygen compound",
            "Organic salt",
            "Organoheterocyclic compound",
            "Organonitrogen compound",
            "Organooxygen compound",
            "Organopnictogen compound",
            "Phenanthrene",
            "Piperidine",
            "Primary carboxylic acid amide",
            "Quaternary ammonium salt",
            "Salicylic acid or derivatives",
            "Tertiary alcohol",
            "Tetraalkylammonium salt",
            "Tetralin",
            "Vinylogous acid"
        ]
    },
    "salts": null,
    "synonyms": {
        "synonym": [
            {
                "language": "english",
                "coder": "usan",
                "value": "Methylsamidorphan"
            }
        ]
    },
    "products": null,
    "international-brands": null,
    "mixtures": null,
    "packagers": null,
    "manufacturers": null,
    "prices": null,
    "categories": null,
    "affected-organisms": null,
    "dosages": null,
    "atc-codes": null,
    "ahfs-codes": null,
    "pdb-entries": null,
    "patents": null,
    "food-interactions": null,
    "drug-interactions": null,
    "calculated-properties": {
        "property": [
            {
                "kind": "logP",
                "value": "0.16",
                "source": "ALOGPS"
            },
            {
                "kind": "logS",
                "value": "-5",
                "source": "ALOGPS"
            },
            {
                "kind": "Water Solubility",
                "value": "3.91e-03 g/l",
                "source": "ALOGPS"
            },
            {
                "kind": "logP",
                "value": "-2.6",
                "source": "ChemAxon"
            },
            {
                "kind": "IUPAC Name",
                "value": "(1R,9R,10S,17R)-4-carbamoyl-17-(cyclopropylmethyl)-3,10-dihydroxy-17-methyl-13-oxo-17-azatetracyclo[7.5.3.0^{1,10}.0^{2,7}]heptadeca-2(7),3,5-trien-17-ium",
                "source": "ChemAxon"
            },
            {
                "kind": "Traditional IUPAC Name",
                "value": "(2R)-14-fluoro-2-methyl-6,9,10,19-tetraazapentacyclo[14.2.1.0^{2,6}.0^{8,18}.0^{12,17}]nonadeca-1(18),8,12(17),13,15-pentaen-11-one",
                "source": "ChemAxon"
            },
            {
                "kind": "Molecular Weight",
                "value": "385.483",
                "source": "ChemAxon"
            },
            {
                "kind": "Monoisotopic Weight",
                "value": "385.212183842",
                "source": "ChemAxon"
            },
            {
                "kind": "SMILES",
                "value": "C[N@+]1(CC2CC2)CC[C@]23CC(=O)CC[C@@]2(O)[C@H]1CC1=C3C(O)=C(C=C1)C(N)=O",
                "source": "ChemAxon"
            },
            {
                "kind": "Molecular Formula",
                "value": "C22H29N2O4",
                "source": "ChemAxon"
            },
            {
                "kind": "InChI",
                "value": "InChI=1S/C22H28N2O4/c1-24(12-13-2-3-13)9-8-21-11-15(25)6-7-22(21,28)17(24)10-14-4-5-16(20(23)27)19(26)18(14)21/h4-5,13,17,28H,2-3,6-12H2,1H3,(H2-,23,26,27)/p+1/t17-,21-,22-,24-/m1/s1",
                "source": "ChemAxon"
            },
            {
                "kind": "InChIKey",
                "value": "ATCVVCBJNHXIEX-ZAHKBLQYSA-O",
                "source": "ChemAxon"
            },
            {
                "kind": "Polar Surface Area (PSA)",
                "value": "100.62",
                "source": "ChemAxon"
            },
            {
                "kind": "Refractivity",
                "value": "116.95",
                "source": "ChemAxon"
            },
            {
                "kind": "Polarizability",
                "value": "41.48",
                "source": "ChemAxon"
            },
            {
                "kind": "Rotatable Bond Count",
                "value": "3",
                "source": "ChemAxon"
            },
            {
                "kind": "H Bond Acceptor Count",
                "value": "4",
                "source": "ChemAxon"
            },
            {
                "kind": "H Bond Donor Count",
                "value": "3",
                "source": "ChemAxon"
            },
            {
                "kind": "pKa (strongest acidic)",
                "value": "7.94",
                "source": "ChemAxon"
            },
            {
                "kind": "pKa (strongest basic)",
                "value": "-0.89",
                "source": "ChemAxon"
            },
            {
                "kind": "Physiological Charge",
                "value": "1",
                "source": "ChemAxon"
            },
            {
                "kind": "Number of Rings",
                "value": "5",
                "source": "ChemAxon"
            },
            {
                "kind": "Bioavailability",
                "value": "1",
                "source": "ChemAxon"
            },
            {
                "kind": "Rule of Five",
                "value": "1",
                "source": "ChemAxon"
            },
            {
                "kind": "Ghose Filter",
                "value": "0",
                "source": "ChemAxon"
            },
            {
                "kind": "MDDR-Like Rule",
                "value": "0",
                "source": "ChemAxon"
            }
        ]
    },
    "experimental-properties": null,
    "external-identifiers": {
        "external-identifier": [
            {
                "resource": "ChemSpider",
                "identifier": "29398957"
            },
            {
                "resource": "ChEMBL",
                "identifier": "CHEMBL2364619"
            }
        ]
    },
    "external-links": null,
    "pathways": null,
    "reactions": null,
    "snp-effects": null,
    "snp-adverse-drug-reactions": null,
    "targets": null,
    "enzymes": null,
    "carriers": null,
    "transporters": null
}