{
    "type": "small molecule",
    "created": "2019-05-20",
    "updated": "2020-06-12",
    "drugbank-id": [
        {
            "primary": true,
            "value": "DB15367"
        }
    ],
    "name": "LY-2623091",
    "description": "LY-2623091 is under investigation in clinical trial NCT02194465 (A Study of LY2623091 in Participants With High Blood Pressure).",
    "cas-number": "1162264-07-4",
    "unii": "6FHZ595FNM",
    "average-mass": 527.6,
    "monoisotopic-mass": 527.233268009,
    "groups": {
        "group": [
            "investigational"
        ]
    },
    "general-references": {
        "articles": null,
        "textbooks": null,
        "links": null,
        "attachments": null
    },
    "synthesis-reference": null,
    "indication": null,
    "pharmacodynamics": null,
    "mechanism-of-action": null,
    "toxicity": null,
    "metabolism": null,
    "absorption": null,
    "half-life": null,
    "protein-binding": null,
    "route-of-elimination": null,
    "volume-of-distribution": null,
    "clearance": null,
    "salts": null,
    "synonyms": null,
    "products": null,
    "international-brands": null,
    "mixtures": null,
    "packagers": null,
    "manufacturers": null,
    "prices": null,
    "categories": null,
    "affected-organisms": null,
    "dosages": null,
    "atc-codes": null,
    "ahfs-codes": null,
    "pdb-entries": null,
    "patents": null,
    "food-interactions": null,
    "drug-interactions": null,
    "calculated-properties": {
        "property": [
            {
                "kind": "logP",
                "value": "4.23",
                "source": "ALOGPS"
            },
            {
                "kind": "logS",
                "value": "-4.9",
                "source": "ALOGPS"
            },
            {
                "kind": "Water Solubility",
                "value": "6.66e-03 g/l",
                "source": "ALOGPS"
            },
            {
                "kind": "logP",
                "value": "4.69",
                "source": "ChemAxon"
            },
            {
                "kind": "IUPAC Name",
                "value": "(5-{[(2E)-6-fluoro-9-oxatricyclo[9.4.0.0^{3,8}]pentadeca-1(15),3,5,7,11,13-hexaen-2-ylidene]methyl}-1-[(2R)-1-(morpholin-4-yl)propan-2-yl]-1H-1,3-benzodiazol-2-yl)urea",
                "source": "ChemAxon"
            },
            {
                "kind": "Traditional IUPAC Name",
                "value": "(2R)-14-fluoro-2-methyl-6,9,10,19-tetraazapentacyclo[14.2.1.0^{2,6}.0^{8,18}.0^{12,17}]nonadeca-1(18),8,12(17),13,15-pentaen-11-one",
                "source": "ChemAxon"
            },
            {
                "kind": "Molecular Weight",
                "value": "527.6",
                "source": "ChemAxon"
            },
            {
                "kind": "Monoisotopic Weight",
                "value": "527.233268009",
                "source": "ChemAxon"
            },
            {
                "kind": "SMILES",
                "value": "C[C@H](CN1CCOCC1)N1C(NC(N)=O)=NC2=C1C=CC(\\C=C1/C3=CC=CC=C3COC3=CC(F)=CC=C13)=C2",
                "source": "ChemAxon"
            },
            {
                "kind": "Molecular Formula",
                "value": "C30H30FN5O3",
                "source": "ChemAxon"
            },
            {
                "kind": "InChI",
                "value": "InChI=1S/C30H30FN5O3/c1-19(17-35-10-12-38-13-11-35)36-27-9-6-20(15-26(27)33-30(36)34-29(32)37)14-25-23-5-3-2-4-21(23)18-39-28-16-22(31)7-8-24(25)28/h2-9,14-16,19H,10-13,17-18H2,1H3,(H3,32,33,34,37)/b25-14+/t19-/m1/s1",
                "source": "ChemAxon"
            },
            {
                "kind": "InChIKey",
                "value": "YPCLDHGBEKZGEB-RUDKWAFVSA-N",
                "source": "ChemAxon"
            },
            {
                "kind": "Polar Surface Area (PSA)",
                "value": "94.64",
                "source": "ChemAxon"
            },
            {
                "kind": "Refractivity",
                "value": "158.63",
                "source": "ChemAxon"
            },
            {
                "kind": "Polarizability",
                "value": "55.4",
                "source": "ChemAxon"
            },
            {
                "kind": "Rotatable Bond Count",
                "value": "5",
                "source": "ChemAxon"
            },
            {
                "kind": "H Bond Acceptor Count",
                "value": "5",
                "source": "ChemAxon"
            },
            {
                "kind": "H Bond Donor Count",
                "value": "2",
                "source": "ChemAxon"
            },
            {
                "kind": "pKa (strongest acidic)",
                "value": "8.72",
                "source": "ChemAxon"
            },
            {
                "kind": "pKa (strongest basic)",
                "value": "6.91",
                "source": "ChemAxon"
            },
            {
                "kind": "Physiological Charge",
                "value": "1",
                "source": "ChemAxon"
            },
            {
                "kind": "Number of Rings",
                "value": "6",
                "source": "ChemAxon"
            },
            {
                "kind": "Bioavailability",
                "value": "1",
                "source": "ChemAxon"
            },
            {
                "kind": "Rule of Five",
                "value": "0",
                "source": "ChemAxon"
            },
            {
                "kind": "Ghose Filter",
                "value": "0",
                "source": "ChemAxon"
            },
            {
                "kind": "MDDR-Like Rule",
                "value": "0",
                "source": "ChemAxon"
            }
        ]
    },
    "experimental-properties": null,
    "external-identifiers": {
        "external-identifier": [
            {
                "resource": "ChemSpider",
                "identifier": "29361352"
            },
            {
                "resource": "BindingDB",
                "identifier": "50235935"
            },
            {
                "resource": "ChEMBL",
                "identifier": "CHEMBL4088896"
            }
        ]
    },
    "external-links": null,
    "pathways": null,
    "reactions": null,
    "snp-effects": null,
    "snp-adverse-drug-reactions": null,
    "targets": null,
    "enzymes": null,
    "carriers": null,
    "transporters": null
}