{
    "type": "small molecule",
    "created": "2019-10-14",
    "updated": "2020-06-12",
    "drugbank-id": [
        {
            "primary": true,
            "value": "DB15551"
        }
    ],
    "name": "Leptazoline A",
    "description": "Leptazoline A is a polar oxazoline from the Cyanobacterium Leptolyngbya sp. Also see [Leptazoline B], [Leptazoline C], and [Leptazoline D].",
    "cas-number": null,
    "unii": null,
    "average-mass": 299.71,
    "monoisotopic-mass": 299.0560503,
    "groups": {
        "group": [
            "experimental"
        ]
    },
    "general-references": {
        "articles": null,
        "textbooks": null,
        "links": null,
        "attachments": null
    },
    "synthesis-reference": null,
    "indication": null,
    "pharmacodynamics": null,
    "mechanism-of-action": null,
    "toxicity": null,
    "metabolism": null,
    "absorption": null,
    "half-life": null,
    "protein-binding": null,
    "route-of-elimination": null,
    "volume-of-distribution": null,
    "clearance": null,
    "salts": null,
    "synonyms": null,
    "products": null,
    "international-brands": null,
    "mixtures": null,
    "packagers": null,
    "manufacturers": null,
    "prices": null,
    "categories": null,
    "affected-organisms": null,
    "dosages": null,
    "atc-codes": null,
    "ahfs-codes": null,
    "pdb-entries": null,
    "patents": null,
    "food-interactions": null,
    "drug-interactions": null,
    "calculated-properties": {
        "property": [
            {
                "kind": "logP",
                "value": "1.51",
                "source": "ALOGPS"
            },
            {
                "kind": "logS",
                "value": "-2.9",
                "source": "ALOGPS"
            },
            {
                "kind": "Water Solubility",
                "value": "4.01e-01 g/l",
                "source": "ALOGPS"
            },
            {
                "kind": "logP",
                "value": "2.32",
                "source": "ChemAxon"
            },
            {
                "kind": "IUPAC Name",
                "value": "(3R)-3-[(4S,5S)-2-(5-chloro-2-hydroxyphenyl)-5-methyl-4,5-dihydro-1,3-oxazol-4-yl]-3-hydroxypropanoic acid",
                "source": "ChemAxon"
            },
            {
                "kind": "Traditional IUPAC Name",
                "value": "(3R)-3-[(4S,5S)-2-(5-chloro-2-hydroxyphenyl)-5-methyl-4,5-dihydro-1,3-oxazol-4-yl]-3-hydroxypropanoic acid",
                "source": "ChemAxon"
            },
            {
                "kind": "Molecular Weight",
                "value": "299.71",
                "source": "ChemAxon"
            },
            {
                "kind": "Monoisotopic Weight",
                "value": "299.0560503",
                "source": "ChemAxon"
            },
            {
                "kind": "SMILES",
                "value": "C[C@@H]1OC(=N[C@H]1[C@H](O)CC(O)=O)C1=CC(Cl)=CC=C1O",
                "source": "ChemAxon"
            },
            {
                "kind": "Molecular Formula",
                "value": "C13H14ClNO5",
                "source": "ChemAxon"
            },
            {
                "kind": "InChI",
                "value": "InChI=1S/C13H14ClNO5/c1-6-12(10(17)5-11(18)19)15-13(20-6)8-4-7(14)2-3-9(8)16/h2-4,6,10,12,16-17H,5H2,1H3,(H,18,19)/t6-,10+,12+/m0/s1",
                "source": "ChemAxon"
            },
            {
                "kind": "InChIKey",
                "value": "ZFAIHGMUJXZHDW-ISROVCFRSA-N",
                "source": "ChemAxon"
            },
            {
                "kind": "Polar Surface Area (PSA)",
                "value": "99.35",
                "source": "ChemAxon"
            },
            {
                "kind": "Refractivity",
                "value": "70.96",
                "source": "ChemAxon"
            },
            {
                "kind": "Polarizability",
                "value": "28.61",
                "source": "ChemAxon"
            },
            {
                "kind": "Rotatable Bond Count",
                "value": "4",
                "source": "ChemAxon"
            },
            {
                "kind": "H Bond Acceptor Count",
                "value": "5",
                "source": "ChemAxon"
            },
            {
                "kind": "H Bond Donor Count",
                "value": "3",
                "source": "ChemAxon"
            },
            {
                "kind": "pKa (strongest acidic)",
                "value": "3.66",
                "source": "ChemAxon"
            },
            {
                "kind": "pKa (strongest basic)",
                "value": "1.23",
                "source": "ChemAxon"
            },
            {
                "kind": "Physiological Charge",
                "value": "-1",
                "source": "ChemAxon"
            },
            {
                "kind": "Number of Rings",
                "value": "2",
                "source": "ChemAxon"
            },
            {
                "kind": "Bioavailability",
                "value": "1",
                "source": "ChemAxon"
            },
            {
                "kind": "Rule of Five",
                "value": "1",
                "source": "ChemAxon"
            },
            {
                "kind": "Ghose Filter",
                "value": "1",
                "source": "ChemAxon"
            },
            {
                "kind": "MDDR-Like Rule",
                "value": "0",
                "source": "ChemAxon"
            }
        ]
    },
    "experimental-properties": null,
    "external-identifiers": {
        "external-identifier": [
            {
                "resource": "ChemSpider",
                "identifier": "81361126"
            }
        ]
    },
    "external-links": null,
    "pathways": null,
    "reactions": null,
    "snp-effects": null,
    "snp-adverse-drug-reactions": null,
    "targets": null,
    "enzymes": null,
    "carriers": null,
    "transporters": null
}