{
    "type": "small molecule",
    "created": "2019-05-20",
    "updated": "2021-02-21",
    "drugbank-id": [
        {
            "primary": true,
            "value": "DB15114"
        }
    ],
    "name": "Vamorolone",
    "description": "Vamorolone is under investigation in clinical trial NCT03439670 (A Study to Assess the Efficacy and Safety of Vamorolone in Boys With Duchenne Muscular Dystrophy (DMD)).",
    "cas-number": "13209-41-1",
    "unii": "8XP29XMB43",
    "average-mass": 356.462,
    "monoisotopic-mass": 356.198759382,
    "groups": {
        "group": [
            "investigational"
        ]
    },
    "general-references": {
        "articles": null,
        "textbooks": null,
        "links": null,
        "attachments": null
    },
    "synthesis-reference": null,
    "indication": null,
    "pharmacodynamics": null,
    "mechanism-of-action": null,
    "toxicity": null,
    "metabolism": null,
    "absorption": null,
    "half-life": null,
    "protein-binding": null,
    "route-of-elimination": null,
    "volume-of-distribution": null,
    "clearance": null,
    "classification": {
        "description": "This compound belongs to the class of organic compounds known as 21-hydroxysteroids. These are steroids carrying a hydroxyl group at the 21-position of the steroid backbone.",
        "direct-parent": "21-hydroxysteroids",
        "kingdom": "Organic compounds",
        "superclass": "Lipids and lipid-like molecules",
        "class": "Steroids and steroid derivatives",
        "subclass": "Hydroxysteroids",
        "alternative-parent": [
            "17-hydroxysteroids",
            "20-oxosteroids",
            "3-oxo delta-1,4-steroids",
            "Alpha-hydroxy ketones",
            "Cyclic alcohols and derivatives",
            "Cyclic ketones",
            "Delta-1,4-steroids",
            "Gluco/mineralocorticoids, progestogins and derivatives",
            "Hydrocarbon derivatives",
            "Organic oxides",
            "Primary alcohols",
            "Tertiary alcohols"
        ],
        "substituent": [
            "17-hydroxysteroid",
            "20-oxosteroid",
            "21-hydroxysteroid",
            "3-oxo-delta-1,4-steroid",
            "3-oxosteroid",
            "Alcohol",
            "Aliphatic homopolycyclic compound",
            "Alpha-hydroxy ketone",
            "Carbonyl group",
            "Cyclic alcohol",
            "Cyclic ketone",
            "Delta-1,4-steroid",
            "Hydrocarbon derivative",
            "Ketone",
            "Organic oxide",
            "Organic oxygen compound",
            "Organooxygen compound",
            "Oxosteroid",
            "Pregnane-skeleton",
            "Primary alcohol",
            "Progestogin-skeleton",
            "Tertiary alcohol"
        ]
    },
    "salts": null,
    "synonyms": {
        "synonym": [
            {
                "language": "english",
                "coder": "inn/usan",
                "value": "Vamorolone"
            }
        ]
    },
    "products": null,
    "international-brands": null,
    "mixtures": null,
    "packagers": null,
    "manufacturers": null,
    "prices": null,
    "categories": {
        "category": [
            {
                "category": "Anti-Inflammatory Agents",
                "mesh-id": "D000893"
            },
            {
                "category": "Fused-Ring Compounds",
                "mesh-id": "D000072473"
            },
            {
                "category": "Pregnadienes",
                "mesh-id": "D011245"
            },
            {
                "category": "Pregnanes",
                "mesh-id": "D011278"
            },
            {
                "category": "Steroids",
                "mesh-id": "D013256"
            }
        ]
    },
    "affected-organisms": null,
    "dosages": null,
    "atc-codes": null,
    "ahfs-codes": null,
    "pdb-entries": null,
    "patents": null,
    "food-interactions": null,
    "drug-interactions": null,
    "calculated-properties": {
        "property": [
            {
                "kind": "logP",
                "value": "3.36",
                "source": "ALOGPS"
            },
            {
                "kind": "logS",
                "value": "-4.2",
                "source": "ALOGPS"
            },
            {
                "kind": "Water Solubility",
                "value": "2.46e-02 g/l",
                "source": "ALOGPS"
            },
            {
                "kind": "logP",
                "value": "2.54",
                "source": "ChemAxon"
            },
            {
                "kind": "IUPAC Name",
                "value": "(1R,2R,3aS,3bS,9aS,11aS)-1-hydroxy-1-(2-hydroxyacetyl)-2,9a,11a-trimethyl-1H,2H,3H,3aH,3bH,4H,5H,7H,9aH,11H,11aH-cyclopenta[a]phenanthren-7-one",
                "source": "ChemAxon"
            },
            {
                "kind": "Traditional IUPAC Name",
                "value": "(2R)-14-fluoro-2-methyl-6,9,10,19-tetraazapentacyclo[14.2.1.0^{2,6}.0^{8,18}.0^{12,17}]nonadeca-1(18),8,12(17),13,15-pentaen-11-one",
                "source": "ChemAxon"
            },
            {
                "kind": "Molecular Weight",
                "value": "356.462",
                "source": "ChemAxon"
            },
            {
                "kind": "Monoisotopic Weight",
                "value": "356.198759382",
                "source": "ChemAxon"
            },
            {
                "kind": "SMILES",
                "value": "C[C@@H]1C[C@H]2[C@@H]3CCC4=CC(=O)C=C[C@]4(C)C3=CC[C@]2(C)[C@@]1(O)C(=O)CO",
                "source": "ChemAxon"
            },
            {
                "kind": "Molecular Formula",
                "value": "C22H28O4",
                "source": "ChemAxon"
            },
            {
                "kind": "InChI",
                "value": "InChI=1S/C22H28O4/c1-13-10-18-16-5-4-14-11-15(24)6-8-20(14,2)17(16)7-9-21(18,3)22(13,26)19(25)12-23/h6-8,11,13,16,18,23,26H,4-5,9-10,12H2,1-3H3/t13-,16-,18+,20+,21+,22+/m1/s1",
                "source": "ChemAxon"
            },
            {
                "kind": "InChIKey",
                "value": "ZYTXTXAMMDTYDQ-DGEXFFLYSA-N",
                "source": "ChemAxon"
            },
            {
                "kind": "Polar Surface Area (PSA)",
                "value": "74.6",
                "source": "ChemAxon"
            },
            {
                "kind": "Refractivity",
                "value": "102.22",
                "source": "ChemAxon"
            },
            {
                "kind": "Polarizability",
                "value": "39.26",
                "source": "ChemAxon"
            },
            {
                "kind": "Rotatable Bond Count",
                "value": "2",
                "source": "ChemAxon"
            },
            {
                "kind": "H Bond Acceptor Count",
                "value": "4",
                "source": "ChemAxon"
            },
            {
                "kind": "H Bond Donor Count",
                "value": "2",
                "source": "ChemAxon"
            },
            {
                "kind": "pKa (strongest acidic)",
                "value": "12.45",
                "source": "ChemAxon"
            },
            {
                "kind": "pKa (strongest basic)",
                "value": "-3.3",
                "source": "ChemAxon"
            },
            {
                "kind": "Physiological Charge",
                "value": "0",
                "source": "ChemAxon"
            },
            {
                "kind": "Number of Rings",
                "value": "4",
                "source": "ChemAxon"
            },
            {
                "kind": "Bioavailability",
                "value": "1",
                "source": "ChemAxon"
            },
            {
                "kind": "Rule of Five",
                "value": "1",
                "source": "ChemAxon"
            },
            {
                "kind": "Ghose Filter",
                "value": "1",
                "source": "ChemAxon"
            },
            {
                "kind": "MDDR-Like Rule",
                "value": "0",
                "source": "ChemAxon"
            }
        ]
    },
    "experimental-properties": null,
    "external-identifiers": {
        "external-identifier": [
            {
                "resource": "ChemSpider",
                "identifier": "2299335"
            },
            {
                "resource": "BindingDB",
                "identifier": "50432396"
            },
            {
                "resource": "Wikipedia",
                "identifier": "Vamorolone"
            },
            {
                "resource": "ChEMBL",
                "identifier": "CHEMBL2348780"
            },
            {
                "resource": "ZINC",
                "identifier": "ZINC000033650317"
            }
        ]
    },
    "external-links": null,
    "pathways": null,
    "reactions": null,
    "snp-effects": null,
    "snp-adverse-drug-reactions": null,
    "targets": null,
    "enzymes": null,
    "carriers": null,
    "transporters": null
}