{
    "type": "small molecule",
    "created": "2019-05-20",
    "updated": "2021-02-21",
    "drugbank-id": [
        {
            "primary": true,
            "value": "DB15106"
        }
    ],
    "name": "Surufatinib",
    "description": "Surufatinib is under investigation in clinical trial NCT02588170 (Phase III Study of Surufatinib in Treating Advanced Extrapancreatic Neuroendocrine Tumors).",
    "cas-number": "1308672-74-3",
    "unii": "B2K5L1L8S9",
    "average-mass": 480.59,
    "monoisotopic-mass": 480.19435996,
    "groups": {
        "group": [
            "investigational"
        ]
    },
    "general-references": {
        "articles": null,
        "textbooks": null,
        "links": null,
        "attachments": null
    },
    "synthesis-reference": null,
    "indication": null,
    "pharmacodynamics": null,
    "mechanism-of-action": null,
    "toxicity": null,
    "metabolism": null,
    "absorption": null,
    "half-life": null,
    "protein-binding": null,
    "route-of-elimination": null,
    "volume-of-distribution": null,
    "clearance": null,
    "salts": null,
    "synonyms": {
        "synonym": [
            {
                "language": "english",
                "coder": "",
                "value": "SULFATINIB"
            },
            {
                "language": "english",
                "coder": "inn/usan",
                "value": "Surufatinib"
            }
        ]
    },
    "products": null,
    "international-brands": null,
    "mixtures": null,
    "packagers": null,
    "manufacturers": null,
    "prices": null,
    "categories": {
        "category": [
            {
                "category": "Amides",
                "mesh-id": "D000577"
            },
            {
                "category": "Heterocyclic Compounds, Fused-Ring",
                "mesh-id": "D000072471"
            },
            {
                "category": "Sulfones",
                "mesh-id": "D013450"
            },
            {
                "category": "Sulfur Compounds",
                "mesh-id": "D013457"
            }
        ]
    },
    "affected-organisms": null,
    "dosages": null,
    "atc-codes": null,
    "ahfs-codes": null,
    "pdb-entries": null,
    "patents": null,
    "food-interactions": null,
    "drug-interactions": null,
    "calculated-properties": {
        "property": [
            {
                "kind": "logP",
                "value": "3.15",
                "source": "ALOGPS"
            },
            {
                "kind": "logS",
                "value": "-4.6",
                "source": "ALOGPS"
            },
            {
                "kind": "Water Solubility",
                "value": "1.08e-02 g/l",
                "source": "ALOGPS"
            },
            {
                "kind": "logP",
                "value": "3.17",
                "source": "ChemAxon"
            },
            {
                "kind": "IUPAC Name",
                "value": "N-[2-(dimethylamino)ethyl]-1-[3-({4-[(2-methyl-1H-indol-5-yl)oxy]pyrimidin-2-yl}amino)phenyl]methanesulfonamide",
                "source": "ChemAxon"
            },
            {
                "kind": "Traditional IUPAC Name",
                "value": "(2R)-14-fluoro-2-methyl-6,9,10,19-tetraazapentacyclo[14.2.1.0^{2,6}.0^{8,18}.0^{12,17}]nonadeca-1(18),8,12(17),13,15-pentaen-11-one",
                "source": "ChemAxon"
            },
            {
                "kind": "Molecular Weight",
                "value": "480.59",
                "source": "ChemAxon"
            },
            {
                "kind": "Monoisotopic Weight",
                "value": "480.19435996",
                "source": "ChemAxon"
            },
            {
                "kind": "SMILES",
                "value": "CN(C)CCNS(=O)(=O)CC1=CC(NC2=NC(OC3=CC4=C(NC(C)=C4)C=C3)=CC=N2)=CC=C1",
                "source": "ChemAxon"
            },
            {
                "kind": "Molecular Formula",
                "value": "C24H28N6O3S",
                "source": "ChemAxon"
            },
            {
                "kind": "InChI",
                "value": "InChI=1S/C24H28N6O3S/c1-17-13-19-15-21(7-8-22(19)27-17)33-23-9-10-25-24(29-23)28-20-6-4-5-18(14-20)16-34(31,32)26-11-12-30(2)3/h4-10,13-15,26-27H,11-12,16H2,1-3H3,(H,25,28,29)",
                "source": "ChemAxon"
            },
            {
                "kind": "InChIKey",
                "value": "TTZSNFLLYPYKIL-UHFFFAOYSA-N",
                "source": "ChemAxon"
            },
            {
                "kind": "Polar Surface Area (PSA)",
                "value": "112.24",
                "source": "ChemAxon"
            },
            {
                "kind": "Refractivity",
                "value": "133.61",
                "source": "ChemAxon"
            },
            {
                "kind": "Polarizability",
                "value": "51.94",
                "source": "ChemAxon"
            },
            {
                "kind": "Rotatable Bond Count",
                "value": "9",
                "source": "ChemAxon"
            },
            {
                "kind": "H Bond Acceptor Count",
                "value": "6",
                "source": "ChemAxon"
            },
            {
                "kind": "H Bond Donor Count",
                "value": "3",
                "source": "ChemAxon"
            },
            {
                "kind": "pKa (strongest acidic)",
                "value": "10.46",
                "source": "ChemAxon"
            },
            {
                "kind": "pKa (strongest basic)",
                "value": "7.5",
                "source": "ChemAxon"
            },
            {
                "kind": "Physiological Charge",
                "value": "1",
                "source": "ChemAxon"
            },
            {
                "kind": "Number of Rings",
                "value": "4",
                "source": "ChemAxon"
            },
            {
                "kind": "Bioavailability",
                "value": "1",
                "source": "ChemAxon"
            },
            {
                "kind": "Rule of Five",
                "value": "1",
                "source": "ChemAxon"
            },
            {
                "kind": "Ghose Filter",
                "value": "0",
                "source": "ChemAxon"
            },
            {
                "kind": "MDDR-Like Rule",
                "value": "1",
                "source": "ChemAxon"
            }
        ]
    },
    "experimental-properties": null,
    "external-identifiers": {
        "external-identifier": [
            {
                "resource": "ChemSpider",
                "identifier": "57583328"
            },
            {
                "resource": "ZINC",
                "identifier": "ZINC000117218067"
            }
        ]
    },
    "external-links": null,
    "pathways": null,
    "reactions": null,
    "snp-effects": null,
    "snp-adverse-drug-reactions": null,
    "targets": null,
    "enzymes": null,
    "carriers": null,
    "transporters": null
}