{
    "type": "small molecule",
    "created": "2019-05-20",
    "updated": "2020-06-12",
    "drugbank-id": [
        {
            "primary": true,
            "value": "DB15177"
        }
    ],
    "name": "VX-659",
    "description": "VX-659 is under investigation in clinical trial NCT03224351 (A Study Evaluating the Safety and Efficacy of VX-659 Combination Therapy in Subjects With Cystic Fibrosis).",
    "cas-number": "2204245-48-5",
    "unii": "8C7XEW3K7S",
    "average-mass": 591.65,
    "monoisotopic-mass": 591.212710193,
    "groups": {
        "group": [
            "investigational"
        ]
    },
    "general-references": {
        "articles": null,
        "textbooks": null,
        "links": null,
        "attachments": null
    },
    "synthesis-reference": null,
    "indication": null,
    "pharmacodynamics": null,
    "mechanism-of-action": null,
    "toxicity": null,
    "metabolism": null,
    "absorption": null,
    "half-life": null,
    "protein-binding": null,
    "route-of-elimination": null,
    "volume-of-distribution": null,
    "clearance": null,
    "salts": null,
    "synonyms": null,
    "products": null,
    "international-brands": null,
    "mixtures": null,
    "packagers": null,
    "manufacturers": null,
    "prices": null,
    "categories": {
        "category": [
            {
                "category": "Chloride Channel Agonists",
                "mesh-id": "D065101"
            },
            {
                "category": "Membrane Transport Modulators",
                "mesh-id": "D049990"
            }
        ]
    },
    "affected-organisms": null,
    "dosages": null,
    "atc-codes": null,
    "ahfs-codes": null,
    "pdb-entries": null,
    "patents": null,
    "food-interactions": null,
    "drug-interactions": null,
    "calculated-properties": {
        "property": [
            {
                "kind": "logP",
                "value": "4.81",
                "source": "ALOGPS"
            },
            {
                "kind": "logS",
                "value": "-5.5",
                "source": "ALOGPS"
            },
            {
                "kind": "Water Solubility",
                "value": "1.93e-03 g/l",
                "source": "ALOGPS"
            },
            {
                "kind": "logP",
                "value": "6.3",
                "source": "ChemAxon"
            },
            {
                "kind": "IUPAC Name",
                "value": "N-(benzenesulfonyl)-6-(3-{2-[1-(trifluoromethyl)cyclopropyl]ethoxy}-1H-pyrazol-1-yl)-2-[(4S)-2,2,4-trimethylpyrrolidin-1-yl]pyridine-3-carboxamide",
                "source": "ChemAxon"
            },
            {
                "kind": "Traditional IUPAC Name",
                "value": "(2R)-14-fluoro-2-methyl-6,9,10,19-tetraazapentacyclo[14.2.1.0^{2,6}.0^{8,18}.0^{12,17}]nonadeca-1(18),8,12(17),13,15-pentaen-11-one",
                "source": "ChemAxon"
            },
            {
                "kind": "Molecular Weight",
                "value": "591.65",
                "source": "ChemAxon"
            },
            {
                "kind": "Monoisotopic Weight",
                "value": "591.212710193",
                "source": "ChemAxon"
            },
            {
                "kind": "SMILES",
                "value": "C[C@@H]1CN(C2=C(C=CC(=N2)N2C=CC(OCCC3(CC3)C(F)(F)F)=N2)C(=O)NS(=O)(=O)C2=CC=CC=C2)C(C)(C)C1",
                "source": "ChemAxon"
            },
            {
                "kind": "Molecular Formula",
                "value": "C28H32F3N5O4S",
                "source": "ChemAxon"
            },
            {
                "kind": "InChI",
                "value": "InChI=1S/C28H32F3N5O4S/c1-19-17-26(2,3)35(18-19)24-21(25(37)34-41(38,39)20-7-5-4-6-8-20)9-10-22(32-24)36-15-11-23(33-36)40-16-14-27(12-13-27)28(29,30)31/h4-11,15,19H,12-14,16-18H2,1-3H3,(H,34,37)/t19-/m0/s1",
                "source": "ChemAxon"
            },
            {
                "kind": "InChIKey",
                "value": "IGEOJNMYRZUKIK-IBGZPJMESA-N",
                "source": "ChemAxon"
            },
            {
                "kind": "Polar Surface Area (PSA)",
                "value": "106.42",
                "source": "ChemAxon"
            },
            {
                "kind": "Refractivity",
                "value": "149.59",
                "source": "ChemAxon"
            },
            {
                "kind": "Polarizability",
                "value": "60.42",
                "source": "ChemAxon"
            },
            {
                "kind": "Rotatable Bond Count",
                "value": "9",
                "source": "ChemAxon"
            },
            {
                "kind": "H Bond Acceptor Count",
                "value": "7",
                "source": "ChemAxon"
            },
            {
                "kind": "H Bond Donor Count",
                "value": "1",
                "source": "ChemAxon"
            },
            {
                "kind": "pKa (strongest acidic)",
                "value": "4.21",
                "source": "ChemAxon"
            },
            {
                "kind": "pKa (strongest basic)",
                "value": "1.31",
                "source": "ChemAxon"
            },
            {
                "kind": "Physiological Charge",
                "value": "-1",
                "source": "ChemAxon"
            },
            {
                "kind": "Number of Rings",
                "value": "5",
                "source": "ChemAxon"
            },
            {
                "kind": "Bioavailability",
                "value": "0",
                "source": "ChemAxon"
            },
            {
                "kind": "Rule of Five",
                "value": "0",
                "source": "ChemAxon"
            },
            {
                "kind": "Ghose Filter",
                "value": "0",
                "source": "ChemAxon"
            },
            {
                "kind": "MDDR-Like Rule",
                "value": "1",
                "source": "ChemAxon"
            }
        ]
    },
    "experimental-properties": null,
    "external-identifiers": {
        "external-identifier": [
            {
                "resource": "ChemSpider",
                "identifier": "75531285"
            }
        ]
    },
    "external-links": null,
    "pathways": null,
    "reactions": null,
    "snp-effects": null,
    "snp-adverse-drug-reactions": null,
    "targets": null,
    "enzymes": null,
    "carriers": null,
    "transporters": null
}