{
    "type": "biotech",
    "created": "2019-10-09",
    "updated": "2020-06-12",
    "drugbank-id": [
        {
            "primary": true,
            "value": "DB15531"
        }
    ],
    "name": "Silk sericin",
    "description": null,
    "cas-number": "1190590-38-5",
    "unii": "0N1VMU8G9W",
    "groups": {
        "group": [
            "experimental"
        ]
    },
    "general-references": {
        "articles": null,
        "textbooks": null,
        "links": null,
        "attachments": null
    },
    "synthesis-reference": null,
    "indication": null,
    "pharmacodynamics": null,
    "mechanism-of-action": null,
    "toxicity": null,
    "metabolism": null,
    "absorption": null,
    "half-life": null,
    "protein-binding": null,
    "route-of-elimination": null,
    "volume-of-distribution": null,
    "clearance": null,
    "salts": null,
    "synonyms": {
        "synonym": [
            {
                "language": "english",
                "coder": "",
                "value": "Sericin"
            },
            {
                "language": "english",
                "coder": "",
                "value": "Sericin (from silkworm)"
            },
            {
                "language": "english",
                "coder": "",
                "value": "Sericin (silkworm)"
            },
            {
                "language": "english",
                "coder": "",
                "value": "Silk sericins"
            }
        ]
    },
    "products": {
        "product": [
            {
                "name": "Kyosilk",
                "labeller": "TOYOWADO SILKTECH CO., LTD",
                "ndc-id": null,
                "ndc-product-code": "73353-0001",
                "dpd-id": null,
                "ema-product-code": null,
                "ema-ma-number": null,
                "started-marketing-on": "2019-09-14",
                "ended-marketing-on": null,
                "dosage-form": "Liquid",
                "strength": "40 g/100mL",
                "route": "Topical",
                "fda-application-number": null,
                "generic": false,
                "over-the-counter": true,
                "approved": false,
                "country": "US",
                "source": "FDA NDC"
            },
            {
                "name": "Silkdressing",
                "labeller": "TOYOWADO SILKTECH CO., LTD",
                "ndc-id": null,
                "ndc-product-code": "73353-0002",
                "dpd-id": null,
                "ema-product-code": null,
                "ema-ma-number": null,
                "started-marketing-on": "2019-09-14",
                "ended-marketing-on": null,
                "dosage-form": "Liquid",
                "strength": "40 g/100mL",
                "route": "Topical",
                "fda-application-number": null,
                "generic": false,
                "over-the-counter": true,
                "approved": false,
                "country": "US",
                "source": "FDA NDC"
            }
        ]
    },
    "international-brands": null,
    "mixtures": null,
    "packagers": null,
    "manufacturers": null,
    "prices": null,
    "categories": {
        "category": [
            {
                "category": "Amino Acids, Peptides, and Proteins",
                "mesh-id": "D000602"
            },
            {
                "category": "Arthropod Proteins",
                "mesh-id": "D060829"
            },
            {
                "category": "Biopolymers",
                "mesh-id": "D001704"
            },
            {
                "category": "Macromolecular Substances",
                "mesh-id": "D046911"
            },
            {
                "category": "Polymers",
                "mesh-id": "D011108"
            },
            {
                "category": "Proteins",
                "mesh-id": "D011506"
            },
            {
                "category": "Silk",
                "mesh-id": "D047011"
            }
        ]
    },
    "affected-organisms": null,
    "dosages": {
        "dosage": [
            {
                "form": "Liquid",
                "route": "Topical",
                "strength": "40 g/100mL"
            }
        ]
    },
    "atc-codes": null,
    "ahfs-codes": null,
    "pdb-entries": null,
    "patents": null,
    "food-interactions": null,
    "drug-interactions": null,
    "sequences": null,
    "experimental-properties": null,
    "external-identifiers": {
        "external-identifier": [
            {
                "resource": "RxCUI",
                "identifier": "1652102"
            }
        ]
    },
    "external-links": null,
    "pathways": null,
    "reactions": null,
    "snp-effects": null,
    "snp-adverse-drug-reactions": null,
    "targets": null,
    "enzymes": null,
    "carriers": null,
    "transporters": null
}