{
    "type": "small molecule",
    "created": "2019-05-20",
    "updated": "2021-02-21",
    "drugbank-id": [
        {
            "primary": true,
            "value": "DB15141"
        }
    ],
    "name": "Deutivacaftor",
    "description": "Deutivacaftor is under investigation in clinical trial NCT03227471 (A Study of VX-445 in Healthy Subjects and Subjects With Cystic Fibrosis).",
    "cas-number": "1413431-07-8",
    "unii": "SHA6U5FJZL",
    "average-mass": 401.554,
    "monoisotopic-mass": 401.266483483,
    "groups": {
        "group": [
            "investigational"
        ]
    },
    "general-references": {
        "articles": null,
        "textbooks": null,
        "links": null,
        "attachments": null
    },
    "synthesis-reference": null,
    "indication": null,
    "pharmacodynamics": null,
    "mechanism-of-action": null,
    "toxicity": null,
    "metabolism": null,
    "absorption": null,
    "half-life": null,
    "protein-binding": null,
    "route-of-elimination": null,
    "volume-of-distribution": null,
    "clearance": null,
    "salts": null,
    "synonyms": {
        "synonym": [
            {
                "language": "english",
                "coder": "inn/usan",
                "value": "Deutivacaftor"
            }
        ]
    },
    "products": null,
    "international-brands": null,
    "mixtures": null,
    "packagers": null,
    "manufacturers": null,
    "prices": null,
    "categories": null,
    "affected-organisms": null,
    "dosages": null,
    "atc-codes": null,
    "ahfs-codes": null,
    "pdb-entries": null,
    "patents": null,
    "food-interactions": null,
    "drug-interactions": null,
    "calculated-properties": {
        "property": [
            {
                "kind": "logP",
                "value": "5",
                "source": "ALOGPS"
            },
            {
                "kind": "logS",
                "value": "-5.3",
                "source": "ALOGPS"
            },
            {
                "kind": "Water Solubility",
                "value": "2.00e-03 g/l",
                "source": "ALOGPS"
            },
            {
                "kind": "logP",
                "value": "5.76",
                "source": "ChemAxon"
            },
            {
                "kind": "IUPAC Name",
                "value": "N-{2-tert-butyl-5-hydroxy-4-[2-(2H3)methyl(1,1,1,3,3,3-2H6)propan-2-yl]phenyl}-4-oxo-1,4-dihydroquinoline-3-carboxamide",
                "source": "ChemAxon"
            },
            {
                "kind": "Traditional IUPAC Name",
                "value": "(2R)-14-fluoro-2-methyl-6,9,10,19-tetraazapentacyclo[14.2.1.0^{2,6}.0^{8,18}.0^{12,17}]nonadeca-1(18),8,12(17),13,15-pentaen-11-one",
                "source": "ChemAxon"
            },
            {
                "kind": "Molecular Weight",
                "value": "401.554",
                "source": "ChemAxon"
            },
            {
                "kind": "Monoisotopic Weight",
                "value": "401.266483483",
                "source": "ChemAxon"
            },
            {
                "kind": "SMILES",
                "value": "[2H]C([2H])([2H])C(C1=CC(=C(NC(=O)C2=CNC3=C(C=CC=C3)C2=O)C=C1O)C(C)(C)C)(C([2H])([2H])[2H])C([2H])([2H])[2H]",
                "source": "ChemAxon"
            },
            {
                "kind": "Molecular Formula",
                "value": "C24H28N2O3",
                "source": "ChemAxon"
            },
            {
                "kind": "InChI",
                "value": "InChI=1S/C24H28N2O3/c1-23(2,3)16-11-17(24(4,5)6)20(27)12-19(16)26-22(29)15-13-25-18-10-8-7-9-14(18)21(15)28/h7-13,27H,1-6H3,(H,25,28)(H,26,29)/i4D3,5D3,6D3",
                "source": "ChemAxon"
            },
            {
                "kind": "InChIKey",
                "value": "PURKAOJPTOLRMP-ASMGOKTBSA-N",
                "source": "ChemAxon"
            },
            {
                "kind": "Polar Surface Area (PSA)",
                "value": "78.43",
                "source": "ChemAxon"
            },
            {
                "kind": "Refractivity",
                "value": "118.68",
                "source": "ChemAxon"
            },
            {
                "kind": "Polarizability",
                "value": "44.68",
                "source": "ChemAxon"
            },
            {
                "kind": "Rotatable Bond Count",
                "value": "4",
                "source": "ChemAxon"
            },
            {
                "kind": "H Bond Acceptor Count",
                "value": "4",
                "source": "ChemAxon"
            },
            {
                "kind": "H Bond Donor Count",
                "value": "3",
                "source": "ChemAxon"
            },
            {
                "kind": "pKa (strongest acidic)",
                "value": "9.66",
                "source": "ChemAxon"
            },
            {
                "kind": "pKa (strongest basic)",
                "value": "-0.95",
                "source": "ChemAxon"
            },
            {
                "kind": "Physiological Charge",
                "value": "0",
                "source": "ChemAxon"
            },
            {
                "kind": "Number of Rings",
                "value": "3",
                "source": "ChemAxon"
            },
            {
                "kind": "Bioavailability",
                "value": "1",
                "source": "ChemAxon"
            },
            {
                "kind": "Rule of Five",
                "value": "0",
                "source": "ChemAxon"
            },
            {
                "kind": "Ghose Filter",
                "value": "0",
                "source": "ChemAxon"
            },
            {
                "kind": "MDDR-Like Rule",
                "value": "0",
                "source": "ChemAxon"
            }
        ]
    },
    "experimental-properties": null,
    "external-identifiers": {
        "external-identifier": [
            {
                "resource": "ChemSpider",
                "identifier": "64853784"
            }
        ]
    },
    "external-links": null,
    "pathways": null,
    "reactions": null,
    "snp-effects": null,
    "snp-adverse-drug-reactions": null,
    "targets": null,
    "enzymes": null,
    "carriers": null,
    "transporters": null
}