{
    "type": "biotech",
    "created": "2019-10-09",
    "updated": "2020-06-12",
    "drugbank-id": [
        {
            "primary": true,
            "value": "DB15521"
        }
    ],
    "name": "Cyd dengue virus serotype 1 live (attenuated) antigen",
    "description": null,
    "cas-number": null,
    "unii": "75KB2HPX5H",
    "groups": {
        "group": [
            "approved"
        ]
    },
    "general-references": {
        "articles": null,
        "textbooks": null,
        "links": null,
        "attachments": null
    },
    "synthesis-reference": null,
    "indication": null,
    "pharmacodynamics": null,
    "mechanism-of-action": null,
    "toxicity": null,
    "metabolism": null,
    "absorption": null,
    "half-life": null,
    "protein-binding": null,
    "route-of-elimination": null,
    "volume-of-distribution": null,
    "clearance": null,
    "salts": null,
    "synonyms": null,
    "products": {
        "product": [
            {
                "name": "Dengvaxia",
                "labeller": "Sanofi Pasteur",
                "ndc-id": null,
                "ndc-product-code": null,
                "dpd-id": null,
                "ema-product-code": "EMEA/H/C/004171",
                "ema-ma-number": "EU/1/18/1338/001",
                "started-marketing-on": "2022-06-08",
                "ended-marketing-on": null,
                "dosage-form": "Injection, powder, for suspension",
                "strength": null,
                "route": "Subcutaneous",
                "fda-application-number": null,
                "generic": false,
                "over-the-counter": false,
                "approved": true,
                "country": "EU",
                "source": "EMA"
            },
            {
                "name": "Dengvaxia",
                "labeller": "Sanofi Pasteur",
                "ndc-id": null,
                "ndc-product-code": null,
                "dpd-id": null,
                "ema-product-code": "EMEA/H/C/004171",
                "ema-ma-number": "EU/1/18/1338/002",
                "started-marketing-on": "2022-06-08",
                "ended-marketing-on": null,
                "dosage-form": "Injection, powder, for suspension",
                "strength": null,
                "route": "Subcutaneous",
                "fda-application-number": null,
                "generic": false,
                "over-the-counter": false,
                "approved": true,
                "country": "EU",
                "source": "EMA"
            },
            {
                "name": "Dengvaxia",
                "labeller": "Sanofi Pasteur",
                "ndc-id": null,
                "ndc-product-code": null,
                "dpd-id": null,
                "ema-product-code": "EMEA/H/C/004171",
                "ema-ma-number": "EU/1/18/1338/003",
                "started-marketing-on": "2022-06-08",
                "ended-marketing-on": null,
                "dosage-form": "Injection, powder, for suspension",
                "strength": null,
                "route": "Subcutaneous",
                "fda-application-number": null,
                "generic": false,
                "over-the-counter": false,
                "approved": true,
                "country": "EU",
                "source": "EMA"
            },
            {
                "name": "Dengvaxia",
                "labeller": "Sanofi Pasteur",
                "ndc-id": null,
                "ndc-product-code": null,
                "dpd-id": null,
                "ema-product-code": "EMEA/H/C/004171",
                "ema-ma-number": "EU/1/18/1338/004",
                "started-marketing-on": "2022-06-08",
                "ended-marketing-on": null,
                "dosage-form": "Injection, powder, for suspension",
                "strength": null,
                "route": "Subcutaneous",
                "fda-application-number": null,
                "generic": false,
                "over-the-counter": false,
                "approved": true,
                "country": "EU",
                "source": "EMA"
            },
            {
                "name": "Dengvaxia",
                "labeller": "Sanofi Pasteur",
                "ndc-id": null,
                "ndc-product-code": null,
                "dpd-id": null,
                "ema-product-code": "EMEA/H/C/004171",
                "ema-ma-number": "EU/1/18/1338/005",
                "started-marketing-on": "2022-06-08",
                "ended-marketing-on": null,
                "dosage-form": "Injection, powder, for suspension",
                "strength": null,
                "route": "Subcutaneous",
                "fda-application-number": null,
                "generic": false,
                "over-the-counter": false,
                "approved": true,
                "country": "EU",
                "source": "EMA"
            },
            {
                "name": "Dengvaxia",
                "labeller": "Sanofi Pasteur Inc.",
                "ndc-id": null,
                "ndc-product-code": "49281-605",
                "dpd-id": null,
                "ema-product-code": null,
                "ema-ma-number": null,
                "started-marketing-on": "2019-05-01",
                "ended-marketing-on": null,
                "dosage-form": "Injection",
                "strength": null,
                "route": "Subcutaneous",
                "fda-application-number": "BLA125682",
                "generic": false,
                "over-the-counter": false,
                "approved": true,
                "country": "US",
                "source": "FDA NDC"
            }
        ]
    },
    "international-brands": null,
    "mixtures": {
        "mixture": [
            {
                "name": "Dengvaxia",
                "ingredients": "Cyd dengue virus serotype 1 live (attenuated) antigen + Cyd dengue virus serotype 2 live (attenuated) antigen + Cyd dengue virus serotype 3 live (attenuated) antigen + Cyd dengue virus serotype 4 live (attenuated) antigen"
            },
            {
                "name": "Dengvaxia",
                "ingredients": "Cyd dengue virus serotype 1 live (attenuated) antigen + Cyd dengue virus serotype 2 live (attenuated) antigen + Cyd dengue virus serotype 3 live (attenuated) antigen + Cyd dengue virus serotype 4 live (attenuated) antigen"
            },
            {
                "name": "Dengvaxia",
                "ingredients": "Cyd dengue virus serotype 1 live (attenuated) antigen + Cyd dengue virus serotype 2 live (attenuated) antigen + Cyd dengue virus serotype 3 live (attenuated) antigen + Cyd dengue virus serotype 4 live (attenuated) antigen"
            },
            {
                "name": "Dengvaxia",
                "ingredients": "Cyd dengue virus serotype 1 live (attenuated) antigen + Cyd dengue virus serotype 2 live (attenuated) antigen + Cyd dengue virus serotype 3 live (attenuated) antigen + Cyd dengue virus serotype 4 live (attenuated) antigen"
            },
            {
                "name": "Dengvaxia",
                "ingredients": "Cyd dengue virus serotype 1 live (attenuated) antigen + Cyd dengue virus serotype 2 live (attenuated) antigen + Cyd dengue virus serotype 3 live (attenuated) antigen + Cyd dengue virus serotype 4 live (attenuated) antigen"
            },
            {
                "name": "Dengvaxia",
                "ingredients": "Cyd dengue virus serotype 1 live (attenuated) antigen + Cyd dengue virus serotype 2 live (attenuated) antigen + Cyd dengue virus serotype 3 live (attenuated) antigen + Cyd dengue virus serotype 4 live (attenuated) antigen"
            }
        ]
    },
    "packagers": null,
    "manufacturers": null,
    "prices": null,
    "categories": null,
    "affected-organisms": null,
    "dosages": {
        "dosage": [
            {
                "form": "Injection",
                "route": "Subcutaneous",
                "strength": null
            },
            {
                "form": "Injection, powder, for suspension",
                "route": "Subcutaneous",
                "strength": null
            },
            {
                "form": "Injection, powder, for suspension",
                "route": "Subcutaneous",
                "strength": "5.25 log10 CCID50/dose"
            }
        ]
    },
    "atc-codes": null,
    "ahfs-codes": null,
    "pdb-entries": null,
    "patents": null,
    "food-interactions": null,
    "drug-interactions": null,
    "sequences": null,
    "experimental-properties": null,
    "external-identifiers": {
        "external-identifier": [
            {
                "resource": "RxCUI",
                "identifier": "2197290"
            }
        ]
    },
    "external-links": null,
    "pathways": null,
    "reactions": null,
    "snp-effects": null,
    "snp-adverse-drug-reactions": null,
    "targets": null,
    "enzymes": null,
    "carriers": null,
    "transporters": null
}