{
    "type": "small molecule",
    "created": "2019-05-20",
    "updated": "2020-06-12",
    "drugbank-id": [
        {
            "primary": true,
            "value": "DB15358"
        }
    ],
    "name": "JNJ-54175446",
    "description": "JNJ-54175446 is under investigation in clinical trial NCT02933762 (A Study in Healthy Participants to Evaluate the Effect of JNJ-54175446 on Amyloid Biomarkers and Cytokine Profiles in Cerebrospinal Fluid and Plasma).",
    "cas-number": "1627902-21-9",
    "unii": "32524GLF40",
    "average-mass": 440.79,
    "monoisotopic-mass": 440.0775494,
    "groups": {
        "group": [
            "investigational"
        ]
    },
    "general-references": {
        "articles": null,
        "textbooks": null,
        "links": null,
        "attachments": null
    },
    "synthesis-reference": null,
    "indication": null,
    "pharmacodynamics": null,
    "mechanism-of-action": null,
    "toxicity": null,
    "metabolism": null,
    "absorption": null,
    "half-life": null,
    "protein-binding": null,
    "route-of-elimination": null,
    "volume-of-distribution": null,
    "clearance": null,
    "salts": null,
    "synonyms": null,
    "products": null,
    "international-brands": null,
    "mixtures": null,
    "packagers": null,
    "manufacturers": null,
    "prices": null,
    "categories": null,
    "affected-organisms": null,
    "dosages": null,
    "atc-codes": null,
    "ahfs-codes": null,
    "pdb-entries": null,
    "patents": null,
    "food-interactions": null,
    "drug-interactions": null,
    "calculated-properties": {
        "property": [
            {
                "kind": "logP",
                "value": "2.93",
                "source": "ALOGPS"
            },
            {
                "kind": "logS",
                "value": "-4.6",
                "source": "ALOGPS"
            },
            {
                "kind": "Water Solubility",
                "value": "1.12e-02 g/l",
                "source": "ALOGPS"
            },
            {
                "kind": "logP",
                "value": "3.46",
                "source": "ChemAxon"
            },
            {
                "kind": "IUPAC Name",
                "value": "2-[(4R)-5-[2-chloro-3-(trifluoromethyl)benzoyl]-4-methyl-1H,4H,5H,6H,7H-[1,2,3]triazolo[4,5-c]pyridin-1-yl]-5-fluoropyrimidine",
                "source": "ChemAxon"
            },
            {
                "kind": "Traditional IUPAC Name",
                "value": "(2R)-14-fluoro-2-methyl-6,9,10,19-tetraazapentacyclo[14.2.1.0^{2,6}.0^{8,18}.0^{12,17}]nonadeca-1(18),8,12(17),13,15-pentaen-11-one",
                "source": "ChemAxon"
            },
            {
                "kind": "Molecular Weight",
                "value": "440.79",
                "source": "ChemAxon"
            },
            {
                "kind": "Monoisotopic Weight",
                "value": "440.0775494",
                "source": "ChemAxon"
            },
            {
                "kind": "SMILES",
                "value": "C[C@H]1N(CCC2=C1N=NN2C1=NC=C(F)C=N1)C(=O)C1=C(Cl)C(=CC=C1)C(F)(F)F",
                "source": "ChemAxon"
            },
            {
                "kind": "Molecular Formula",
                "value": "C18H13ClF4N6O",
                "source": "ChemAxon"
            },
            {
                "kind": "InChI",
                "value": "InChI=1S/C18H13ClF4N6O/c1-9-15-13(29(27-26-15)17-24-7-10(20)8-25-17)5-6-28(9)16(30)11-3-2-4-12(14(11)19)18(21,22)23/h2-4,7-9H,5-6H2,1H3/t9-/m1/s1",
                "source": "ChemAxon"
            },
            {
                "kind": "InChIKey",
                "value": "CWFVVQFVGMFTBD-SECBINFHSA-N",
                "source": "ChemAxon"
            },
            {
                "kind": "Polar Surface Area (PSA)",
                "value": "76.8",
                "source": "ChemAxon"
            },
            {
                "kind": "Refractivity",
                "value": "101.14",
                "source": "ChemAxon"
            },
            {
                "kind": "Polarizability",
                "value": "37.81",
                "source": "ChemAxon"
            },
            {
                "kind": "Rotatable Bond Count",
                "value": "3",
                "source": "ChemAxon"
            },
            {
                "kind": "H Bond Acceptor Count",
                "value": "5",
                "source": "ChemAxon"
            },
            {
                "kind": "H Bond Donor Count",
                "value": "0",
                "source": "ChemAxon"
            },
            {
                "kind": "pKa (strongest basic)",
                "value": "-0.63",
                "source": "ChemAxon"
            },
            {
                "kind": "Physiological Charge",
                "value": "0",
                "source": "ChemAxon"
            },
            {
                "kind": "Number of Rings",
                "value": "4",
                "source": "ChemAxon"
            },
            {
                "kind": "Bioavailability",
                "value": "1",
                "source": "ChemAxon"
            },
            {
                "kind": "Rule of Five",
                "value": "1",
                "source": "ChemAxon"
            },
            {
                "kind": "Ghose Filter",
                "value": "1",
                "source": "ChemAxon"
            },
            {
                "kind": "MDDR-Like Rule",
                "value": "0",
                "source": "ChemAxon"
            }
        ]
    },
    "experimental-properties": null,
    "external-identifiers": {
        "external-identifier": [
            {
                "resource": "ChemSpider",
                "identifier": "58828285"
            },
            {
                "resource": "BindingDB",
                "identifier": "254266"
            },
            {
                "resource": "ChEMBL",
                "identifier": "CHEMBL4079239"
            }
        ]
    },
    "external-links": null,
    "pathways": null,
    "reactions": null,
    "snp-effects": null,
    "snp-adverse-drug-reactions": null,
    "targets": null,
    "enzymes": null,
    "carriers": null,
    "transporters": null
}