{
    "type": "small molecule",
    "created": "2019-05-20",
    "updated": "2020-06-12",
    "drugbank-id": [
        {
            "primary": true,
            "value": "DB15418"
        }
    ],
    "name": "AZD-9977",
    "description": "AZD-9977 is under investigation in clinical trial NCT03843060 (A Phase 1 Study to Assess the Pharmacokinetics of AZD9977 Administered Alone and in Combination With Itraconazole in Healthy Volunteers).",
    "cas-number": "1850385-64-6",
    "unii": "6C9UKZ0CYE",
    "average-mass": 399.378,
    "monoisotopic-mass": 399.123048855,
    "groups": {
        "group": [
            "investigational"
        ]
    },
    "general-references": {
        "articles": null,
        "textbooks": null,
        "links": null,
        "attachments": null
    },
    "synthesis-reference": null,
    "indication": null,
    "pharmacodynamics": null,
    "mechanism-of-action": null,
    "toxicity": null,
    "metabolism": null,
    "absorption": null,
    "half-life": null,
    "protein-binding": null,
    "route-of-elimination": null,
    "volume-of-distribution": null,
    "clearance": null,
    "classification": {
        "description": "This compound belongs to the class of organic compounds known as benzoxazinones. These are organic compounds containing a benzene fused to an oxazine ring (a six-member aliphatic ring with four carbon atoms, one oxygen atom, and one nitrogen atom) bearing a ketone group.",
        "direct-parent": "Benzoxazinones",
        "kingdom": "Organic compounds",
        "superclass": "Organoheterocyclic compounds",
        "class": "Benzoxazines",
        "subclass": "Benzoxazinones",
        "alternative-parent": [
            "Alkyl aryl ethers",
            "Aryl fluorides",
            "Azacyclic compounds",
            "Benzenoids",
            "Benzomorpholines",
            "Beta amino acids and derivatives",
            "Carbonyl compounds",
            "Hydrocarbon derivatives",
            "Lactams",
            "Organic oxides",
            "Organofluorides",
            "Organonitrogen compounds",
            "Organopnictogen compounds",
            "Oxacyclic compounds",
            "Secondary carboxylic acid amides",
            "Tertiary carboxylic acid amides"
        ],
        "substituent": [
            "Alkyl aryl ether",
            "Aromatic heteropolycyclic compound",
            "Aryl fluoride",
            "Aryl halide",
            "Azacycle",
            "Benzenoid",
            "Benzomorpholine",
            "Benzoxazinone",
            "Beta amino acid or derivatives",
            "Carbonyl group",
            "Carboxamide group",
            "Carboxylic acid derivative",
            "Ether",
            "Hydrocarbon derivative",
            "Lactam",
            "Organic nitrogen compound",
            "Organic oxide",
            "Organic oxygen compound",
            "Organofluoride",
            "Organohalogen compound",
            "Organonitrogen compound",
            "Organooxygen compound",
            "Organopnictogen compound",
            "Oxacycle",
            "Oxazinane",
            "Secondary carboxylic acid amide",
            "Tertiary carboxylic acid amide"
        ]
    },
    "salts": null,
    "synonyms": null,
    "products": null,
    "international-brands": null,
    "mixtures": null,
    "packagers": null,
    "manufacturers": null,
    "prices": null,
    "categories": {
        "category": [
            {
                "category": "Acids, Carbocyclic",
                "mesh-id": "D000146"
            },
            {
                "category": "Benzene Derivatives",
                "mesh-id": "D001555"
            }
        ]
    },
    "affected-organisms": null,
    "dosages": null,
    "atc-codes": null,
    "ahfs-codes": null,
    "pdb-entries": {
        "pdb-entry": [
            "5mwp"
        ]
    },
    "patents": null,
    "food-interactions": null,
    "drug-interactions": null,
    "calculated-properties": {
        "property": [
            {
                "kind": "logP",
                "value": "1.26",
                "source": "ALOGPS"
            },
            {
                "kind": "logS",
                "value": "-2.9",
                "source": "ALOGPS"
            },
            {
                "kind": "Water Solubility",
                "value": "4.79e-01 g/l",
                "source": "ALOGPS"
            },
            {
                "kind": "logP",
                "value": "0.72",
                "source": "ChemAxon"
            },
            {
                "kind": "IUPAC Name",
                "value": "2-[(3S)-7-fluoro-4-(3-oxo-3,4-dihydro-2H-1,4-benzoxazine-6-carbonyl)-3,4-dihydro-2H-1,4-benzoxazin-3-yl]-N-methylacetamide",
                "source": "ChemAxon"
            },
            {
                "kind": "Traditional IUPAC Name",
                "value": "(2R)-14-fluoro-2-methyl-6,9,10,19-tetraazapentacyclo[14.2.1.0^{2,6}.0^{8,18}.0^{12,17}]nonadeca-1(18),8,12(17),13,15-pentaen-11-one",
                "source": "ChemAxon"
            },
            {
                "kind": "Molecular Weight",
                "value": "399.378",
                "source": "ChemAxon"
            },
            {
                "kind": "Monoisotopic Weight",
                "value": "399.123048855",
                "source": "ChemAxon"
            },
            {
                "kind": "SMILES",
                "value": "CNC(=O)C[C@H]1COC2=C(C=CC(F)=C2)N1C(=O)C1=CC2=C(OCC(=O)N2)C=C1",
                "source": "ChemAxon"
            },
            {
                "kind": "Molecular Formula",
                "value": "C20H18FN3O5",
                "source": "ChemAxon"
            },
            {
                "kind": "InChI",
                "value": "InChI=1S/C20H18FN3O5/c1-22-18(25)8-13-9-28-17-7-12(21)3-4-15(17)24(13)20(27)11-2-5-16-14(6-11)23-19(26)10-29-16/h2-7,13H,8-10H2,1H3,(H,22,25)(H,23,26)/t13-/m0/s1",
                "source": "ChemAxon"
            },
            {
                "kind": "InChIKey",
                "value": "MBKYLPOPYYLTNW-ZDUSSCGKSA-N",
                "source": "ChemAxon"
            },
            {
                "kind": "Polar Surface Area (PSA)",
                "value": "96.97",
                "source": "ChemAxon"
            },
            {
                "kind": "Refractivity",
                "value": "101.36",
                "source": "ChemAxon"
            },
            {
                "kind": "Polarizability",
                "value": "38.12",
                "source": "ChemAxon"
            },
            {
                "kind": "Rotatable Bond Count",
                "value": "3",
                "source": "ChemAxon"
            },
            {
                "kind": "H Bond Acceptor Count",
                "value": "5",
                "source": "ChemAxon"
            },
            {
                "kind": "H Bond Donor Count",
                "value": "2",
                "source": "ChemAxon"
            },
            {
                "kind": "pKa (strongest acidic)",
                "value": "11.46",
                "source": "ChemAxon"
            },
            {
                "kind": "pKa (strongest basic)",
                "value": "-2",
                "source": "ChemAxon"
            },
            {
                "kind": "Physiological Charge",
                "value": "0",
                "source": "ChemAxon"
            },
            {
                "kind": "Number of Rings",
                "value": "4",
                "source": "ChemAxon"
            },
            {
                "kind": "Bioavailability",
                "value": "1",
                "source": "ChemAxon"
            },
            {
                "kind": "Rule of Five",
                "value": "1",
                "source": "ChemAxon"
            },
            {
                "kind": "Ghose Filter",
                "value": "1",
                "source": "ChemAxon"
            },
            {
                "kind": "MDDR-Like Rule",
                "value": "0",
                "source": "ChemAxon"
            }
        ]
    },
    "experimental-properties": null,
    "external-identifiers": {
        "external-identifier": [
            {
                "resource": "ChemSpider",
                "identifier": "75531296"
            },
            {
                "resource": "BindingDB",
                "identifier": "238159"
            },
            {
                "resource": "PDB",
                "identifier": "ECV"
            },
            {
                "resource": "ChEMBL",
                "identifier": "CHEMBL3916929"
            }
        ]
    },
    "external-links": null,
    "pathways": null,
    "reactions": null,
    "snp-effects": null,
    "snp-adverse-drug-reactions": null,
    "targets": null,
    "enzymes": null,
    "carriers": null,
    "transporters": null
}