{
    "type": "small molecule",
    "created": "2019-05-20",
    "updated": "2020-06-12",
    "drugbank-id": [
        {
            "primary": true,
            "value": "DB15273"
        }
    ],
    "name": "VS-4718",
    "description": "VS-4718 is under investigation in clinical trial NCT02215629 (Dose Escalation Study in Acute Myeloid or B-Cell Acute Lymphoblastic Leukemia).",
    "cas-number": "1061353-68-1",
    "unii": "L2BD0MW4OL",
    "average-mass": 501.51,
    "monoisotopic-mass": 501.198774206,
    "groups": {
        "group": [
            "investigational"
        ]
    },
    "general-references": {
        "articles": null,
        "textbooks": null,
        "links": null,
        "attachments": null
    },
    "synthesis-reference": null,
    "indication": null,
    "pharmacodynamics": null,
    "mechanism-of-action": null,
    "toxicity": null,
    "metabolism": null,
    "absorption": null,
    "half-life": null,
    "protein-binding": null,
    "route-of-elimination": null,
    "volume-of-distribution": null,
    "clearance": null,
    "salts": null,
    "synonyms": null,
    "products": null,
    "international-brands": null,
    "mixtures": null,
    "packagers": null,
    "manufacturers": null,
    "prices": null,
    "categories": {
        "category": [
            {
                "category": "Amines",
                "mesh-id": "D000588"
            },
            {
                "category": "Focal Adhesion Protein-Tyrosine Kinases, antagonists & inhibitors",
                "mesh-id": null
            },
            {
                "category": "Pyridines",
                "mesh-id": "D011725"
            }
        ]
    },
    "affected-organisms": null,
    "dosages": null,
    "atc-codes": null,
    "ahfs-codes": null,
    "pdb-entries": null,
    "patents": null,
    "food-interactions": null,
    "drug-interactions": null,
    "calculated-properties": {
        "property": [
            {
                "kind": "logP",
                "value": "4.55",
                "source": "ALOGPS"
            },
            {
                "kind": "logS",
                "value": "-4.6",
                "source": "ALOGPS"
            },
            {
                "kind": "Water Solubility",
                "value": "1.19e-02 g/l",
                "source": "ALOGPS"
            },
            {
                "kind": "logP",
                "value": "5.21",
                "source": "ChemAxon"
            },
            {
                "kind": "IUPAC Name",
                "value": "2-[(2-{[2-methoxy-4-(morpholin-4-yl)phenyl]amino}-5-(trifluoromethyl)pyridin-4-yl)amino]-N-methylbenzamide",
                "source": "ChemAxon"
            },
            {
                "kind": "Traditional IUPAC Name",
                "value": "(2R)-14-fluoro-2-methyl-6,9,10,19-tetraazapentacyclo[14.2.1.0^{2,6}.0^{8,18}.0^{12,17}]nonadeca-1(18),8,12(17),13,15-pentaen-11-one",
                "source": "ChemAxon"
            },
            {
                "kind": "Molecular Weight",
                "value": "501.51",
                "source": "ChemAxon"
            },
            {
                "kind": "Monoisotopic Weight",
                "value": "501.198774206",
                "source": "ChemAxon"
            },
            {
                "kind": "SMILES",
                "value": "CNC(=O)C1=CC=CC=C1NC1=CC(NC2=C(OC)C=C(C=C2)N2CCOCC2)=NC=C1C(F)(F)F",
                "source": "ChemAxon"
            },
            {
                "kind": "Molecular Formula",
                "value": "C25H26F3N5O3",
                "source": "ChemAxon"
            },
            {
                "kind": "InChI",
                "value": "InChI=1S/C25H26F3N5O3/c1-29-24(34)17-5-3-4-6-19(17)31-21-14-23(30-15-18(21)25(26,27)28)32-20-8-7-16(13-22(20)35-2)33-9-11-36-12-10-33/h3-8,13-15H,9-12H2,1-2H3,(H,29,34)(H2,30,31,32)",
                "source": "ChemAxon"
            },
            {
                "kind": "InChIKey",
                "value": "IGUBBWJDMLCRIK-UHFFFAOYSA-N",
                "source": "ChemAxon"
            },
            {
                "kind": "Polar Surface Area (PSA)",
                "value": "87.75",
                "source": "ChemAxon"
            },
            {
                "kind": "Refractivity",
                "value": "131.1",
                "source": "ChemAxon"
            },
            {
                "kind": "Polarizability",
                "value": "50.39",
                "source": "ChemAxon"
            },
            {
                "kind": "Rotatable Bond Count",
                "value": "8",
                "source": "ChemAxon"
            },
            {
                "kind": "H Bond Acceptor Count",
                "value": "7",
                "source": "ChemAxon"
            },
            {
                "kind": "H Bond Donor Count",
                "value": "3",
                "source": "ChemAxon"
            },
            {
                "kind": "pKa (strongest acidic)",
                "value": "14.93",
                "source": "ChemAxon"
            },
            {
                "kind": "pKa (strongest basic)",
                "value": "7.57",
                "source": "ChemAxon"
            },
            {
                "kind": "Physiological Charge",
                "value": "1",
                "source": "ChemAxon"
            },
            {
                "kind": "Number of Rings",
                "value": "4",
                "source": "ChemAxon"
            },
            {
                "kind": "Bioavailability",
                "value": "0",
                "source": "ChemAxon"
            },
            {
                "kind": "Rule of Five",
                "value": "0",
                "source": "ChemAxon"
            },
            {
                "kind": "Ghose Filter",
                "value": "0",
                "source": "ChemAxon"
            },
            {
                "kind": "MDDR-Like Rule",
                "value": "1",
                "source": "ChemAxon"
            }
        ]
    },
    "experimental-properties": null,
    "external-identifiers": {
        "external-identifier": [
            {
                "resource": "ChemSpider",
                "identifier": "30841484"
            },
            {
                "resource": "BindingDB",
                "identifier": "50440659"
            },
            {
                "resource": "ChEMBL",
                "identifier": "CHEMBL3040440"
            },
            {
                "resource": "ZINC",
                "identifier": "ZINC000043207772"
            }
        ]
    },
    "external-links": null,
    "pathways": null,
    "reactions": null,
    "snp-effects": null,
    "snp-adverse-drug-reactions": null,
    "targets": null,
    "enzymes": null,
    "carriers": null,
    "transporters": null
}