{
    "type": "small molecule",
    "created": "2019-12-10",
    "updated": "2020-06-12",
    "drugbank-id": [
        {
            "primary": true,
            "value": "DB15581"
        }
    ],
    "name": "Chrysin",
    "description": null,
    "cas-number": "480-40-0",
    "unii": "3CN01F5ZJ5",
    "average-mass": 254.2375,
    "monoisotopic-mass": 254.057908808,
    "groups": {
        "group": [
            "experimental"
        ]
    },
    "general-references": {
        "articles": null,
        "textbooks": null,
        "links": null,
        "attachments": null
    },
    "synthesis-reference": null,
    "indication": null,
    "pharmacodynamics": null,
    "mechanism-of-action": null,
    "toxicity": null,
    "metabolism": null,
    "absorption": null,
    "half-life": null,
    "protein-binding": null,
    "route-of-elimination": null,
    "volume-of-distribution": null,
    "clearance": null,
    "salts": null,
    "synonyms": {
        "synonym": [
            {
                "language": "english",
                "coder": "",
                "value": "5,7-dihydroxyflavone"
            },
            {
                "language": "english",
                "coder": "",
                "value": "Galangin flavanone"
            }
        ]
    },
    "products": null,
    "international-brands": null,
    "mixtures": null,
    "packagers": null,
    "manufacturers": null,
    "prices": null,
    "categories": {
        "category": [
            {
                "category": "Benzopyrans",
                "mesh-id": "D001578"
            },
            {
                "category": "Chromones",
                "mesh-id": "D002867"
            },
            {
                "category": "Heterocyclic Compounds, Fused-Ring",
                "mesh-id": "D000072471"
            },
            {
                "category": "Pyrans",
                "mesh-id": "D011714"
            }
        ]
    },
    "affected-organisms": null,
    "dosages": null,
    "atc-codes": null,
    "ahfs-codes": null,
    "pdb-entries": {
        "pdb-entry": [
            "3ebo",
            "4des",
            "7d38"
        ]
    },
    "patents": null,
    "food-interactions": null,
    "drug-interactions": null,
    "calculated-properties": {
        "property": [
            {
                "kind": "logP",
                "value": "3.44",
                "source": "ALOGPS"
            },
            {
                "kind": "logS",
                "value": "-3.4",
                "source": "ALOGPS"
            },
            {
                "kind": "Water Solubility",
                "value": "1.05e-01 g/l",
                "source": "ALOGPS"
            },
            {
                "kind": "logP",
                "value": "3.01",
                "source": "ChemAxon"
            },
            {
                "kind": "IUPAC Name",
                "value": "5,7-dihydroxy-2-phenyl-4H-chromen-4-one",
                "source": "ChemAxon"
            },
            {
                "kind": "Traditional IUPAC Name",
                "value": "digoxigenin",
                "source": "ChemAxon"
            },
            {
                "kind": "Molecular Weight",
                "value": "254.2375",
                "source": "ChemAxon"
            },
            {
                "kind": "Monoisotopic Weight",
                "value": "254.057908808",
                "source": "ChemAxon"
            },
            {
                "kind": "SMILES",
                "value": "OC1=CC(O)=C2C(=O)C=C(OC2=C1)C1=CC=CC=C1",
                "source": "ChemAxon"
            },
            {
                "kind": "Molecular Formula",
                "value": "C15H10O4",
                "source": "ChemAxon"
            },
            {
                "kind": "InChI",
                "value": "InChI=1S/C15H10O4/c16-10-6-11(17)15-12(18)8-13(19-14(15)7-10)9-4-2-1-3-5-9/h1-8,16-17H",
                "source": "ChemAxon"
            },
            {
                "kind": "InChIKey",
                "value": "RTIXKCRFFJGDFG-UHFFFAOYSA-N",
                "source": "ChemAxon"
            },
            {
                "kind": "Polar Surface Area (PSA)",
                "value": "66.76",
                "source": "ChemAxon"
            },
            {
                "kind": "Refractivity",
                "value": "70.93",
                "source": "ChemAxon"
            },
            {
                "kind": "Polarizability",
                "value": "25.73",
                "source": "ChemAxon"
            },
            {
                "kind": "Rotatable Bond Count",
                "value": "1",
                "source": "ChemAxon"
            },
            {
                "kind": "H Bond Acceptor Count",
                "value": "4",
                "source": "ChemAxon"
            },
            {
                "kind": "H Bond Donor Count",
                "value": "2",
                "source": "ChemAxon"
            },
            {
                "kind": "pKa (strongest acidic)",
                "value": "6.58",
                "source": "ChemAxon"
            },
            {
                "kind": "pKa (strongest basic)",
                "value": "-5.4",
                "source": "ChemAxon"
            },
            {
                "kind": "Physiological Charge",
                "value": "-1",
                "source": "ChemAxon"
            },
            {
                "kind": "Number of Rings",
                "value": "3",
                "source": "ChemAxon"
            },
            {
                "kind": "Bioavailability",
                "value": "1",
                "source": "ChemAxon"
            },
            {
                "kind": "Rule of Five",
                "value": "1",
                "source": "ChemAxon"
            },
            {
                "kind": "Ghose Filter",
                "value": "1",
                "source": "ChemAxon"
            },
            {
                "kind": "MDDR-Like Rule",
                "value": "0",
                "source": "ChemAxon"
            }
        ]
    },
    "experimental-properties": null,
    "external-identifiers": {
        "external-identifier": [
            {
                "resource": "ChEBI",
                "identifier": "75095"
            },
            {
                "resource": "KEGG Compound",
                "identifier": "C10028"
            },
            {
                "resource": "ChemSpider",
                "identifier": "4444926"
            },
            {
                "resource": "BindingDB",
                "identifier": "7461"
            },
            {
                "resource": "PDB",
                "identifier": "57D"
            },
            {
                "resource": "Wikipedia",
                "identifier": "Chrysin"
            },
            {
                "resource": "ChEMBL",
                "identifier": "CHEMBL117"
            },
            {
                "resource": "ZINC",
                "identifier": "ZINC000003872070"
            },
            {
                "resource": "RxCUI",
                "identifier": "1362888"
            }
        ]
    },
    "external-links": null,
    "pathways": null,
    "reactions": null,
    "snp-effects": null,
    "snp-adverse-drug-reactions": null,
    "targets": null,
    "enzymes": null,
    "carriers": null,
    "transporters": null
}