{
    "type": "small molecule",
    "created": "2019-05-20",
    "updated": "2020-06-12",
    "drugbank-id": [
        {
            "primary": true,
            "value": "DB15169"
        }
    ],
    "name": "H3B-6527",
    "description": "H3B-6527 is under investigation in clinical trial NCT03424577 (A Study to Evaluate the Food-Effect of H3B-6527).",
    "cas-number": "1702259-66-2",
    "unii": "4HTE364XIK",
    "average-mass": 629.54,
    "monoisotopic-mass": 628.208007,
    "groups": {
        "group": [
            "investigational"
        ]
    },
    "general-references": {
        "articles": null,
        "textbooks": null,
        "links": null,
        "attachments": null
    },
    "synthesis-reference": null,
    "indication": null,
    "pharmacodynamics": null,
    "mechanism-of-action": null,
    "toxicity": null,
    "metabolism": null,
    "absorption": null,
    "half-life": null,
    "protein-binding": null,
    "route-of-elimination": null,
    "volume-of-distribution": null,
    "clearance": null,
    "salts": null,
    "synonyms": null,
    "products": null,
    "international-brands": null,
    "mixtures": null,
    "packagers": null,
    "manufacturers": null,
    "prices": null,
    "categories": {
        "category": [
            {
                "category": "Heterocyclic Compounds, Fused-Ring",
                "mesh-id": "D000072471"
            }
        ]
    },
    "affected-organisms": null,
    "dosages": null,
    "atc-codes": null,
    "ahfs-codes": null,
    "pdb-entries": null,
    "patents": null,
    "food-interactions": null,
    "drug-interactions": null,
    "calculated-properties": {
        "property": [
            {
                "kind": "logP",
                "value": "4.59",
                "source": "ALOGPS"
            },
            {
                "kind": "logS",
                "value": "-4.6",
                "source": "ALOGPS"
            },
            {
                "kind": "Water Solubility",
                "value": "1.62e-02 g/l",
                "source": "ALOGPS"
            },
            {
                "kind": "logP",
                "value": "4.79",
                "source": "ChemAxon"
            },
            {
                "kind": "IUPAC Name",
                "value": "N-{2-[(6-{[(2,6-dichloro-3,5-dimethoxyphenyl)carbamoyl](methyl)amino}pyrimidin-4-yl)amino]-5-(4-ethylpiperazin-1-yl)phenyl}prop-2-enamide",
                "source": "ChemAxon"
            },
            {
                "kind": "Traditional IUPAC Name",
                "value": "(2R)-14-fluoro-2-methyl-6,9,10,19-tetraazapentacyclo[14.2.1.0^{2,6}.0^{8,18}.0^{12,17}]nonadeca-1(18),8,12(17),13,15-pentaen-11-one",
                "source": "ChemAxon"
            },
            {
                "kind": "Molecular Weight",
                "value": "629.54",
                "source": "ChemAxon"
            },
            {
                "kind": "Monoisotopic Weight",
                "value": "628.208007",
                "source": "ChemAxon"
            },
            {
                "kind": "SMILES",
                "value": "CCN1CCN(CC1)C1=CC=C(NC2=CC(=NC=N2)N(C)C(=O)NC2=C(Cl)C(OC)=CC(OC)=C2Cl)C(NC(=O)C=C)=C1",
                "source": "ChemAxon"
            },
            {
                "kind": "Molecular Formula",
                "value": "C29H34Cl2N8O4",
                "source": "ChemAxon"
            },
            {
                "kind": "InChI",
                "value": "InChI=1S/C29H34Cl2N8O4/c1-6-25(40)35-20-14-18(39-12-10-38(7-2)11-13-39)8-9-19(20)34-23-16-24(33-17-32-23)37(3)29(41)36-28-26(30)21(42-4)15-22(43-5)27(28)31/h6,8-9,14-17H,1,7,10-13H2,2-5H3,(H,35,40)(H,36,41)(H,32,33,34)",
                "source": "ChemAxon"
            },
            {
                "kind": "InChIKey",
                "value": "MBWRLLRCTIYXDW-UHFFFAOYSA-N",
                "source": "ChemAxon"
            },
            {
                "kind": "Polar Surface Area (PSA)",
                "value": "124.19",
                "source": "ChemAxon"
            },
            {
                "kind": "Refractivity",
                "value": "172.22",
                "source": "ChemAxon"
            },
            {
                "kind": "Polarizability",
                "value": "64.67",
                "source": "ChemAxon"
            },
            {
                "kind": "Rotatable Bond Count",
                "value": "10",
                "source": "ChemAxon"
            },
            {
                "kind": "H Bond Acceptor Count",
                "value": "9",
                "source": "ChemAxon"
            },
            {
                "kind": "H Bond Donor Count",
                "value": "3",
                "source": "ChemAxon"
            },
            {
                "kind": "pKa (strongest acidic)",
                "value": "9.98",
                "source": "ChemAxon"
            },
            {
                "kind": "pKa (strongest basic)",
                "value": "8.14",
                "source": "ChemAxon"
            },
            {
                "kind": "Physiological Charge",
                "value": "1",
                "source": "ChemAxon"
            },
            {
                "kind": "Number of Rings",
                "value": "4",
                "source": "ChemAxon"
            },
            {
                "kind": "Bioavailability",
                "value": "1",
                "source": "ChemAxon"
            },
            {
                "kind": "Rule of Five",
                "value": "0",
                "source": "ChemAxon"
            },
            {
                "kind": "Ghose Filter",
                "value": "0",
                "source": "ChemAxon"
            },
            {
                "kind": "MDDR-Like Rule",
                "value": "1",
                "source": "ChemAxon"
            }
        ]
    },
    "experimental-properties": null,
    "external-identifiers": {
        "external-identifier": [
            {
                "resource": "ChemSpider",
                "identifier": "58172617"
            },
            {
                "resource": "BindingDB",
                "identifier": "249396"
            },
            {
                "resource": "ChEMBL",
                "identifier": "CHEMBL3939295"
            },
            {
                "resource": "ZINC",
                "identifier": "ZINC000521836463"
            }
        ]
    },
    "external-links": null,
    "pathways": null,
    "reactions": null,
    "snp-effects": null,
    "snp-adverse-drug-reactions": null,
    "targets": null,
    "enzymes": null,
    "carriers": null,
    "transporters": null
}