{
    "type": "small molecule",
    "created": "2019-10-16",
    "updated": "2020-06-12",
    "drugbank-id": [
        {
            "primary": true,
            "value": "DB15557"
        }
    ],
    "name": "24-Homo-1,25-dihydroxyvitamin D3",
    "description": "24-Homo-1,25-dihydroxyvitamin D3 is a novel [vitamin D] analogue.",
    "cas-number": "103656-40-2",
    "unii": "F35KTH803S",
    "average-mass": 430.673,
    "monoisotopic-mass": 430.344695341,
    "groups": {
        "group": [
            "experimental"
        ]
    },
    "general-references": {
        "articles": null,
        "textbooks": null,
        "links": null,
        "attachments": null
    },
    "synthesis-reference": null,
    "indication": null,
    "pharmacodynamics": null,
    "mechanism-of-action": null,
    "toxicity": null,
    "metabolism": null,
    "absorption": null,
    "half-life": null,
    "protein-binding": null,
    "route-of-elimination": null,
    "volume-of-distribution": null,
    "clearance": null,
    "salts": null,
    "synonyms": {
        "synonym": [
            {
                "language": "english",
                "coder": "",
                "value": "24-Homo-calcitriol"
            }
        ]
    },
    "products": {
        "product": [
            {
                "name": "Natal-V RX Multi-vitamin/Multi-mineral",
                "labeller": "Rochester Pharmaceuticals",
                "ndc-id": null,
                "ndc-product-code": "49908-204",
                "dpd-id": null,
                "ema-product-code": null,
                "ema-ma-number": null,
                "started-marketing-on": "2013-05-13",
                "ended-marketing-on": "2015-03-01",
                "dosage-form": "Tablet",
                "strength": null,
                "route": "Oral",
                "fda-application-number": null,
                "generic": false,
                "over-the-counter": false,
                "approved": false,
                "country": "US",
                "source": "FDA NDC"
            }
        ]
    },
    "international-brands": null,
    "mixtures": {
        "mixture": [
            {
                "name": "Natal-V RX Multi-vitamin/Multi-mineral",
                "ingredients": "24-Homo-1,25-dihydroxyvitamin D3 + Ascorbic acid + Beta carotene + Biotin + Calcium carbonate + Cupric oxide + Cyanocobalamin + DL-alpha tocopheryl acetate + Folic acid + Iron + Magnesium oxide + Nicotinamide + Pantothenic acid + Potassium Iodide + Pyridoxine + Riboflavin + Thiamine + Zinc oxide"
            }
        ]
    },
    "packagers": null,
    "manufacturers": null,
    "prices": null,
    "categories": {
        "category": [
            {
                "category": "Cholestanes",
                "mesh-id": "D002776"
            },
            {
                "category": "Cholestenes",
                "mesh-id": "D002782"
            },
            {
                "category": "Fused-Ring Compounds",
                "mesh-id": "D000072473"
            },
            {
                "category": "Lipids",
                "mesh-id": "D008055"
            },
            {
                "category": "Membrane Lipids",
                "mesh-id": "D008563"
            },
            {
                "category": "Secosteroids",
                "mesh-id": "D012632"
            },
            {
                "category": "Steroids",
                "mesh-id": "D013256"
            },
            {
                "category": "Sterols",
                "mesh-id": "D013261"
            },
            {
                "category": "Vitamin D and Analogues",
                "mesh-id": "D004100"
            },
            {
                "category": "Vitamins",
                "mesh-id": "D014815"
            },
            {
                "category": "Vitamins (Fat Soluble)",
                "mesh-id": null
            }
        ]
    },
    "affected-organisms": null,
    "dosages": {
        "dosage": [
            {
                "form": "Tablet",
                "route": "Oral",
                "strength": null
            }
        ]
    },
    "atc-codes": null,
    "ahfs-codes": null,
    "pdb-entries": null,
    "patents": null,
    "food-interactions": null,
    "drug-interactions": null,
    "calculated-properties": {
        "property": [
            {
                "kind": "logP",
                "value": "5.99",
                "source": "ALOGPS"
            },
            {
                "kind": "logS",
                "value": "-5",
                "source": "ALOGPS"
            },
            {
                "kind": "Water Solubility",
                "value": "4.75e-03 g/l",
                "source": "ALOGPS"
            },
            {
                "kind": "logP",
                "value": "4.8",
                "source": "ChemAxon"
            },
            {
                "kind": "IUPAC Name",
                "value": "(1R,3S,5Z)-5-{2-[(1R,3aS,4E,7aR)-1-[(2R)-7-hydroxy-7-methyloctan-2-yl]-7a-methyl-octahydro-1H-inden-4-ylidene]ethylidene}-4-methylidenecyclohexane-1,3-diol",
                "source": "ChemAxon"
            },
            {
                "kind": "Traditional IUPAC Name",
                "value": "(1R,3S,5Z)-5-{2-[(1R,3aS,4E,7aR)-1-[(2R)-7-hydroxy-7-methyloctan-2-yl]-7a-methyl-hexahydro-1H-inden-4-ylidene]ethylidene}-4-methylidenecyclohexane-1,3-diol",
                "source": "ChemAxon"
            },
            {
                "kind": "Molecular Weight",
                "value": "430.673",
                "source": "ChemAxon"
            },
            {
                "kind": "Monoisotopic Weight",
                "value": "430.344695341",
                "source": "ChemAxon"
            },
            {
                "kind": "SMILES",
                "value": "[H][C@@]1(CC[C@@]2([H])\\C(CCC[C@]12C)=C\\C=C1\\C[C@@H](O)C[C@H](O)C1=C)[C@H](C)CCCCC(C)(C)O",
                "source": "ChemAxon"
            },
            {
                "kind": "Molecular Formula",
                "value": "C28H46O3",
                "source": "ChemAxon"
            },
            {
                "kind": "InChI",
                "value": "InChI=1S/C28H46O3/c1-19(9-6-7-15-27(3,4)31)24-13-14-25-21(10-8-16-28(24,25)5)11-12-22-17-23(29)18-26(30)20(22)2/h11-12,19,23-26,29-31H,2,6-10,13-18H2,1,3-5H3/b21-11+,22-12-/t19-,23-,24-,25+,26+,28-/m1/s1",
                "source": "ChemAxon"
            },
            {
                "kind": "InChIKey",
                "value": "WKTIGYIYJKESCJ-JJWMBMNSSA-N",
                "source": "ChemAxon"
            },
            {
                "kind": "Polar Surface Area (PSA)",
                "value": "60.69",
                "source": "ChemAxon"
            },
            {
                "kind": "Refractivity",
                "value": "131.13",
                "source": "ChemAxon"
            },
            {
                "kind": "Polarizability",
                "value": "53.36",
                "source": "ChemAxon"
            },
            {
                "kind": "Rotatable Bond Count",
                "value": "7",
                "source": "ChemAxon"
            },
            {
                "kind": "H Bond Acceptor Count",
                "value": "3",
                "source": "ChemAxon"
            },
            {
                "kind": "H Bond Donor Count",
                "value": "3",
                "source": "ChemAxon"
            },
            {
                "kind": "pKa (strongest acidic)",
                "value": "14.39",
                "source": "ChemAxon"
            },
            {
                "kind": "pKa (strongest basic)",
                "value": "-1.3",
                "source": "ChemAxon"
            },
            {
                "kind": "Physiological Charge",
                "value": "0",
                "source": "ChemAxon"
            },
            {
                "kind": "Number of Rings",
                "value": "3",
                "source": "ChemAxon"
            },
            {
                "kind": "Bioavailability",
                "value": "1",
                "source": "ChemAxon"
            },
            {
                "kind": "Rule of Five",
                "value": "1",
                "source": "ChemAxon"
            },
            {
                "kind": "Ghose Filter",
                "value": "0",
                "source": "ChemAxon"
            },
            {
                "kind": "MDDR-Like Rule",
                "value": "1",
                "source": "ChemAxon"
            }
        ]
    },
    "experimental-properties": null,
    "external-identifiers": {
        "external-identifier": [
            {
                "resource": "ChemSpider",
                "identifier": "7826421"
            },
            {
                "resource": "ZINC",
                "identifier": "ZINC000038791777"
            },
            {
                "resource": "RxCUI",
                "identifier": "1423458"
            }
        ]
    },
    "external-links": null,
    "pathways": null,
    "reactions": null,
    "snp-effects": null,
    "snp-adverse-drug-reactions": null,
    "targets": null,
    "enzymes": null,
    "carriers": null,
    "transporters": null
}