{
    "type": "small molecule",
    "created": "2019-05-20",
    "updated": "2021-02-21",
    "drugbank-id": [
        {
            "primary": true,
            "value": "DB15268"
        }
    ],
    "name": "Afabicin",
    "description": "Afabicin is under investigation in clinical trial NCT03723551 (Study to Assess Safety, Tolerability and Efficacy of Afabicin in The Treatment of Participants With Bone or Joint Infection Due to Staphylococcus).",
    "cas-number": "1518800-35-5",
    "unii": "DMM8663H2R",
    "average-mass": 485.433,
    "monoisotopic-mass": 485.135187123,
    "groups": {
        "group": [
            "investigational"
        ]
    },
    "general-references": {
        "articles": null,
        "textbooks": null,
        "links": null,
        "attachments": null
    },
    "synthesis-reference": null,
    "indication": null,
    "pharmacodynamics": null,
    "mechanism-of-action": null,
    "toxicity": null,
    "metabolism": null,
    "absorption": null,
    "half-life": null,
    "protein-binding": null,
    "route-of-elimination": null,
    "volume-of-distribution": null,
    "clearance": null,
    "salts": null,
    "synonyms": {
        "synonym": [
            {
                "language": "english",
                "coder": "inn",
                "value": "Afabicin"
            }
        ]
    },
    "products": null,
    "international-brands": null,
    "mixtures": null,
    "packagers": null,
    "manufacturers": null,
    "prices": null,
    "categories": {
        "category": [
            {
                "category": "Heterocyclic Compounds, Fused-Ring",
                "mesh-id": "D000072471"
            }
        ]
    },
    "affected-organisms": null,
    "dosages": null,
    "atc-codes": null,
    "ahfs-codes": null,
    "pdb-entries": null,
    "patents": null,
    "food-interactions": null,
    "drug-interactions": null,
    "calculated-properties": {
        "property": [
            {
                "kind": "logP",
                "value": "1.54",
                "source": "ALOGPS"
            },
            {
                "kind": "logS",
                "value": "-3.8",
                "source": "ALOGPS"
            },
            {
                "kind": "Water Solubility",
                "value": "7.77e-02 g/l",
                "source": "ALOGPS"
            },
            {
                "kind": "logP",
                "value": "0.75",
                "source": "ChemAxon"
            },
            {
                "kind": "IUPAC Name",
                "value": "({6-[(1E)-2-{methyl[(3-methyl-1-benzofuran-2-yl)methyl]carbamoyl}eth-1-en-1-yl]-2-oxo-1,2,3,4-tetrahydro-1,8-naphthyridin-1-yl}methoxy)phosphonic acid",
                "source": "ChemAxon"
            },
            {
                "kind": "Traditional IUPAC Name",
                "value": "(2R)-14-fluoro-2-methyl-6,9,10,19-tetraazapentacyclo[14.2.1.0^{2,6}.0^{8,18}.0^{12,17}]nonadeca-1(18),8,12(17),13,15-pentaen-11-one",
                "source": "ChemAxon"
            },
            {
                "kind": "Molecular Weight",
                "value": "485.433",
                "source": "ChemAxon"
            },
            {
                "kind": "Monoisotopic Weight",
                "value": "485.135187123",
                "source": "ChemAxon"
            },
            {
                "kind": "SMILES",
                "value": "CN(CC1=C(C)C2=CC=CC=C2O1)C(=O)\\C=C\\C1=CN=C2N(COP(O)(O)=O)C(=O)CCC2=C1",
                "source": "ChemAxon"
            },
            {
                "kind": "Molecular Formula",
                "value": "C23H24N3O7P",
                "source": "ChemAxon"
            },
            {
                "kind": "InChI",
                "value": "InChI=1S/C23H24N3O7P/c1-15-18-5-3-4-6-19(18)33-20(15)13-25(2)21(27)9-7-16-11-17-8-10-22(28)26(23(17)24-12-16)14-32-34(29,30)31/h3-7,9,11-12H,8,10,13-14H2,1-2H3,(H2,29,30,31)/b9-7+",
                "source": "ChemAxon"
            },
            {
                "kind": "InChIKey",
                "value": "HFYMDQMXVPJNTH-VQHVLOKHSA-N",
                "source": "ChemAxon"
            },
            {
                "kind": "Polar Surface Area (PSA)",
                "value": "133.41",
                "source": "ChemAxon"
            },
            {
                "kind": "Refractivity",
                "value": "124.42",
                "source": "ChemAxon"
            },
            {
                "kind": "Polarizability",
                "value": "49.09",
                "source": "ChemAxon"
            },
            {
                "kind": "Rotatable Bond Count",
                "value": "7",
                "source": "ChemAxon"
            },
            {
                "kind": "H Bond Acceptor Count",
                "value": "6",
                "source": "ChemAxon"
            },
            {
                "kind": "H Bond Donor Count",
                "value": "2",
                "source": "ChemAxon"
            },
            {
                "kind": "pKa (strongest acidic)",
                "value": "0.45",
                "source": "ChemAxon"
            },
            {
                "kind": "pKa (strongest basic)",
                "value": "2.86",
                "source": "ChemAxon"
            },
            {
                "kind": "Physiological Charge",
                "value": "-2",
                "source": "ChemAxon"
            },
            {
                "kind": "Number of Rings",
                "value": "4",
                "source": "ChemAxon"
            },
            {
                "kind": "Bioavailability",
                "value": "1",
                "source": "ChemAxon"
            },
            {
                "kind": "Rule of Five",
                "value": "1",
                "source": "ChemAxon"
            },
            {
                "kind": "Ghose Filter",
                "value": "0",
                "source": "ChemAxon"
            },
            {
                "kind": "MDDR-Like Rule",
                "value": "1",
                "source": "ChemAxon"
            }
        ]
    },
    "experimental-properties": null,
    "external-identifiers": {
        "external-identifier": [
            {
                "resource": "ChemSpider",
                "identifier": "58827798"
            }
        ]
    },
    "external-links": null,
    "pathways": null,
    "reactions": null,
    "snp-effects": null,
    "snp-adverse-drug-reactions": null,
    "targets": null,
    "enzymes": null,
    "carriers": null,
    "transporters": null
}