{
    "type": "small molecule",
    "created": "2019-05-20",
    "updated": "2022-12-08",
    "drugbank-id": [
        {
            "primary": true,
            "value": "DB15379"
        }
    ],
    "name": "Hydroxypropyl betadex",
    "description": "Hydroxypropyl betadex is under investigation in clinical trial NCT03471143 (Study of IV VTS-270 for Infantile Liver Disease Associated With Niemann-Pick Disease, Type C).",
    "cas-number": "128446-35-5",
    "unii": "1I96OHX6EK",
    "average-mass": 1467.468,
    "monoisotopic-mass": 1466.626038213,
    "groups": {
        "group": [
            "investigational"
        ]
    },
    "general-references": {
        "articles": null,
        "textbooks": null,
        "links": null,
        "attachments": null
    },
    "synthesis-reference": null,
    "indication": null,
    "pharmacodynamics": null,
    "mechanism-of-action": null,
    "toxicity": null,
    "metabolism": null,
    "absorption": null,
    "half-life": null,
    "protein-binding": null,
    "route-of-elimination": null,
    "volume-of-distribution": null,
    "clearance": null,
    "salts": null,
    "synonyms": {
        "synonym": [
            {
                "language": "english",
                "coder": "",
                "value": "2-HYDROXYPROPYL-BETA-CYCLODEXTRIN"
            },
            {
                "language": "english",
                "coder": "",
                "value": "HPB"
            },
            {
                "language": "english",
                "coder": "",
                "value": "Hydroxypropyl beta cyclodextrin"
            }
        ]
    },
    "products": null,
    "international-brands": null,
    "mixtures": null,
    "packagers": null,
    "manufacturers": null,
    "prices": null,
    "categories": {
        "category": [
            {
                "category": "beta-Cyclodextrins",
                "mesh-id": "D047392"
            },
            {
                "category": "Carbohydrates",
                "mesh-id": "D002241"
            },
            {
                "category": "Compounds used in a research, industrial, or household setting",
                "mesh-id": "D020313"
            },
            {
                "category": "Cyclodextrins",
                "mesh-id": "D003505"
            },
            {
                "category": "Dextrins",
                "mesh-id": "D003912"
            },
            {
                "category": "Dietary Carbohydrates",
                "mesh-id": "D004040"
            },
            {
                "category": "Excipients",
                "mesh-id": "D005079"
            },
            {
                "category": "Glucans",
                "mesh-id": "D005936"
            },
            {
                "category": "Pharmaceutic Aids",
                "mesh-id": "D010592"
            },
            {
                "category": "Pharmaceutical Preparations",
                "mesh-id": "D004364"
            },
            {
                "category": "Pharmaceutical Vehicles",
                "mesh-id": "D014677"
            },
            {
                "category": "Polysaccharides",
                "mesh-id": "D011134"
            },
            {
                "category": "Starch",
                "mesh-id": "D013213"
            }
        ]
    },
    "affected-organisms": null,
    "dosages": null,
    "atc-codes": null,
    "ahfs-codes": null,
    "pdb-entries": null,
    "patents": null,
    "food-interactions": null,
    "drug-interactions": null,
    "calculated-properties": {
        "property": [
            {
                "kind": "logP",
                "value": "-2.1",
                "source": "ALOGPS"
            },
            {
                "kind": "logS",
                "value": "-0.61",
                "source": "ALOGPS"
            },
            {
                "kind": "Water Solubility",
                "value": "3.58e+02 g/l",
                "source": "ALOGPS"
            },
            {
                "kind": "logP",
                "value": "-9.5",
                "source": "ChemAxon"
            },
            {
                "kind": "IUPAC Name",
                "value": "(1S,3R,5R,6S,8R,10R,11S,13R,15R,16S,18S,20R,21S,23R,25R,26R,28R,30R,31S,33R,35R,36R,37R,38R,39R,40R,41R,42R,43R,45R,46S,47R,48S,49R)-5,10,25,35-tetrakis(hydroxymethyl)-40,47,49-tris(2-hydroxypropoxy)-15,20,30-tris[(2-hydroxypropoxy)methyl]-2,4,7,9,12,14,17,19,22,24,27,29,32,34-tetradecaoxaoctacyclo[31.2.2.2^{3,6}.2^{8,11}.2^{13,16}.2^{18,21}.2^{23,26}.2^{28,31}]nonatetracontane-36,37,38,39,41,42,43,45,46,48-decol",
                "source": "ChemAxon"
            },
            {
                "kind": "Traditional IUPAC Name",
                "value": "(2R)-14-fluoro-2-methyl-6,9,10,19-tetraazapentacyclo[14.2.1.0^{2,6}.0^{8,18}.0^{12,17}]nonadeca-1(18),8,12(17),13,15-pentaen-11-one",
                "source": "ChemAxon"
            },
            {
                "kind": "Molecular Weight",
                "value": "1467.468",
                "source": "ChemAxon"
            },
            {
                "kind": "Monoisotopic Weight",
                "value": "1466.626038213",
                "source": "ChemAxon"
            },
            {
                "kind": "SMILES",
                "value": "CC(O)COC[C@H]1O[C@@H]2O[C@@H]3[C@@H](CO)O[C@H](O[C@@H]4[C@@H](CO)O[C@H](O[C@@H]5[C@@H](CO)O[C@H](O[C@@H]6[C@@H](COCC(C)O)O[C@H](O[C@@H]7[C@@H](CO)O[C@H](O[C@@H]8[C@@H](COCC(C)O)O[C@H](O[C@H]1C[C@H]2O)[C@H](O)[C@H]8O)[C@H](O)[C@H]7OCC(C)O)[C@H](O)[C@H]6O)[C@H](O)[C@H]5O)[C@H](OCC(C)O)[C@H]4O)[C@H](OCC(C)O)[C@H]3O",
                "source": "ChemAxon"
            },
            {
                "kind": "Molecular Formula",
                "value": "C60H106O40",
                "source": "ChemAxon"
            },
            {
                "kind": "InChI",
                "value": "InChI=1S/C60H106O40/c1-21(65)12-81-18-33-28-7-27(71)54(92-33)95-46-30(9-62)90-60(52(42(46)78)85-16-25(5)69)99-47-31(10-63)91-59(53(43(47)79)86-17-26(6)70)98-45-29(8-61)88-56(40(76)36(45)72)96-48-35(20-83-14-23(3)67)94-57(41(77)38(48)74)100-50-32(11-64)89-58(44(80)51(50)84-15-24(4)68)97-49-34(19-82-13-22(2)66)93-55(87-28)39(75)37(49)73/h21-80H,7-20H2,1-6H3/t21?,22?,23?,24?,25?,26?,27-,28+,29-,30-,31-,32-,33-,34-,35-,36-,37-,38-,39-,40-,41-,42+,43+,44-,45-,46-,47-,48-,49-,50-,51-,52-,53-,54-,55+,56-,57-,58-,59-,60-/m1/s1",
                "source": "ChemAxon"
            },
            {
                "kind": "InChIKey",
                "value": "FCVINZIHPISTIY-YBOQSWHISA-N",
                "source": "ChemAxon"
            },
            {
                "kind": "Polar Surface Area (PSA)",
                "value": "589.2",
                "source": "ChemAxon"
            },
            {
                "kind": "Refractivity",
                "value": "318.57",
                "source": "ChemAxon"
            },
            {
                "kind": "Polarizability",
                "value": "145.94",
                "source": "ChemAxon"
            },
            {
                "kind": "Rotatable Bond Count",
                "value": "25",
                "source": "ChemAxon"
            },
            {
                "kind": "H Bond Acceptor Count",
                "value": "40",
                "source": "ChemAxon"
            },
            {
                "kind": "H Bond Donor Count",
                "value": "20",
                "source": "ChemAxon"
            },
            {
                "kind": "pKa (strongest acidic)",
                "value": "11.67",
                "source": "ChemAxon"
            },
            {
                "kind": "pKa (strongest basic)",
                "value": "-3.7",
                "source": "ChemAxon"
            },
            {
                "kind": "Physiological Charge",
                "value": "0",
                "source": "ChemAxon"
            },
            {
                "kind": "Number of Rings",
                "value": "8",
                "source": "ChemAxon"
            },
            {
                "kind": "Bioavailability",
                "value": "0",
                "source": "ChemAxon"
            },
            {
                "kind": "Rule of Five",
                "value": "0",
                "source": "ChemAxon"
            },
            {
                "kind": "Ghose Filter",
                "value": "0",
                "source": "ChemAxon"
            },
            {
                "kind": "MDDR-Like Rule",
                "value": "1",
                "source": "ChemAxon"
            }
        ]
    },
    "experimental-properties": null,
    "external-identifiers": {
        "external-identifier": [
            {
                "resource": "RxCUI",
                "identifier": "1363608"
            }
        ]
    },
    "external-links": null,
    "pathways": null,
    "reactions": null,
    "snp-effects": null,
    "snp-adverse-drug-reactions": null,
    "targets": null,
    "enzymes": null,
    "carriers": null,
    "transporters": null
}