{
    "type": "biotech",
    "created": "2019-10-10",
    "updated": "2020-06-12",
    "drugbank-id": [
        {
            "primary": true,
            "value": "DB15540"
        }
    ],
    "name": "Rainbow trout",
    "description": "Rainbow trout allergenic extract is used in allergenic testing.",
    "cas-number": null,
    "unii": "P4M52SZ8L6",
    "groups": {
        "group": [
            "approved"
        ]
    },
    "general-references": {
        "articles": null,
        "textbooks": null,
        "links": null,
        "attachments": null
    },
    "synthesis-reference": null,
    "indication": null,
    "pharmacodynamics": null,
    "mechanism-of-action": null,
    "toxicity": null,
    "metabolism": null,
    "absorption": null,
    "half-life": null,
    "protein-binding": null,
    "route-of-elimination": null,
    "volume-of-distribution": null,
    "clearance": null,
    "salts": null,
    "synonyms": {
        "synonym": [
            {
                "language": "english",
                "coder": "",
                "value": "Baja california rainbow trout"
            },
            {
                "language": "english",
                "coder": "",
                "value": "Coast angel trout"
            },
            {
                "language": "english",
                "coder": "",
                "value": "Coast rainbow trout"
            },
            {
                "language": "english",
                "coder": "",
                "value": "Fario gairdneri flesh"
            },
            {
                "language": "english",
                "coder": "",
                "value": "Kamchatka steelhead"
            },
            {
                "language": "english",
                "coder": "",
                "value": "Kamchatka trout"
            },
            {
                "language": "english",
                "coder": "",
                "value": "Kamloops trout"
            },
            {
                "language": "english",
                "coder": "",
                "value": "Oncorhynchus mykiss flesh"
            },
            {
                "language": "english",
                "coder": "",
                "value": "Oncorhynchus mykiss muscle"
            },
            {
                "language": "english",
                "coder": "",
                "value": "Rainbow trout"
            },
            {
                "language": "english",
                "coder": "",
                "value": "Rainbow trout flesh"
            },
            {
                "language": "english",
                "coder": "",
                "value": "Salmo gairdneri flesh"
            },
            {
                "language": "english",
                "coder": "",
                "value": "Salmo gairdnerii flesh"
            },
            {
                "language": "english",
                "coder": "",
                "value": "Salmo gilberti flesh"
            },
            {
                "language": "english",
                "coder": "",
                "value": "Salmo iridea flesh"
            },
            {
                "language": "english",
                "coder": "",
                "value": "Salmo irideus flesh"
            },
            {
                "language": "english",
                "coder": "",
                "value": "Salmo kamloops flesh"
            },
            {
                "language": "english",
                "coder": "",
                "value": "Salmo masoni flesh"
            },
            {
                "language": "english",
                "coder": "",
                "value": "Salmo mykiss flesh"
            },
            {
                "language": "english",
                "coder": "",
                "value": "Salmo nelsoni flesh"
            },
            {
                "language": "english",
                "coder": "",
                "value": "Salmo penshinensis flesh"
            },
            {
                "language": "english",
                "coder": "",
                "value": "Salmo purpuratus flesh"
            },
            {
                "language": "english",
                "coder": "",
                "value": "Salmo truncatus flesh"
            },
            {
                "language": "english",
                "coder": "",
                "value": "Steelhead"
            },
            {
                "language": "english",
                "coder": "",
                "value": "Steelhead trout"
            },
            {
                "language": "english",
                "coder": "",
                "value": "Trout, rainbow"
            },
            {
                "language": "english",
                "coder": "",
                "value": "Trutta iridea flesh"
            }
        ]
    },
    "products": {
        "product": [
            {
                "name": "Lake Trout",
                "labeller": "Greer Laboratories, Inc.",
                "ndc-id": null,
                "ndc-product-code": "22840-5779",
                "dpd-id": null,
                "ema-product-code": null,
                "ema-ma-number": null,
                "started-marketing-on": "1981-09-15",
                "ended-marketing-on": null,
                "dosage-form": "Solution",
                "strength": "0.05 g/1mL",
                "route": "Intradermal; Percutaneous; Subcutaneous",
                "fda-application-number": "BLA101833",
                "generic": false,
                "over-the-counter": false,
                "approved": true,
                "country": "US",
                "source": "FDA NDC"
            }
        ]
    },
    "international-brands": null,
    "mixtures": null,
    "packagers": null,
    "manufacturers": null,
    "prices": null,
    "categories": null,
    "affected-organisms": null,
    "dosages": {
        "dosage": [
            {
                "form": "Solution",
                "route": "Intradermal; Percutaneous; Subcutaneous",
                "strength": "0.05 g/1mL"
            }
        ]
    },
    "atc-codes": null,
    "ahfs-codes": null,
    "pdb-entries": null,
    "patents": null,
    "food-interactions": null,
    "drug-interactions": null,
    "sequences": null,
    "experimental-properties": null,
    "external-identifiers": {
        "external-identifier": [
            {
                "resource": "Wikipedia",
                "identifier": "Rainbow_trout"
            },
            {
                "resource": "RxCUI",
                "identifier": "2102483"
            }
        ]
    },
    "external-links": null,
    "pathways": null,
    "reactions": null,
    "snp-effects": null,
    "snp-adverse-drug-reactions": null,
    "targets": null,
    "enzymes": null,
    "carriers": null,
    "transporters": null
}