{
    "type": "small molecule",
    "created": "2019-05-20",
    "updated": "2021-02-21",
    "drugbank-id": [
        {
            "primary": true,
            "value": "DB15206"
        }
    ],
    "name": "Uprifosbuvir",
    "description": "Uprifosbuvir is under investigation in clinical trial NCT02332707 (Efficacy and Safety of Grazoprevir (MK-5172) and Uprifosbuvir (MK-3682) With Elbasvir (MK-8742) or Ruzasvir (MK-8408) for Chronic Hepatitis C Genotype (GT)1 and GT2 Infection (MK-3682-011)).",
    "cas-number": "1496551-77-9",
    "unii": "JW31KPS26S",
    "average-mass": 545.91,
    "monoisotopic-mass": 545.1329942,
    "groups": {
        "group": [
            "investigational"
        ]
    },
    "general-references": {
        "articles": null,
        "textbooks": null,
        "links": null,
        "attachments": null
    },
    "synthesis-reference": null,
    "indication": null,
    "pharmacodynamics": null,
    "mechanism-of-action": null,
    "toxicity": null,
    "metabolism": null,
    "absorption": null,
    "half-life": null,
    "protein-binding": null,
    "route-of-elimination": null,
    "volume-of-distribution": null,
    "clearance": null,
    "salts": null,
    "synonyms": {
        "synonym": [
            {
                "language": "english",
                "coder": "inn/usan",
                "value": "Uprifosbuvir"
            }
        ]
    },
    "products": null,
    "international-brands": null,
    "mixtures": null,
    "packagers": null,
    "manufacturers": null,
    "prices": null,
    "categories": {
        "category": [
            {
                "category": "Anti-Infective Agents",
                "mesh-id": "D000890"
            },
            {
                "category": "Antiviral Agents",
                "mesh-id": "D000998"
            },
            {
                "category": "Nucleic Acids, Nucleotides, and Nucleosides",
                "mesh-id": "D009706"
            },
            {
                "category": "Nucleosides",
                "mesh-id": "D009705"
            },
            {
                "category": "Pyrimidine Nucleosides",
                "mesh-id": "D011741"
            },
            {
                "category": "Pyrimidines",
                "mesh-id": "D011743"
            },
            {
                "category": "Ribonucleosides",
                "mesh-id": "D012263"
            }
        ]
    },
    "affected-organisms": null,
    "dosages": null,
    "atc-codes": null,
    "ahfs-codes": null,
    "pdb-entries": null,
    "patents": null,
    "food-interactions": null,
    "drug-interactions": {
        "drug-interaction": [
            {
                "drugbank-id": {
                    "primary": false,
                    "value": "DB10317"
                },
                "name": "Rubella virus vaccine",
                "description": "The therapeutic efficacy of Rubella virus vaccine can be decreased when used in combination with Uprifosbuvir."
            },
            {
                "drugbank-id": {
                    "primary": false,
                    "value": "DB10343"
                },
                "name": "Bacillus calmette-guerin substrain tice live antigen",
                "description": "The therapeutic efficacy of Bacillus calmette-guerin substrain tice live antigen can be decreased when used in combination with Uprifosbuvir."
            },
            {
                "drugbank-id": {
                    "primary": false,
                    "value": "DB10804"
                },
                "name": "Bacillus calmette-guerin substrain connaught live antigen",
                "description": "The therapeutic efficacy of Bacillus calmette-guerin substrain connaught live antigen can be decreased when used in combination with Uprifosbuvir."
            },
            {
                "drugbank-id": {
                    "primary": false,
                    "value": "DB10805"
                },
                "name": "Yellow fever vaccine",
                "description": "The therapeutic efficacy of Yellow fever vaccine can be decreased when used in combination with Uprifosbuvir."
            },
            {
                "drugbank-id": {
                    "primary": false,
                    "value": "DB11003"
                },
                "name": "Anthrax vaccine",
                "description": "The therapeutic efficacy of Anthrax vaccine can be decreased when used in combination with Uprifosbuvir."
            },
            {
                "drugbank-id": {
                    "primary": false,
                    "value": "DB11050"
                },
                "name": "Typhoid Vaccine Live",
                "description": "The therapeutic efficacy of Typhoid Vaccine Live can be decreased when used in combination with Uprifosbuvir."
            },
            {
                "drugbank-id": {
                    "primary": false,
                    "value": "DB12768"
                },
                "name": "BCG vaccine",
                "description": "The therapeutic efficacy of BCG vaccine can be decreased when used in combination with Uprifosbuvir."
            },
            {
                "drugbank-id": {
                    "primary": false,
                    "value": "DB14409"
                },
                "name": "Human adenovirus e serotype 4 strain cl-68578 antigen",
                "description": "The therapeutic efficacy of Human adenovirus e serotype 4 strain cl-68578 antigen can be decreased when used in combination with Uprifosbuvir."
            },
            {
                "drugbank-id": {
                    "primary": false,
                    "value": "DB14443"
                },
                "name": "Vibrio cholerae CVD 103-HgR strain live antigen",
                "description": "The therapeutic efficacy of Vibrio cholerae CVD 103-HgR strain live antigen can be decreased when used in combination with Uprifosbuvir."
            },
            {
                "drugbank-id": {
                    "primary": false,
                    "value": "DB14685"
                },
                "name": "Adenovirus type 7 vaccine live",
                "description": "The therapeutic efficacy of Adenovirus type 7 vaccine live can be decreased when used in combination with Uprifosbuvir."
            },
            {
                "drugbank-id": {
                    "primary": false,
                    "value": "DB10318"
                },
                "name": "Varicella zoster vaccine (live/attenuated)",
                "description": "The therapeutic efficacy of Varicella zoster vaccine (live/attenuated) can be decreased when used in combination with Uprifosbuvir."
            },
            {
                "drugbank-id": {
                    "primary": false,
                    "value": "DB16648"
                },
                "name": "Bacillus calmette-guerin substrain russian BCG-I live antigen",
                "description": "The therapeutic efficacy of Bacillus calmette-guerin substrain russian BCG-I live antigen can be decreased when used in combination with Uprifosbuvir."
            }
        ]
    },
    "calculated-properties": {
        "property": [
            {
                "kind": "logP",
                "value": "1.73",
                "source": "ALOGPS"
            },
            {
                "kind": "logS",
                "value": "-3.4",
                "source": "ALOGPS"
            },
            {
                "kind": "Water Solubility",
                "value": "2.44e-01 g/l",
                "source": "ALOGPS"
            },
            {
                "kind": "logP",
                "value": "1.75",
                "source": "ChemAxon"
            },
            {
                "kind": "IUPAC Name",
                "value": "propan-2-yl (2R)-2-{[(R)-{[(2R,3R,4R,5R)-4-chloro-5-(2,4-dioxo-1,2,3,4-tetrahydropyrimidin-1-yl)-3-hydroxy-4-methyloxolan-2-yl]methoxy}(phenoxy)phosphoryl]amino}propanoate",
                "source": "ChemAxon"
            },
            {
                "kind": "Traditional IUPAC Name",
                "value": "(2R)-14-fluoro-2-methyl-6,9,10,19-tetraazapentacyclo[14.2.1.0^{2,6}.0^{8,18}.0^{12,17}]nonadeca-1(18),8,12(17),13,15-pentaen-11-one",
                "source": "ChemAxon"
            },
            {
                "kind": "Molecular Weight",
                "value": "545.91",
                "source": "ChemAxon"
            },
            {
                "kind": "Monoisotopic Weight",
                "value": "545.1329942",
                "source": "ChemAxon"
            },
            {
                "kind": "SMILES",
                "value": "CC(C)OC(=O)[C@@H](C)N[P@@](=O)(OC[C@H]1O[C@@H](N2C=CC(=O)NC2=O)[C@](C)(Cl)[C@@H]1O)OC1=CC=CC=C1",
                "source": "ChemAxon"
            },
            {
                "kind": "Molecular Formula",
                "value": "C22H29ClN3O9P",
                "source": "ChemAxon"
            },
            {
                "kind": "InChI",
                "value": "InChI=1S/C22H29ClN3O9P/c1-13(2)33-19(29)14(3)25-36(31,35-15-8-6-5-7-9-15)32-12-16-18(28)22(4,23)20(34-16)26-11-10-17(27)24-21(26)30/h5-11,13-14,16,18,20,28H,12H2,1-4H3,(H,25,31)(H,24,27,30)/t14-,16-,18-,20-,22-,36-/m1/s1",
                "source": "ChemAxon"
            },
            {
                "kind": "InChIKey",
                "value": "SFPFZQKYPOWCSI-KHFYHRBSSA-N",
                "source": "ChemAxon"
            },
            {
                "kind": "Polar Surface Area (PSA)",
                "value": "152.73",
                "source": "ChemAxon"
            },
            {
                "kind": "Refractivity",
                "value": "126.33",
                "source": "ChemAxon"
            },
            {
                "kind": "Polarizability",
                "value": "50.71",
                "source": "ChemAxon"
            },
            {
                "kind": "Rotatable Bond Count",
                "value": "11",
                "source": "ChemAxon"
            },
            {
                "kind": "H Bond Acceptor Count",
                "value": "6",
                "source": "ChemAxon"
            },
            {
                "kind": "H Bond Donor Count",
                "value": "3",
                "source": "ChemAxon"
            },
            {
                "kind": "pKa (strongest acidic)",
                "value": "9.7",
                "source": "ChemAxon"
            },
            {
                "kind": "pKa (strongest basic)",
                "value": "-3.7",
                "source": "ChemAxon"
            },
            {
                "kind": "Physiological Charge",
                "value": "0",
                "source": "ChemAxon"
            },
            {
                "kind": "Number of Rings",
                "value": "3",
                "source": "ChemAxon"
            },
            {
                "kind": "Bioavailability",
                "value": "0",
                "source": "ChemAxon"
            },
            {
                "kind": "Rule of Five",
                "value": "0",
                "source": "ChemAxon"
            },
            {
                "kind": "Ghose Filter",
                "value": "0",
                "source": "ChemAxon"
            },
            {
                "kind": "MDDR-Like Rule",
                "value": "1",
                "source": "ChemAxon"
            }
        ]
    },
    "experimental-properties": null,
    "external-identifiers": {
        "external-identifier": [
            {
                "resource": "ChemSpider",
                "identifier": "57427403"
            },
            {
                "resource": "Wikipedia",
                "identifier": "Uprifosbuvir"
            },
            {
                "resource": "ChEMBL",
                "identifier": "CHEMBL3833371"
            }
        ]
    },
    "external-links": null,
    "pathways": null,
    "reactions": null,
    "snp-effects": null,
    "snp-adverse-drug-reactions": null,
    "targets": null,
    "enzymes": null,
    "carriers": null,
    "transporters": null
}