{
    "type": "small molecule",
    "created": "2019-08-30",
    "updated": "2021-02-21",
    "drugbank-id": [
        {
            "primary": true,
            "value": "DB15480"
        }
    ],
    "name": "Resorcinol monoacetate",
    "description": null,
    "cas-number": "102-29-4",
    "unii": "YL6O37RD1S",
    "average-mass": 152.149,
    "monoisotopic-mass": 152.047344118,
    "groups": {
        "group": [
            "approved",
            "experimental"
        ]
    },
    "general-references": {
        "articles": null,
        "textbooks": null,
        "links": null,
        "attachments": null
    },
    "synthesis-reference": null,
    "indication": null,
    "pharmacodynamics": null,
    "mechanism-of-action": null,
    "toxicity": null,
    "metabolism": null,
    "absorption": null,
    "half-life": null,
    "protein-binding": null,
    "route-of-elimination": null,
    "volume-of-distribution": null,
    "clearance": null,
    "salts": null,
    "synonyms": {
        "synonym": [
            {
                "language": "english",
                "coder": "",
                "value": "Resorcinol acetate"
            },
            {
                "language": "english",
                "coder": "usp",
                "value": "Resorcinol monoacetate"
            }
        ]
    },
    "products": {
        "product": [
            {
                "name": "Thomas Formula No 28",
                "labeller": "Thomas Hair And Scalp Specialists",
                "ndc-id": null,
                "ndc-product-code": null,
                "dpd-id": "00289426",
                "ema-product-code": null,
                "ema-ma-number": null,
                "started-marketing-on": "1974-12-31",
                "ended-marketing-on": "1997-01-08",
                "dosage-form": "Liquid",
                "strength": null,
                "route": "Topical",
                "fda-application-number": null,
                "generic": false,
                "over-the-counter": true,
                "approved": true,
                "country": "Canada",
                "source": "DPD"
            }
        ]
    },
    "international-brands": {
        "international-brand": [
            {
                "name": "Euresol",
                "company": null
            }
        ]
    },
    "mixtures": {
        "mixture": [
            {
                "name": "Thomas Formula No 28",
                "ingredients": "Benzyl alcohol + Resorcinol monoacetate + Salicylic acid + Urea"
            }
        ]
    },
    "packagers": null,
    "manufacturers": null,
    "prices": null,
    "categories": {
        "category": [
            {
                "category": "Benzene Derivatives",
                "mesh-id": "D001555"
            },
            {
                "category": "Phenols",
                "mesh-id": "D010636"
            }
        ]
    },
    "affected-organisms": null,
    "dosages": {
        "dosage": [
            {
                "form": "Liquid",
                "route": "Topical",
                "strength": null
            }
        ]
    },
    "atc-codes": null,
    "ahfs-codes": null,
    "pdb-entries": null,
    "patents": null,
    "food-interactions": null,
    "drug-interactions": null,
    "calculated-properties": {
        "property": [
            {
                "kind": "logP",
                "value": "1.78",
                "source": "ALOGPS"
            },
            {
                "kind": "logS",
                "value": "-1.7",
                "source": "ALOGPS"
            },
            {
                "kind": "Water Solubility",
                "value": "3.34e+00 g/l",
                "source": "ALOGPS"
            },
            {
                "kind": "logP",
                "value": "1.28",
                "source": "ChemAxon"
            },
            {
                "kind": "IUPAC Name",
                "value": "3-hydroxyphenyl acetate",
                "source": "ChemAxon"
            },
            {
                "kind": "Traditional IUPAC Name",
                "value": "sodium taurocholate",
                "source": "ChemAxon"
            },
            {
                "kind": "Molecular Weight",
                "value": "152.149",
                "source": "ChemAxon"
            },
            {
                "kind": "Monoisotopic Weight",
                "value": "152.047344118",
                "source": "ChemAxon"
            },
            {
                "kind": "SMILES",
                "value": "CC(=O)OC1=CC(O)=CC=C1",
                "source": "ChemAxon"
            },
            {
                "kind": "Molecular Formula",
                "value": "C8H8O3",
                "source": "ChemAxon"
            },
            {
                "kind": "InChI",
                "value": "InChI=1S/C8H8O3/c1-6(9)11-8-4-2-3-7(10)5-8/h2-5,10H,1H3",
                "source": "ChemAxon"
            },
            {
                "kind": "InChIKey",
                "value": "ZZPKZRHERLGEKA-UHFFFAOYSA-N",
                "source": "ChemAxon"
            },
            {
                "kind": "Polar Surface Area (PSA)",
                "value": "46.53",
                "source": "ChemAxon"
            },
            {
                "kind": "Refractivity",
                "value": "39.17",
                "source": "ChemAxon"
            },
            {
                "kind": "Polarizability",
                "value": "15.04",
                "source": "ChemAxon"
            },
            {
                "kind": "Rotatable Bond Count",
                "value": "2",
                "source": "ChemAxon"
            },
            {
                "kind": "H Bond Acceptor Count",
                "value": "2",
                "source": "ChemAxon"
            },
            {
                "kind": "H Bond Donor Count",
                "value": "1",
                "source": "ChemAxon"
            },
            {
                "kind": "pKa (strongest acidic)",
                "value": "9.03",
                "source": "ChemAxon"
            },
            {
                "kind": "pKa (strongest basic)",
                "value": "-6",
                "source": "ChemAxon"
            },
            {
                "kind": "Physiological Charge",
                "value": "0",
                "source": "ChemAxon"
            },
            {
                "kind": "Number of Rings",
                "value": "1",
                "source": "ChemAxon"
            },
            {
                "kind": "Bioavailability",
                "value": "1",
                "source": "ChemAxon"
            },
            {
                "kind": "Rule of Five",
                "value": "1",
                "source": "ChemAxon"
            },
            {
                "kind": "Ghose Filter",
                "value": "0",
                "source": "ChemAxon"
            },
            {
                "kind": "MDDR-Like Rule",
                "value": "0",
                "source": "ChemAxon"
            }
        ]
    },
    "experimental-properties": null,
    "external-identifiers": {
        "external-identifier": [
            {
                "resource": "Drugs Product Database (DPD)",
                "identifier": "7100"
            },
            {
                "resource": "ChEBI",
                "identifier": "29672"
            },
            {
                "resource": "KEGG Compound",
                "identifier": "C12064"
            },
            {
                "resource": "ChemSpider",
                "identifier": "4879"
            },
            {
                "resource": "ChEMBL",
                "identifier": "CHEMBL1593874"
            },
            {
                "resource": "ZINC",
                "identifier": "ZINC000000002029"
            },
            {
                "resource": "RxCUI",
                "identifier": "2106739"
            }
        ]
    },
    "external-links": null,
    "pathways": null,
    "reactions": null,
    "snp-effects": null,
    "snp-adverse-drug-reactions": null,
    "targets": null,
    "enzymes": null,
    "carriers": null,
    "transporters": null
}