{
    "type": "biotech",
    "created": "2019-05-20",
    "updated": "2020-06-12",
    "drugbank-id": [
        {
            "primary": true,
            "value": "DB15420"
        }
    ],
    "name": "Coagulation factor XIa",
    "description": "Coagulation factor XIa is under investigation in clinical trial NCT01701947 (HEMOLEVEN® Expanded Access Program Prevention of Surgical/Postpartum Hemorrhage Severe Inherited Factor XI Deficiency).",
    "cas-number": "9013-55-2",
    "unii": "Y42G5XID5M",
    "groups": {
        "group": [
            "investigational"
        ]
    },
    "general-references": {
        "articles": null,
        "textbooks": null,
        "links": null,
        "attachments": null
    },
    "synthesis-reference": null,
    "indication": null,
    "pharmacodynamics": null,
    "mechanism-of-action": null,
    "toxicity": null,
    "metabolism": null,
    "absorption": null,
    "half-life": null,
    "protein-binding": null,
    "route-of-elimination": null,
    "volume-of-distribution": null,
    "clearance": null,
    "classification": {
        "description": null,
        "direct-parent": "Peptides",
        "kingdom": "Organic Compounds",
        "superclass": "Organic Acids",
        "class": "Carboxylic Acids and Derivatives",
        "subclass": "Amino Acids, Peptides, and Analogues"
    },
    "salts": null,
    "synonyms": {
        "synonym": [
            {
                "language": "english",
                "coder": "",
                "value": "Human coagulation factor XI"
            }
        ]
    },
    "products": null,
    "international-brands": {
        "international-brand": [
            {
                "name": "HEMOLEVEN",
                "company": null
            }
        ]
    },
    "mixtures": null,
    "packagers": null,
    "manufacturers": null,
    "prices": null,
    "categories": {
        "category": [
            {
                "category": "Amino Acids, Peptides, and Proteins",
                "mesh-id": "D000602"
            },
            {
                "category": "Biological Factors",
                "mesh-id": "D001685"
            },
            {
                "category": "Blood Coagulation Factors",
                "mesh-id": "D001779"
            },
            {
                "category": "Blood Proteins",
                "mesh-id": "D001798"
            },
            {
                "category": "Endopeptidases",
                "mesh-id": "D010450"
            },
            {
                "category": "Enzymes",
                "mesh-id": "D004798"
            },
            {
                "category": "Enzymes and Coenzymes",
                "mesh-id": "D045762"
            },
            {
                "category": "Factor XI",
                "mesh-id": "D005172"
            },
            {
                "category": "Factor XIa, antagonists & inhibitors",
                "mesh-id": null
            },
            {
                "category": "Hydrolases",
                "mesh-id": "D006867"
            },
            {
                "category": "Peptide Hydrolases",
                "mesh-id": "D010447"
            },
            {
                "category": "Proteins",
                "mesh-id": "D011506"
            },
            {
                "category": "Serine Endopeptidases",
                "mesh-id": "D012697"
            },
            {
                "category": "Serine Proteases",
                "mesh-id": "D057057"
            }
        ]
    },
    "affected-organisms": null,
    "dosages": null,
    "atc-codes": null,
    "ahfs-codes": null,
    "pdb-entries": null,
    "patents": null,
    "food-interactions": null,
    "drug-interactions": null,
    "sequences": null,
    "experimental-properties": null,
    "external-identifiers": {
        "external-identifier": [
            {
                "resource": "Wikipedia",
                "identifier": "Factor_XI"
            }
        ]
    },
    "external-links": null,
    "pathways": null,
    "reactions": null,
    "snp-effects": null,
    "snp-adverse-drug-reactions": null,
    "targets": null,
    "enzymes": null,
    "carriers": null,
    "transporters": null
}