{
    "type": "small molecule",
    "created": "2019-05-20",
    "updated": "2021-02-21",
    "drugbank-id": [
        {
            "primary": true,
            "value": "DB15145"
        }
    ],
    "name": "Ziresovir",
    "description": "Ziresovir is under investigation in clinical trial NCT03699202 (Anti-RSV Study in Chinese Patients (ASCENT)).",
    "cas-number": "1422500-60-4",
    "unii": "XCF42D7AG4",
    "average-mass": 439.53,
    "monoisotopic-mass": 439.167810859,
    "groups": {
        "group": [
            "investigational"
        ]
    },
    "general-references": {
        "articles": null,
        "textbooks": null,
        "links": null,
        "attachments": null
    },
    "synthesis-reference": null,
    "indication": null,
    "pharmacodynamics": null,
    "mechanism-of-action": null,
    "toxicity": null,
    "metabolism": null,
    "absorption": null,
    "half-life": null,
    "protein-binding": null,
    "route-of-elimination": null,
    "volume-of-distribution": null,
    "clearance": null,
    "salts": null,
    "synonyms": {
        "synonym": [
            {
                "language": "english",
                "coder": "inn",
                "value": "Ziresovir"
            }
        ]
    },
    "products": null,
    "international-brands": null,
    "mixtures": null,
    "packagers": null,
    "manufacturers": null,
    "prices": null,
    "categories": {
        "category": [
            {
                "category": "Anti-Infective Agents",
                "mesh-id": "D000890"
            },
            {
                "category": "Antiviral Agents",
                "mesh-id": "D000998"
            },
            {
                "category": "Azepines",
                "mesh-id": "D001381"
            },
            {
                "category": "Heterocyclic Compounds, Fused-Ring",
                "mesh-id": "D000072471"
            },
            {
                "category": "Sulfur Compounds",
                "mesh-id": "D013457"
            },
            {
                "category": "Thiepins",
                "mesh-id": "D013846"
            }
        ]
    },
    "affected-organisms": null,
    "dosages": null,
    "atc-codes": null,
    "ahfs-codes": null,
    "pdb-entries": null,
    "patents": null,
    "food-interactions": null,
    "drug-interactions": null,
    "calculated-properties": {
        "property": [
            {
                "kind": "logP",
                "value": "1.41",
                "source": "ALOGPS"
            },
            {
                "kind": "logS",
                "value": "-3.7",
                "source": "ALOGPS"
            },
            {
                "kind": "Water Solubility",
                "value": "8.68e-02 g/l",
                "source": "ALOGPS"
            },
            {
                "kind": "logP",
                "value": "2.31",
                "source": "ChemAxon"
            },
            {
                "kind": "IUPAC Name",
                "value": "4-(4-{[(3-aminooxetan-3-yl)methyl]amino}-6-methylquinazolin-2-yl)-2,3,4,5-tetrahydro-1lambda6,4-benzothiazepine-1,1-dione",
                "source": "ChemAxon"
            },
            {
                "kind": "Traditional IUPAC Name",
                "value": "(2R)-14-fluoro-2-methyl-6,9,10,19-tetraazapentacyclo[14.2.1.0^{2,6}.0^{8,18}.0^{12,17}]nonadeca-1(18),8,12(17),13,15-pentaen-11-one",
                "source": "ChemAxon"
            },
            {
                "kind": "Molecular Weight",
                "value": "439.53",
                "source": "ChemAxon"
            },
            {
                "kind": "Monoisotopic Weight",
                "value": "439.167810859",
                "source": "ChemAxon"
            },
            {
                "kind": "SMILES",
                "value": "CC1=CC2=C(NCC3(N)COC3)N=C(N=C2C=C1)N1CCS(=O)(=O)C2=CC=CC=C2C1",
                "source": "ChemAxon"
            },
            {
                "kind": "Molecular Formula",
                "value": "C22H25N5O3S",
                "source": "ChemAxon"
            },
            {
                "kind": "InChI",
                "value": "InChI=1S/C22H25N5O3S/c1-15-6-7-18-17(10-15)20(24-12-22(23)13-30-14-22)26-21(25-18)27-8-9-31(28,29)19-5-3-2-4-16(19)11-27/h2-7,10H,8-9,11-14,23H2,1H3,(H,24,25,26)",
                "source": "ChemAxon"
            },
            {
                "kind": "InChIKey",
                "value": "GAAICKUTDBZCMT-UHFFFAOYSA-N",
                "source": "ChemAxon"
            },
            {
                "kind": "Polar Surface Area (PSA)",
                "value": "110.44",
                "source": "ChemAxon"
            },
            {
                "kind": "Refractivity",
                "value": "121.46",
                "source": "ChemAxon"
            },
            {
                "kind": "Polarizability",
                "value": "45.99",
                "source": "ChemAxon"
            },
            {
                "kind": "Rotatable Bond Count",
                "value": "4",
                "source": "ChemAxon"
            },
            {
                "kind": "H Bond Acceptor Count",
                "value": "8",
                "source": "ChemAxon"
            },
            {
                "kind": "H Bond Donor Count",
                "value": "2",
                "source": "ChemAxon"
            },
            {
                "kind": "pKa (strongest acidic)",
                "value": "15.52",
                "source": "ChemAxon"
            },
            {
                "kind": "pKa (strongest basic)",
                "value": "8.46",
                "source": "ChemAxon"
            },
            {
                "kind": "Physiological Charge",
                "value": "1",
                "source": "ChemAxon"
            },
            {
                "kind": "Number of Rings",
                "value": "5",
                "source": "ChemAxon"
            },
            {
                "kind": "Bioavailability",
                "value": "1",
                "source": "ChemAxon"
            },
            {
                "kind": "Rule of Five",
                "value": "1",
                "source": "ChemAxon"
            },
            {
                "kind": "Ghose Filter",
                "value": "1",
                "source": "ChemAxon"
            },
            {
                "kind": "MDDR-Like Rule",
                "value": "0",
                "source": "ChemAxon"
            }
        ]
    },
    "experimental-properties": null,
    "external-identifiers": {
        "external-identifier": [
            {
                "resource": "ChemSpider",
                "identifier": "58810221"
            },
            {
                "resource": "Wikipedia",
                "identifier": "Ziresovir"
            }
        ]
    },
    "external-links": null,
    "pathways": null,
    "reactions": null,
    "snp-effects": null,
    "snp-adverse-drug-reactions": null,
    "targets": null,
    "enzymes": null,
    "carriers": null,
    "transporters": null
}