{
    "type": "small molecule",
    "created": "2019-05-20",
    "updated": "2020-06-12",
    "drugbank-id": [
        {
            "primary": true,
            "value": "DB15073"
        }
    ],
    "name": "Ribose",
    "description": "Ribose is under investigation in clinical trial NCT01727479 (Ribose and Sport Performance).",
    "cas-number": "50-69-1",
    "unii": "681HV46001",
    "average-mass": 150.1299,
    "monoisotopic-mass": 150.05282343,
    "groups": {
        "group": [
            "investigational"
        ]
    },
    "general-references": {
        "articles": null,
        "textbooks": null,
        "links": null,
        "attachments": null
    },
    "synthesis-reference": null,
    "indication": null,
    "pharmacodynamics": null,
    "mechanism-of-action": null,
    "toxicity": null,
    "metabolism": null,
    "absorption": null,
    "half-life": null,
    "protein-binding": null,
    "route-of-elimination": null,
    "volume-of-distribution": null,
    "clearance": null,
    "salts": null,
    "synonyms": {
        "synonym": [
            {
                "language": "english",
                "coder": "",
                "value": "aldehydo-D-ribose"
            },
            {
                "language": "english",
                "coder": "",
                "value": "D-ribo-2,3,4,5-tetrahydroxyvaleraldehyde"
            },
            {
                "language": "english",
                "coder": "",
                "value": "D-Ribose"
            },
            {
                "language": "english",
                "coder": "",
                "value": "Ribose"
            }
        ]
    },
    "products": null,
    "international-brands": null,
    "mixtures": null,
    "packagers": null,
    "manufacturers": null,
    "prices": null,
    "categories": {
        "category": [
            {
                "category": "Carbohydrates",
                "mesh-id": "D002241"
            },
            {
                "category": "Monosaccharides",
                "mesh-id": "D009005"
            },
            {
                "category": "Pentoses",
                "mesh-id": "D010429"
            }
        ]
    },
    "affected-organisms": null,
    "dosages": null,
    "atc-codes": null,
    "ahfs-codes": null,
    "pdb-entries": {
        "pdb-entry": [
            "3ph3",
            "6nch",
            "6nci"
        ]
    },
    "patents": null,
    "food-interactions": null,
    "drug-interactions": null,
    "calculated-properties": {
        "property": [
            {
                "kind": "logP",
                "value": "-2.3",
                "source": "ALOGPS"
            },
            {
                "kind": "logS",
                "value": "0.4",
                "source": "ALOGPS"
            },
            {
                "kind": "Water Solubility",
                "value": "3.80e+02 g/l",
                "source": "ALOGPS"
            },
            {
                "kind": "logP",
                "value": "-2.9",
                "source": "ChemAxon"
            },
            {
                "kind": "IUPAC Name",
                "value": "(2R,3R,4R)-2,3,4,5-tetrahydroxypentanal",
                "source": "ChemAxon"
            },
            {
                "kind": "Traditional IUPAC Name",
                "value": "ribose",
                "source": "ChemAxon"
            },
            {
                "kind": "Molecular Weight",
                "value": "150.1299",
                "source": "ChemAxon"
            },
            {
                "kind": "Monoisotopic Weight",
                "value": "150.05282343",
                "source": "ChemAxon"
            },
            {
                "kind": "SMILES",
                "value": "[H]C(=O)[C@H](O)[C@H](O)[C@H](O)CO",
                "source": "ChemAxon"
            },
            {
                "kind": "Molecular Formula",
                "value": "C5H10O5",
                "source": "ChemAxon"
            },
            {
                "kind": "InChI",
                "value": "InChI=1S/C5H10O5/c6-1-3(8)5(10)4(9)2-7/h1,3-5,7-10H,2H2/t3-,4+,5-/m0/s1",
                "source": "ChemAxon"
            },
            {
                "kind": "InChIKey",
                "value": "PYMYPHUHKUWMLA-LMVFSUKVSA-N",
                "source": "ChemAxon"
            },
            {
                "kind": "Polar Surface Area (PSA)",
                "value": "97.99",
                "source": "ChemAxon"
            },
            {
                "kind": "Refractivity",
                "value": "31.38",
                "source": "ChemAxon"
            },
            {
                "kind": "Polarizability",
                "value": "13.39",
                "source": "ChemAxon"
            },
            {
                "kind": "Rotatable Bond Count",
                "value": "4",
                "source": "ChemAxon"
            },
            {
                "kind": "H Bond Acceptor Count",
                "value": "5",
                "source": "ChemAxon"
            },
            {
                "kind": "H Bond Donor Count",
                "value": "4",
                "source": "ChemAxon"
            },
            {
                "kind": "pKa (strongest acidic)",
                "value": "12.34",
                "source": "ChemAxon"
            },
            {
                "kind": "pKa (strongest basic)",
                "value": "-3",
                "source": "ChemAxon"
            },
            {
                "kind": "Physiological Charge",
                "value": "0",
                "source": "ChemAxon"
            },
            {
                "kind": "Number of Rings",
                "value": "0",
                "source": "ChemAxon"
            },
            {
                "kind": "Bioavailability",
                "value": "1",
                "source": "ChemAxon"
            },
            {
                "kind": "Rule of Five",
                "value": "1",
                "source": "ChemAxon"
            },
            {
                "kind": "Ghose Filter",
                "value": "0",
                "source": "ChemAxon"
            },
            {
                "kind": "MDDR-Like Rule",
                "value": "0",
                "source": "ChemAxon"
            }
        ]
    },
    "experimental-properties": null,
    "external-identifiers": {
        "external-identifier": [
            {
                "resource": "ChEBI",
                "identifier": "47014"
            },
            {
                "resource": "ChemSpider",
                "identifier": "4470639"
            },
            {
                "resource": "PDB",
                "identifier": "RB5"
            },
            {
                "resource": "Wikipedia",
                "identifier": "Ribose"
            },
            {
                "resource": "ZINC",
                "identifier": "ZINC000018168713"
            },
            {
                "resource": "RxCUI",
                "identifier": "1314858"
            }
        ]
    },
    "external-links": null,
    "pathways": null,
    "reactions": null,
    "snp-effects": null,
    "snp-adverse-drug-reactions": null,
    "targets": null,
    "enzymes": null,
    "carriers": null,
    "transporters": null
}