{
    "type": "biotech",
    "created": "2019-10-09",
    "updated": "2020-06-12",
    "drugbank-id": [
        {
            "primary": true,
            "value": "DB15525"
        }
    ],
    "name": "Mucor circinelloides f. lusitanicus",
    "description": "Mucor circinelloides f. lusitanicus allergenic extract is used in allergenic testing.",
    "cas-number": null,
    "unii": "0J0X819B3C",
    "groups": {
        "group": [
            "approved"
        ]
    },
    "general-references": {
        "articles": null,
        "textbooks": null,
        "links": null,
        "attachments": null
    },
    "synthesis-reference": null,
    "indication": null,
    "pharmacodynamics": null,
    "mechanism-of-action": null,
    "toxicity": null,
    "metabolism": null,
    "absorption": null,
    "half-life": null,
    "protein-binding": null,
    "route-of-elimination": null,
    "volume-of-distribution": null,
    "clearance": null,
    "salts": null,
    "synonyms": {
        "synonym": [
            {
                "language": "english",
                "coder": "",
                "value": "Molds, rusts and smuts, mucor circinelloides f. lusitanicus"
            },
            {
                "language": "english",
                "coder": "",
                "value": "Mucor circinelloides f. lusitanicus"
            },
            {
                "language": "english",
                "coder": "",
                "value": "Mucor circinelloides f. lusitanicus whole"
            },
            {
                "language": "english",
                "coder": "",
                "value": "Mucor circinelloides forma lusitanicus"
            },
            {
                "language": "english",
                "coder": "",
                "value": "Mucor griseolilacinus"
            },
            {
                "language": "english",
                "coder": "",
                "value": "Mucor jauchae"
            },
            {
                "language": "english",
                "coder": "",
                "value": "Mucor lusitanicus"
            },
            {
                "language": "english",
                "coder": "",
                "value": "Mucor racemosus var. lusitanicus"
            },
            {
                "language": "english",
                "coder": "",
                "value": "Mucor zeicolus"
            },
            {
                "language": "english",
                "coder": "",
                "value": "Rhizomucor circinelloides f. lusitanicus"
            }
        ]
    },
    "products": {
        "product": [
            {
                "name": "Mucor circinelloides f. lusitanicus",
                "labeller": "Greer Laboratories, Inc.",
                "ndc-id": null,
                "ndc-product-code": "22840-2659",
                "dpd-id": null,
                "ema-product-code": null,
                "ema-ma-number": null,
                "started-marketing-on": "1981-09-15",
                "ended-marketing-on": null,
                "dosage-form": "Solution",
                "strength": "0.001 g/1mL",
                "route": "Intradermal; Percutaneous; Subcutaneous",
                "fda-application-number": "BLA101833",
                "generic": false,
                "over-the-counter": false,
                "approved": true,
                "country": "US",
                "source": "FDA NDC"
            },
            {
                "name": "Mucor circinelloides f. lusitanicus",
                "labeller": "Greer Laboratories, Inc.",
                "ndc-id": null,
                "ndc-product-code": "22840-5625",
                "dpd-id": null,
                "ema-product-code": null,
                "ema-ma-number": null,
                "started-marketing-on": "1981-09-15",
                "ended-marketing-on": null,
                "dosage-form": "Solution",
                "strength": "0.05 g/1mL",
                "route": "Intradermal; Percutaneous; Subcutaneous",
                "fda-application-number": "BLA101833",
                "generic": false,
                "over-the-counter": false,
                "approved": true,
                "country": "US",
                "source": "FDA NDC"
            },
            {
                "name": "Mucor circinelloides f. lusitanicus",
                "labeller": "Greer Laboratories, Inc.",
                "ndc-id": null,
                "ndc-product-code": "22840-2671",
                "dpd-id": null,
                "ema-product-code": null,
                "ema-ma-number": null,
                "started-marketing-on": "1981-09-15",
                "ended-marketing-on": null,
                "dosage-form": "Solution",
                "strength": "0.1 g/1mL",
                "route": "Intradermal; Percutaneous; Subcutaneous",
                "fda-application-number": "BLA101833",
                "generic": false,
                "over-the-counter": false,
                "approved": true,
                "country": "US",
                "source": "FDA NDC"
            },
            {
                "name": "Mucor Mix",
                "labeller": "Greer Laboratories, Inc.",
                "ndc-id": null,
                "ndc-product-code": "22840-9672",
                "dpd-id": null,
                "ema-product-code": null,
                "ema-ma-number": null,
                "started-marketing-on": "1981-09-15",
                "ended-marketing-on": null,
                "dosage-form": "Solution",
                "strength": null,
                "route": "Intradermal; Percutaneous; Subcutaneous",
                "fda-application-number": "BLA101833",
                "generic": false,
                "over-the-counter": false,
                "approved": true,
                "country": "US",
                "source": "FDA NDC"
            },
            {
                "name": "Mucor Mix",
                "labeller": "Greer Laboratories, Inc.",
                "ndc-id": null,
                "ndc-product-code": "22840-9648",
                "dpd-id": null,
                "ema-product-code": null,
                "ema-ma-number": null,
                "started-marketing-on": "1981-09-15",
                "ended-marketing-on": null,
                "dosage-form": "Solution",
                "strength": null,
                "route": "Intradermal; Percutaneous; Subcutaneous",
                "fda-application-number": "BLA101833",
                "generic": false,
                "over-the-counter": false,
                "approved": true,
                "country": "US",
                "source": "FDA NDC"
            },
            {
                "name": "Mucor Mix",
                "labeller": "Greer Laboratories, Inc.",
                "ndc-id": null,
                "ndc-product-code": "22840-9646",
                "dpd-id": null,
                "ema-product-code": null,
                "ema-ma-number": null,
                "started-marketing-on": "1981-09-15",
                "ended-marketing-on": null,
                "dosage-form": "Solution",
                "strength": null,
                "route": "Intradermal; Percutaneous; Subcutaneous",
                "fda-application-number": "BLA101833",
                "generic": false,
                "over-the-counter": false,
                "approved": true,
                "country": "US",
                "source": "FDA NDC"
            },
            {
                "name": "Phycomycetes Mix",
                "labeller": "Greer Laboratories, Inc.",
                "ndc-id": null,
                "ndc-product-code": "22840-9661",
                "dpd-id": null,
                "ema-product-code": null,
                "ema-ma-number": null,
                "started-marketing-on": "1981-09-15",
                "ended-marketing-on": null,
                "dosage-form": "Solution",
                "strength": null,
                "route": "Intradermal; Percutaneous; Subcutaneous",
                "fda-application-number": "BLA101833",
                "generic": false,
                "over-the-counter": false,
                "approved": true,
                "country": "US",
                "source": "FDA NDC"
            },
            {
                "name": "Phycomycetes Mix",
                "labeller": "Greer Laboratories, Inc.",
                "ndc-id": null,
                "ndc-product-code": "22840-9662",
                "dpd-id": null,
                "ema-product-code": null,
                "ema-ma-number": null,
                "started-marketing-on": "1981-09-15",
                "ended-marketing-on": null,
                "dosage-form": "Solution",
                "strength": null,
                "route": "Intradermal; Percutaneous; Subcutaneous",
                "fda-application-number": "BLA101833",
                "generic": false,
                "over-the-counter": false,
                "approved": true,
                "country": "US",
                "source": "FDA NDC"
            },
            {
                "name": "Phycomycetes Mix",
                "labeller": "Greer Laboratories, Inc.",
                "ndc-id": null,
                "ndc-product-code": "22840-9664",
                "dpd-id": null,
                "ema-product-code": null,
                "ema-ma-number": null,
                "started-marketing-on": "1981-09-15",
                "ended-marketing-on": null,
                "dosage-form": "Solution",
                "strength": null,
                "route": "Intradermal; Percutaneous; Subcutaneous",
                "fda-application-number": "BLA101833",
                "generic": false,
                "over-the-counter": false,
                "approved": true,
                "country": "US",
                "source": "FDA NDC"
            }
        ]
    },
    "international-brands": null,
    "mixtures": {
        "mixture": [
            {
                "name": "Mucor Mix",
                "ingredients": "Mucor circinelloides f. lusitanicus + Mucor plumbeus"
            },
            {
                "name": "Phycomycetes Mix",
                "ingredients": "Mucor circinelloides f. lusitanicus + Rhizopus stolonifer"
            },
            {
                "name": "Phycomycetes Mix",
                "ingredients": "Mucor circinelloides f. lusitanicus + Rhizopus stolonifer"
            },
            {
                "name": "Phycomycetes Mix",
                "ingredients": "Mucor circinelloides f. lusitanicus + Rhizopus stolonifer"
            },
            {
                "name": "Mucor Mix",
                "ingredients": "Mucor circinelloides f. lusitanicus + Mucor plumbeus"
            },
            {
                "name": "Mucor Mix",
                "ingredients": "Mucor circinelloides f. lusitanicus + Mucor plumbeus"
            }
        ]
    },
    "packagers": null,
    "manufacturers": null,
    "prices": null,
    "categories": {
        "category": [
            {
                "category": "Cell-mediated Immunity",
                "mesh-id": "D007111"
            },
            {
                "category": "Increased Histamine Release",
                "mesh-id": null
            },
            {
                "category": "Increased IgG Production",
                "mesh-id": null
            },
            {
                "category": "Non-Standardized Fungal Allergenic Extract",
                "mesh-id": null
            }
        ]
    },
    "affected-organisms": null,
    "dosages": {
        "dosage": [
            {
                "form": "Solution",
                "route": "Intradermal; Percutaneous; Subcutaneous",
                "strength": "0.001 g/1mL"
            },
            {
                "form": "Solution",
                "route": "Intradermal; Percutaneous; Subcutaneous",
                "strength": "0.05 g/1mL"
            },
            {
                "form": "Solution",
                "route": "Intradermal; Percutaneous; Subcutaneous",
                "strength": "0.1 g/1mL"
            },
            {
                "form": "Solution",
                "route": "Intradermal; Percutaneous; Subcutaneous",
                "strength": null
            }
        ]
    },
    "atc-codes": null,
    "ahfs-codes": null,
    "pdb-entries": null,
    "patents": null,
    "food-interactions": null,
    "drug-interactions": null,
    "sequences": null,
    "experimental-properties": null,
    "external-identifiers": {
        "external-identifier": [
            {
                "resource": "RxCUI",
                "identifier": "2101473"
            }
        ]
    },
    "external-links": null,
    "pathways": null,
    "reactions": null,
    "snp-effects": null,
    "snp-adverse-drug-reactions": null,
    "targets": null,
    "enzymes": null,
    "carriers": null,
    "transporters": null
}