{
    "type": "small molecule",
    "created": "2019-05-20",
    "updated": "2021-02-21",
    "drugbank-id": [
        {
            "primary": true,
            "value": "DB15437"
        }
    ],
    "name": "Rocacetrapib",
    "description": "Rocacetrapib is under investigation in clinical trial NCT02156544 (Study to Investigate the Safety/Tolerability and Pharmacokinetics/Pharmacodynamics of CKD-519).",
    "cas-number": "1402796-27-3",
    "unii": "K9SP3L3YQP",
    "average-mass": 601.606,
    "monoisotopic-mass": 601.2426911,
    "groups": {
        "group": [
            "investigational"
        ]
    },
    "general-references": {
        "articles": null,
        "textbooks": null,
        "links": null,
        "attachments": null
    },
    "synthesis-reference": null,
    "indication": null,
    "pharmacodynamics": null,
    "mechanism-of-action": null,
    "toxicity": null,
    "metabolism": null,
    "absorption": null,
    "half-life": null,
    "protein-binding": null,
    "route-of-elimination": null,
    "volume-of-distribution": null,
    "clearance": null,
    "classification": {
        "description": "This compound belongs to the class of organic compounds known as trifluoromethylbenzenes. These are organofluorine compounds that contain a benzene ring substituted with one or more trifluoromethyl groups.",
        "direct-parent": "Trifluoromethylbenzenes",
        "kingdom": "Organic compounds",
        "superclass": "Benzenoids",
        "class": "Benzene and substituted derivatives",
        "subclass": "Trifluoromethylbenzenes",
        "alternative-parent": [
            "Alkyl aryl ethers",
            "Alkyl fluorides",
            "Anisoles",
            "Aryl fluorides",
            "Azacyclic compounds",
            "Carbamate esters",
            "Carbonyl compounds",
            "Cumenes",
            "Fluorobenzenes",
            "Hydrocarbon derivatives",
            "Methoxybenzenes",
            "Organic oxides",
            "Organofluorides",
            "Organonitrogen compounds",
            "Oxacyclic compounds",
            "Oxazolidinones",
            "Phenoxy compounds",
            "Phenylpropanes"
        ],
        "substituent": [
            "Alkyl aryl ether",
            "Alkyl fluoride",
            "Alkyl halide",
            "Anisole",
            "Aromatic heteromonocyclic compound",
            "Aryl fluoride",
            "Aryl halide",
            "Azacycle",
            "Carbamic acid ester",
            "Carbonyl group",
            "Cumene",
            "Ether",
            "Fluorobenzene",
            "Halobenzene",
            "Hydrocarbon derivative",
            "Methoxybenzene",
            "Organic nitrogen compound",
            "Organic oxide",
            "Organic oxygen compound",
            "Organofluoride",
            "Organohalogen compound",
            "Organoheterocyclic compound",
            "Organonitrogen compound",
            "Organooxygen compound",
            "Oxacycle",
            "Oxazolidine",
            "Oxazolidinone",
            "Phenol ether",
            "Phenoxy compound",
            "Phenylpropane",
            "Trifluoromethylbenzene"
        ]
    },
    "salts": null,
    "synonyms": {
        "synonym": [
            {
                "language": "english",
                "coder": "inn",
                "value": "Rocacetrapib"
            }
        ]
    },
    "products": null,
    "international-brands": null,
    "mixtures": null,
    "packagers": null,
    "manufacturers": null,
    "prices": null,
    "categories": {
        "category": [
            {
                "category": "Hydrocarbons, Halogenated",
                "mesh-id": "D006846"
            }
        ]
    },
    "affected-organisms": null,
    "dosages": null,
    "atc-codes": null,
    "ahfs-codes": null,
    "pdb-entries": null,
    "patents": null,
    "food-interactions": null,
    "drug-interactions": null,
    "calculated-properties": {
        "property": [
            {
                "kind": "logP",
                "value": "6.86",
                "source": "ALOGPS"
            },
            {
                "kind": "logS",
                "value": "-5.6",
                "source": "ALOGPS"
            },
            {
                "kind": "Water Solubility",
                "value": "1.54e-03 g/l",
                "source": "ALOGPS"
            },
            {
                "kind": "logP",
                "value": "8.94",
                "source": "ChemAxon"
            },
            {
                "kind": "IUPAC Name",
                "value": "(4S,5R)-5-[3,5-bis(trifluoromethyl)phenyl]-3-({2-[4-fluoro-2-methoxy-5-(propan-2-yl)phenyl]-5,5-dimethylcyclohex-1-en-1-yl}methyl)-4-methyl-1,3-oxazolidin-2-one",
                "source": "ChemAxon"
            },
            {
                "kind": "Traditional IUPAC Name",
                "value": "(2R)-14-fluoro-2-methyl-6,9,10,19-tetraazapentacyclo[14.2.1.0^{2,6}.0^{8,18}.0^{12,17}]nonadeca-1(18),8,12(17),13,15-pentaen-11-one",
                "source": "ChemAxon"
            },
            {
                "kind": "Molecular Weight",
                "value": "601.606",
                "source": "ChemAxon"
            },
            {
                "kind": "Monoisotopic Weight",
                "value": "601.2426911",
                "source": "ChemAxon"
            },
            {
                "kind": "SMILES",
                "value": "COC1=C(C=C(C(C)C)C(F)=C1)C1=C(CN2[C@@H](C)[C@H](OC2=O)C2=CC(=CC(=C2)C(F)(F)F)C(F)(F)F)CC(C)(C)CC1",
                "source": "ChemAxon"
            },
            {
                "kind": "Molecular Formula",
                "value": "C31H34F7NO3",
                "source": "ChemAxon"
            },
            {
                "kind": "InChI",
                "value": "InChI=1S/C31H34F7NO3/c1-16(2)23-12-24(26(41-6)13-25(23)32)22-7-8-29(4,5)14-19(22)15-39-17(3)27(42-28(39)40)18-9-20(30(33,34)35)11-21(10-18)31(36,37)38/h9-13,16-17,27H,7-8,14-15H2,1-6H3/t17-,27-/m0/s1",
                "source": "ChemAxon"
            },
            {
                "kind": "InChIKey",
                "value": "GBHPDJQHZADVAA-SOKVYYICSA-N",
                "source": "ChemAxon"
            },
            {
                "kind": "Polar Surface Area (PSA)",
                "value": "38.77",
                "source": "ChemAxon"
            },
            {
                "kind": "Refractivity",
                "value": "145.35",
                "source": "ChemAxon"
            },
            {
                "kind": "Polarizability",
                "value": "56.57",
                "source": "ChemAxon"
            },
            {
                "kind": "Rotatable Bond Count",
                "value": "8",
                "source": "ChemAxon"
            },
            {
                "kind": "H Bond Acceptor Count",
                "value": "2",
                "source": "ChemAxon"
            },
            {
                "kind": "H Bond Donor Count",
                "value": "0",
                "source": "ChemAxon"
            },
            {
                "kind": "pKa (strongest basic)",
                "value": "-4.8",
                "source": "ChemAxon"
            },
            {
                "kind": "Physiological Charge",
                "value": "0",
                "source": "ChemAxon"
            },
            {
                "kind": "Number of Rings",
                "value": "4",
                "source": "ChemAxon"
            },
            {
                "kind": "Bioavailability",
                "value": "0",
                "source": "ChemAxon"
            },
            {
                "kind": "Rule of Five",
                "value": "0",
                "source": "ChemAxon"
            },
            {
                "kind": "Ghose Filter",
                "value": "0",
                "source": "ChemAxon"
            },
            {
                "kind": "MDDR-Like Rule",
                "value": "1",
                "source": "ChemAxon"
            }
        ]
    },
    "experimental-properties": null,
    "external-identifiers": {
        "external-identifier": [
            {
                "resource": "ChemSpider",
                "identifier": "75531298"
            }
        ]
    },
    "external-links": null,
    "pathways": null,
    "reactions": null,
    "snp-effects": null,
    "snp-adverse-drug-reactions": null,
    "targets": null,
    "enzymes": null,
    "carriers": null,
    "transporters": null
}