{
    "type": "small molecule",
    "created": "2019-05-20",
    "updated": "2021-02-21",
    "drugbank-id": [
        {
            "primary": true,
            "value": "DB15272"
        }
    ],
    "name": "Edratide",
    "description": "Edratide is under investigation in clinical trial NCT00203151 (A Study to Evaluate the Tolerability, Safety and Effectiveness of Edratide in the Treatment of Lupus).",
    "cas-number": "433922-67-9",
    "unii": "38PLP07BKC",
    "average-mass": 2309.574,
    "monoisotopic-mass": 2308.106537266,
    "groups": {
        "group": [
            "investigational"
        ]
    },
    "general-references": {
        "articles": null,
        "textbooks": null,
        "links": null,
        "attachments": null
    },
    "synthesis-reference": null,
    "indication": null,
    "pharmacodynamics": null,
    "mechanism-of-action": null,
    "toxicity": null,
    "metabolism": null,
    "absorption": null,
    "half-life": null,
    "protein-binding": null,
    "route-of-elimination": null,
    "volume-of-distribution": null,
    "clearance": null,
    "salts": null,
    "synonyms": {
        "synonym": [
            {
                "language": "english",
                "coder": "inn/usan",
                "value": "Edratide"
            }
        ]
    },
    "products": null,
    "international-brands": null,
    "mixtures": null,
    "packagers": null,
    "manufacturers": null,
    "prices": null,
    "categories": {
        "category": [
            {
                "category": "Amino Acids, Peptides, and Proteins",
                "mesh-id": "D000602"
            },
            {
                "category": "Antibodies",
                "mesh-id": "D000906"
            },
            {
                "category": "Blood Proteins",
                "mesh-id": "D001798"
            },
            {
                "category": "Globulins",
                "mesh-id": "D005916"
            },
            {
                "category": "Immunoproteins",
                "mesh-id": "D007162"
            },
            {
                "category": "Peptides",
                "mesh-id": "D010455"
            },
            {
                "category": "Proteins",
                "mesh-id": "D011506"
            },
            {
                "category": "Serum Globulins",
                "mesh-id": "D012712"
            }
        ]
    },
    "affected-organisms": null,
    "dosages": null,
    "atc-codes": null,
    "ahfs-codes": null,
    "pdb-entries": null,
    "patents": null,
    "food-interactions": null,
    "drug-interactions": null,
    "calculated-properties": {
        "property": [
            {
                "kind": "logP",
                "value": "-0.6",
                "source": "ALOGPS"
            },
            {
                "kind": "logS",
                "value": "-5.2",
                "source": "ALOGPS"
            },
            {
                "kind": "Water Solubility",
                "value": "1.60e-02 g/l",
                "source": "ALOGPS"
            },
            {
                "kind": "logP",
                "value": "-11",
                "source": "ChemAxon"
            },
            {
                "kind": "IUPAC Name",
                "value": "(4S)-4-[(2S)-2-{2-[(2S)-6-amino-2-(2-{[(2S)-1-[(2S)-1-[(2S)-2-[(2S)-2-[(2S,3S)-2-[(2S)-2-[(2S)-2-[(2S)-2-[(2S)-2-[(2S)-2-(2-aminoacetamido)-3-(4-hydroxyphenyl)propanamido]-3-(4-hydroxyphenyl)propanamido]-3-(1H-indol-3-yl)propanamido]-3-hydroxypropanamido]-3-(1H-indol-3-yl)propanamido]-3-methylpentanamido]-5-carbamimidamidopentanamido]-4-carbamoylbutanoyl]pyrrolidine-2-carbonyl]pyrrolidin-2-yl]formamido}acetamido)hexanamido]acetamido}-4-carboxybutanamido]-4-{[(1S)-1-{[(1S,2S)-1-[(carboxymethyl)carbamoyl]-2-methylbutyl]carbamoyl}-2-(1H-indol-3-yl)ethyl]carbamoyl}butanoic acid",
                "source": "ChemAxon"
            },
            {
                "kind": "Traditional IUPAC Name",
                "value": "leuprorelin",
                "source": "ChemAxon"
            },
            {
                "kind": "Molecular Weight",
                "value": "2309.574",
                "source": "ChemAxon"
            },
            {
                "kind": "Monoisotopic Weight",
                "value": "2308.106537266",
                "source": "ChemAxon"
            },
            {
                "kind": "SMILES",
                "value": "CC[C@H](C)[C@H](NC(=O)[C@H](CC1=CNC2=C1C=CC=C2)NC(=O)[C@H](CCC(O)=O)NC(=O)[C@H](CCC(O)=O)NC(=O)CNC(=O)[C@H](CCCCN)NC(=O)CNC(=O)[C@@H]1CCCN1C(=O)[C@@H]1CCCN1C(=O)[C@H](CCC(N)=O)NC(=O)[C@H](CCCNC(N)=N)NC(=O)[C@@H](NC(=O)[C@H](CC1=CNC2=C1C=CC=C2)NC(=O)[C@H](CO)NC(=O)[C@H](CC1=CNC2=C1C=CC=C2)NC(=O)[C@H](CC1=CC=C(O)C=C1)NC(=O)[C@H](CC1=CC=C(O)C=C1)NC(=O)CN)[C@@H](C)CC)C(=O)NCC(O)=O",
                "source": "ChemAxon"
            },
            {
                "kind": "Molecular Formula",
                "value": "C111H149N27O28",
                "source": "ChemAxon"
            },
            {
                "kind": "InChI",
                "value": "InChI=1S/C111H149N27O28/c1-5-59(3)94(107(163)123-57-93(150)151)135-103(159)82(49-64-53-119-72-22-11-8-19-69(64)72)131-99(155)77(38-41-92(148)149)127-98(154)76(37-40-91(146)147)125-89(144)55-121-96(152)74(24-13-14-42-112)124-90(145)56-122-106(162)85-26-16-44-137(85)110(166)86-27-17-45-138(86)109(165)78(36-39-87(114)142)129-97(153)75(25-15-43-117-111(115)116)128-108(164)95(60(4)6-2)136-104(160)83(50-65-54-120-73-23-12-9-20-70(65)73)133-105(161)84(58-139)134-102(158)81(48-63-52-118-71-21-10-7-18-68(63)71)132-101(157)80(47-62-30-34-67(141)35-31-62)130-100(156)79(126-88(143)51-113)46-61-28-32-66(140)33-29-61/h7-12,18-23,28-35,52-54,59-60,74-86,94-95,118-120,139-141H,5-6,13-17,24-27,36-51,55-58,112-113H2,1-4H3,(H2,114,142)(H,121,152)(H,122,162)(H,123,163)(H,124,145)(H,125,144)(H,126,143)(H,127,154)(H,128,164)(H,129,153)(H,130,156)(H,131,155)(H,132,157)(H,133,161)(H,134,158)(H,135,159)(H,136,160)(H,146,147)(H,148,149)(H,150,151)(H4,115,116,117)/t59-,60-,74-,75-,76-,77-,78-,79-,80-,81-,82-,83-,84-,85-,86-,94-,95-/m0/s1",
                "source": "ChemAxon"
            },
            {
                "kind": "InChIKey",
                "value": "VXXZQHUWZSRPAM-CDJUQFLLSA-N",
                "source": "ChemAxon"
            },
            {
                "kind": "Polar Surface Area (PSA)",
                "value": "883.21",
                "source": "ChemAxon"
            },
            {
                "kind": "Refractivity",
                "value": "603.24",
                "source": "ChemAxon"
            },
            {
                "kind": "Polarizability",
                "value": "242.59",
                "source": "ChemAxon"
            },
            {
                "kind": "Rotatable Bond Count",
                "value": "67",
                "source": "ChemAxon"
            },
            {
                "kind": "H Bond Acceptor Count",
                "value": "33",
                "source": "ChemAxon"
            },
            {
                "kind": "H Bond Donor Count",
                "value": "31",
                "source": "ChemAxon"
            },
            {
                "kind": "pKa (strongest acidic)",
                "value": "3.11",
                "source": "ChemAxon"
            },
            {
                "kind": "pKa (strongest basic)",
                "value": "11.89",
                "source": "ChemAxon"
            },
            {
                "kind": "Physiological Charge",
                "value": "0",
                "source": "ChemAxon"
            },
            {
                "kind": "Number of Rings",
                "value": "10",
                "source": "ChemAxon"
            },
            {
                "kind": "Bioavailability",
                "value": "0",
                "source": "ChemAxon"
            },
            {
                "kind": "Rule of Five",
                "value": "0",
                "source": "ChemAxon"
            },
            {
                "kind": "Ghose Filter",
                "value": "0",
                "source": "ChemAxon"
            },
            {
                "kind": "MDDR-Like Rule",
                "value": "1",
                "source": "ChemAxon"
            }
        ]
    },
    "experimental-properties": null,
    "external-identifiers": {
        "external-identifier": [
            {
                "resource": "ChemSpider",
                "identifier": "17342152"
            }
        ]
    },
    "external-links": null,
    "pathways": null,
    "reactions": null,
    "snp-effects": null,
    "snp-adverse-drug-reactions": null,
    "targets": null,
    "enzymes": null,
    "carriers": null,
    "transporters": null
}