{
    "type": "small molecule",
    "created": "2019-05-20",
    "updated": "2020-06-12",
    "drugbank-id": [
        {
            "primary": true,
            "value": "DB15291"
        }
    ],
    "name": "BMS-986142",
    "description": "BMS-986142 is under investigation in clinical trial NCT02880670 (Pharmacokinetics and Metabolism Study of Radiolabeled BMS-986142 in Healthy Male Subjects).",
    "cas-number": "1643368-58-4",
    "unii": "PJX9GH268R",
    "average-mass": 572.613,
    "monoisotopic-mass": 572.223511788,
    "groups": {
        "group": [
            "investigational"
        ]
    },
    "general-references": {
        "articles": null,
        "textbooks": null,
        "links": null,
        "attachments": null
    },
    "synthesis-reference": null,
    "indication": null,
    "pharmacodynamics": null,
    "mechanism-of-action": null,
    "toxicity": null,
    "metabolism": null,
    "absorption": null,
    "half-life": null,
    "protein-binding": null,
    "route-of-elimination": null,
    "volume-of-distribution": null,
    "clearance": null,
    "classification": {
        "description": "This compound belongs to the class of organic compounds known as carbazoles. These are compounds containing a three ring system containing a pyrrole ring fused on either side to a benzene ring.",
        "direct-parent": "Carbazoles",
        "kingdom": "Organic compounds",
        "superclass": "Organoheterocyclic compounds",
        "class": "Indoles and derivatives",
        "subclass": "Carbazoles",
        "alternative-parent": [
            "3-alkylindoles",
            "3-halobenzoic acids and derivatives",
            "Aryl fluorides",
            "Azacyclic compounds",
            "Heteroaromatic compounds",
            "Hydrocarbon derivatives",
            "Indolecarboxamides and derivatives",
            "Lactams",
            "Organic oxides",
            "Organofluorides",
            "Organonitrogen compounds",
            "Primary carboxylic acid amides",
            "Pyrimidones",
            "Pyrroles",
            "Quinazolines",
            "Tertiary alcohols",
            "Toluenes",
            "Ureas",
            "Vinylogous amides"
        ],
        "substituent": [
            "3-alkylindole",
            "3-halobenzoic acid or derivatives",
            "Alcohol",
            "Aromatic heteropolycyclic compound",
            "Aryl fluoride",
            "Aryl halide",
            "Azacycle",
            "Benzenoid",
            "Carbazole",
            "Carboxamide group",
            "Carboxylic acid derivative",
            "Halobenzoic acid or derivatives",
            "Heteroaromatic compound",
            "Hydrocarbon derivative",
            "Indole",
            "Indolecarboxamide derivative",
            "Lactam",
            "Monocyclic benzene moiety",
            "Organic nitrogen compound",
            "Organic oxide",
            "Organic oxygen compound",
            "Organofluoride",
            "Organohalogen compound",
            "Organonitrogen compound",
            "Organooxygen compound",
            "Primary carboxylic acid amide",
            "Pyrimidine",
            "Pyrimidone",
            "Pyrrole",
            "Quinazoline",
            "Tertiary alcohol",
            "Toluene",
            "Urea",
            "Vinylogous amide"
        ]
    },
    "salts": null,
    "synonyms": null,
    "products": null,
    "international-brands": null,
    "mixtures": null,
    "packagers": null,
    "manufacturers": null,
    "prices": null,
    "categories": null,
    "affected-organisms": null,
    "dosages": null,
    "atc-codes": null,
    "ahfs-codes": null,
    "pdb-entries": {
        "pdb-entry": [
            "5t18"
        ]
    },
    "patents": null,
    "food-interactions": null,
    "drug-interactions": null,
    "calculated-properties": {
        "property": [
            {
                "kind": "logP",
                "value": "3.71",
                "source": "ALOGPS"
            },
            {
                "kind": "logS",
                "value": "-5.8",
                "source": "ALOGPS"
            },
            {
                "kind": "Water Solubility",
                "value": "9.40e-04 g/l",
                "source": "ALOGPS"
            },
            {
                "kind": "logP",
                "value": "4.73",
                "source": "ChemAxon"
            },
            {
                "kind": "IUPAC Name",
                "value": "(2S)-6-fluoro-5-[3-(8-fluoro-1-methyl-2,4-dioxo-1,2,3,4-tetrahydroquinazolin-3-yl)-2-methylphenyl]-2-(2-hydroxypropan-2-yl)-2,3,4,9-tetrahydro-1H-carbazole-8-carboxamide",
                "source": "ChemAxon"
            },
            {
                "kind": "Traditional IUPAC Name",
                "value": "(2R)-14-fluoro-2-methyl-6,9,10,19-tetraazapentacyclo[14.2.1.0^{2,6}.0^{8,18}.0^{12,17}]nonadeca-1(18),8,12(17),13,15-pentaen-11-one",
                "source": "ChemAxon"
            },
            {
                "kind": "Molecular Weight",
                "value": "572.613",
                "source": "ChemAxon"
            },
            {
                "kind": "Monoisotopic Weight",
                "value": "572.223511788",
                "source": "ChemAxon"
            },
            {
                "kind": "SMILES",
                "value": "CN1C(=O)N(C(=O)C2=C1C(F)=CC=C2)C1=C(C)C(=CC=C1)C1=C2C3=C(C[C@H](CC3)C(C)(C)O)NC2=C(C=C1F)C(N)=O",
                "source": "ChemAxon"
            },
            {
                "kind": "Molecular Formula",
                "value": "C32H30F2N4O4",
                "source": "ChemAxon"
            },
            {
                "kind": "InChI",
                "value": "InChI=1S/C32H30F2N4O4/c1-15-17(7-6-10-24(15)38-30(40)19-8-5-9-21(33)28(19)37(4)31(38)41)25-22(34)14-20(29(35)39)27-26(25)18-12-11-16(32(2,3)42)13-23(18)36-27/h5-10,14,16,36,42H,11-13H2,1-4H3,(H2,35,39)/t16-/m0/s1",
                "source": "ChemAxon"
            },
            {
                "kind": "InChIKey",
                "value": "ZRYMMWAJAFUANM-INIZCTEOSA-N",
                "source": "ChemAxon"
            },
            {
                "kind": "Polar Surface Area (PSA)",
                "value": "119.73",
                "source": "ChemAxon"
            },
            {
                "kind": "Refractivity",
                "value": "155.31",
                "source": "ChemAxon"
            },
            {
                "kind": "Polarizability",
                "value": "59.43",
                "source": "ChemAxon"
            },
            {
                "kind": "Rotatable Bond Count",
                "value": "2",
                "source": "ChemAxon"
            },
            {
                "kind": "H Bond Acceptor Count",
                "value": "4",
                "source": "ChemAxon"
            },
            {
                "kind": "H Bond Donor Count",
                "value": "3",
                "source": "ChemAxon"
            },
            {
                "kind": "pKa (strongest acidic)",
                "value": "14.11",
                "source": "ChemAxon"
            },
            {
                "kind": "pKa (strongest basic)",
                "value": "-0.95",
                "source": "ChemAxon"
            },
            {
                "kind": "Physiological Charge",
                "value": "0",
                "source": "ChemAxon"
            },
            {
                "kind": "Number of Rings",
                "value": "6",
                "source": "ChemAxon"
            },
            {
                "kind": "Bioavailability",
                "value": "1",
                "source": "ChemAxon"
            },
            {
                "kind": "Rule of Five",
                "value": "0",
                "source": "ChemAxon"
            },
            {
                "kind": "Ghose Filter",
                "value": "0",
                "source": "ChemAxon"
            },
            {
                "kind": "MDDR-Like Rule",
                "value": "0",
                "source": "ChemAxon"
            }
        ]
    },
    "experimental-properties": null,
    "external-identifiers": {
        "external-identifier": [
            {
                "resource": "ChemSpider",
                "identifier": "59053540"
            },
            {
                "resource": "BindingDB",
                "identifier": "230104"
            },
            {
                "resource": "PDB",
                "identifier": "73T"
            },
            {
                "resource": "ChEMBL",
                "identifier": "CHEMBL3900554"
            },
            {
                "resource": "ZINC",
                "identifier": "ZINC000222995022"
            }
        ]
    },
    "external-links": null,
    "pathways": null,
    "reactions": null,
    "snp-effects": null,
    "snp-adverse-drug-reactions": null,
    "targets": null,
    "enzymes": null,
    "carriers": null,
    "transporters": null
}