{
    "type": "biotech",
    "created": "2019-10-10",
    "updated": "2020-06-12",
    "drugbank-id": [
        {
            "primary": true,
            "value": "DB15546"
        }
    ],
    "name": "Skim milk",
    "description": "Skim milk allergenic extract is used in allergenic testing.",
    "cas-number": null,
    "unii": "6A001Y4M5A",
    "groups": {
        "group": [
            "approved"
        ]
    },
    "general-references": {
        "articles": null,
        "textbooks": null,
        "links": null,
        "attachments": null
    },
    "synthesis-reference": null,
    "indication": null,
    "pharmacodynamics": null,
    "mechanism-of-action": null,
    "toxicity": null,
    "metabolism": null,
    "absorption": null,
    "half-life": null,
    "protein-binding": null,
    "route-of-elimination": null,
    "volume-of-distribution": null,
    "clearance": null,
    "salts": null,
    "synonyms": {
        "synonym": [
            {
                "language": "english",
                "coder": "",
                "value": "Bos taurus milk, fat removed"
            },
            {
                "language": "english",
                "coder": "",
                "value": "Cow milk defatted"
            },
            {
                "language": "english",
                "coder": "",
                "value": "Cow milk, fat removed"
            },
            {
                "language": "english",
                "coder": "",
                "value": "Cow milk, skim"
            },
            {
                "language": "english",
                "coder": "",
                "value": "Cow's milk, fat removed"
            },
            {
                "language": "english",
                "coder": "",
                "value": "Lac defloratum"
            },
            {
                "language": "english",
                "coder": "",
                "value": "Milk powder"
            },
            {
                "language": "english",
                "coder": "",
                "value": "Milk solids"
            },
            {
                "language": "english",
                "coder": "",
                "value": "Milk, pasteurized, defatted"
            },
            {
                "language": "english",
                "coder": "",
                "value": "Milk,concentrated sweet skim"
            },
            {
                "language": "english",
                "coder": "",
                "value": "Milk,nonfat"
            },
            {
                "language": "english",
                "coder": "",
                "value": "Milk,nonfat dry"
            },
            {
                "language": "english",
                "coder": "",
                "value": "Milk,processed nonfat dry"
            },
            {
                "language": "english",
                "coder": "",
                "value": "Nonfat dry milk"
            },
            {
                "language": "english",
                "coder": "",
                "value": "Nonfat milk"
            },
            {
                "language": "english",
                "coder": "",
                "value": "Skim milk"
            },
            {
                "language": "english",
                "coder": "",
                "value": "Skim milk, cow"
            }
        ]
    },
    "products": {
        "product": [
            {
                "name": "Cow Milk",
                "labeller": "Greer Laboratories, Inc.",
                "ndc-id": null,
                "ndc-product-code": "22840-5765",
                "dpd-id": null,
                "ema-product-code": null,
                "ema-ma-number": null,
                "started-marketing-on": "1981-09-15",
                "ended-marketing-on": null,
                "dosage-form": "Solution",
                "strength": "0.05 g/1mL",
                "route": "Intradermal; Percutaneous; Subcutaneous",
                "fda-application-number": "BLA101833",
                "generic": false,
                "over-the-counter": false,
                "approved": true,
                "country": "US",
                "source": "FDA NDC"
            },
            {
                "name": "Cows Milk",
                "labeller": "ALK-Abello, Inc.",
                "ndc-id": null,
                "ndc-product-code": "0268-6178",
                "dpd-id": null,
                "ema-product-code": null,
                "ema-ma-number": null,
                "started-marketing-on": "1998-02-23",
                "ended-marketing-on": null,
                "dosage-form": "Injection, solution",
                "strength": "0.1 g/1mL",
                "route": "Percutaneous",
                "fda-application-number": "BLA103753",
                "generic": false,
                "over-the-counter": false,
                "approved": true,
                "country": "US",
                "source": "FDA NDC"
            }
        ]
    },
    "international-brands": null,
    "mixtures": null,
    "packagers": null,
    "manufacturers": null,
    "prices": null,
    "categories": null,
    "affected-organisms": null,
    "dosages": {
        "dosage": [
            {
                "form": "Solution",
                "route": "Intradermal; Percutaneous; Subcutaneous",
                "strength": "0.05 g/1mL"
            },
            {
                "form": "Injection, solution",
                "route": "Percutaneous",
                "strength": "0.1 g/1mL"
            }
        ]
    },
    "atc-codes": null,
    "ahfs-codes": null,
    "pdb-entries": null,
    "patents": null,
    "food-interactions": null,
    "drug-interactions": null,
    "sequences": null,
    "experimental-properties": null,
    "external-identifiers": {
        "external-identifier": [
            {
                "resource": "Wikipedia",
                "identifier": "Skimmed_milk"
            },
            {
                "resource": "RxCUI",
                "identifier": "1310587"
            }
        ]
    },
    "external-links": null,
    "pathways": null,
    "reactions": null,
    "snp-effects": null,
    "snp-adverse-drug-reactions": null,
    "targets": null,
    "enzymes": null,
    "carriers": null,
    "transporters": null
}