{
    "type": "small molecule",
    "created": "2019-05-20",
    "updated": "2020-06-12",
    "drugbank-id": [
        {
            "primary": true,
            "value": "DB15275"
        }
    ],
    "name": "GDC-0077",
    "description": "GDC-0077 is under investigation in clinical trial NCT03006172 (To Evaluate the Safety, Tolerability, and Pharmacokinetics of GDC-0077 Single Agent in Participants With Solid Tumors and in Combination With Endocrine and Targeted Therapies in Participants With Breast Cancer).",
    "cas-number": "2060571-02-8",
    "unii": "L4C1UY2NYH",
    "average-mass": 407.378,
    "monoisotopic-mass": 407.140510438,
    "groups": {
        "group": [
            "investigational"
        ]
    },
    "general-references": {
        "articles": null,
        "textbooks": null,
        "links": null,
        "attachments": null
    },
    "synthesis-reference": null,
    "indication": null,
    "pharmacodynamics": null,
    "mechanism-of-action": null,
    "toxicity": null,
    "metabolism": null,
    "absorption": null,
    "half-life": null,
    "protein-binding": null,
    "route-of-elimination": null,
    "volume-of-distribution": null,
    "clearance": null,
    "salts": null,
    "synonyms": null,
    "products": null,
    "international-brands": null,
    "mixtures": null,
    "packagers": null,
    "manufacturers": null,
    "prices": null,
    "categories": null,
    "affected-organisms": null,
    "dosages": null,
    "atc-codes": null,
    "ahfs-codes": null,
    "pdb-entries": {
        "pdb-entry": [
            "8exv"
        ]
    },
    "patents": null,
    "food-interactions": null,
    "drug-interactions": null,
    "calculated-properties": {
        "property": [
            {
                "kind": "logP",
                "value": "1.49",
                "source": "ALOGPS"
            },
            {
                "kind": "logS",
                "value": "-2.9",
                "source": "ALOGPS"
            },
            {
                "kind": "Water Solubility",
                "value": "5.17e-01 g/l",
                "source": "ALOGPS"
            },
            {
                "kind": "logP",
                "value": "1.16",
                "source": "ChemAxon"
            },
            {
                "kind": "IUPAC Name",
                "value": "(2S)-2-({4-[(4S)-4-(difluoromethyl)-2-oxo-1,3-oxazolidin-3-yl]-9-oxa-3,6-diazatricyclo[8.4.0.0^{2,6}]tetradeca-1(14),2,4,10,12-pentaen-12-yl}amino)propanamide",
                "source": "ChemAxon"
            },
            {
                "kind": "Traditional IUPAC Name",
                "value": "(2R)-14-fluoro-2-methyl-6,9,10,19-tetraazapentacyclo[14.2.1.0^{2,6}.0^{8,18}.0^{12,17}]nonadeca-1(18),8,12(17),13,15-pentaen-11-one",
                "source": "ChemAxon"
            },
            {
                "kind": "Molecular Weight",
                "value": "407.378",
                "source": "ChemAxon"
            },
            {
                "kind": "Monoisotopic Weight",
                "value": "407.140510438",
                "source": "ChemAxon"
            },
            {
                "kind": "SMILES",
                "value": "C[C@H](NC1=CC=C2C3=NC(=CN3CCOC2=C1)N1[C@@H](COC1=O)C(F)F)C(N)=O",
                "source": "ChemAxon"
            },
            {
                "kind": "Molecular Formula",
                "value": "C18H19F2N5O4",
                "source": "ChemAxon"
            },
            {
                "kind": "InChI",
                "value": "InChI=1S/C18H19F2N5O4/c1-9(16(21)26)22-10-2-3-11-13(6-10)28-5-4-24-7-14(23-17(11)24)25-12(15(19)20)8-29-18(25)27/h2-3,6-7,9,12,15,22H,4-5,8H2,1H3,(H2,21,26)/t9-,12-/m0/s1",
                "source": "ChemAxon"
            },
            {
                "kind": "InChIKey",
                "value": "SGEUNORSOZVTOL-CABZTGNLSA-N",
                "source": "ChemAxon"
            },
            {
                "kind": "Polar Surface Area (PSA)",
                "value": "111.71",
                "source": "ChemAxon"
            },
            {
                "kind": "Refractivity",
                "value": "108.28",
                "source": "ChemAxon"
            },
            {
                "kind": "Polarizability",
                "value": "39.18",
                "source": "ChemAxon"
            },
            {
                "kind": "Rotatable Bond Count",
                "value": "5",
                "source": "ChemAxon"
            },
            {
                "kind": "H Bond Acceptor Count",
                "value": "6",
                "source": "ChemAxon"
            },
            {
                "kind": "H Bond Donor Count",
                "value": "2",
                "source": "ChemAxon"
            },
            {
                "kind": "pKa (strongest acidic)",
                "value": "15.19",
                "source": "ChemAxon"
            },
            {
                "kind": "pKa (strongest basic)",
                "value": "3.32",
                "source": "ChemAxon"
            },
            {
                "kind": "Physiological Charge",
                "value": "0",
                "source": "ChemAxon"
            },
            {
                "kind": "Number of Rings",
                "value": "4",
                "source": "ChemAxon"
            },
            {
                "kind": "Bioavailability",
                "value": "1",
                "source": "ChemAxon"
            },
            {
                "kind": "Rule of Five",
                "value": "1",
                "source": "ChemAxon"
            },
            {
                "kind": "Ghose Filter",
                "value": "1",
                "source": "ChemAxon"
            },
            {
                "kind": "MDDR-Like Rule",
                "value": "0",
                "source": "ChemAxon"
            }
        ]
    },
    "experimental-properties": null,
    "external-identifiers": {
        "external-identifier": [
            {
                "resource": "ChemSpider",
                "identifier": "59718498"
            },
            {
                "resource": "BindingDB",
                "identifier": "295665"
            },
            {
                "resource": "PDB",
                "identifier": "X3N"
            },
            {
                "resource": "ZINC",
                "identifier": "ZINC000669678973"
            }
        ]
    },
    "external-links": null,
    "pathways": null,
    "reactions": null,
    "snp-effects": null,
    "snp-adverse-drug-reactions": null,
    "targets": null,
    "enzymes": null,
    "carriers": null,
    "transporters": null
}