{
    "type": "biotech",
    "created": "2020-12-17",
    "updated": "2020-12-23",
    "drugbank-id": [
        {
            "primary": true,
            "value": "DB16359"
        }
    ],
    "name": "CSL324",
    "description": "CSL324 is a fully human anti-G-CSFR antibody shown to have the ability to control G-CSF-mediated neutrophilia in cynomolgus macaques.[A225626] It has potential applications in various inflammatory conditions such as cystic fibrosis, inflammatory bowel disease, rheumatoid arthritis, and vasculitis.[L27516]",
    "cas-number": null,
    "unii": "IA9ALH5N8D",
    "groups": {
        "group": [
            "investigational"
        ]
    },
    "general-references": {
        "articles": {
            "article": [
                {
                    "ref-id": "A225626",
                    "pubmed-id": "28515226",
                    "citation": "Scalzo-Inguanti K, Monaghan K, Edwards K, Herzog E, Mirosa D, Hardy M, Sorto V, Huynh H, Rakar S, Kurtov D, Braley H, Wilson N, Busfield S, Nash A, Andrews A: A neutralizing anti-G-CSFR antibody blocks G-CSF-induced neutrophilia without inducing neutropenia in nonhuman primates. J Leukoc Biol. 2017 Aug;102(2):537-549. doi: 10.1189/jlb.5A1116-489R. Epub 2017 May 17."
                }
            ]
        },
        "textbooks": null,
        "links": {
            "link": [
                {
                    "ref-id": "L27516",
                    "title": "ScienceDirect: 164: CSL324, a humanised anti G-CSFR antibody, can inhibit neutrophil migration while not impaction on neutrophil number or effector functions",
                    "url": "https://www.sciencedirect.com/science/article/abs/pii/S1043466614003810"
                }
            ]
        },
        "attachments": null
    },
    "synthesis-reference": null,
    "indication": null,
    "pharmacodynamics": null,
    "mechanism-of-action": "CSL324 binds to G-CSFR, which has been shown to neutralize the activity of G-CSF.[L27516] Thus, this antibody is hypothesized to reduce G-CSF-driven mobilization and recruitment, which then, in turn, will aid in inflammation reduction. CSL324 also inhibits the G-CSF-mediated expression of CXCR1 and CXCR2 on neutrophils. Currently, it is being investigated against inflammation and COVID-19.",
    "toxicity": null,
    "metabolism": null,
    "absorption": null,
    "half-life": null,
    "protein-binding": null,
    "route-of-elimination": null,
    "volume-of-distribution": null,
    "clearance": null,
    "classification": {
        "description": null,
        "direct-parent": "Peptides",
        "kingdom": "Organic Compounds",
        "superclass": "Organic Acids",
        "class": "Carboxylic Acids and Derivatives",
        "subclass": "Amino Acids, Peptides, and Analogues"
    },
    "salts": null,
    "synonyms": null,
    "products": null,
    "international-brands": null,
    "mixtures": null,
    "packagers": null,
    "manufacturers": null,
    "prices": null,
    "categories": null,
    "affected-organisms": null,
    "dosages": null,
    "atc-codes": null,
    "ahfs-codes": null,
    "pdb-entries": null,
    "patents": null,
    "food-interactions": null,
    "drug-interactions": null,
    "sequences": null,
    "experimental-properties": null,
    "external-identifiers": null,
    "external-links": null,
    "pathways": null,
    "reactions": null,
    "snp-effects": null,
    "snp-adverse-drug-reactions": null,
    "targets": null,
    "enzymes": null,
    "carriers": null,
    "transporters": null
}