{
    "type": "small molecule",
    "created": "2020-12-15",
    "updated": "2020-12-20",
    "drugbank-id": [
        {
            "primary": true,
            "value": "DB16185"
        }
    ],
    "name": "HQP1351",
    "description": "HQP1351 is under investigation in clinical trial NCT03883100 (A Pivotal Study of HQP1351 in Patients of Chronic Myeloid Leukemia in Accelerated Phase With T315I Mutation).",
    "cas-number": "1257628-77-5",
    "unii": "KV1M7Q3CBP",
    "average-mass": 532.571,
    "monoisotopic-mass": 532.219844002,
    "groups": {
        "group": [
            "investigational"
        ]
    },
    "general-references": {
        "articles": null,
        "textbooks": null,
        "links": null,
        "attachments": null
    },
    "synthesis-reference": null,
    "indication": null,
    "pharmacodynamics": null,
    "mechanism-of-action": null,
    "toxicity": null,
    "metabolism": null,
    "absorption": null,
    "half-life": null,
    "protein-binding": null,
    "route-of-elimination": null,
    "volume-of-distribution": null,
    "clearance": null,
    "salts": null,
    "synonyms": {
        "synonym": [
            {
                "language": "english",
                "coder": "",
                "value": "Hqp-1351 free base"
            },
            {
                "language": "english",
                "coder": "",
                "value": "Hqp1351 free base"
            },
            {
                "language": "english",
                "coder": "",
                "value": "Olverembatinib"
            }
        ]
    },
    "products": null,
    "international-brands": null,
    "mixtures": null,
    "packagers": null,
    "manufacturers": null,
    "prices": null,
    "categories": null,
    "affected-organisms": null,
    "dosages": null,
    "atc-codes": null,
    "ahfs-codes": null,
    "pdb-entries": null,
    "patents": null,
    "food-interactions": null,
    "drug-interactions": null,
    "calculated-properties": {
        "property": [
            {
                "kind": "logP",
                "value": "3.71",
                "source": "ALOGPS"
            },
            {
                "kind": "logS",
                "value": "-5.2",
                "source": "ALOGPS"
            },
            {
                "kind": "Water Solubility",
                "value": "2.98e-03 g/l",
                "source": "ALOGPS"
            },
            {
                "kind": "logP",
                "value": "4.84",
                "source": "ChemAxon"
            },
            {
                "kind": "IUPAC Name",
                "value": "4-methyl-N-{4-[(4-methylpiperazin-1-yl)methyl]-3-(trifluoromethyl)phenyl}-3-(2-{1H-pyrazolo[3,4-b]pyridin-5-yl}ethynyl)benzamide",
                "source": "ChemAxon"
            },
            {
                "kind": "Traditional IUPAC Name",
                "value": "2-methoxy-4-[(1E)-3-[4-(nitrooxy)butoxy]-3-oxoprop-1-en-1-yl]phenyl (4R)-4-[(1R,3aS,3bR,4S,5aS,7R,9aS,9bS,11aR)-4,7-dihydroxy-9a,11a-dimethyl-tetradecahydro-1H-cyclopenta[a]phenanthren-1-yl]pentanoate",
                "source": "ChemAxon"
            },
            {
                "kind": "Molecular Weight",
                "value": "532.571",
                "source": "ChemAxon"
            },
            {
                "kind": "Monoisotopic Weight",
                "value": "532.219844002",
                "source": "ChemAxon"
            },
            {
                "kind": "SMILES",
                "value": "CN1CCN(CC2=C(C=C(NC(=O)C3=CC(C#CC4=CC5=C(NN=C5)N=C4)=C(C)C=C3)C=C2)C(F)(F)F)CC1",
                "source": "ChemAxon"
            },
            {
                "kind": "Molecular Formula",
                "value": "C29H27F3N6O",
                "source": "ChemAxon"
            },
            {
                "kind": "InChI",
                "value": "InChI=1S/C29H27F3N6O/c1-19-3-5-22(14-21(19)6-4-20-13-24-17-34-36-27(24)33-16-20)28(39)35-25-8-7-23(26(15-25)29(30,31)32)18-38-11-9-37(2)10-12-38/h3,5,7-8,13-17H,9-12,18H2,1-2H3,(H,35,39)(H,33,34,36)",
                "source": "ChemAxon"
            },
            {
                "kind": "InChIKey",
                "value": "TZKBVRDEOITLRB-UHFFFAOYSA-N",
                "source": "ChemAxon"
            },
            {
                "kind": "Polar Surface Area (PSA)",
                "value": "77.15",
                "source": "ChemAxon"
            },
            {
                "kind": "Refractivity",
                "value": "142.85",
                "source": "ChemAxon"
            },
            {
                "kind": "Polarizability",
                "value": "55.31",
                "source": "ChemAxon"
            },
            {
                "kind": "Rotatable Bond Count",
                "value": "7",
                "source": "ChemAxon"
            },
            {
                "kind": "H Bond Acceptor Count",
                "value": "5",
                "source": "ChemAxon"
            },
            {
                "kind": "H Bond Donor Count",
                "value": "2",
                "source": "ChemAxon"
            },
            {
                "kind": "pKa (strongest acidic)",
                "value": "11.08",
                "source": "ChemAxon"
            },
            {
                "kind": "pKa (strongest basic)",
                "value": "7.57",
                "source": "ChemAxon"
            },
            {
                "kind": "Physiological Charge",
                "value": "1",
                "source": "ChemAxon"
            },
            {
                "kind": "Number of Rings",
                "value": "5",
                "source": "ChemAxon"
            },
            {
                "kind": "Bioavailability",
                "value": "1",
                "source": "ChemAxon"
            },
            {
                "kind": "Rule of Five",
                "value": "0",
                "source": "ChemAxon"
            },
            {
                "kind": "Ghose Filter",
                "value": "0",
                "source": "ChemAxon"
            },
            {
                "kind": "MDDR-Like Rule",
                "value": "1",
                "source": "ChemAxon"
            }
        ]
    },
    "experimental-properties": null,
    "external-identifiers": {
        "external-identifier": [
            {
                "resource": "ChemSpider",
                "identifier": "29395146"
            },
            {
                "resource": "BindingDB",
                "identifier": "50425780"
            },
            {
                "resource": "ChEMBL",
                "identifier": "CHEMBL2316582"
            },
            {
                "resource": "ZINC",
                "identifier": "ZINC000095594040"
            }
        ]
    },
    "external-links": null,
    "pathways": null,
    "reactions": null,
    "snp-effects": null,
    "snp-adverse-drug-reactions": null,
    "targets": null,
    "enzymes": null,
    "carriers": null,
    "transporters": null
}