{
    "type": "biotech",
    "created": "2021-02-08",
    "updated": "2021-02-13",
    "drugbank-id": [
        {
            "primary": true,
            "value": "DB16559"
        }
    ],
    "name": "Nux vomica extract",
    "description": null,
    "cas-number": "8046-97-7",
    "unii": "269XH13919",
    "groups": {
        "group": [
            "experimental"
        ]
    },
    "general-references": {
        "articles": null,
        "textbooks": null,
        "links": null,
        "attachments": null
    },
    "synthesis-reference": null,
    "indication": null,
    "pharmacodynamics": null,
    "mechanism-of-action": null,
    "toxicity": null,
    "metabolism": null,
    "absorption": null,
    "half-life": null,
    "protein-binding": null,
    "route-of-elimination": null,
    "volume-of-distribution": null,
    "clearance": null,
    "salts": null,
    "synonyms": {
        "synonym": [
            {
                "language": "english",
                "coder": "",
                "value": "Ma qian zi seed"
            },
            {
                "language": "english",
                "coder": "jan",
                "value": "Nux vomica extract"
            },
            {
                "language": "english",
                "coder": "",
                "value": "Nux vomica seed"
            },
            {
                "language": "english",
                "coder": "",
                "value": "Strychnos nux-vomica"
            }
        ]
    },
    "products": null,
    "international-brands": null,
    "mixtures": null,
    "packagers": null,
    "manufacturers": null,
    "prices": null,
    "categories": {
        "category": [
            {
                "category": "Cell-mediated Immunity",
                "mesh-id": "D007111"
            },
            {
                "category": "Increased Histamine Release",
                "mesh-id": null
            },
            {
                "category": "Increased IgG Production",
                "mesh-id": null
            },
            {
                "category": "Non-Standardized Plant Allergenic Extract",
                "mesh-id": null
            }
        ]
    },
    "affected-organisms": null,
    "dosages": null,
    "atc-codes": null,
    "ahfs-codes": null,
    "pdb-entries": null,
    "patents": null,
    "food-interactions": null,
    "drug-interactions": null,
    "sequences": null,
    "experimental-properties": null,
    "external-identifiers": {
        "external-identifier": [
            {
                "resource": "RxCUI",
                "identifier": "314743"
            }
        ]
    },
    "external-links": null,
    "pathways": null,
    "reactions": null,
    "snp-effects": null,
    "snp-adverse-drug-reactions": null,
    "targets": null,
    "enzymes": null,
    "carriers": null,
    "transporters": null
}