{
    "type": "small molecule",
    "created": "2020-12-15",
    "updated": "2021-02-21",
    "drugbank-id": [
        {
            "primary": true,
            "value": "DB16250"
        }
    ],
    "name": "Nazartinib",
    "description": "Nazartinib is under investigation in clinical trial NCT03529084 (Phase III Study of Nazartinib (EGF816) Versus Erlotinib/gefitinib in First-line Locally Advanced / Metastatic NSCLC With EGFR Activating Mutations).",
    "cas-number": "1508250-71-2",
    "unii": "KE7K32EME8",
    "average-mass": 495.02,
    "monoisotopic-mass": 494.219702,
    "groups": {
        "group": [
            "investigational"
        ]
    },
    "general-references": {
        "articles": null,
        "textbooks": null,
        "links": null,
        "attachments": null
    },
    "synthesis-reference": null,
    "indication": null,
    "pharmacodynamics": null,
    "mechanism-of-action": null,
    "toxicity": null,
    "metabolism": null,
    "absorption": null,
    "half-life": null,
    "protein-binding": null,
    "route-of-elimination": null,
    "volume-of-distribution": null,
    "clearance": null,
    "salts": null,
    "synonyms": {
        "synonym": [
            {
                "language": "english",
                "coder": "inn/usan",
                "value": "Nazartinib"
            }
        ]
    },
    "products": null,
    "international-brands": null,
    "mixtures": null,
    "packagers": null,
    "manufacturers": null,
    "prices": null,
    "categories": {
        "category": [
            {
                "category": "Alkaloids",
                "mesh-id": "D000470"
            },
            {
                "category": "Antineoplastic Agents",
                "mesh-id": "D000970"
            },
            {
                "category": "Heterocyclic Compounds, Fused-Ring",
                "mesh-id": "D000072471"
            },
            {
                "category": "Pyridines",
                "mesh-id": "D011725"
            },
            {
                "category": "Solanaceous Alkaloids",
                "mesh-id": "D012991"
            }
        ]
    },
    "affected-organisms": null,
    "dosages": null,
    "atc-codes": null,
    "ahfs-codes": null,
    "pdb-entries": null,
    "patents": null,
    "food-interactions": null,
    "drug-interactions": {
        "drug-interaction": [
            {
                "drugbank-id": {
                    "primary": false,
                    "value": "DB00012"
                },
                "name": "Darbepoetin alfa",
                "description": "The risk or severity of Thrombosis can be increased when Darbepoetin alfa is combined with Nazartinib."
            },
            {
                "drugbank-id": {
                    "primary": false,
                    "value": "DB00016"
                },
                "name": "Erythropoietin",
                "description": "The risk or severity of Thrombosis can be increased when Erythropoietin is combined with Nazartinib."
            },
            {
                "drugbank-id": {
                    "primary": false,
                    "value": "DB08894"
                },
                "name": "Peginesatide",
                "description": "The risk or severity of Thrombosis can be increased when Peginesatide is combined with Nazartinib."
            },
            {
                "drugbank-id": {
                    "primary": false,
                    "value": "DB09107"
                },
                "name": "Methoxy polyethylene glycol-epoetin beta",
                "description": "The risk or severity of Thrombosis can be increased when Methoxy polyethylene glycol-epoetin beta is combined with Nazartinib."
            },
            {
                "drugbank-id": {
                    "primary": false,
                    "value": "DB00281"
                },
                "name": "Lidocaine",
                "description": "The risk or severity of methemoglobinemia can be increased when Nazartinib is combined with Lidocaine."
            },
            {
                "drugbank-id": {
                    "primary": false,
                    "value": "DB00296"
                },
                "name": "Ropivacaine",
                "description": "The risk or severity of methemoglobinemia can be increased when Nazartinib is combined with Ropivacaine."
            },
            {
                "drugbank-id": {
                    "primary": false,
                    "value": "DB00297"
                },
                "name": "Bupivacaine",
                "description": "The risk or severity of methemoglobinemia can be increased when Nazartinib is combined with Bupivacaine."
            },
            {
                "drugbank-id": {
                    "primary": false,
                    "value": "DB00527"
                },
                "name": "Cinchocaine",
                "description": "The risk or severity of methemoglobinemia can be increased when Nazartinib is combined with Cinchocaine."
            },
            {
                "drugbank-id": {
                    "primary": false,
                    "value": "DB00645"
                },
                "name": "Dyclonine",
                "description": "The risk or severity of methemoglobinemia can be increased when Nazartinib is combined with Dyclonine."
            },
            {
                "drugbank-id": {
                    "primary": false,
                    "value": "DB00721"
                },
                "name": "Procaine",
                "description": "The risk or severity of methemoglobinemia can be increased when Nazartinib is combined with Procaine."
            },
            {
                "drugbank-id": {
                    "primary": false,
                    "value": "DB00750"
                },
                "name": "Prilocaine",
                "description": "The risk or severity of methemoglobinemia can be increased when Nazartinib is combined with Prilocaine."
            },
            {
                "drugbank-id": {
                    "primary": false,
                    "value": "DB00807"
                },
                "name": "Proparacaine",
                "description": "The risk or severity of methemoglobinemia can be increased when Nazartinib is combined with Proparacaine."
            },
            {
                "drugbank-id": {
                    "primary": false,
                    "value": "DB00814"
                },
                "name": "Meloxicam",
                "description": "The risk or severity of methemoglobinemia can be increased when Nazartinib is combined with Meloxicam."
            },
            {
                "drugbank-id": {
                    "primary": false,
                    "value": "DB00892"
                },
                "name": "Oxybuprocaine",
                "description": "The risk or severity of methemoglobinemia can be increased when Nazartinib is combined with Oxybuprocaine."
            },
            {
                "drugbank-id": {
                    "primary": false,
                    "value": "DB00907"
                },
                "name": "Cocaine",
                "description": "The risk or severity of methemoglobinemia can be increased when Nazartinib is combined with Cocaine."
            },
            {
                "drugbank-id": {
                    "primary": false,
                    "value": "DB00961"
                },
                "name": "Mepivacaine",
                "description": "The risk or severity of methemoglobinemia can be increased when Nazartinib is combined with Mepivacaine."
            },
            {
                "drugbank-id": {
                    "primary": false,
                    "value": "DB01002"
                },
                "name": "Levobupivacaine",
                "description": "The risk or severity of methemoglobinemia can be increased when Nazartinib is combined with Levobupivacaine."
            },
            {
                "drugbank-id": {
                    "primary": false,
                    "value": "DB01075"
                },
                "name": "Diphenhydramine",
                "description": "The risk or severity of methemoglobinemia can be increased when Nazartinib is combined with Diphenhydramine."
            },
            {
                "drugbank-id": {
                    "primary": false,
                    "value": "DB01086"
                },
                "name": "Benzocaine",
                "description": "The risk or severity of methemoglobinemia can be increased when Nazartinib is combined with Benzocaine."
            },
            {
                "drugbank-id": {
                    "primary": false,
                    "value": "DB01161"
                },
                "name": "Chloroprocaine",
                "description": "The risk or severity of methemoglobinemia can be increased when Nazartinib is combined with Chloroprocaine."
            },
            {
                "drugbank-id": {
                    "primary": false,
                    "value": "DB03255"
                },
                "name": "Phenol",
                "description": "The risk or severity of methemoglobinemia can be increased when Nazartinib is combined with Phenol."
            },
            {
                "drugbank-id": {
                    "primary": false,
                    "value": "DB05232"
                },
                "name": "Tetrodotoxin",
                "description": "The risk or severity of methemoglobinemia can be increased when Nazartinib is combined with Tetrodotoxin."
            },
            {
                "drugbank-id": {
                    "primary": false,
                    "value": "DB06770"
                },
                "name": "Benzyl alcohol",
                "description": "The risk or severity of methemoglobinemia can be increased when Nazartinib is combined with Benzyl alcohol."
            },
            {
                "drugbank-id": {
                    "primary": false,
                    "value": "DB06774"
                },
                "name": "Capsaicin",
                "description": "The risk or severity of methemoglobinemia can be increased when Nazartinib is combined with Capsaicin."
            },
            {
                "drugbank-id": {
                    "primary": false,
                    "value": "DB08987"
                },
                "name": "Etidocaine",
                "description": "The risk or severity of methemoglobinemia can be increased when Nazartinib is combined with Etidocaine."
            },
            {
                "drugbank-id": {
                    "primary": false,
                    "value": "DB09009"
                },
                "name": "Articaine",
                "description": "The risk or severity of methemoglobinemia can be increased when Nazartinib is combined with Articaine."
            },
            {
                "drugbank-id": {
                    "primary": false,
                    "value": "DB09085"
                },
                "name": "Tetracaine",
                "description": "The risk or severity of methemoglobinemia can be increased when Nazartinib is combined with Tetracaine."
            },
            {
                "drugbank-id": {
                    "primary": false,
                    "value": "DB09342"
                },
                "name": "Propoxycaine",
                "description": "The risk or severity of methemoglobinemia can be increased when Nazartinib is combined with Propoxycaine."
            },
            {
                "drugbank-id": {
                    "primary": false,
                    "value": "DB09345"
                },
                "name": "Pramocaine",
                "description": "The risk or severity of methemoglobinemia can be increased when Nazartinib is combined with Pramocaine."
            },
            {
                "drugbank-id": {
                    "primary": false,
                    "value": "DB11148"
                },
                "name": "Butamben",
                "description": "The risk or severity of methemoglobinemia can be increased when Nazartinib is combined with Butamben."
            },
            {
                "drugbank-id": {
                    "primary": false,
                    "value": "DB11502"
                },
                "name": "Butacaine",
                "description": "The risk or severity of methemoglobinemia can be increased when Nazartinib is combined with Butacaine."
            },
            {
                "drugbank-id": {
                    "primary": false,
                    "value": "DB12532"
                },
                "name": "Oxetacaine",
                "description": "The risk or severity of methemoglobinemia can be increased when Nazartinib is combined with Oxetacaine."
            },
            {
                "drugbank-id": {
                    "primary": false,
                    "value": "DB13259"
                },
                "name": "Ethyl chloride",
                "description": "The risk or severity of methemoglobinemia can be increased when Nazartinib is combined with Ethyl chloride."
            },
            {
                "drugbank-id": {
                    "primary": false,
                    "value": "DB13328"
                },
                "name": "Butanilicaine",
                "description": "The risk or severity of methemoglobinemia can be increased when Nazartinib is combined with Butanilicaine."
            },
            {
                "drugbank-id": {
                    "primary": false,
                    "value": "DB13578"
                },
                "name": "Metabutethamine",
                "description": "The risk or severity of methemoglobinemia can be increased when Nazartinib is combined with Metabutethamine."
            },
            {
                "drugbank-id": {
                    "primary": false,
                    "value": "DB13683"
                },
                "name": "Quinisocaine",
                "description": "The risk or severity of methemoglobinemia can be increased when Nazartinib is combined with Quinisocaine."
            }
        ]
    },
    "calculated-properties": {
        "property": [
            {
                "kind": "logP",
                "value": "3.78",
                "source": "ALOGPS"
            },
            {
                "kind": "logS",
                "value": "-4.4",
                "source": "ALOGPS"
            },
            {
                "kind": "Water Solubility",
                "value": "2.00e-02 g/l",
                "source": "ALOGPS"
            },
            {
                "kind": "logP",
                "value": "3.5",
                "source": "ChemAxon"
            },
            {
                "kind": "IUPAC Name",
                "value": "N-{7-chloro-1-[(3R)-1-[(2E)-4-(dimethylamino)but-2-enoyl]azepan-3-yl]-1H-1,3-benzodiazol-2-yl}-2-methylpyridine-4-carboxamide",
                "source": "ChemAxon"
            },
            {
                "kind": "Traditional IUPAC Name",
                "value": "2-methoxy-4-[(1E)-3-[4-(nitrooxy)butoxy]-3-oxoprop-1-en-1-yl]phenyl (4R)-4-[(1R,3aS,3bR,4S,5aS,7R,9aS,9bS,11aR)-4,7-dihydroxy-9a,11a-dimethyl-tetradecahydro-1H-cyclopenta[a]phenanthren-1-yl]pentanoate",
                "source": "ChemAxon"
            },
            {
                "kind": "Molecular Weight",
                "value": "495.02",
                "source": "ChemAxon"
            },
            {
                "kind": "Monoisotopic Weight",
                "value": "494.219702",
                "source": "ChemAxon"
            },
            {
                "kind": "SMILES",
                "value": "CN(C)C\\C=C\\C(=O)N1CCCC[C@H](C1)N1C(NC(=O)C2=CC=NC(C)=C2)=NC2=C1C(Cl)=CC=C2",
                "source": "ChemAxon"
            },
            {
                "kind": "Molecular Formula",
                "value": "C26H31ClN6O2",
                "source": "ChemAxon"
            },
            {
                "kind": "InChI",
                "value": "InChI=1S/C26H31ClN6O2/c1-18-16-19(12-13-28-18)25(35)30-26-29-22-10-6-9-21(27)24(22)33(26)20-8-4-5-15-32(17-20)23(34)11-7-14-31(2)3/h6-7,9-13,16,20H,4-5,8,14-15,17H2,1-3H3,(H,29,30,35)/b11-7+/t20-/m1/s1",
                "source": "ChemAxon"
            },
            {
                "kind": "InChIKey",
                "value": "IOMMMLWIABWRKL-WUTDNEBXSA-N",
                "source": "ChemAxon"
            },
            {
                "kind": "Polar Surface Area (PSA)",
                "value": "83.36",
                "source": "ChemAxon"
            },
            {
                "kind": "Refractivity",
                "value": "140.04",
                "source": "ChemAxon"
            },
            {
                "kind": "Polarizability",
                "value": "54.2",
                "source": "ChemAxon"
            },
            {
                "kind": "Rotatable Bond Count",
                "value": "6",
                "source": "ChemAxon"
            },
            {
                "kind": "H Bond Acceptor Count",
                "value": "5",
                "source": "ChemAxon"
            },
            {
                "kind": "H Bond Donor Count",
                "value": "1",
                "source": "ChemAxon"
            },
            {
                "kind": "pKa (strongest acidic)",
                "value": "13.62",
                "source": "ChemAxon"
            },
            {
                "kind": "pKa (strongest basic)",
                "value": "8.81",
                "source": "ChemAxon"
            },
            {
                "kind": "Physiological Charge",
                "value": "1",
                "source": "ChemAxon"
            },
            {
                "kind": "Number of Rings",
                "value": "4",
                "source": "ChemAxon"
            },
            {
                "kind": "Bioavailability",
                "value": "1",
                "source": "ChemAxon"
            },
            {
                "kind": "Rule of Five",
                "value": "1",
                "source": "ChemAxon"
            },
            {
                "kind": "Ghose Filter",
                "value": "0",
                "source": "ChemAxon"
            },
            {
                "kind": "MDDR-Like Rule",
                "value": "1",
                "source": "ChemAxon"
            }
        ]
    },
    "experimental-properties": null,
    "external-identifiers": {
        "external-identifier": [
            {
                "resource": "ChemSpider",
                "identifier": "35308229"
            },
            {
                "resource": "ChEMBL",
                "identifier": "CHEMBL3787344"
            },
            {
                "resource": "ZINC",
                "identifier": "ZINC000210610738"
            }
        ]
    },
    "external-links": null,
    "pathways": null,
    "reactions": null,
    "snp-effects": null,
    "snp-adverse-drug-reactions": null,
    "targets": null,
    "enzymes": null,
    "carriers": null,
    "transporters": null
}