{
    "type": "biotech",
    "created": "2020-12-16",
    "updated": "2020-12-20",
    "drugbank-id": [
        {
            "primary": true,
            "value": "DB16358"
        }
    ],
    "name": "MW33",
    "description": "MW33 is a recombinant fully human antibody to SARS-CoV-2.[L27411] This antibody injection is currently being investigated against COVID-19 in the clinical trial NCT04533048 (A Clinical Study to Evaluate MW33 Injection).",
    "cas-number": null,
    "unii": null,
    "groups": {
        "group": [
            "investigational"
        ]
    },
    "general-references": {
        "articles": {
            "article": [
                {
                    "ref-id": "A225591",
                    "pubmed-id": "33087898",
                    "citation": "DeFrancesco L: COVID-19 antibodies on trial. Nat Biotechnol. 2020 Nov;38(11):1242-1252. doi: 10.1038/s41587-020-0732-8."
                }
            ]
        },
        "textbooks": null,
        "links": {
            "link": [
                {
                    "ref-id": "L27411",
                    "title": "ClinicalTrials.gov: A Clinical Study to Evaluate MW33 Injection",
                    "url": "https://clinicaltrials.gov/ct2/show/NCT04533048"
                }
            ]
        },
        "attachments": null
    },
    "synthesis-reference": null,
    "indication": null,
    "pharmacodynamics": null,
    "mechanism-of-action": "The antibody MW33 targets the S protein epitope and is currently being investigated against COVID-19.[A225591]",
    "toxicity": null,
    "metabolism": null,
    "absorption": null,
    "half-life": null,
    "protein-binding": null,
    "route-of-elimination": null,
    "volume-of-distribution": null,
    "clearance": null,
    "salts": null,
    "synonyms": null,
    "products": null,
    "international-brands": null,
    "mixtures": null,
    "packagers": null,
    "manufacturers": null,
    "prices": null,
    "categories": null,
    "affected-organisms": null,
    "dosages": null,
    "atc-codes": null,
    "ahfs-codes": null,
    "pdb-entries": null,
    "patents": null,
    "food-interactions": null,
    "drug-interactions": null,
    "sequences": null,
    "experimental-properties": null,
    "external-identifiers": null,
    "external-links": null,
    "pathways": null,
    "reactions": null,
    "snp-effects": null,
    "snp-adverse-drug-reactions": null,
    "targets": null,
    "enzymes": null,
    "carriers": null,
    "transporters": null
}