{
    "type": "small molecule",
    "created": "2020-12-23",
    "updated": "2021-02-21",
    "drugbank-id": [
        {
            "primary": true,
            "value": "DB16406"
        }
    ],
    "name": "Subasumstat",
    "description": "Subasumstat is under investigation in clinical trial NCT03648372 (A Study to Evaluate the Safety, Tolerability, Preliminary Efficacy and Pharmacokinetics (PK) of TAK-981 in Adult Participants With Advanced or Metastatic Solid Tumors or Relapsed/refractory Hematologic Malignancies and in a Subset With Coronavirus Disease 2019 (COVID-19)).",
    "cas-number": "1858276-04-6",
    "unii": "XQ43H3V6M1",
    "average-mass": 578.1,
    "monoisotopic-mass": 577.1220391,
    "groups": {
        "group": [
            "investigational"
        ]
    },
    "general-references": {
        "articles": null,
        "textbooks": null,
        "links": {
            "link": [
                {
                    "ref-id": "L30693",
                    "title": "National Cancer Institute: Sumoylation inhibitor TAK-981",
                    "url": "https://www.cancer.gov/publications/dictionaries/cancer-drug/def/795544"
                },
                {
                    "ref-id": "L30698",
                    "title": "newdrugapprovals.org: TAK-981",
                    "url": "https://newdrugapprovals.org/2019/04/12/tak-981/"
                }
            ]
        },
        "attachments": null
    },
    "synthesis-reference": null,
    "indication": null,
    "pharmacodynamics": null,
    "mechanism-of-action": "Subasumstat binds and forms an adduct with SUMO, stopping the protein from transferring from the SUMO-activating enzyme to SUMO-conjugating enzyme UBC9. Downstream, this stops many sumoylated protein-mediated pathways from occurring in tumor cells, like DNA repair, metastasis, and proliferation. Subasumstat is also able to increase the production of type 1 interferon, which activates antitumor immune responses in cells and signals for increased tumor cell death.[L30693,L30698]",
    "toxicity": null,
    "metabolism": null,
    "absorption": null,
    "half-life": null,
    "protein-binding": null,
    "route-of-elimination": null,
    "volume-of-distribution": null,
    "clearance": null,
    "salts": null,
    "synonyms": {
        "synonym": [
            {
                "language": "english",
                "coder": "inn",
                "value": "Subasumstat"
            }
        ]
    },
    "products": null,
    "international-brands": null,
    "mixtures": null,
    "packagers": null,
    "manufacturers": null,
    "prices": null,
    "categories": {
        "category": [
            {
                "category": "Experimental Unapproved Treatments for COVID-19",
                "mesh-id": null
            }
        ]
    },
    "affected-organisms": null,
    "dosages": null,
    "atc-codes": null,
    "ahfs-codes": null,
    "pdb-entries": null,
    "patents": null,
    "food-interactions": null,
    "drug-interactions": null,
    "calculated-properties": {
        "property": [
            {
                "kind": "logP",
                "value": "2.47",
                "source": "ALOGPS"
            },
            {
                "kind": "logS",
                "value": "-5.1",
                "source": "ALOGPS"
            },
            {
                "kind": "Water Solubility",
                "value": "4.19e-03 g/l",
                "source": "ALOGPS"
            },
            {
                "kind": "logP",
                "value": "3.12",
                "source": "ChemAxon"
            },
            {
                "kind": "IUPAC Name",
                "value": "[(1R,2S,4R)-4-[(5-{4-[(1R)-7-chloro-1,2,3,4-tetrahydroisoquinolin-1-yl]-5-methylthiophene-2-carbonyl}pyrimidin-4-yl)amino]-2-hydroxycyclopentyl]methyl sulfamate",
                "source": "ChemAxon"
            },
            {
                "kind": "Traditional IUPAC Name",
                "value": "quercetin-3-glucoside",
                "source": "ChemAxon"
            },
            {
                "kind": "Molecular Weight",
                "value": "578.1",
                "source": "ChemAxon"
            },
            {
                "kind": "Monoisotopic Weight",
                "value": "577.1220391",
                "source": "ChemAxon"
            },
            {
                "kind": "SMILES",
                "value": "CC1=C(C=C(S1)C(=O)C1=C(N[C@H]2C[C@H](O)[C@@H](COS(N)(=O)=O)C2)N=CN=C1)[C@@H]1NCCC2=C1C=C(Cl)C=C2",
                "source": "ChemAxon"
            },
            {
                "kind": "Molecular Formula",
                "value": "C25H28ClN5O5S2",
                "source": "ChemAxon"
            },
            {
                "kind": "InChI",
                "value": "InChI=1S/C25H28ClN5O5S2/c1-13-18(23-19-7-16(26)3-2-14(19)4-5-29-23)9-22(37-13)24(33)20-10-28-12-30-25(20)31-17-6-15(21(32)8-17)11-36-38(27,34)35/h2-3,7,9-10,12,15,17,21,23,29,32H,4-6,8,11H2,1H3,(H2,27,34,35)(H,28,30,31)/t15-,17-,21+,23+/m1/s1",
                "source": "ChemAxon"
            },
            {
                "kind": "InChIKey",
                "value": "LXRZVMYMQHNYJB-UNXOBOICSA-N",
                "source": "ChemAxon"
            },
            {
                "kind": "Polar Surface Area (PSA)",
                "value": "156.53",
                "source": "ChemAxon"
            },
            {
                "kind": "Refractivity",
                "value": "147.26",
                "source": "ChemAxon"
            },
            {
                "kind": "Polarizability",
                "value": "58.69",
                "source": "ChemAxon"
            },
            {
                "kind": "Rotatable Bond Count",
                "value": "8",
                "source": "ChemAxon"
            },
            {
                "kind": "H Bond Acceptor Count",
                "value": "9",
                "source": "ChemAxon"
            },
            {
                "kind": "H Bond Donor Count",
                "value": "4",
                "source": "ChemAxon"
            },
            {
                "kind": "pKa (strongest acidic)",
                "value": "11.4",
                "source": "ChemAxon"
            },
            {
                "kind": "pKa (strongest basic)",
                "value": "7.73",
                "source": "ChemAxon"
            },
            {
                "kind": "Physiological Charge",
                "value": "1",
                "source": "ChemAxon"
            },
            {
                "kind": "Number of Rings",
                "value": "5",
                "source": "ChemAxon"
            },
            {
                "kind": "Bioavailability",
                "value": "1",
                "source": "ChemAxon"
            },
            {
                "kind": "Rule of Five",
                "value": "0",
                "source": "ChemAxon"
            },
            {
                "kind": "Ghose Filter",
                "value": "0",
                "source": "ChemAxon"
            },
            {
                "kind": "MDDR-Like Rule",
                "value": "1",
                "source": "ChemAxon"
            }
        ]
    },
    "experimental-properties": null,
    "external-identifiers": {
        "external-identifier": [
            {
                "resource": "ChemSpider",
                "identifier": "72380106"
            }
        ]
    },
    "external-links": null,
    "pathways": null,
    "reactions": null,
    "snp-effects": null,
    "snp-adverse-drug-reactions": null,
    "targets": null,
    "enzymes": null,
    "carriers": null,
    "transporters": null
}