{
    "type": "small molecule",
    "created": "2021-01-21",
    "updated": "2021-02-13",
    "drugbank-id": [
        {
            "primary": true,
            "value": "DB16451"
        }
    ],
    "name": "AT-527",
    "description": null,
    "cas-number": "2241337-84-6",
    "unii": "DAI4WL7JQ6",
    "state": "solid",
    "groups": {
        "group": [
            "investigational"
        ]
    },
    "general-references": {
        "articles": {
            "article": [
                {
                    "ref-id": "A227185",
                    "pubmed-id": "31570394",
                    "citation": "Berliba E, Bogus M, Vanhoutte F, Berghmans PJ, Good SS, Moussa A, Pietropaolo K, Murphy RL, Zhou XJ, Sommadossi JP: Safety, pharmacokinetics and antiviral activity of AT-527, a novel purine nucleotide prodrug, in HCV-infected subjects with and without cirrhosis. Antimicrob Agents Chemother. 2019 Sep 30. pii: AAC.01201-19. doi: 10.1128/AAC.01201-19."
                },
                {
                    "ref-id": "A227190",
                    "pubmed-id": "31914458",
                    "citation": "Good SS, Moussa A, Zhou XJ, Pietropaolo K, Sommadossi JP: Preclinical evaluation of AT-527, a novel guanosine nucleotide prodrug with potent, pan-genotypic activity against hepatitis C virus. PLoS One. 2020 Jan 8;15(1):e0227104. doi: 10.1371/journal.pone.0227104. eCollection 2020."
                }
            ]
        },
        "textbooks": null,
        "links": {
            "link": [
                {
                    "ref-id": "L30745",
                    "title": "External Link",
                    "url": "https://www.biorxiv.org/content/10.1101/2020.08.11.242834v2"
                },
                {
                    "ref-id": "L31363",
                    "title": "Roche announcement.",
                    "url": "https://cen.acs.org/pharmaceuticals/drug-development/Roche-partners-Atea-COVID-19/98/i43"
                }
            ]
        },
        "attachments": null
    },
    "synthesis-reference": null,
    "indication": null,
    "pharmacodynamics": null,
    "mechanism-of-action": "AT-527 is a prodrug of a guanosine nucleotide analog which has the potential to potently inhibit the in vitro replication of SARS-CoV-2. It also inhibits the NS5B polymerase in the Hepatitis C Virus. This drug is currently being investigated against COVID-19 and has also been investigated against Hepatitis C infections.",
    "toxicity": null,
    "metabolism": null,
    "absorption": null,
    "half-life": null,
    "protein-binding": null,
    "route-of-elimination": null,
    "volume-of-distribution": null,
    "clearance": null,
    "salts": null,
    "synonyms": {
        "synonym": [
            {
                "language": "english",
                "coder": "",
                "value": "AT527"
            }
        ]
    },
    "products": null,
    "international-brands": null,
    "mixtures": null,
    "packagers": null,
    "manufacturers": null,
    "prices": null,
    "categories": {
        "category": [
            {
                "category": "Acids",
                "mesh-id": "D000143"
            },
            {
                "category": "Acids, Noncarboxylic",
                "mesh-id": "D000148"
            },
            {
                "category": "Experimental Unapproved Treatments for COVID-19",
                "mesh-id": null
            },
            {
                "category": "Guanine Nucleotides",
                "mesh-id": "D006150"
            },
            {
                "category": "Heterocyclic Compounds, Fused-Ring",
                "mesh-id": "D000072471"
            },
            {
                "category": "Nucleic Acids, Nucleotides, and Nucleosides",
                "mesh-id": "D009706"
            },
            {
                "category": "Nucleotides",
                "mesh-id": "D009711"
            },
            {
                "category": "Organophosphorus Compounds",
                "mesh-id": "D009943"
            },
            {
                "category": "Phosphate salts",
                "mesh-id": "D010710"
            },
            {
                "category": "Phosphoric Acids",
                "mesh-id": "D010756"
            },
            {
                "category": "Phosphorus Acids",
                "mesh-id": "D017976"
            },
            {
                "category": "Phosphorus Compounds",
                "mesh-id": "D017553"
            },
            {
                "category": "Purine Nucleotides",
                "mesh-id": "D011685"
            },
            {
                "category": "Purines",
                "mesh-id": "D011687"
            },
            {
                "category": "Ribonucleotides",
                "mesh-id": "D012265"
            }
        ]
    },
    "affected-organisms": null,
    "dosages": null,
    "atc-codes": null,
    "ahfs-codes": null,
    "pdb-entries": null,
    "patents": null,
    "food-interactions": null,
    "drug-interactions": null,
    "calculated-properties": {
        "property": [
            {
                "kind": "logP",
                "value": "1.76",
                "source": "ChemAxon"
            },
            {
                "kind": "IUPAC Name",
                "value": "propan-2-yl (2S)-2-[({[(3R,4R,5R)-5-[2-amino-6-(methylamino)-9H-purin-9-yl]-4-fluoro-3-hydroxy-4-methyloxolan-2-yl]methoxy}(phenoxy)phosphoryl)amino]propanoate; sulfuric acid",
                "source": "ChemAxon"
            },
            {
                "kind": "Traditional IUPAC Name",
                "value": "N-demethyldiltiazem",
                "source": "ChemAxon"
            },
            {
                "kind": "Polar Surface Area (PSA)",
                "value": "184.97",
                "source": "ChemAxon"
            },
            {
                "kind": "Refractivity",
                "value": "142.36",
                "source": "ChemAxon"
            },
            {
                "kind": "Polarizability",
                "value": "56.4",
                "source": "ChemAxon"
            },
            {
                "kind": "Rotatable Bond Count",
                "value": "12",
                "source": "ChemAxon"
            },
            {
                "kind": "H Bond Acceptor Count",
                "value": "9",
                "source": "ChemAxon"
            },
            {
                "kind": "H Bond Donor Count",
                "value": "4",
                "source": "ChemAxon"
            },
            {
                "kind": "pKa (strongest acidic)",
                "value": "10.24",
                "source": "ChemAxon"
            },
            {
                "kind": "pKa (strongest basic)",
                "value": "5.68",
                "source": "ChemAxon"
            },
            {
                "kind": "Physiological Charge",
                "value": "0",
                "source": "ChemAxon"
            },
            {
                "kind": "Number of Rings",
                "value": "4",
                "source": "ChemAxon"
            },
            {
                "kind": "Bioavailability",
                "value": "0",
                "source": "ChemAxon"
            },
            {
                "kind": "Rule of Five",
                "value": "0",
                "source": "ChemAxon"
            },
            {
                "kind": "Ghose Filter",
                "value": "0",
                "source": "ChemAxon"
            },
            {
                "kind": "MDDR-Like Rule",
                "value": "1",
                "source": "ChemAxon"
            }
        ]
    },
    "experimental-properties": null,
    "external-identifiers": null,
    "external-links": null,
    "pathways": null,
    "reactions": null,
    "snp-effects": null,
    "snp-adverse-drug-reactions": null,
    "targets": null,
    "enzymes": null,
    "carriers": null,
    "transporters": null
}