{
    "type": "biotech",
    "created": "2021-02-02",
    "updated": "2021-05-05",
    "drugbank-id": [
        {
            "primary": true,
            "value": "DB16537"
        }
    ],
    "name": "Bacillus clausii",
    "description": null,
    "cas-number": null,
    "unii": "KQ2N4RPK58",
    "groups": {
        "group": [
            "experimental"
        ]
    },
    "general-references": {
        "articles": null,
        "textbooks": null,
        "links": {
            "link": [
                {
                    "ref-id": "L33679",
                    "title": "AIFA: Enterogermina (Bacillus clausii) Oral Suspension",
                    "url": "https://farmaci.agenziafarmaco.gov.it/aifa/servlet/PdfDownloadServlet?pdfFileName=footer_008055_013046_FI.pdf&retry=0&sys=m0b1l3"
                }
            ]
        },
        "attachments": null
    },
    "synthesis-reference": null,
    "indication": null,
    "pharmacodynamics": null,
    "mechanism-of-action": null,
    "toxicity": null,
    "metabolism": null,
    "absorption": null,
    "half-life": null,
    "protein-binding": null,
    "route-of-elimination": null,
    "volume-of-distribution": null,
    "clearance": null,
    "salts": null,
    "synonyms": {
        "synonym": [
            {
                "language": "english",
                "coder": "",
                "value": "B. clausii"
            }
        ]
    },
    "products": {
        "product": [
            {
                "name": "Sana Gut",
                "labeller": "Novel Pack LLC",
                "ndc-id": null,
                "ndc-product-code": "82489-109",
                "dpd-id": null,
                "ema-product-code": null,
                "ema-ma-number": null,
                "started-marketing-on": "2022-05-02",
                "ended-marketing-on": null,
                "dosage-form": "Suspension",
                "strength": "2000000000 1/1",
                "route": "Oral",
                "fda-application-number": null,
                "generic": false,
                "over-the-counter": false,
                "approved": false,
                "country": "US",
                "source": "FDA NDC"
            }
        ]
    },
    "international-brands": null,
    "mixtures": null,
    "packagers": null,
    "manufacturers": null,
    "prices": null,
    "categories": null,
    "affected-organisms": null,
    "dosages": {
        "dosage": [
            {
                "form": "Suspension",
                "route": "Oral",
                "strength": null
            },
            {
                "form": "Capsule",
                "route": "Oral",
                "strength": "2000000000 spores"
            },
            {
                "form": "Suspension",
                "route": "Oral",
                "strength": "2000000000 spores/5mL"
            },
            {
                "form": "Suspension",
                "route": "Oral",
                "strength": "2000000000 1/1"
            }
        ]
    },
    "atc-codes": null,
    "ahfs-codes": null,
    "pdb-entries": null,
    "patents": null,
    "food-interactions": null,
    "drug-interactions": null,
    "sequences": null,
    "experimental-properties": null,
    "external-identifiers": {
        "external-identifier": [
            {
                "resource": "Wikipedia",
                "identifier": "Bacillus_clausii"
            },
            {
                "resource": "RxCUI",
                "identifier": "2600050"
            }
        ]
    },
    "external-links": null,
    "pathways": null,
    "reactions": null,
    "snp-effects": null,
    "snp-adverse-drug-reactions": null,
    "targets": null,
    "enzymes": null,
    "carriers": null,
    "transporters": null
}