{
    "type": "biotech",
    "created": "2020-12-15",
    "updated": "2021-02-21",
    "drugbank-id": [
        {
            "primary": true,
            "value": "DB16281"
        }
    ],
    "name": "Pegcrisantaspase",
    "description": "Pegcrisantaspase is under investigation in clinical trial NCT02257684 (A Dose Confirmation and Pharmacokinetic Study of Pegcrisantaspase Administered as Intravenous (IV) Infusion in Children and Young Adults With Acute Lymphoblastic Leukemia (ALL) /Lymphoblastic Lymphoma (LBL). Following Hypersensitivity to Pegaspargase (Oncaspar)).",
    "cas-number": "1448590-54-2",
    "unii": "Y8KTZ6Y35U",
    "groups": {
        "group": [
            "investigational"
        ]
    },
    "general-references": {
        "articles": null,
        "textbooks": null,
        "links": null,
        "attachments": null
    },
    "synthesis-reference": null,
    "indication": null,
    "pharmacodynamics": null,
    "mechanism-of-action": null,
    "toxicity": null,
    "metabolism": null,
    "absorption": null,
    "half-life": null,
    "protein-binding": null,
    "route-of-elimination": null,
    "volume-of-distribution": null,
    "clearance": null,
    "salts": null,
    "synonyms": {
        "synonym": [
            {
                "language": "english",
                "coder": "",
                "value": "Asparec"
            },
            {
                "language": "english",
                "coder": "",
                "value": "Mpeg-r-crisantaspase"
            },
            {
                "language": "english",
                "coder": "inn",
                "value": "Pegcrisantaspase"
            },
            {
                "language": "english",
                "coder": "",
                "value": "Pegylated dickeya chrysanthemi l-asparaginase"
            },
            {
                "language": "english",
                "coder": "",
                "value": "Pegylated erwinia chrysanthemi l-asparaginase"
            }
        ]
    },
    "products": null,
    "international-brands": null,
    "mixtures": null,
    "packagers": null,
    "manufacturers": null,
    "prices": null,
    "categories": null,
    "affected-organisms": null,
    "dosages": null,
    "atc-codes": null,
    "ahfs-codes": null,
    "pdb-entries": null,
    "patents": null,
    "food-interactions": null,
    "drug-interactions": null,
    "sequences": null,
    "experimental-properties": null,
    "external-identifiers": null,
    "external-links": null,
    "pathways": null,
    "reactions": null,
    "snp-effects": null,
    "snp-adverse-drug-reactions": null,
    "targets": null,
    "enzymes": null,
    "carriers": null,
    "transporters": null
}