{
    "type": "biotech",
    "created": "2021-02-10",
    "updated": "2021-05-05",
    "drugbank-id": [
        {
            "primary": true,
            "value": "DB16584"
        }
    ],
    "name": "Liprotamase protease",
    "description": null,
    "cas-number": "118731-97-8",
    "unii": "6435YY37C0",
    "groups": {
        "group": [
            "experimental"
        ]
    },
    "general-references": {
        "articles": null,
        "textbooks": null,
        "links": {
            "link": [
                {
                    "ref-id": "L33564",
                    "title": "AIFA: Flaminase (Liprotamase Protease) Oral Tablet",
                    "url": "https://farmaci.agenziafarmaco.gov.it/aifa/servlet/PdfDownloadServlet?pdfFileName=footer_000045_026420_FI.pdf&retry=0&sys=m0b1l3"
                }
            ]
        },
        "attachments": null
    },
    "synthesis-reference": null,
    "indication": null,
    "pharmacodynamics": null,
    "mechanism-of-action": null,
    "toxicity": null,
    "metabolism": null,
    "absorption": null,
    "half-life": null,
    "protein-binding": null,
    "route-of-elimination": null,
    "volume-of-distribution": null,
    "clearance": null,
    "salts": null,
    "synonyms": {
        "synonym": [
            {
                "language": "english",
                "coder": "",
                "value": "A. melleus protease"
            },
            {
                "language": "english",
                "coder": "",
                "value": "Aspergillus melleus protease"
            },
            {
                "language": "english",
                "coder": "",
                "value": "Promelase"
            },
            {
                "language": "english",
                "coder": "",
                "value": "Protease-S"
            },
            {
                "language": "english",
                "coder": "",
                "value": "Seaprose-S"
            }
        ]
    },
    "products": null,
    "international-brands": null,
    "mixtures": null,
    "packagers": null,
    "manufacturers": null,
    "prices": null,
    "categories": null,
    "affected-organisms": null,
    "dosages": {
        "dosage": [
            {
                "form": "Tablet, film coated",
                "route": "Oral",
                "strength": null
            },
            {
                "form": "Tablet",
                "route": "Oral",
                "strength": null
            }
        ]
    },
    "atc-codes": null,
    "ahfs-codes": null,
    "pdb-entries": null,
    "patents": null,
    "food-interactions": null,
    "drug-interactions": null,
    "sequences": null,
    "experimental-properties": null,
    "external-identifiers": {
        "external-identifier": [
            {
                "resource": "RxCUI",
                "identifier": "1999473"
            }
        ]
    },
    "external-links": null,
    "pathways": null,
    "reactions": null,
    "snp-effects": null,
    "snp-adverse-drug-reactions": null,
    "targets": null,
    "enzymes": null,
    "carriers": null,
    "transporters": null
}