{
    "type": "biotech",
    "created": "2021-02-01",
    "updated": "2021-02-13",
    "drugbank-id": [
        {
            "primary": true,
            "value": "DB16524"
        }
    ],
    "name": "FINLAY-FR-1",
    "description": "FINLAY-FR-1, also known as Soberana 01, is a vaccine candidate for COVID-19 that is being led developmentally by the Finlay Vaccine Institute[L31373]. It is currently being tested in the clinical trial RPCEC00000332 (Phase I / II, randomized, controlled, adaptive, double-blind and multicenter study to evaluate the safety, reactogenicity and immunogenicity, of the prophylactic FINLAY-FR-1 anti-SARS-CoV-2 Vaccine Candidate in a two-doses schedule. (COVID-19) - SOBERANA 01).",
    "cas-number": null,
    "unii": null,
    "groups": {
        "group": [
            "investigational"
        ]
    },
    "general-references": {
        "articles": null,
        "textbooks": null,
        "links": {
            "link": [
                {
                    "ref-id": "L31373",
                    "title": "The Caribbean Council: Cuba begins clinical trials of a COVID-19 vaccine",
                    "url": "https://www.caribbean-council.org/cuba-begins-clinical-trials-of-a-covid-19-vaccine/"
                }
            ]
        },
        "attachments": null
    },
    "synthesis-reference": null,
    "indication": null,
    "pharmacodynamics": null,
    "mechanism-of-action": null,
    "toxicity": null,
    "metabolism": null,
    "absorption": null,
    "half-life": null,
    "protein-binding": null,
    "route-of-elimination": null,
    "volume-of-distribution": null,
    "clearance": null,
    "salts": null,
    "synonyms": {
        "synonym": [
            {
                "language": "english",
                "coder": "",
                "value": "FINLAY-FR-1 anti-SARS-CoV-2 vaccine candidate"
            },
            {
                "language": "english",
                "coder": "",
                "value": "Soberana 01"
            }
        ]
    },
    "products": null,
    "international-brands": null,
    "mixtures": null,
    "packagers": null,
    "manufacturers": null,
    "prices": null,
    "categories": null,
    "affected-organisms": null,
    "dosages": null,
    "atc-codes": null,
    "ahfs-codes": null,
    "pdb-entries": null,
    "patents": null,
    "food-interactions": null,
    "drug-interactions": null,
    "sequences": null,
    "experimental-properties": null,
    "external-identifiers": null,
    "external-links": null,
    "pathways": null,
    "reactions": null,
    "snp-effects": null,
    "snp-adverse-drug-reactions": null,
    "targets": null,
    "enzymes": null,
    "carriers": null,
    "transporters": null
}