{
    "type": "biotech",
    "created": "2020-12-15",
    "updated": "2021-02-21",
    "drugbank-id": [
        {
            "primary": true,
            "value": "DB16155"
        }
    ],
    "name": "Empegfilgrastim",
    "description": "Empegfilgrastim is under investigation in clinical trial NCT01569087 (Dose-finding Study of Empegfilgrastim for Neutropenia Prophylaxis in Patients With Breast Cancer).",
    "cas-number": "1192706-53-8",
    "unii": "F0B69ZZ07A",
    "groups": {
        "group": [
            "investigational"
        ]
    },
    "general-references": {
        "articles": null,
        "textbooks": null,
        "links": null,
        "attachments": null
    },
    "synthesis-reference": null,
    "indication": null,
    "pharmacodynamics": null,
    "mechanism-of-action": null,
    "toxicity": null,
    "metabolism": null,
    "absorption": null,
    "half-life": null,
    "protein-binding": null,
    "route-of-elimination": null,
    "volume-of-distribution": null,
    "clearance": null,
    "salts": null,
    "synonyms": {
        "synonym": [
            {
                "language": "english",
                "coder": "",
                "value": "Colony-stimulating factor, granulocyte (synthetic human), 30-kilodalton pegylated"
            },
            {
                "language": "english",
                "coder": "inn",
                "value": "Empegfilgrastim"
            }
        ]
    },
    "products": null,
    "international-brands": null,
    "mixtures": null,
    "packagers": null,
    "manufacturers": null,
    "prices": null,
    "categories": {
        "category": [
            {
                "category": "Adjuvants, Immunologic",
                "mesh-id": "D000276"
            },
            {
                "category": "Antineoplastic and Immunomodulating Agents",
                "mesh-id": null
            },
            {
                "category": "Colony-Stimulating Factors",
                "mesh-id": "D003115"
            }
        ]
    },
    "affected-organisms": null,
    "dosages": null,
    "atc-codes": {
        "atc-code": [
            {
                "code": "L03AA16",
                "level": [
                    {
                        "code": "L03AA",
                        "value": "Colony stimulating factors"
                    },
                    {
                        "code": "L03A",
                        "value": "IMMUNOSTIMULANTS"
                    },
                    {
                        "code": "L03",
                        "value": "IMMUNOSTIMULANTS"
                    },
                    {
                        "code": "L",
                        "value": "ANTINEOPLASTIC AND IMMUNOMODULATING AGENTS"
                    }
                ]
            }
        ]
    },
    "ahfs-codes": null,
    "pdb-entries": null,
    "patents": null,
    "food-interactions": null,
    "drug-interactions": null,
    "sequences": null,
    "experimental-properties": null,
    "external-identifiers": null,
    "external-links": null,
    "pathways": null,
    "reactions": null,
    "snp-effects": null,
    "snp-adverse-drug-reactions": null,
    "targets": null,
    "enzymes": null,
    "carriers": null,
    "transporters": null
}