{
    "type": "biotech",
    "created": "2021-01-18",
    "updated": "2021-01-20",
    "drugbank-id": [
        {
            "primary": true,
            "value": "DB16444"
        }
    ],
    "name": "UB-612",
    "description": "The UB-612 COVID-19 vaccine was developed by United Biomedical Inc Asia in Taipei as the first COVID-19 “multi-tope” protein-peptide vaccine made up of eight rationally designed components[L30653]. The vaccine incorporates a strong S1-RBD component linked to a single chain fragment region (sFC) of a human IgG1, which facilitates cell attachment and acts as the principal neutralizing domain of the virus[L30658, L30663]. In addition, the vaccine contains a proprietary peptide UBITh®1a for enhanced immunogenicity, five identified peptides with Th or CTL epitopes to improve peptide solubility, and aluminum phosphate adjuvant[L30658]. This vaccine was designed to induce a broad immune response. It was able to reduce viral load and prevent COVID-19 infection in a mouse challenge model and in rhesus macaques[L30653, L30658]. In rats, toxicity studies have so far shown favourable safety for this vaccine[L30653, L30658], Phase 1 trial is currently ongoing in Taiwan (NCT04545749).",
    "cas-number": null,
    "unii": null,
    "groups": {
        "group": [
            "investigational"
        ]
    },
    "general-references": {
        "articles": null,
        "textbooks": null,
        "links": {
            "link": [
                {
                    "ref-id": "L30653",
                    "title": "News Medical: Novel “multitope” vaccine shows promise in the fight against COVID-19",
                    "url": "https://www.news-medical.net/news/20201203/Novel-e2809cmultitopee2809d-vaccine-shows-promise-in-the-fight-against-COVID-19.aspx"
                },
                {
                    "ref-id": "L30658",
                    "title": "bioRxiv: A Novel SARS-CoV-2 Multitope Protein/Peptide Vaccine Candidate is Highly Immunogenic and Prevents Lung Infection in an Adeno Associated Virus Human Angiotensin-Converting Enzyme 2 (AAV hACE2) Mouse Model",
                    "url": "https://www.biorxiv.org/content/10.1101/2020.11.30.399154v1"
                },
                {
                    "ref-id": "L30663",
                    "title": "ExBulletin: The new “multi-tope” vaccine is promising in the fight against COVID-19",
                    "url": "https://exbulletin.com/world/health/594320/"
                }
            ]
        },
        "attachments": null
    },
    "synthesis-reference": null,
    "indication": null,
    "pharmacodynamics": null,
    "mechanism-of-action": null,
    "toxicity": null,
    "metabolism": null,
    "absorption": null,
    "half-life": null,
    "protein-binding": null,
    "route-of-elimination": null,
    "volume-of-distribution": null,
    "clearance": null,
    "salts": null,
    "synonyms": {
        "synonym": [
            {
                "language": "english",
                "coder": "",
                "value": "UB-612 COVID-19"
            },
            {
                "language": "english",
                "coder": "",
                "value": "UB-612 COVID-19 vaccine"
            }
        ]
    },
    "products": null,
    "international-brands": null,
    "mixtures": null,
    "packagers": null,
    "manufacturers": null,
    "prices": null,
    "categories": null,
    "affected-organisms": null,
    "dosages": null,
    "atc-codes": null,
    "ahfs-codes": null,
    "pdb-entries": null,
    "patents": null,
    "food-interactions": null,
    "drug-interactions": null,
    "sequences": null,
    "experimental-properties": null,
    "external-identifiers": null,
    "external-links": null,
    "pathways": null,
    "reactions": null,
    "snp-effects": null,
    "snp-adverse-drug-reactions": null,
    "targets": null,
    "enzymes": null,
    "carriers": null,
    "transporters": null
}