{
    "type": "small molecule",
    "created": "2021-02-16",
    "updated": "2021-02-18",
    "drugbank-id": [
        {
            "primary": true,
            "value": "DB16602"
        }
    ],
    "name": "Dihydroergotoxine",
    "description": null,
    "cas-number": "11032-41-0",
    "unii": "34HPE9Z8IP",
    "groups": {
        "group": [
            "experimental"
        ]
    },
    "general-references": {
        "articles": null,
        "textbooks": null,
        "links": null,
        "attachments": null
    },
    "synthesis-reference": null,
    "indication": null,
    "pharmacodynamics": null,
    "mechanism-of-action": null,
    "toxicity": null,
    "metabolism": null,
    "absorption": null,
    "half-life": null,
    "protein-binding": null,
    "route-of-elimination": null,
    "volume-of-distribution": null,
    "clearance": null,
    "salts": null,
    "synonyms": {
        "synonym": [
            {
                "language": "english",
                "coder": "",
                "value": "Ergoloid dihydroergotoxine"
            }
        ]
    },
    "products": null,
    "international-brands": null,
    "mixtures": null,
    "packagers": null,
    "manufacturers": null,
    "prices": null,
    "categories": {
        "category": [
            {
                "category": "Adrenergic Agents",
                "mesh-id": "D018663"
            },
            {
                "category": "Adrenergic alpha-Antagonists",
                "mesh-id": "D000317"
            },
            {
                "category": "Adrenergic Antagonists",
                "mesh-id": "D018674"
            },
            {
                "category": "Alkaloids",
                "mesh-id": "D000470"
            },
            {
                "category": "Dopamine Agents",
                "mesh-id": "D015259"
            },
            {
                "category": "Dopamine Agonists",
                "mesh-id": "D018491"
            },
            {
                "category": "Ergot Alkaloids and Derivatives",
                "mesh-id": "D004876"
            },
            {
                "category": "Ergotamine Derivative",
                "mesh-id": null
            },
            {
                "category": "Ergotamines",
                "mesh-id": "D004879"
            },
            {
                "category": "Heterocyclic Compounds, Fused-Ring",
                "mesh-id": "D000072471"
            },
            {
                "category": "Neurotransmitter Agents",
                "mesh-id": "D018377"
            }
        ]
    },
    "affected-organisms": null,
    "dosages": {
        "dosage": [
            {
                "form": "Tablet",
                "route": null,
                "strength": null
            }
        ]
    },
    "atc-codes": null,
    "ahfs-codes": null,
    "pdb-entries": null,
    "patents": null,
    "food-interactions": null,
    "drug-interactions": null,
    "calculated-properties": null,
    "experimental-properties": null,
    "external-identifiers": {
        "external-identifier": [
            {
                "resource": "Wikipedia",
                "identifier": "Ergoloid"
            },
            {
                "resource": "RxCUI",
                "identifier": "3419"
            }
        ]
    },
    "external-links": null,
    "pathways": null,
    "reactions": null,
    "snp-effects": null,
    "snp-adverse-drug-reactions": null,
    "targets": null,
    "enzymes": null,
    "carriers": null,
    "transporters": null
}