{
    "type": "biotech",
    "created": "2021-02-15",
    "updated": "2021-03-03",
    "drugbank-id": [
        {
            "primary": true,
            "value": "DB16594"
        }
    ],
    "name": "Goldenseal",
    "description": null,
    "cas-number": null,
    "unii": "ZW3Z11D0JV",
    "groups": {
        "group": [
            "approved",
            "experimental"
        ]
    },
    "general-references": {
        "articles": null,
        "textbooks": null,
        "links": null,
        "attachments": null
    },
    "synthesis-reference": null,
    "indication": null,
    "pharmacodynamics": null,
    "mechanism-of-action": null,
    "toxicity": null,
    "metabolism": null,
    "absorption": null,
    "half-life": null,
    "protein-binding": null,
    "route-of-elimination": null,
    "volume-of-distribution": null,
    "clearance": null,
    "salts": null,
    "synonyms": {
        "synonym": [
            {
                "language": "english",
                "coder": "",
                "value": "Golden seal"
            },
            {
                "language": "english",
                "coder": "",
                "value": "Golden seal extract"
            },
            {
                "language": "english",
                "coder": "",
                "value": "Golden seal root"
            },
            {
                "language": "english",
                "coder": "",
                "value": "Golden seal root extract"
            },
            {
                "language": "english",
                "coder": "",
                "value": "Goldenseal"
            },
            {
                "language": "english",
                "coder": "",
                "value": "Goldenseal extract"
            },
            {
                "language": "english",
                "coder": "",
                "value": "Goldenseal preparation"
            },
            {
                "language": "english",
                "coder": "",
                "value": "Goldenseal root"
            },
            {
                "language": "english",
                "coder": "",
                "value": "Hydrastis"
            },
            {
                "language": "english",
                "coder": "",
                "value": "Hydrastis canadensis"
            },
            {
                "language": "english",
                "coder": "",
                "value": "Hydrastis canadensis (goldenseal) root extract"
            },
            {
                "language": "english",
                "coder": "",
                "value": "Hydrastis canadensis extract"
            },
            {
                "language": "english",
                "coder": "",
                "value": "Hydrastis canadensis rhizome"
            },
            {
                "language": "english",
                "coder": "",
                "value": "Hydrastis canadensis root"
            },
            {
                "language": "english",
                "coder": "",
                "value": "Hydrastis canadensis root powder"
            },
            {
                "language": "english",
                "coder": "",
                "value": "Hydrastis canadensis root with rhizome"
            },
            {
                "language": "english",
                "coder": "",
                "value": "Hydrastis preparation"
            },
            {
                "language": "english",
                "coder": "",
                "value": "Yellow puccoon root"
            },
            {
                "language": "english",
                "coder": "",
                "value": "Yellow root root"
            }
        ]
    },
    "products": {
        "product": [
            {
                "name": "Echinacea With Goldenseal Root",
                "labeller": "Au Naturel, Inc.",
                "ndc-id": null,
                "ndc-product-code": null,
                "dpd-id": "02239735",
                "ema-product-code": null,
                "ema-ma-number": null,
                "started-marketing-on": null,
                "ended-marketing-on": null,
                "dosage-form": "Capsule",
                "strength": null,
                "route": "Oral",
                "fda-application-number": null,
                "generic": false,
                "over-the-counter": false,
                "approved": true,
                "country": "Canada",
                "source": "DPD"
            },
            {
                "name": "Echinacea/golden Seal Cold Formula",
                "labeller": "Ashbury Research Corporation",
                "ndc-id": null,
                "ndc-product-code": null,
                "dpd-id": "02240340",
                "ema-product-code": null,
                "ema-ma-number": null,
                "started-marketing-on": null,
                "ended-marketing-on": null,
                "dosage-form": "Tablet",
                "strength": null,
                "route": "Oral",
                "fda-application-number": null,
                "generic": false,
                "over-the-counter": false,
                "approved": true,
                "country": "Canada",
                "source": "DPD"
            },
            {
                "name": "Ethical Herbals Sore Throat/cough/cold Defense",
                "labeller": "Ashbury Research Corporation",
                "ndc-id": null,
                "ndc-product-code": null,
                "dpd-id": "02240525",
                "ema-product-code": null,
                "ema-ma-number": null,
                "started-marketing-on": null,
                "ended-marketing-on": null,
                "dosage-form": "Tablet",
                "strength": null,
                "route": "Oral",
                "fda-application-number": null,
                "generic": false,
                "over-the-counter": true,
                "approved": true,
                "country": "Canada",
                "source": "DPD"
            },
            {
                "name": "Herbal Guard",
                "labeller": "Pro Ma Systems",
                "ndc-id": null,
                "ndc-product-code": null,
                "dpd-id": "02238801",
                "ema-product-code": null,
                "ema-ma-number": null,
                "started-marketing-on": "1998-10-31",
                "ended-marketing-on": "2006-08-01",
                "dosage-form": "Capsule",
                "strength": null,
                "route": "Oral",
                "fda-application-number": null,
                "generic": false,
                "over-the-counter": true,
                "approved": true,
                "country": "Canada",
                "source": "DPD"
            },
            {
                "name": "Regulax",
                "labeller": "Nature's Herbs Inc.",
                "ndc-id": null,
                "ndc-product-code": null,
                "dpd-id": "00590134",
                "ema-product-code": null,
                "ema-ma-number": null,
                "started-marketing-on": "1984-12-31",
                "ended-marketing-on": "1997-05-30",
                "dosage-form": "Capsule",
                "strength": null,
                "route": "Oral",
                "fda-application-number": null,
                "generic": false,
                "over-the-counter": true,
                "approved": true,
                "country": "Canada",
                "source": "DPD"
            }
        ]
    },
    "international-brands": null,
    "mixtures": {
        "mixture": [
            {
                "name": "Ethical Herbals Sore Throat/cough/cold Defense",
                "ingredients": "Echinacea + Goldenseal"
            },
            {
                "name": "Regulax",
                "ingredients": "Frangula purshiana bark + Goldenseal + Rhubarb"
            },
            {
                "name": "Echinacea With Goldenseal Root",
                "ingredients": "Echinacea + Echinacea + Goldenseal"
            },
            {
                "name": "Herbal Guard",
                "ingredients": "Echinacea purpurea + Garlic + Goldenseal"
            },
            {
                "name": "Echinacea/golden Seal Cold Formula",
                "ingredients": "Echinacea purpurea + Goldenseal"
            }
        ]
    },
    "packagers": null,
    "manufacturers": null,
    "prices": null,
    "categories": null,
    "affected-organisms": null,
    "dosages": {
        "dosage": [
            {
                "form": "Tablet",
                "route": "Oral",
                "strength": null
            },
            {
                "form": "Capsule",
                "route": "Oral",
                "strength": null
            }
        ]
    },
    "atc-codes": null,
    "ahfs-codes": null,
    "pdb-entries": null,
    "patents": null,
    "food-interactions": null,
    "drug-interactions": null,
    "sequences": null,
    "experimental-properties": null,
    "external-identifiers": {
        "external-identifier": [
            {
                "resource": "Drugs Product Database (DPD)",
                "identifier": "6993"
            },
            {
                "resource": "Wikipedia",
                "identifier": "Goldenseal"
            },
            {
                "resource": "RxCUI",
                "identifier": "314666"
            }
        ]
    },
    "external-links": null,
    "pathways": null,
    "reactions": null,
    "snp-effects": null,
    "snp-adverse-drug-reactions": null,
    "targets": null,
    "enzymes": null,
    "carriers": null,
    "transporters": null
}