{
    "type": "small molecule",
    "created": "2021-02-03",
    "updated": "2021-03-03",
    "drugbank-id": [
        {
            "primary": true,
            "value": "DB16540"
        }
    ],
    "name": "Lactobacillus delbrueckii bulgaricus",
    "description": null,
    "cas-number": null,
    "unii": "HU1W4L947H",
    "groups": {
        "group": [
            "approved",
            "experimental"
        ]
    },
    "general-references": {
        "articles": null,
        "textbooks": null,
        "links": null,
        "attachments": null
    },
    "synthesis-reference": null,
    "indication": null,
    "pharmacodynamics": null,
    "mechanism-of-action": null,
    "toxicity": null,
    "metabolism": null,
    "absorption": null,
    "half-life": null,
    "protein-binding": null,
    "route-of-elimination": null,
    "volume-of-distribution": null,
    "clearance": null,
    "salts": null,
    "synonyms": {
        "synonym": [
            {
                "language": "english",
                "coder": "",
                "value": "Lactobacillus bulgaricus"
            },
            {
                "language": "english",
                "coder": "",
                "value": "Lactobacillus delbrueckii ssp bulgaricus"
            },
            {
                "language": "english",
                "coder": "",
                "value": "Lactobacillus delbrueckii subsp. bulgaricus"
            }
        ]
    },
    "products": {
        "product": [
            {
                "name": "Acidophilus Bifidum Bulgaricus",
                "labeller": "Nutraceutical Corporation",
                "ndc-id": null,
                "ndc-product-code": null,
                "dpd-id": "02240712",
                "ema-product-code": null,
                "ema-ma-number": null,
                "started-marketing-on": "2003-09-02",
                "ended-marketing-on": "2006-08-02",
                "dosage-form": "Capsule",
                "strength": null,
                "route": "Oral",
                "fda-application-number": null,
                "generic": false,
                "over-the-counter": true,
                "approved": true,
                "country": "Canada",
                "source": "DPD"
            },
            {
                "name": "Lactobacillus",
                "labeller": "Marlex Pharmaceuticals Inc",
                "ndc-id": null,
                "ndc-product-code": "10135-705",
                "dpd-id": null,
                "ema-product-code": null,
                "ema-ma-number": null,
                "started-marketing-on": "2020-08-01",
                "ended-marketing-on": null,
                "dosage-form": "Tablet",
                "strength": null,
                "route": "Oral",
                "fda-application-number": null,
                "generic": false,
                "over-the-counter": false,
                "approved": false,
                "country": "US",
                "source": "FDA NDC"
            }
        ]
    },
    "international-brands": null,
    "mixtures": {
        "mixture": [
            {
                "name": "Lactobacillus",
                "ingredients": "Lactobacillus acidophilus + Lactobacillus delbrueckii bulgaricus"
            },
            {
                "name": "Acidophilus Bifidum Bulgaricus",
                "ingredients": "Bifidobacterium bifidum + Lactobacillus acidophilus + Lactobacillus delbrueckii bulgaricus"
            }
        ]
    },
    "packagers": null,
    "manufacturers": null,
    "prices": null,
    "categories": {
        "category": [
            {
                "category": "Probiotics",
                "mesh-id": "D019936"
            }
        ]
    },
    "affected-organisms": null,
    "dosages": {
        "dosage": [
            {
                "form": "Capsule",
                "route": "Oral",
                "strength": null
            },
            {
                "form": "Powder, for suspension",
                "route": "Oral",
                "strength": null
            },
            {
                "form": "Tablet",
                "route": "Oral",
                "strength": null
            }
        ]
    },
    "atc-codes": null,
    "ahfs-codes": null,
    "pdb-entries": null,
    "patents": null,
    "food-interactions": null,
    "drug-interactions": null,
    "calculated-properties": null,
    "experimental-properties": null,
    "external-identifiers": {
        "external-identifier": [
            {
                "resource": "Drugs Product Database (DPD)",
                "identifier": "9273"
            },
            {
                "resource": "Wikipedia",
                "identifier": "Lactobacillus_delbrueckii_subsp._bulgaricus"
            },
            {
                "resource": "RxCUI",
                "identifier": "100272"
            }
        ]
    },
    "external-links": null,
    "pathways": null,
    "reactions": null,
    "snp-effects": null,
    "snp-adverse-drug-reactions": null,
    "targets": null,
    "enzymes": null,
    "carriers": null,
    "transporters": null
}