{
    "type": "biotech",
    "created": "2021-02-13",
    "updated": "2021-02-15",
    "drugbank-id": [
        {
            "primary": true,
            "value": "DB16588"
        }
    ],
    "name": "Influenza A virus A/Victoria/2570/2019 IVR-215 (H1N1) antigen (formaldehyde inactivated)",
    "description": "A seasonally-specific component of the influenza vaccine. The influenza vaccine, also known as the \"flu shot\", is a vaccine that protects against infection from the influenza viruses. Vaccines provide protection from influenza by exposing the immune system to the virus (or parts of the virus) which stimulates an immunological defence against future exposure to the virus, or \"antigen\". This defence includes the production of humoral immunity through the development of antibodies (through memory B cells) and of cell-mediated immunity through the production of T-lymphocytes. Upon re-exposure to infectious influenza virus, the immune system is prepared to identify and destroy the virus as there are circulating antibodies that recognize that particular component of the virus that it was previously exposed to.\r\n\r\nThere are two basic types of vaccines available: inactivated influenza vaccine (IIV) and live attenuated influenza vaccine (LAIV). Inactivated vaccines contain a virus particle that has been grown in media and then subsequently killed, or inactivated, through exposure to heat or chemicals such as formaldehyde 3. Inactivated virus cannot replicate, and therefore cannot cause disease from infection, even in immunocompromised individuals. In contrast, live vaccines are produced from \"wild-type\" or disease-causing viruses that have been attenuated, or weakened, through various laboratory techniques. Live vaccines maintain their replicative ability.",
    "cas-number": null,
    "unii": "WD5E5VYM2E",
    "groups": {
        "group": [
            "approved"
        ]
    },
    "general-references": {
        "articles": null,
        "textbooks": null,
        "links": null,
        "attachments": null
    },
    "synthesis-reference": null,
    "indication": null,
    "pharmacodynamics": null,
    "mechanism-of-action": null,
    "toxicity": null,
    "metabolism": null,
    "absorption": null,
    "half-life": null,
    "protein-binding": null,
    "route-of-elimination": null,
    "volume-of-distribution": null,
    "clearance": null,
    "salts": null,
    "synonyms": null,
    "products": {
        "product": [
            {
                "name": "Fluad Quadrivalent",
                "labeller": "Seqirus, Inc.",
                "ndc-id": null,
                "ndc-product-code": "70461-122",
                "dpd-id": null,
                "ema-product-code": null,
                "ema-ma-number": null,
                "started-marketing-on": "2020-02-21",
                "ended-marketing-on": "2023-07-31",
                "dosage-form": "Injection, suspension",
                "strength": null,
                "route": "Intramuscular",
                "fda-application-number": "BLA125510",
                "generic": false,
                "over-the-counter": false,
                "approved": true,
                "country": "US",
                "source": "FDA NDC"
            },
            {
                "name": "Fluad Quadrivalent",
                "labeller": "Seqirus, Inc.",
                "ndc-id": null,
                "ndc-product-code": "70461-121",
                "dpd-id": null,
                "ema-product-code": null,
                "ema-ma-number": null,
                "started-marketing-on": "2020-02-21",
                "ended-marketing-on": "2022-07-31",
                "dosage-form": "Injection, suspension",
                "strength": null,
                "route": "Intramuscular",
                "fda-application-number": "BLA125510",
                "generic": false,
                "over-the-counter": false,
                "approved": true,
                "country": "US",
                "source": "FDA NDC"
            },
            {
                "name": "Fluad Tetra",
                "labeller": "Seqirus Netherlands B.V.",
                "ndc-id": null,
                "ndc-product-code": null,
                "dpd-id": null,
                "ema-product-code": "EMEA/H/C/004993",
                "ema-ma-number": "EU/1/20/1433/001",
                "started-marketing-on": "2022-06-06",
                "ended-marketing-on": null,
                "dosage-form": "Injection, suspension",
                "strength": null,
                "route": "Intramuscular",
                "fda-application-number": null,
                "generic": false,
                "over-the-counter": false,
                "approved": true,
                "country": "EU",
                "source": "EMA"
            },
            {
                "name": "Fluad Tetra",
                "labeller": "Seqirus Netherlands B.V.",
                "ndc-id": null,
                "ndc-product-code": null,
                "dpd-id": null,
                "ema-product-code": "EMEA/H/C/004993",
                "ema-ma-number": "EU/1/20/1433/002",
                "started-marketing-on": "2022-06-06",
                "ended-marketing-on": null,
                "dosage-form": "Injection, suspension",
                "strength": null,
                "route": "Intramuscular",
                "fda-application-number": null,
                "generic": false,
                "over-the-counter": false,
                "approved": true,
                "country": "EU",
                "source": "EMA"
            },
            {
                "name": "Fluad Tetra",
                "labeller": "Seqirus Netherlands B.V.",
                "ndc-id": null,
                "ndc-product-code": null,
                "dpd-id": null,
                "ema-product-code": "EMEA/H/C/004993",
                "ema-ma-number": "EU/1/20/1433/003",
                "started-marketing-on": "2022-06-06",
                "ended-marketing-on": null,
                "dosage-form": "Injection, suspension",
                "strength": null,
                "route": "Intramuscular",
                "fda-application-number": null,
                "generic": false,
                "over-the-counter": false,
                "approved": true,
                "country": "EU",
                "source": "EMA"
            },
            {
                "name": "Fluad Tetra",
                "labeller": "Seqirus Netherlands B.V.",
                "ndc-id": null,
                "ndc-product-code": null,
                "dpd-id": null,
                "ema-product-code": "EMEA/H/C/004993",
                "ema-ma-number": "EU/1/20/1433/004",
                "started-marketing-on": "2022-06-06",
                "ended-marketing-on": null,
                "dosage-form": "Injection, suspension",
                "strength": null,
                "route": "Intramuscular",
                "fda-application-number": null,
                "generic": false,
                "over-the-counter": false,
                "approved": true,
                "country": "EU",
                "source": "EMA"
            },
            {
                "name": "Fluarix Quadrivalent 2021/2022",
                "labeller": "GlaxoSmithKline Biologicals SA",
                "ndc-id": null,
                "ndc-product-code": "58160-887",
                "dpd-id": null,
                "ema-product-code": null,
                "ema-ma-number": null,
                "started-marketing-on": "2021-07-02",
                "ended-marketing-on": "2022-06-30",
                "dosage-form": "Suspension",
                "strength": null,
                "route": "Intramuscular",
                "fda-application-number": "BLA125127",
                "generic": false,
                "over-the-counter": false,
                "approved": true,
                "country": "US",
                "source": "FDA NDC"
            },
            {
                "name": "Fluarix Quadrivalent 2022/2023",
                "labeller": "GlaxoSmithKline Biologicals SA",
                "ndc-id": null,
                "ndc-product-code": "58160-890",
                "dpd-id": null,
                "ema-product-code": null,
                "ema-ma-number": null,
                "started-marketing-on": "2022-07-01",
                "ended-marketing-on": null,
                "dosage-form": "Suspension",
                "strength": null,
                "route": "Intramuscular",
                "fda-application-number": "BLA125127",
                "generic": false,
                "over-the-counter": false,
                "approved": true,
                "country": "US",
                "source": "FDA NDC"
            },
            {
                "name": "FLUZONE High-Dose Quadrivalent Northern Hemisphere",
                "labeller": "Sanofi Pasteur Inc.",
                "ndc-id": null,
                "ndc-product-code": "49281-121",
                "dpd-id": null,
                "ema-product-code": null,
                "ema-ma-number": null,
                "started-marketing-on": "2021-07-02",
                "ended-marketing-on": "2022-06-30",
                "dosage-form": "Injection, suspension",
                "strength": null,
                "route": "Intramuscular",
                "fda-application-number": "BLA103914",
                "generic": false,
                "over-the-counter": false,
                "approved": true,
                "country": "US",
                "source": "FDA NDC"
            },
            {
                "name": "FLUZONE High-Dose Quadrivalent Northern Hemisphere",
                "labeller": "Sanofi Pasteur Inc.",
                "ndc-id": null,
                "ndc-product-code": "49281-122",
                "dpd-id": null,
                "ema-product-code": null,
                "ema-ma-number": null,
                "started-marketing-on": "2022-07-01",
                "ended-marketing-on": "2023-07-01",
                "dosage-form": "Injection, suspension",
                "strength": null,
                "route": "Intramuscular",
                "fda-application-number": "BLA103914",
                "generic": false,
                "over-the-counter": false,
                "approved": true,
                "country": "US",
                "source": "FDA NDC"
            },
            {
                "name": "Fluzone Quadrivalent",
                "labeller": "Sanofi Pasteur Inc.",
                "ndc-id": null,
                "ndc-product-code": "49281-421",
                "dpd-id": null,
                "ema-product-code": null,
                "ema-ma-number": null,
                "started-marketing-on": "2021-07-02",
                "ended-marketing-on": "2022-06-30",
                "dosage-form": "Injection, suspension",
                "strength": null,
                "route": "Intramuscular",
                "fda-application-number": "BLA103914",
                "generic": false,
                "over-the-counter": false,
                "approved": true,
                "country": "US",
                "source": "FDA NDC"
            },
            {
                "name": "Fluzone Quadrivalent",
                "labeller": "Sanofi Pasteur Inc.",
                "ndc-id": null,
                "ndc-product-code": "49281-521",
                "dpd-id": null,
                "ema-product-code": null,
                "ema-ma-number": null,
                "started-marketing-on": "2021-07-02",
                "ended-marketing-on": "2022-06-30",
                "dosage-form": "Injection, suspension",
                "strength": null,
                "route": "Intramuscular",
                "fda-application-number": "BLA103914",
                "generic": false,
                "over-the-counter": false,
                "approved": true,
                "country": "US",
                "source": "FDA NDC"
            },
            {
                "name": "Fluzone Quadrivalent",
                "labeller": "Sanofi Pasteur Inc.",
                "ndc-id": null,
                "ndc-product-code": "49281-635",
                "dpd-id": null,
                "ema-product-code": null,
                "ema-ma-number": null,
                "started-marketing-on": "2021-07-02",
                "ended-marketing-on": "2022-06-30",
                "dosage-form": "Injection, suspension",
                "strength": null,
                "route": "Intramuscular",
                "fda-application-number": "BLA103914",
                "generic": false,
                "over-the-counter": false,
                "approved": true,
                "country": "US",
                "source": "FDA NDC"
            },
            {
                "name": "Fluzone Quadrivalent Northern Hemisphere",
                "labeller": "Sanofi Pasteur Inc.",
                "ndc-id": null,
                "ndc-product-code": "49281-422",
                "dpd-id": null,
                "ema-product-code": null,
                "ema-ma-number": null,
                "started-marketing-on": "2022-07-01",
                "ended-marketing-on": "2023-06-30",
                "dosage-form": "Injection, suspension",
                "strength": null,
                "route": "Intramuscular",
                "fda-application-number": "BLA103914",
                "generic": false,
                "over-the-counter": false,
                "approved": true,
                "country": "US",
                "source": "FDA NDC"
            },
            {
                "name": "Fluzone Quadrivalent Northern Hemisphere",
                "labeller": "Sanofi Pasteur Inc.",
                "ndc-id": null,
                "ndc-product-code": "49281-637",
                "dpd-id": null,
                "ema-product-code": null,
                "ema-ma-number": null,
                "started-marketing-on": "2022-07-01",
                "ended-marketing-on": "2023-06-30",
                "dosage-form": "Injection, suspension",
                "strength": null,
                "route": "Intramuscular",
                "fda-application-number": "BLA103914",
                "generic": false,
                "over-the-counter": false,
                "approved": true,
                "country": "US",
                "source": "FDA NDC"
            },
            {
                "name": "Fluzone Quadrivalent Southern Hemisphere",
                "labeller": "Sanofi Pasteur Inc.",
                "ndc-id": null,
                "ndc-product-code": "49281-321",
                "dpd-id": null,
                "ema-product-code": null,
                "ema-ma-number": null,
                "started-marketing-on": "2021-02-04",
                "ended-marketing-on": "2021-12-31",
                "dosage-form": "Injection, suspension",
                "strength": null,
                "route": "Intramuscular",
                "fda-application-number": "BLA103914",
                "generic": false,
                "over-the-counter": false,
                "approved": true,
                "country": "US",
                "source": "FDA NDC"
            },
            {
                "name": "Fluzone Quadrivalent Southern Hemisphere",
                "labeller": "Sanofi Pasteur Inc.",
                "ndc-id": null,
                "ndc-product-code": "49281-182",
                "dpd-id": null,
                "ema-product-code": null,
                "ema-ma-number": null,
                "started-marketing-on": "2021-02-04",
                "ended-marketing-on": "2021-12-31",
                "dosage-form": "Injection, suspension",
                "strength": null,
                "route": "Intramuscular",
                "fda-application-number": "BLA103914",
                "generic": false,
                "over-the-counter": false,
                "approved": true,
                "country": "US",
                "source": "FDA NDC"
            },
            {
                "name": "Fluzone Quadrivalent Southern Hemisphere",
                "labeller": "Sanofi Pasteur Inc.",
                "ndc-id": null,
                "ndc-product-code": "49281-337",
                "dpd-id": null,
                "ema-product-code": null,
                "ema-ma-number": null,
                "started-marketing-on": "2021-02-04",
                "ended-marketing-on": "2021-12-31",
                "dosage-form": "Injection, suspension",
                "strength": null,
                "route": "Intramuscular",
                "fda-application-number": "BLA103914",
                "generic": false,
                "over-the-counter": false,
                "approved": true,
                "country": "US",
                "source": "FDA NDC"
            },
            {
                "name": "Fluzone Quadrivalent Southern Hemisphere",
                "labeller": "Sanofi Pasteur Inc.",
                "ndc-id": null,
                "ndc-product-code": "49281-322",
                "dpd-id": null,
                "ema-product-code": null,
                "ema-ma-number": null,
                "started-marketing-on": "2022-02-15",
                "ended-marketing-on": "2022-12-31",
                "dosage-form": "Injection, suspension",
                "strength": null,
                "route": "Intramuscular",
                "fda-application-number": "BLA103914",
                "generic": false,
                "over-the-counter": false,
                "approved": true,
                "country": "US",
                "source": "FDA NDC"
            },
            {
                "name": "Fluzone Quadrivalent Southern Hemisphere",
                "labeller": "Sanofi Pasteur Inc.",
                "ndc-id": null,
                "ndc-product-code": "49281-339",
                "dpd-id": null,
                "ema-product-code": null,
                "ema-ma-number": null,
                "started-marketing-on": "2022-02-15",
                "ended-marketing-on": "2022-12-31",
                "dosage-form": "Injection, suspension",
                "strength": null,
                "route": "Intramuscular",
                "fda-application-number": "BLA103914",
                "generic": false,
                "over-the-counter": false,
                "approved": true,
                "country": "US",
                "source": "FDA NDC"
            }
        ]
    },
    "international-brands": null,
    "mixtures": {
        "mixture": [
            {
                "name": "Fluzone Quadrivalent Southern Hemisphere",
                "ingredients": "Influenza A virus A/Hong Kong/2671/2019 IVR-208 (H3N2) antigen (formaldehyde inactivated) + Influenza A virus A/Victoria/2570/2019 IVR-215 (H1N1) antigen (formaldehyde inactivated) + Influenza B virus B/Phuket/3073/2013 antigen (formaldehyde inactivated) + Influenza B virus B/Washington/02/2019 antigen (formaldehyde inactivated)"
            },
            {
                "name": "Fluzone Quadrivalent Southern Hemisphere",
                "ingredients": "Influenza A virus A/Hong Kong/2671/2019 IVR-208 (H3N2) antigen (formaldehyde inactivated) + Influenza A virus A/Victoria/2570/2019 IVR-215 (H1N1) antigen (formaldehyde inactivated) + Influenza B virus B/Phuket/3073/2013 antigen (formaldehyde inactivated) + Influenza B virus B/Washington/02/2019 antigen (formaldehyde inactivated)"
            },
            {
                "name": "Fluzone Quadrivalent Southern Hemisphere",
                "ingredients": "Influenza A virus A/Hong Kong/2671/2019 IVR-208 (H3N2) antigen (formaldehyde inactivated) + Influenza A virus A/Victoria/2570/2019 IVR-215 (H1N1) antigen (formaldehyde inactivated) + Influenza B virus B/Phuket/3073/2013 antigen (formaldehyde inactivated) + Influenza B virus B/Washington/02/2019 antigen (formaldehyde inactivated)"
            },
            {
                "name": "Fluarix Quadrivalent 2021/2022",
                "ingredients": "Influenza A virus A/Tasmania/503/2020 IVR-221 (H3N2) antigen (formaldehyde inactivated) + Influenza A virus A/Victoria/2570/2019 IVR-215 (H1N1) antigen (formaldehyde inactivated) + Influenza B virus B/Phuket/3073/2013 antigen (formaldehyde inactivated) + Influenza B virus B/Washington/02/2019 antigen (formaldehyde inactivated)"
            },
            {
                "name": "FLUZONE High-Dose Quadrivalent Northern Hemisphere",
                "ingredients": "Influenza A virus A/Tasmania/503/2020 IVR-221 (H3N2) antigen (formaldehyde inactivated) + Influenza A virus A/Victoria/2570/2019 IVR-215 (H1N1) antigen (formaldehyde inactivated) + Influenza B virus B/Phuket/3073/2013 antigen (formaldehyde inactivated) + Influenza B virus B/Washington/02/2019 antigen (formaldehyde inactivated)"
            },
            {
                "name": "Fluzone Quadrivalent",
                "ingredients": "Influenza A virus A/Tasmania/503/2020 IVR-221 (H3N2) antigen (formaldehyde inactivated) + Influenza A virus A/Victoria/2570/2019 IVR-215 (H1N1) antigen (formaldehyde inactivated) + Influenza B virus B/Phuket/3073/2013 antigen (formaldehyde inactivated) + Influenza B virus B/Washington/02/2019 antigen (formaldehyde inactivated)"
            },
            {
                "name": "Fluzone Quadrivalent",
                "ingredients": "Influenza A virus A/Tasmania/503/2020 IVR-221 (H3N2) antigen (formaldehyde inactivated) + Influenza A virus A/Victoria/2570/2019 IVR-215 (H1N1) antigen (formaldehyde inactivated) + Influenza B virus B/Phuket/3073/2013 antigen (formaldehyde inactivated) + Influenza B virus B/Washington/02/2019 antigen (formaldehyde inactivated)"
            },
            {
                "name": "Fluzone Quadrivalent",
                "ingredients": "Influenza A virus A/Tasmania/503/2020 IVR-221 (H3N2) antigen (formaldehyde inactivated) + Influenza A virus A/Victoria/2570/2019 IVR-215 (H1N1) antigen (formaldehyde inactivated) + Influenza B virus B/Phuket/3073/2013 antigen (formaldehyde inactivated) + Influenza B virus B/Washington/02/2019 antigen (formaldehyde inactivated)"
            },
            {
                "name": "Fluad Quadrivalent",
                "ingredients": "Influenza A virus A/Cambodia/e0826360/2020 IVR-224 (H3N2) antigen (formaldehyde inactivated) + Influenza A virus A/Victoria/2570/2019 IVR-215 (H1N1) antigen (formaldehyde inactivated) + Influenza B virus B/Phuket/3073/2013 BVR-1B antigen (formaldehyde inactivated) + Influenza B virus B/Victoria/705/2018 BVR-11 antigen (formaldehyde inactivated)"
            },
            {
                "name": "Fluad Quadrivalent",
                "ingredients": "Influenza A virus A/Darwin/6/2021 IVR-227 (H3N2) antigen (formaldehyde inactivated) + Influenza A virus A/Victoria/2570/2019 IVR-215 (H1N1) antigen (formaldehyde inactivated) + Influenza B virus B/Austria/1359417/2021 BVR-26 hemagglutinin antigen (formaldehyde inactivated) + Influenza B virus B/Phuket/3073/2013 BVR-1B antigen (formaldehyde inactivated)"
            },
            {
                "name": "Fluarix Quadrivalent 2022/2023",
                "ingredients": "Influenza A virus A/Darwin/6/2021 IVR-227 (H3N2) antigen (formaldehyde inactivated) + Influenza A virus A/Victoria/2570/2019 IVR-215 (H1N1) antigen (formaldehyde inactivated) + Influenza B virus B/Austria/1359417/2021 BVR-26 hemagglutinin antigen (formaldehyde inactivated) + Influenza B virus B/Phuket/3073/2013 antigen (formaldehyde inactivated)"
            },
            {
                "name": "Fluzone Quadrivalent Southern Hemisphere",
                "ingredients": "Influenza A virus A/Darwin/9/2021 SAN-010 (H3N2) antigen (formaldehyde inactivated) + Influenza A virus A/Victoria/2570/2019 IVR-215 (H1N1) antigen (formaldehyde inactivated) + Influenza B virus B/Michigan/01/2021 antigen (formaldehyde inactivated) + Influenza B virus B/Phuket/3073/2013 antigen (formaldehyde inactivated)"
            },
            {
                "name": "Fluzone Quadrivalent Southern Hemisphere",
                "ingredients": "Influenza A virus A/Darwin/9/2021 SAN-010 (H3N2) antigen (formaldehyde inactivated) + Influenza A virus A/Victoria/2570/2019 IVR-215 (H1N1) antigen (formaldehyde inactivated) + Influenza B virus B/Michigan/01/2021 antigen (formaldehyde inactivated) + Influenza B virus B/Phuket/3073/2013 antigen (formaldehyde inactivated)"
            },
            {
                "name": "FLUZONE High-Dose Quadrivalent Northern Hemisphere",
                "ingredients": "Influenza A virus A/Darwin/9/2021 SAN-010 (H3N2) antigen (formaldehyde inactivated) + Influenza A virus A/Victoria/2570/2019 IVR-215 (H1N1) antigen (formaldehyde inactivated) + Influenza B virus B/Michigan/01/2021 antigen (formaldehyde inactivated) + Influenza B virus B/Phuket/3073/2013 antigen (formaldehyde inactivated)"
            },
            {
                "name": "Fluzone Quadrivalent Northern Hemisphere",
                "ingredients": "Influenza A virus A/Darwin/9/2021 SAN-010 (H3N2) antigen (formaldehyde inactivated) + Influenza A virus A/Victoria/2570/2019 IVR-215 (H1N1) antigen (formaldehyde inactivated) + Influenza B virus B/Michigan/01/2021 antigen (formaldehyde inactivated) + Influenza B virus B/Phuket/3073/2013 antigen (formaldehyde inactivated)"
            },
            {
                "name": "Fluzone Quadrivalent Northern Hemisphere",
                "ingredients": "Influenza A virus A/Darwin/9/2021 SAN-010 (H3N2) antigen (formaldehyde inactivated) + Influenza A virus A/Victoria/2570/2019 IVR-215 (H1N1) antigen (formaldehyde inactivated) + Influenza B virus B/Michigan/01/2021 antigen (formaldehyde inactivated) + Influenza B virus B/Phuket/3073/2013 antigen (formaldehyde inactivated)"
            },
            {
                "name": "Fluad Tetra",
                "ingredients": "Citric acid + Influenza A virus A/Cambodia/e0826360/2020 IVR-224 (H3N2) antigen (formaldehyde inactivated) + Influenza A virus A/Victoria/2570/2019 IVR-215 (H1N1) antigen (formaldehyde inactivated) + Influenza B virus B/Phuket/3073/2013 antigen (formaldehyde inactivated) + Influenza virus type B (Victoria) + Polysorbate 80 + Sodium citrate + Sorbitol + Squalene"
            },
            {
                "name": "Fluad Tetra",
                "ingredients": "Citric acid + Influenza A virus A/Cambodia/e0826360/2020 IVR-224 (H3N2) antigen (formaldehyde inactivated) + Influenza A virus A/Victoria/2570/2019 IVR-215 (H1N1) antigen (formaldehyde inactivated) + Influenza B virus B/Phuket/3073/2013 antigen (formaldehyde inactivated) + Influenza virus type B (Victoria) + Polysorbate 80 + Sodium citrate + Sorbitol + Squalene"
            },
            {
                "name": "Fluad Tetra",
                "ingredients": "Citric acid + Influenza A virus A/Cambodia/e0826360/2020 IVR-224 (H3N2) antigen (formaldehyde inactivated) + Influenza A virus A/Victoria/2570/2019 IVR-215 (H1N1) antigen (formaldehyde inactivated) + Influenza B virus B/Phuket/3073/2013 antigen (formaldehyde inactivated) + Influenza virus type B (Victoria) + Polysorbate 80 + Sodium citrate + Sorbitol + Squalene"
            },
            {
                "name": "Fluad Tetra",
                "ingredients": "Citric acid + Influenza A virus A/Cambodia/e0826360/2020 IVR-224 (H3N2) antigen (formaldehyde inactivated) + Influenza A virus A/Victoria/2570/2019 IVR-215 (H1N1) antigen (formaldehyde inactivated) + Influenza B virus B/Phuket/3073/2013 antigen (formaldehyde inactivated) + Influenza virus type B (Victoria) + Polysorbate 80 + Sodium citrate + Sorbitol + Squalene"
            }
        ]
    },
    "packagers": null,
    "manufacturers": null,
    "prices": null,
    "categories": {
        "category": [
            {
                "category": "Inactivated Influenza A Virus Vaccine",
                "mesh-id": null
            },
            {
                "category": "Influenza Vaccines",
                "mesh-id": "D007252"
            },
            {
                "category": "Vaccines",
                "mesh-id": "D014612"
            },
            {
                "category": "Viral Vaccines",
                "mesh-id": "D014765"
            }
        ]
    },
    "affected-organisms": null,
    "dosages": {
        "dosage": [
            {
                "form": "Suspension",
                "route": "Intramuscular",
                "strength": null
            },
            {
                "form": "Injection, suspension",
                "route": "Intramuscular",
                "strength": null
            }
        ]
    },
    "atc-codes": null,
    "ahfs-codes": null,
    "pdb-entries": null,
    "patents": null,
    "food-interactions": null,
    "drug-interactions": null,
    "sequences": null,
    "experimental-properties": null,
    "external-identifiers": {
        "external-identifier": [
            {
                "resource": "RxCUI",
                "identifier": "2479040"
            }
        ]
    },
    "external-links": null,
    "pathways": null,
    "reactions": null,
    "snp-effects": null,
    "snp-adverse-drug-reactions": null,
    "targets": null,
    "enzymes": null,
    "carriers": null,
    "transporters": null
}