{
    "type": "small molecule",
    "created": "2020-12-15",
    "updated": "2021-02-21",
    "drugbank-id": [
        {
            "primary": true,
            "value": "DB16262"
        }
    ],
    "name": "Olacaftor",
    "description": "Olacaftor is under investigation in clinical trial NCT02951182 (A Study Evaluating the Safety and Efficacy of VX-440 Combination Therapy in Subjects With Cystic Fibrosis).",
    "cas-number": "1897384-89-2",
    "unii": "RZ7027HK8F",
    "average-mass": 539.67,
    "monoisotopic-mass": 539.225405924,
    "groups": {
        "group": [
            "investigational"
        ]
    },
    "general-references": {
        "articles": null,
        "textbooks": null,
        "links": null,
        "attachments": null
    },
    "synthesis-reference": null,
    "indication": null,
    "pharmacodynamics": null,
    "mechanism-of-action": null,
    "toxicity": null,
    "metabolism": null,
    "absorption": null,
    "half-life": null,
    "protein-binding": null,
    "route-of-elimination": null,
    "volume-of-distribution": null,
    "clearance": null,
    "salts": null,
    "synonyms": {
        "synonym": [
            {
                "language": "english",
                "coder": "inn/usan",
                "value": "Olacaftor"
            }
        ]
    },
    "products": null,
    "international-brands": null,
    "mixtures": null,
    "packagers": null,
    "manufacturers": null,
    "prices": null,
    "categories": null,
    "affected-organisms": null,
    "dosages": null,
    "atc-codes": null,
    "ahfs-codes": null,
    "pdb-entries": null,
    "patents": null,
    "food-interactions": null,
    "drug-interactions": null,
    "calculated-properties": {
        "property": [
            {
                "kind": "logP",
                "value": "5.49",
                "source": "ALOGPS"
            },
            {
                "kind": "logS",
                "value": "-5.8",
                "source": "ALOGPS"
            },
            {
                "kind": "Water Solubility",
                "value": "7.60e-04 g/l",
                "source": "ALOGPS"
            },
            {
                "kind": "logP",
                "value": "5.21",
                "source": "ChemAxon"
            },
            {
                "kind": "IUPAC Name",
                "value": "N-(benzenesulfonyl)-6-[3-fluoro-5-(2-methylpropoxy)phenyl]-2-[(4S)-2,2,4-trimethylpyrrolidin-1-yl]pyridine-3-carboxamide",
                "source": "ChemAxon"
            },
            {
                "kind": "Traditional IUPAC Name",
                "value": "5-({4-[2-(3-methoxyphenyl)-2-oxoethoxy]phenyl}methyl)-1,3-thiazolidine-2,4-dione",
                "source": "ChemAxon"
            },
            {
                "kind": "Molecular Weight",
                "value": "539.67",
                "source": "ChemAxon"
            },
            {
                "kind": "Monoisotopic Weight",
                "value": "539.225405924",
                "source": "ChemAxon"
            },
            {
                "kind": "SMILES",
                "value": "CC(C)COC1=CC(F)=CC(=C1)C1=CC=C(C(=O)NS(=O)(=O)C2=CC=CC=C2)C(=N1)N1C[C@@H](C)CC1(C)C",
                "source": "ChemAxon"
            },
            {
                "kind": "Molecular Formula",
                "value": "C29H34FN3O4S",
                "source": "ChemAxon"
            },
            {
                "kind": "InChI",
                "value": "InChI=1S/C29H34FN3O4S/c1-19(2)18-37-23-14-21(13-22(30)15-23)26-12-11-25(27(31-26)33-17-20(3)16-29(33,4)5)28(34)32-38(35,36)24-9-7-6-8-10-24/h6-15,19-20H,16-18H2,1-5H3,(H,32,34)/t20-/m0/s1",
                "source": "ChemAxon"
            },
            {
                "kind": "InChIKey",
                "value": "NHOUNZMCSIHKHJ-FQEVSTJZSA-N",
                "source": "ChemAxon"
            },
            {
                "kind": "Polar Surface Area (PSA)",
                "value": "88.6",
                "source": "ChemAxon"
            },
            {
                "kind": "Refractivity",
                "value": "147.3",
                "source": "ChemAxon"
            },
            {
                "kind": "Polarizability",
                "value": "58.17",
                "source": "ChemAxon"
            },
            {
                "kind": "Rotatable Bond Count",
                "value": "7",
                "source": "ChemAxon"
            },
            {
                "kind": "H Bond Acceptor Count",
                "value": "6",
                "source": "ChemAxon"
            },
            {
                "kind": "H Bond Donor Count",
                "value": "1",
                "source": "ChemAxon"
            },
            {
                "kind": "pKa (strongest acidic)",
                "value": "2.81",
                "source": "ChemAxon"
            },
            {
                "kind": "pKa (strongest basic)",
                "value": "5.63",
                "source": "ChemAxon"
            },
            {
                "kind": "Physiological Charge",
                "value": "-1",
                "source": "ChemAxon"
            },
            {
                "kind": "Number of Rings",
                "value": "4",
                "source": "ChemAxon"
            },
            {
                "kind": "Bioavailability",
                "value": "0",
                "source": "ChemAxon"
            },
            {
                "kind": "Rule of Five",
                "value": "0",
                "source": "ChemAxon"
            },
            {
                "kind": "Ghose Filter",
                "value": "0",
                "source": "ChemAxon"
            },
            {
                "kind": "MDDR-Like Rule",
                "value": "1",
                "source": "ChemAxon"
            }
        ]
    },
    "experimental-properties": null,
    "external-identifiers": {
        "external-identifier": [
            {
                "resource": "ChemSpider",
                "identifier": "76826988"
            },
            {
                "resource": "ChEMBL",
                "identifier": "CHEMBL4297649"
            }
        ]
    },
    "external-links": null,
    "pathways": null,
    "reactions": null,
    "snp-effects": null,
    "snp-adverse-drug-reactions": null,
    "targets": null,
    "enzymes": null,
    "carriers": null,
    "transporters": null
}