{
    "type": "biotech",
    "created": "2020-12-15",
    "updated": "2021-02-21",
    "drugbank-id": [
        {
            "primary": true,
            "value": "DB16286"
        }
    ],
    "name": "Pemlimogene merolisbac",
    "description": "Pemlimogene merolisbac is under investigation in clinical trial NCT03371381 (An Efficacy and Safety Study of JNJ-64041757, a Live Attenuated Listeria Monocytogenes Immunotherapy, in Combination With Nivolumab Versus Nivolumab Monotherapy in Participants With Advanced Adenocarcinoma of the Lung).",
    "cas-number": null,
    "unii": "S2EGO8116S",
    "groups": {
        "group": [
            "investigational"
        ]
    },
    "general-references": {
        "articles": null,
        "textbooks": null,
        "links": null,
        "attachments": null
    },
    "synthesis-reference": null,
    "indication": null,
    "pharmacodynamics": null,
    "mechanism-of-action": null,
    "toxicity": null,
    "metabolism": null,
    "absorption": null,
    "half-life": null,
    "protein-binding": null,
    "route-of-elimination": null,
    "volume-of-distribution": null,
    "clearance": null,
    "salts": null,
    "synonyms": {
        "synonym": [
            {
                "language": "english",
                "coder": "",
                "value": "Ladd listeria monocytogenes jnj-64041757"
            },
            {
                "language": "english",
                "coder": "",
                "value": "Live-attenuated listeria monocytogenes encoding egfrviii-mesothelin vaccine jnj-64041757"
            },
            {
                "language": "english",
                "coder": "inn/usan",
                "value": "Pemlimogene merolisbac"
            },
            {
                "language": "english",
                "coder": "",
                "value": "Recombinant live-attenuated double-deleted (ladd) strain of listeria monocytogenes (lm .delta.acta/.delta.inlb) expressing a fusion protein comprising the n-terminal 100 amino acids of the lm acta protein (actan100), 5 tandem copies of a 21 amino acid fr"
            }
        ]
    },
    "products": null,
    "international-brands": null,
    "mixtures": null,
    "packagers": null,
    "manufacturers": null,
    "prices": null,
    "categories": null,
    "affected-organisms": null,
    "dosages": null,
    "atc-codes": null,
    "ahfs-codes": null,
    "pdb-entries": null,
    "patents": null,
    "food-interactions": null,
    "drug-interactions": null,
    "sequences": null,
    "experimental-properties": null,
    "external-identifiers": null,
    "external-links": null,
    "pathways": null,
    "reactions": null,
    "snp-effects": null,
    "snp-adverse-drug-reactions": null,
    "targets": null,
    "enzymes": null,
    "carriers": null,
    "transporters": null
}