{
    "type": "small molecule",
    "created": "2020-12-15",
    "updated": "2021-02-21",
    "drugbank-id": [
        {
            "primary": true,
            "value": "DB16130"
        }
    ],
    "name": "Dapansutrile",
    "description": "Dapansutrile is under investigation in clinical trial NCT01768975 (Phase 2 Efficacy Trial of OLT1177 Gel in Subjects With Moderate to Severe Pain Associated With OA of the Knee).",
    "cas-number": "54863-37-5",
    "unii": "2Z03364G96",
    "average-mass": 133.17,
    "monoisotopic-mass": 133.019749643,
    "groups": {
        "group": [
            "investigational"
        ]
    },
    "general-references": {
        "articles": {
            "article": [
                {
                    "ref-id": "A226085",
                    "pubmed-id": "33005902",
                    "citation": "Kluck V, Jansen TLTA, Janssen M, Comarniceanu A, Efde M, Tengesdal IW, Schraa K, Cleophas MCP, Scribner CL, Skouras DB, Marchetti C, Dinarello CA, Joosten LAB: Dapansutrile, an oral selective NLRP3 inflammasome inhibitor, for treatment of gout flares: an open-label, dose-adaptive, proof-of-concept, phase 2a trial. Lancet Rheumatol. 2020 May;2(5):e270-e280. doi: 10.1016/s2665-9913(20)30065-5. Epub 2020 Apr 8."
                }
            ]
        },
        "textbooks": null,
        "links": null,
        "attachments": null
    },
    "synthesis-reference": null,
    "indication": null,
    "pharmacodynamics": null,
    "mechanism-of-action": "Dapansutrile specifically inhibits the NLRP3 inflammasome and subsequent activation of IL-1β. It is currently being investigated against gout flares, joint pain and COVID-19.[A226085]",
    "toxicity": null,
    "metabolism": null,
    "absorption": null,
    "half-life": null,
    "protein-binding": null,
    "route-of-elimination": null,
    "volume-of-distribution": null,
    "clearance": null,
    "salts": null,
    "synonyms": {
        "synonym": [
            {
                "language": "english",
                "coder": "inn/usan",
                "value": "Dapansutrile"
            }
        ]
    },
    "products": null,
    "international-brands": null,
    "mixtures": null,
    "packagers": null,
    "manufacturers": null,
    "prices": null,
    "categories": {
        "category": [
            {
                "category": "Anti-Inflammatory Agents",
                "mesh-id": "D000893"
            },
            {
                "category": "Sulfur Compounds",
                "mesh-id": "D013457"
            }
        ]
    },
    "affected-organisms": null,
    "dosages": null,
    "atc-codes": null,
    "ahfs-codes": null,
    "pdb-entries": null,
    "patents": null,
    "food-interactions": null,
    "drug-interactions": null,
    "calculated-properties": {
        "property": [
            {
                "kind": "logP",
                "value": "-1",
                "source": "ALOGPS"
            },
            {
                "kind": "logS",
                "value": "-0.77",
                "source": "ALOGPS"
            },
            {
                "kind": "Water Solubility",
                "value": "2.28e+01 g/l",
                "source": "ALOGPS"
            },
            {
                "kind": "logP",
                "value": "-1.4",
                "source": "ChemAxon"
            },
            {
                "kind": "IUPAC Name",
                "value": "3-methanesulfonylpropanenitrile",
                "source": "ChemAxon"
            },
            {
                "kind": "Traditional IUPAC Name",
                "value": "2-methoxy-4-[(1E)-3-[4-(nitrooxy)butoxy]-3-oxoprop-1-en-1-yl]phenyl (4R)-4-[(1R,3aS,3bR,4S,5aS,7R,9aS,9bS,11aR)-4,7-dihydroxy-9a,11a-dimethyl-tetradecahydro-1H-cyclopenta[a]phenanthren-1-yl]pentanoate",
                "source": "ChemAxon"
            },
            {
                "kind": "Molecular Weight",
                "value": "133.17",
                "source": "ChemAxon"
            },
            {
                "kind": "Monoisotopic Weight",
                "value": "133.019749643",
                "source": "ChemAxon"
            },
            {
                "kind": "SMILES",
                "value": "CS(=O)(=O)CCC#N",
                "source": "ChemAxon"
            },
            {
                "kind": "Molecular Formula",
                "value": "C4H7NO2S",
                "source": "ChemAxon"
            },
            {
                "kind": "InChI",
                "value": "InChI=1S/C4H7NO2S/c1-8(6,7)4-2-3-5/h2,4H2,1H3",
                "source": "ChemAxon"
            },
            {
                "kind": "InChIKey",
                "value": "LQFRYKBDZNPJSW-UHFFFAOYSA-N",
                "source": "ChemAxon"
            },
            {
                "kind": "Polar Surface Area (PSA)",
                "value": "57.93",
                "source": "ChemAxon"
            },
            {
                "kind": "Refractivity",
                "value": "30.21",
                "source": "ChemAxon"
            },
            {
                "kind": "Polarizability",
                "value": "12.42",
                "source": "ChemAxon"
            },
            {
                "kind": "Rotatable Bond Count",
                "value": "2",
                "source": "ChemAxon"
            },
            {
                "kind": "H Bond Acceptor Count",
                "value": "3",
                "source": "ChemAxon"
            },
            {
                "kind": "H Bond Donor Count",
                "value": "0",
                "source": "ChemAxon"
            },
            {
                "kind": "Physiological Charge",
                "value": "0",
                "source": "ChemAxon"
            },
            {
                "kind": "Number of Rings",
                "value": "0",
                "source": "ChemAxon"
            },
            {
                "kind": "Bioavailability",
                "value": "1",
                "source": "ChemAxon"
            },
            {
                "kind": "Rule of Five",
                "value": "1",
                "source": "ChemAxon"
            },
            {
                "kind": "Ghose Filter",
                "value": "0",
                "source": "ChemAxon"
            },
            {
                "kind": "MDDR-Like Rule",
                "value": "0",
                "source": "ChemAxon"
            }
        ]
    },
    "experimental-properties": null,
    "external-identifiers": {
        "external-identifier": [
            {
                "resource": "ChemSpider",
                "identifier": "14967771"
            },
            {
                "resource": "Wikipedia",
                "identifier": "Dapansutrile"
            },
            {
                "resource": "ChEMBL",
                "identifier": "CHEMBL3989943"
            },
            {
                "resource": "ZINC",
                "identifier": "ZINC000032005410"
            }
        ]
    },
    "external-links": null,
    "pathways": null,
    "reactions": null,
    "snp-effects": null,
    "snp-adverse-drug-reactions": null,
    "targets": null,
    "enzymes": null,
    "carriers": null,
    "transporters": null
}