{
    "type": "small molecule",
    "created": "2020-12-15",
    "updated": "2022-05-05",
    "drugbank-id": [
        {
            "primary": true,
            "value": "DB16300"
        }
    ],
    "name": "Praliciguat",
    "description": "Praliciguat is under investigation in clinical trial NCT03254485 (A Study of the Effect of IW-1973 on the Exercise Capacity of Patients With Heart Failure With Preserved Ejection Fraction (Hfpef)).",
    "cas-number": "1628730-49-3",
    "unii": "R1S0H458SA",
    "average-mass": 534.37,
    "monoisotopic-mass": 534.105049019,
    "groups": {
        "group": [
            "investigational"
        ]
    },
    "general-references": {
        "articles": null,
        "textbooks": null,
        "links": null,
        "attachments": null
    },
    "synthesis-reference": null,
    "indication": null,
    "pharmacodynamics": null,
    "mechanism-of-action": null,
    "toxicity": null,
    "metabolism": null,
    "absorption": null,
    "half-life": null,
    "protein-binding": null,
    "route-of-elimination": null,
    "volume-of-distribution": null,
    "clearance": null,
    "salts": null,
    "synonyms": {
        "synonym": [
            {
                "language": "english",
                "coder": "inn/usan",
                "value": "Praliciguat"
            }
        ]
    },
    "products": null,
    "international-brands": null,
    "mixtures": null,
    "packagers": null,
    "manufacturers": null,
    "prices": null,
    "categories": {
        "category": [
            {
                "category": "Enzyme Activators",
                "mesh-id": "D020536"
            },
            {
                "category": "Gastrointestinal Agents",
                "mesh-id": "D005765"
            },
            {
                "category": "Guanylyl Cyclase C Agonists",
                "mesh-id": "D000074268"
            }
        ]
    },
    "affected-organisms": null,
    "dosages": null,
    "atc-codes": null,
    "ahfs-codes": null,
    "pdb-entries": null,
    "patents": null,
    "food-interactions": null,
    "drug-interactions": null,
    "calculated-properties": {
        "property": [
            {
                "kind": "logP",
                "value": "4.54",
                "source": "ALOGPS"
            },
            {
                "kind": "logS",
                "value": "-4.3",
                "source": "ALOGPS"
            },
            {
                "kind": "Water Solubility",
                "value": "2.92e-02 g/l",
                "source": "ALOGPS"
            },
            {
                "kind": "logP",
                "value": "4.78",
                "source": "ChemAxon"
            },
            {
                "kind": "IUPAC Name",
                "value": "1,1,1-trifluoro-3-[(5-fluoro-2-{1-[(2-fluorophenyl)methyl]-5-(1,2-oxazol-3-yl)-1H-pyrazol-3-yl}pyrimidin-4-yl)amino]-2-(trifluoromethyl)propan-2-ol",
                "source": "ChemAxon"
            },
            {
                "kind": "Traditional IUPAC Name",
                "value": "5-({4-[2-(3-methoxyphenyl)-2-oxoethoxy]phenyl}methyl)-1,3-thiazolidine-2,4-dione",
                "source": "ChemAxon"
            },
            {
                "kind": "Molecular Weight",
                "value": "534.37",
                "source": "ChemAxon"
            },
            {
                "kind": "Monoisotopic Weight",
                "value": "534.105049019",
                "source": "ChemAxon"
            },
            {
                "kind": "SMILES",
                "value": "OC(CNC1=NC(=NC=C1F)C1=NN(CC2=C(F)C=CC=C2)C(=C1)C1=NOC=C1)(C(F)(F)F)C(F)(F)F",
                "source": "ChemAxon"
            },
            {
                "kind": "Molecular Formula",
                "value": "C21H14F8N6O2",
                "source": "ChemAxon"
            },
            {
                "kind": "InChI",
                "value": "InChI=1S/C21H14F8N6O2/c22-12-4-2-1-3-11(12)9-35-16(14-5-6-37-34-14)7-15(33-35)18-30-8-13(23)17(32-18)31-10-19(36,20(24,25)26)21(27,28)29/h1-8,36H,9-10H2,(H,30,31,32)",
                "source": "ChemAxon"
            },
            {
                "kind": "InChIKey",
                "value": "CYSJNTQNMDWAJV-UHFFFAOYSA-N",
                "source": "ChemAxon"
            },
            {
                "kind": "Polar Surface Area (PSA)",
                "value": "101.89",
                "source": "ChemAxon"
            },
            {
                "kind": "Refractivity",
                "value": "135.05",
                "source": "ChemAxon"
            },
            {
                "kind": "Polarizability",
                "value": "43.1",
                "source": "ChemAxon"
            },
            {
                "kind": "Rotatable Bond Count",
                "value": "9",
                "source": "ChemAxon"
            },
            {
                "kind": "H Bond Acceptor Count",
                "value": "6",
                "source": "ChemAxon"
            },
            {
                "kind": "H Bond Donor Count",
                "value": "2",
                "source": "ChemAxon"
            },
            {
                "kind": "pKa (strongest acidic)",
                "value": "7.64",
                "source": "ChemAxon"
            },
            {
                "kind": "pKa (strongest basic)",
                "value": "0.82",
                "source": "ChemAxon"
            },
            {
                "kind": "Physiological Charge",
                "value": "0",
                "source": "ChemAxon"
            },
            {
                "kind": "Number of Rings",
                "value": "4",
                "source": "ChemAxon"
            },
            {
                "kind": "Bioavailability",
                "value": "1",
                "source": "ChemAxon"
            },
            {
                "kind": "Rule of Five",
                "value": "0",
                "source": "ChemAxon"
            },
            {
                "kind": "Ghose Filter",
                "value": "0",
                "source": "ChemAxon"
            },
            {
                "kind": "MDDR-Like Rule",
                "value": "1",
                "source": "ChemAxon"
            }
        ]
    },
    "experimental-properties": null,
    "external-identifiers": {
        "external-identifier": [
            {
                "resource": "ChEBI",
                "identifier": "142431"
            },
            {
                "resource": "ChemSpider",
                "identifier": "59718646"
            },
            {
                "resource": "BindingDB",
                "identifier": "321618"
            },
            {
                "resource": "ChEMBL",
                "identifier": "CHEMBL4297214"
            }
        ]
    },
    "external-links": null,
    "pathways": null,
    "reactions": null,
    "snp-effects": null,
    "snp-adverse-drug-reactions": null,
    "targets": null,
    "enzymes": null,
    "carriers": null,
    "transporters": null
}