{
    "type": "small molecule",
    "created": "2020-12-15",
    "updated": "2020-12-20",
    "drugbank-id": [
        {
            "primary": true,
            "value": "DB16326"
        }
    ],
    "name": "Sepiapterin",
    "description": "Sepiapterin is under investigation in clinical trial NCT03519711 (A Study of CNSA-001 in Primary Tetrahydrobiopterin (BH4) Deficient Participants With Hyperphenylalaninemia).",
    "cas-number": "17094-01-8",
    "unii": "CJQ26KO7HP",
    "average-mass": 237.219,
    "monoisotopic-mass": 237.086189234,
    "groups": {
        "group": [
            "investigational"
        ]
    },
    "general-references": {
        "articles": null,
        "textbooks": null,
        "links": null,
        "attachments": null
    },
    "synthesis-reference": null,
    "indication": null,
    "pharmacodynamics": null,
    "mechanism-of-action": null,
    "toxicity": null,
    "metabolism": null,
    "absorption": null,
    "half-life": null,
    "protein-binding": null,
    "route-of-elimination": null,
    "volume-of-distribution": null,
    "clearance": null,
    "salts": null,
    "synonyms": {
        "synonym": [
            {
                "language": "english",
                "coder": "",
                "value": "L-sepiapterin"
            },
            {
                "language": "english",
                "coder": "",
                "value": "Sepiapterine"
            }
        ]
    },
    "products": null,
    "international-brands": null,
    "mixtures": null,
    "packagers": null,
    "manufacturers": null,
    "prices": null,
    "categories": {
        "category": [
            {
                "category": "Biological Factors",
                "mesh-id": "D001685"
            },
            {
                "category": "Heterocyclic Compounds, Fused-Ring",
                "mesh-id": "D000072471"
            },
            {
                "category": "Pigments, Biological",
                "mesh-id": "D010860"
            },
            {
                "category": "Pteridines",
                "mesh-id": "D011621"
            }
        ]
    },
    "affected-organisms": null,
    "dosages": null,
    "atc-codes": null,
    "ahfs-codes": null,
    "pdb-entries": null,
    "patents": null,
    "food-interactions": null,
    "drug-interactions": null,
    "calculated-properties": {
        "property": [
            {
                "kind": "logP",
                "value": "-1.1",
                "source": "ALOGPS"
            },
            {
                "kind": "logS",
                "value": "-2.3",
                "source": "ALOGPS"
            },
            {
                "kind": "Water Solubility",
                "value": "1.18e+00 g/l",
                "source": "ALOGPS"
            },
            {
                "kind": "logP",
                "value": "-1.4",
                "source": "ChemAxon"
            },
            {
                "kind": "IUPAC Name",
                "value": "2-amino-6-[(2S)-2-hydroxypropanoyl]-1,4,7,8-tetrahydropteridin-4-one",
                "source": "ChemAxon"
            },
            {
                "kind": "Traditional IUPAC Name",
                "value": "revaprazan",
                "source": "ChemAxon"
            },
            {
                "kind": "Molecular Weight",
                "value": "237.219",
                "source": "ChemAxon"
            },
            {
                "kind": "Monoisotopic Weight",
                "value": "237.086189234",
                "source": "ChemAxon"
            },
            {
                "kind": "SMILES",
                "value": "C[C@H](O)C(=O)C1=NC2=C(NC1)NC(N)=NC2=O",
                "source": "ChemAxon"
            },
            {
                "kind": "Molecular Formula",
                "value": "C9H11N5O3",
                "source": "ChemAxon"
            },
            {
                "kind": "InChI",
                "value": "InChI=1S/C9H11N5O3/c1-3(15)6(16)4-2-11-7-5(12-4)8(17)14-9(10)13-7/h3,15H,2H2,1H3,(H4,10,11,13,14,17)/t3-/m0/s1",
                "source": "ChemAxon"
            },
            {
                "kind": "InChIKey",
                "value": "VPVOXUSPXFPWBN-VKHMYHEASA-N",
                "source": "ChemAxon"
            },
            {
                "kind": "Polar Surface Area (PSA)",
                "value": "129.17",
                "source": "ChemAxon"
            },
            {
                "kind": "Refractivity",
                "value": "67.5",
                "source": "ChemAxon"
            },
            {
                "kind": "Polarizability",
                "value": "22.41",
                "source": "ChemAxon"
            },
            {
                "kind": "Rotatable Bond Count",
                "value": "2",
                "source": "ChemAxon"
            },
            {
                "kind": "H Bond Acceptor Count",
                "value": "8",
                "source": "ChemAxon"
            },
            {
                "kind": "H Bond Donor Count",
                "value": "4",
                "source": "ChemAxon"
            },
            {
                "kind": "pKa (strongest acidic)",
                "value": "13.52",
                "source": "ChemAxon"
            },
            {
                "kind": "pKa (strongest basic)",
                "value": "3.42",
                "source": "ChemAxon"
            },
            {
                "kind": "Physiological Charge",
                "value": "0",
                "source": "ChemAxon"
            },
            {
                "kind": "Number of Rings",
                "value": "2",
                "source": "ChemAxon"
            },
            {
                "kind": "Bioavailability",
                "value": "1",
                "source": "ChemAxon"
            },
            {
                "kind": "Rule of Five",
                "value": "1",
                "source": "ChemAxon"
            },
            {
                "kind": "Ghose Filter",
                "value": "0",
                "source": "ChemAxon"
            },
            {
                "kind": "MDDR-Like Rule",
                "value": "0",
                "source": "ChemAxon"
            }
        ]
    },
    "experimental-properties": null,
    "external-identifiers": {
        "external-identifier": [
            {
                "resource": "KEGG Compound",
                "identifier": "C00835"
            },
            {
                "resource": "ChemSpider",
                "identifier": "58746"
            },
            {
                "resource": "Wikipedia",
                "identifier": "Sepiapterin"
            },
            {
                "resource": "ChEMBL",
                "identifier": "CHEMBL1255653"
            },
            {
                "resource": "ZINC",
                "identifier": "ZINC000017721961"
            }
        ]
    },
    "external-links": null,
    "pathways": null,
    "reactions": null,
    "snp-effects": null,
    "snp-adverse-drug-reactions": null,
    "targets": null,
    "enzymes": null,
    "carriers": null,
    "transporters": null
}