{
    "type": "small molecule",
    "created": "2020-12-15",
    "updated": "2020-12-20",
    "drugbank-id": [
        {
            "primary": true,
            "value": "DB16168"
        }
    ],
    "name": "Fluorocyclopentenylcytosine",
    "description": "Fluorocyclopentenylcytosine is under investigation in clinical trial NCT03189914 (RX-3117 in Combination With Abraxane® in Subjects With Metastatic Pancreatic Cancer).",
    "cas-number": "865838-26-2",
    "unii": "0Z4A82I0JO",
    "average-mass": 257.221,
    "monoisotopic-mass": 257.081184041,
    "groups": {
        "group": [
            "investigational"
        ]
    },
    "general-references": {
        "articles": null,
        "textbooks": null,
        "links": null,
        "attachments": null
    },
    "synthesis-reference": null,
    "indication": null,
    "pharmacodynamics": null,
    "mechanism-of-action": null,
    "toxicity": null,
    "metabolism": null,
    "absorption": null,
    "half-life": null,
    "protein-binding": null,
    "route-of-elimination": null,
    "volume-of-distribution": null,
    "clearance": null,
    "salts": null,
    "synonyms": {
        "synonym": [
            {
                "language": "english",
                "coder": "",
                "value": "Fluorocyclopentenylcytosine"
            },
            {
                "language": "english",
                "coder": "",
                "value": "Roducitabine"
            }
        ]
    },
    "products": null,
    "international-brands": null,
    "mixtures": null,
    "packagers": null,
    "manufacturers": null,
    "prices": null,
    "categories": {
        "category": [
            {
                "category": "Nucleic Acids, Nucleotides, and Nucleosides",
                "mesh-id": "D009706"
            },
            {
                "category": "Nucleosides",
                "mesh-id": "D009705"
            },
            {
                "category": "Pyrimidine Nucleosides",
                "mesh-id": "D011741"
            },
            {
                "category": "Pyrimidines",
                "mesh-id": "D011743"
            },
            {
                "category": "Ribonucleosides",
                "mesh-id": "D012263"
            }
        ]
    },
    "affected-organisms": null,
    "dosages": null,
    "atc-codes": null,
    "ahfs-codes": null,
    "pdb-entries": null,
    "patents": null,
    "food-interactions": null,
    "drug-interactions": null,
    "calculated-properties": {
        "property": [
            {
                "kind": "logP",
                "value": "-1.6",
                "source": "ALOGPS"
            },
            {
                "kind": "logS",
                "value": "-1.9",
                "source": "ALOGPS"
            },
            {
                "kind": "Water Solubility",
                "value": "3.41e+00 g/l",
                "source": "ALOGPS"
            },
            {
                "kind": "logP",
                "value": "-3.1",
                "source": "ChemAxon"
            },
            {
                "kind": "IUPAC Name",
                "value": "4-amino-1-[(1S,4R,5S)-2-fluoro-4,5-dihydroxy-3-(hydroxymethyl)cyclopent-2-en-1-yl]-1,2-dihydropyrimidin-2-one",
                "source": "ChemAxon"
            },
            {
                "kind": "Traditional IUPAC Name",
                "value": "5-({4-[2-(3-methoxyphenyl)-2-oxoethoxy]phenyl}methyl)-1,3-thiazolidine-2,4-dione",
                "source": "ChemAxon"
            },
            {
                "kind": "Molecular Weight",
                "value": "257.221",
                "source": "ChemAxon"
            },
            {
                "kind": "Monoisotopic Weight",
                "value": "257.081184041",
                "source": "ChemAxon"
            },
            {
                "kind": "SMILES",
                "value": "NC1=NC(=O)N(C=C1)[C@H]1[C@H](O)[C@H](O)C(CO)=C1F",
                "source": "ChemAxon"
            },
            {
                "kind": "Molecular Formula",
                "value": "C10H12FN3O4",
                "source": "ChemAxon"
            },
            {
                "kind": "InChI",
                "value": "InChI=1S/C10H12FN3O4/c11-6-4(3-15)8(16)9(17)7(6)14-2-1-5(12)13-10(14)18/h1-2,7-9,15-17H,3H2,(H2,12,13,18)/t7-,8-,9+/m1/s1",
                "source": "ChemAxon"
            },
            {
                "kind": "InChIKey",
                "value": "QLLGKCJUPWYJON-HLTSFMKQSA-N",
                "source": "ChemAxon"
            },
            {
                "kind": "Polar Surface Area (PSA)",
                "value": "119.38",
                "source": "ChemAxon"
            },
            {
                "kind": "Refractivity",
                "value": "58.97",
                "source": "ChemAxon"
            },
            {
                "kind": "Polarizability",
                "value": "23.05",
                "source": "ChemAxon"
            },
            {
                "kind": "Rotatable Bond Count",
                "value": "2",
                "source": "ChemAxon"
            },
            {
                "kind": "H Bond Acceptor Count",
                "value": "6",
                "source": "ChemAxon"
            },
            {
                "kind": "H Bond Donor Count",
                "value": "4",
                "source": "ChemAxon"
            },
            {
                "kind": "pKa (strongest acidic)",
                "value": "13.04",
                "source": "ChemAxon"
            },
            {
                "kind": "pKa (strongest basic)",
                "value": "4.16",
                "source": "ChemAxon"
            },
            {
                "kind": "Physiological Charge",
                "value": "0",
                "source": "ChemAxon"
            },
            {
                "kind": "Number of Rings",
                "value": "2",
                "source": "ChemAxon"
            },
            {
                "kind": "Bioavailability",
                "value": "1",
                "source": "ChemAxon"
            },
            {
                "kind": "Rule of Five",
                "value": "1",
                "source": "ChemAxon"
            },
            {
                "kind": "Ghose Filter",
                "value": "0",
                "source": "ChemAxon"
            },
            {
                "kind": "MDDR-Like Rule",
                "value": "0",
                "source": "ChemAxon"
            }
        ]
    },
    "experimental-properties": null,
    "external-identifiers": {
        "external-identifier": [
            {
                "resource": "ChEBI",
                "identifier": "147412"
            },
            {
                "resource": "ChemSpider",
                "identifier": "9417352"
            },
            {
                "resource": "ChEMBL",
                "identifier": "CHEMBL2064455"
            },
            {
                "resource": "ZINC",
                "identifier": "ZINC000084651969"
            }
        ]
    },
    "external-links": null,
    "pathways": null,
    "reactions": null,
    "snp-effects": null,
    "snp-adverse-drug-reactions": null,
    "targets": null,
    "enzymes": null,
    "carriers": null,
    "transporters": null
}