{
    "type": "biotech",
    "created": "2020-12-15",
    "updated": "2021-02-21",
    "drugbank-id": [
        {
            "primary": true,
            "value": "DB16336"
        }
    ],
    "name": "Tafolecimab",
    "description": "Tafolecimab is under investigation in clinical trial NCT04031742 (A Study to Evaluate Safety and Efficacy of IBI306, a PCSK9 Monoclonal Antibody in Chinese Subjects With Homozygous Familial Hypercholesterolemia).",
    "cas-number": "2225109-03-3",
    "unii": "KV2ZKH0NIM",
    "groups": {
        "group": [
            "investigational"
        ]
    },
    "general-references": {
        "articles": null,
        "textbooks": null,
        "links": null,
        "attachments": null
    },
    "synthesis-reference": null,
    "indication": null,
    "pharmacodynamics": null,
    "mechanism-of-action": null,
    "toxicity": null,
    "metabolism": null,
    "absorption": null,
    "half-life": null,
    "protein-binding": null,
    "route-of-elimination": null,
    "volume-of-distribution": null,
    "clearance": null,
    "salts": null,
    "synonyms": {
        "synonym": [
            {
                "language": "english",
                "coder": "",
                "value": "Immunoglobulin igg2, anti-(human proprotein convertase subtilisin/kexin type 9) (human monoclonal ibi306 .gamma.2-chain), disulfide with human monoclonal ibi306 .kappa.-chain, dimer"
            },
            {
                "language": "english",
                "coder": "inn",
                "value": "Tafolecimab"
            }
        ]
    },
    "products": null,
    "international-brands": null,
    "mixtures": null,
    "packagers": null,
    "manufacturers": null,
    "prices": null,
    "categories": null,
    "affected-organisms": null,
    "dosages": null,
    "atc-codes": null,
    "ahfs-codes": null,
    "pdb-entries": null,
    "patents": null,
    "food-interactions": null,
    "drug-interactions": null,
    "sequences": null,
    "experimental-properties": null,
    "external-identifiers": null,
    "external-links": null,
    "pathways": null,
    "reactions": null,
    "snp-effects": null,
    "snp-adverse-drug-reactions": null,
    "targets": null,
    "enzymes": null,
    "carriers": null,
    "transporters": null
}