{
    "type": "small molecule",
    "created": "2021-02-02",
    "updated": "2021-02-13",
    "drugbank-id": [
        {
            "primary": true,
            "value": "DB16535"
        }
    ],
    "name": "Benzoyloxymethylthiamine",
    "description": null,
    "cas-number": "18481-26-0",
    "unii": null,
    "average-mass": 416.5,
    "monoisotopic-mass": 416.151826443,
    "groups": {
        "group": [
            "experimental"
        ]
    },
    "general-references": {
        "articles": null,
        "textbooks": null,
        "links": null,
        "attachments": null
    },
    "synthesis-reference": null,
    "indication": null,
    "pharmacodynamics": null,
    "mechanism-of-action": null,
    "toxicity": null,
    "metabolism": null,
    "absorption": null,
    "half-life": null,
    "protein-binding": null,
    "route-of-elimination": null,
    "volume-of-distribution": null,
    "clearance": null,
    "salts": null,
    "synonyms": null,
    "products": null,
    "international-brands": null,
    "mixtures": null,
    "packagers": null,
    "manufacturers": null,
    "prices": null,
    "categories": {
        "category": [
            {
                "category": "Pyrimidines",
                "mesh-id": "D011743"
            },
            {
                "category": "Sulfur Compounds",
                "mesh-id": "D013457"
            },
            {
                "category": "Thiazoles",
                "mesh-id": "D013844"
            }
        ]
    },
    "affected-organisms": null,
    "dosages": {
        "dosage": [
            {
                "form": "Capsule",
                "route": "Oral",
                "strength": null
            }
        ]
    },
    "atc-codes": null,
    "ahfs-codes": null,
    "pdb-entries": null,
    "patents": null,
    "food-interactions": null,
    "drug-interactions": null,
    "calculated-properties": {
        "property": [
            {
                "kind": "logP",
                "value": "0.83",
                "source": "ChemAxon"
            },
            {
                "kind": "IUPAC Name",
                "value": "[(2-{N-[(4-amino-2-methylpyrimidin-5-yl)methyl]formamido}-5-hydroxypent-2-en-3-yl)sulfanyl]methyl benzoate",
                "source": "ChemAxon"
            },
            {
                "kind": "Traditional IUPAC Name",
                "value": "disodium dexamethasone phosphate(2-)",
                "source": "ChemAxon"
            },
            {
                "kind": "Molecular Weight",
                "value": "416.5",
                "source": "ChemAxon"
            },
            {
                "kind": "Monoisotopic Weight",
                "value": "416.151826443",
                "source": "ChemAxon"
            },
            {
                "kind": "SMILES",
                "value": "CC(N(CC1=CN=C(C)N=C1N)C=O)=C(CCO)SCOC(=O)C1=CC=CC=C1",
                "source": "ChemAxon"
            },
            {
                "kind": "Molecular Formula",
                "value": "C20H24N4O4S",
                "source": "ChemAxon"
            },
            {
                "kind": "InChI",
                "value": "InChI=1S/C20H24N4O4S/c1-14(24(12-26)11-17-10-22-15(2)23-19(17)21)18(8-9-25)29-13-28-20(27)16-6-4-3-5-7-16/h3-7,10,12,25H,8-9,11,13H2,1-2H3,(H2,21,22,23)/b18-14-",
                "source": "ChemAxon"
            },
            {
                "kind": "InChIKey",
                "value": "KZZQSQPXTWSHLI-JXAWBTAJSA-N",
                "source": "ChemAxon"
            },
            {
                "kind": "Polar Surface Area (PSA)",
                "value": "118.64",
                "source": "ChemAxon"
            },
            {
                "kind": "Refractivity",
                "value": "116.44",
                "source": "ChemAxon"
            },
            {
                "kind": "Polarizability",
                "value": "43.42",
                "source": "ChemAxon"
            },
            {
                "kind": "Rotatable Bond Count",
                "value": "10",
                "source": "ChemAxon"
            },
            {
                "kind": "H Bond Acceptor Count",
                "value": "6",
                "source": "ChemAxon"
            },
            {
                "kind": "H Bond Donor Count",
                "value": "2",
                "source": "ChemAxon"
            },
            {
                "kind": "pKa (strongest acidic)",
                "value": "15.9",
                "source": "ChemAxon"
            },
            {
                "kind": "pKa (strongest basic)",
                "value": "6.26",
                "source": "ChemAxon"
            },
            {
                "kind": "Physiological Charge",
                "value": "1",
                "source": "ChemAxon"
            },
            {
                "kind": "Number of Rings",
                "value": "2",
                "source": "ChemAxon"
            },
            {
                "kind": "Bioavailability",
                "value": "1",
                "source": "ChemAxon"
            },
            {
                "kind": "Rule of Five",
                "value": "1",
                "source": "ChemAxon"
            },
            {
                "kind": "Ghose Filter",
                "value": "1",
                "source": "ChemAxon"
            },
            {
                "kind": "MDDR-Like Rule",
                "value": "0",
                "source": "ChemAxon"
            }
        ]
    },
    "experimental-properties": null,
    "external-identifiers": {
        "external-identifier": [
            {
                "resource": "ChemSpider",
                "identifier": "19972350"
            }
        ]
    },
    "external-links": null,
    "pathways": null,
    "reactions": null,
    "snp-effects": null,
    "snp-adverse-drug-reactions": null,
    "targets": null,
    "enzymes": null,
    "carriers": null,
    "transporters": null
}