{
    "type": "small molecule",
    "created": "2020-12-15",
    "updated": "2020-12-20",
    "drugbank-id": [
        {
            "primary": true,
            "value": "DB16287"
        }
    ],
    "name": "Penequinine, Penehyclidine",
    "description": "Penequinine, Penehyclidine is under investigation in clinical trial NCT02644876 (Preventive Effects of Penehyclidine Hydrochloride Inhalation on Postoperative Pulmonary Complications).",
    "cas-number": "87827-02-9",
    "unii": "353CX8CSHD",
    "average-mass": 315.457,
    "monoisotopic-mass": 315.219829178,
    "groups": {
        "group": [
            "investigational"
        ]
    },
    "general-references": {
        "articles": null,
        "textbooks": null,
        "links": null,
        "attachments": null
    },
    "synthesis-reference": null,
    "indication": null,
    "pharmacodynamics": null,
    "mechanism-of-action": null,
    "toxicity": null,
    "metabolism": null,
    "absorption": null,
    "half-life": null,
    "protein-binding": null,
    "route-of-elimination": null,
    "volume-of-distribution": null,
    "clearance": null,
    "salts": null,
    "synonyms": {
        "synonym": [
            {
                "language": "english",
                "coder": "",
                "value": "Penehyclidine"
            },
            {
                "language": "english",
                "coder": "",
                "value": "Penequine"
            },
            {
                "language": "english",
                "coder": "",
                "value": "Penequinine"
            },
            {
                "language": "english",
                "coder": "",
                "value": "Penethequinine"
            }
        ]
    },
    "products": null,
    "international-brands": null,
    "mixtures": null,
    "packagers": null,
    "manufacturers": null,
    "prices": null,
    "categories": null,
    "affected-organisms": null,
    "dosages": null,
    "atc-codes": null,
    "ahfs-codes": null,
    "pdb-entries": null,
    "patents": null,
    "food-interactions": null,
    "drug-interactions": null,
    "calculated-properties": {
        "property": [
            {
                "kind": "logP",
                "value": "3.36",
                "source": "ALOGPS"
            },
            {
                "kind": "logS",
                "value": "-3.8",
                "source": "ALOGPS"
            },
            {
                "kind": "Water Solubility",
                "value": "4.60e-02 g/l",
                "source": "ALOGPS"
            },
            {
                "kind": "logP",
                "value": "3.19",
                "source": "ChemAxon"
            },
            {
                "kind": "IUPAC Name",
                "value": "2-{1-azabicyclo[2.2.2]octan-3-yloxy}-1-cyclopentyl-1-phenylethan-1-ol",
                "source": "ChemAxon"
            },
            {
                "kind": "Traditional IUPAC Name",
                "value": "5-({4-[2-(3-methoxyphenyl)-2-oxoethoxy]phenyl}methyl)-1,3-thiazolidine-2,4-dione",
                "source": "ChemAxon"
            },
            {
                "kind": "Molecular Weight",
                "value": "315.457",
                "source": "ChemAxon"
            },
            {
                "kind": "Monoisotopic Weight",
                "value": "315.219829178",
                "source": "ChemAxon"
            },
            {
                "kind": "SMILES",
                "value": "OC(COC1CN2CCC1CC2)(C1CCCC1)C1=CC=CC=C1",
                "source": "ChemAxon"
            },
            {
                "kind": "Molecular Formula",
                "value": "C20H29NO2",
                "source": "ChemAxon"
            },
            {
                "kind": "InChI",
                "value": "InChI=1S/C20H29NO2/c22-20(18-8-4-5-9-18,17-6-2-1-3-7-17)15-23-19-14-21-12-10-16(19)11-13-21/h1-3,6-7,16,18-19,22H,4-5,8-15H2",
                "source": "ChemAxon"
            },
            {
                "kind": "InChIKey",
                "value": "GTKRIWMDLNOSLI-UHFFFAOYSA-N",
                "source": "ChemAxon"
            },
            {
                "kind": "Polar Surface Area (PSA)",
                "value": "32.7",
                "source": "ChemAxon"
            },
            {
                "kind": "Refractivity",
                "value": "92.59",
                "source": "ChemAxon"
            },
            {
                "kind": "Polarizability",
                "value": "36.24",
                "source": "ChemAxon"
            },
            {
                "kind": "Rotatable Bond Count",
                "value": "5",
                "source": "ChemAxon"
            },
            {
                "kind": "H Bond Acceptor Count",
                "value": "3",
                "source": "ChemAxon"
            },
            {
                "kind": "H Bond Donor Count",
                "value": "1",
                "source": "ChemAxon"
            },
            {
                "kind": "pKa (strongest acidic)",
                "value": "13.13",
                "source": "ChemAxon"
            },
            {
                "kind": "pKa (strongest basic)",
                "value": "8.38",
                "source": "ChemAxon"
            },
            {
                "kind": "Physiological Charge",
                "value": "1",
                "source": "ChemAxon"
            },
            {
                "kind": "Number of Rings",
                "value": "4",
                "source": "ChemAxon"
            },
            {
                "kind": "Bioavailability",
                "value": "1",
                "source": "ChemAxon"
            },
            {
                "kind": "Rule of Five",
                "value": "1",
                "source": "ChemAxon"
            },
            {
                "kind": "Ghose Filter",
                "value": "1",
                "source": "ChemAxon"
            },
            {
                "kind": "MDDR-Like Rule",
                "value": "0",
                "source": "ChemAxon"
            }
        ]
    },
    "experimental-properties": null,
    "external-identifiers": {
        "external-identifier": [
            {
                "resource": "ChemSpider",
                "identifier": "121036"
            }
        ]
    },
    "external-links": null,
    "pathways": null,
    "reactions": null,
    "snp-effects": null,
    "snp-adverse-drug-reactions": null,
    "targets": null,
    "enzymes": null,
    "carriers": null,
    "transporters": null
}