{
    "type": "small molecule",
    "created": "2020-12-15",
    "updated": "2021-02-21",
    "drugbank-id": [
        {
            "primary": true,
            "value": "DB16227"
        }
    ],
    "name": "Masilukast",
    "description": "Masilukast is under investigation in clinical trial NCT01740986 (Safety and Efficacy of SA09012 in Asthma).",
    "cas-number": "136564-68-6",
    "unii": "2QJ3R1H23S",
    "average-mass": 615.67,
    "monoisotopic-mass": 615.201476805,
    "groups": {
        "group": [
            "investigational"
        ]
    },
    "general-references": {
        "articles": null,
        "textbooks": null,
        "links": null,
        "attachments": null
    },
    "synthesis-reference": null,
    "indication": null,
    "pharmacodynamics": null,
    "mechanism-of-action": null,
    "toxicity": null,
    "metabolism": null,
    "absorption": null,
    "half-life": null,
    "protein-binding": null,
    "route-of-elimination": null,
    "volume-of-distribution": null,
    "clearance": null,
    "salts": null,
    "synonyms": {
        "synonym": [
            {
                "language": "english",
                "coder": "inn",
                "value": "Masilukast"
            }
        ]
    },
    "products": null,
    "international-brands": null,
    "mixtures": null,
    "packagers": null,
    "manufacturers": null,
    "prices": null,
    "categories": null,
    "affected-organisms": null,
    "dosages": null,
    "atc-codes": null,
    "ahfs-codes": null,
    "pdb-entries": null,
    "patents": null,
    "food-interactions": null,
    "drug-interactions": null,
    "calculated-properties": {
        "property": [
            {
                "kind": "logP",
                "value": "4.48",
                "source": "ALOGPS"
            },
            {
                "kind": "logS",
                "value": "-5.9",
                "source": "ALOGPS"
            },
            {
                "kind": "Water Solubility",
                "value": "8.14e-04 g/l",
                "source": "ALOGPS"
            },
            {
                "kind": "logP",
                "value": "6.15",
                "source": "ChemAxon"
            },
            {
                "kind": "IUPAC Name",
                "value": "3-({2-methoxy-4-[(2-methylbenzenesulfonyl)carbamoyl]phenyl}methyl)-1-methyl-N-[(2R)-4,4,4-trifluoro-2-methylbutyl]-1H-indole-5-carboxamide",
                "source": "ChemAxon"
            },
            {
                "kind": "Traditional IUPAC Name",
                "value": "2-methoxy-4-[(1E)-3-[4-(nitrooxy)butoxy]-3-oxoprop-1-en-1-yl]phenyl (4R)-4-[(1R,3aS,3bR,4S,5aS,7R,9aS,9bS,11aR)-4,7-dihydroxy-9a,11a-dimethyl-tetradecahydro-1H-cyclopenta[a]phenanthren-1-yl]pentanoate",
                "source": "ChemAxon"
            },
            {
                "kind": "Molecular Weight",
                "value": "615.67",
                "source": "ChemAxon"
            },
            {
                "kind": "Monoisotopic Weight",
                "value": "615.201476805",
                "source": "ChemAxon"
            },
            {
                "kind": "SMILES",
                "value": "COC1=CC(=CC=C1CC1=CN(C)C2=C1C=C(C=C2)C(=O)NC[C@H](C)CC(F)(F)F)C(=O)NS(=O)(=O)C1=CC=CC=C1C",
                "source": "ChemAxon"
            },
            {
                "kind": "Molecular Formula",
                "value": "C31H32F3N3O5S",
                "source": "ChemAxon"
            },
            {
                "kind": "InChI",
                "value": "InChI=1S/C31H32F3N3O5S/c1-19(16-31(32,33)34)17-35-29(38)22-11-12-26-25(14-22)24(18-37(26)3)13-21-9-10-23(15-27(21)42-4)30(39)36-43(40,41)28-8-6-5-7-20(28)2/h5-12,14-15,18-19H,13,16-17H2,1-4H3,(H,35,38)(H,36,39)/t19-/m1/s1",
                "source": "ChemAxon"
            },
            {
                "kind": "InChIKey",
                "value": "ULMFXAMQUGLVGA-LJQANCHMSA-N",
                "source": "ChemAxon"
            },
            {
                "kind": "Polar Surface Area (PSA)",
                "value": "106.5",
                "source": "ChemAxon"
            },
            {
                "kind": "Refractivity",
                "value": "158.78",
                "source": "ChemAxon"
            },
            {
                "kind": "Polarizability",
                "value": "62.23",
                "source": "ChemAxon"
            },
            {
                "kind": "Rotatable Bond Count",
                "value": "10",
                "source": "ChemAxon"
            },
            {
                "kind": "H Bond Acceptor Count",
                "value": "5",
                "source": "ChemAxon"
            },
            {
                "kind": "H Bond Donor Count",
                "value": "2",
                "source": "ChemAxon"
            },
            {
                "kind": "pKa (strongest acidic)",
                "value": "4.29",
                "source": "ChemAxon"
            },
            {
                "kind": "pKa (strongest basic)",
                "value": "-0.74",
                "source": "ChemAxon"
            },
            {
                "kind": "Physiological Charge",
                "value": "-1",
                "source": "ChemAxon"
            },
            {
                "kind": "Number of Rings",
                "value": "4",
                "source": "ChemAxon"
            },
            {
                "kind": "Bioavailability",
                "value": "0",
                "source": "ChemAxon"
            },
            {
                "kind": "Rule of Five",
                "value": "0",
                "source": "ChemAxon"
            },
            {
                "kind": "Ghose Filter",
                "value": "0",
                "source": "ChemAxon"
            },
            {
                "kind": "MDDR-Like Rule",
                "value": "1",
                "source": "ChemAxon"
            }
        ]
    },
    "experimental-properties": null,
    "external-identifiers": {
        "external-identifier": [
            {
                "resource": "ChemSpider",
                "identifier": "176761"
            },
            {
                "resource": "BindingDB",
                "identifier": "50041349"
            },
            {
                "resource": "ChEMBL",
                "identifier": "CHEMBL442263"
            },
            {
                "resource": "ZINC",
                "identifier": "ZINC000003925925"
            }
        ]
    },
    "external-links": null,
    "pathways": null,
    "reactions": null,
    "snp-effects": null,
    "snp-adverse-drug-reactions": null,
    "targets": null,
    "enzymes": null,
    "carriers": null,
    "transporters": null
}