{
    "type": "small molecule",
    "created": "2020-12-15",
    "updated": "2021-02-21",
    "drugbank-id": [
        {
            "primary": true,
            "value": "DB16122"
        }
    ],
    "name": "Centhaquine",
    "description": "Centhaquine is under investigation in clinical trial NCT04045327 (Efficacy of PMZ-2010 (Centhaquine) a Resuscitative Agent for Hypovolemic Shock).",
    "cas-number": "57961-90-7",
    "unii": "QD4VI0J9T5",
    "average-mass": 331.463,
    "monoisotopic-mass": 331.204847817,
    "groups": {
        "group": [
            "investigational"
        ]
    },
    "general-references": {
        "articles": null,
        "textbooks": null,
        "links": null,
        "attachments": null
    },
    "synthesis-reference": null,
    "indication": null,
    "pharmacodynamics": null,
    "mechanism-of-action": null,
    "toxicity": null,
    "metabolism": null,
    "absorption": null,
    "half-life": null,
    "protein-binding": null,
    "route-of-elimination": null,
    "volume-of-distribution": null,
    "clearance": null,
    "salts": null,
    "synonyms": {
        "synonym": [
            {
                "language": "english",
                "coder": "inn",
                "value": "Centhaquine"
            },
            {
                "language": "english",
                "coder": "",
                "value": "Compound-7173"
            }
        ]
    },
    "products": null,
    "international-brands": null,
    "mixtures": null,
    "packagers": null,
    "manufacturers": null,
    "prices": null,
    "categories": null,
    "affected-organisms": null,
    "dosages": null,
    "atc-codes": null,
    "ahfs-codes": null,
    "pdb-entries": null,
    "patents": null,
    "food-interactions": null,
    "drug-interactions": null,
    "calculated-properties": {
        "property": [
            {
                "kind": "logP",
                "value": "4.68",
                "source": "ALOGPS"
            },
            {
                "kind": "logS",
                "value": "-3.5",
                "source": "ALOGPS"
            },
            {
                "kind": "Water Solubility",
                "value": "1.06e-01 g/l",
                "source": "ALOGPS"
            },
            {
                "kind": "logP",
                "value": "4.64",
                "source": "ChemAxon"
            },
            {
                "kind": "IUPAC Name",
                "value": "2-{2-[4-(3-methylphenyl)piperazin-1-yl]ethyl}quinoline",
                "source": "ChemAxon"
            },
            {
                "kind": "Traditional IUPAC Name",
                "value": "5-({4-[2-(3-methoxyphenyl)-2-oxoethoxy]phenyl}methyl)-1,3-thiazolidine-2,4-dione",
                "source": "ChemAxon"
            },
            {
                "kind": "Molecular Weight",
                "value": "331.463",
                "source": "ChemAxon"
            },
            {
                "kind": "Monoisotopic Weight",
                "value": "331.204847817",
                "source": "ChemAxon"
            },
            {
                "kind": "SMILES",
                "value": "CC1=CC(=CC=C1)N1CCN(CCC2=CC=C3C=CC=CC3=N2)CC1",
                "source": "ChemAxon"
            },
            {
                "kind": "Molecular Formula",
                "value": "C22H25N3",
                "source": "ChemAxon"
            },
            {
                "kind": "InChI",
                "value": "InChI=1S/C22H25N3/c1-18-5-4-7-21(17-18)25-15-13-24(14-16-25)12-11-20-10-9-19-6-2-3-8-22(19)23-20/h2-10,17H,11-16H2,1H3",
                "source": "ChemAxon"
            },
            {
                "kind": "InChIKey",
                "value": "UJNWGFBJUHIJKK-UHFFFAOYSA-N",
                "source": "ChemAxon"
            },
            {
                "kind": "Polar Surface Area (PSA)",
                "value": "19.37",
                "source": "ChemAxon"
            },
            {
                "kind": "Refractivity",
                "value": "104.29",
                "source": "ChemAxon"
            },
            {
                "kind": "Polarizability",
                "value": "39.67",
                "source": "ChemAxon"
            },
            {
                "kind": "Rotatable Bond Count",
                "value": "4",
                "source": "ChemAxon"
            },
            {
                "kind": "H Bond Acceptor Count",
                "value": "3",
                "source": "ChemAxon"
            },
            {
                "kind": "H Bond Donor Count",
                "value": "0",
                "source": "ChemAxon"
            },
            {
                "kind": "pKa (strongest basic)",
                "value": "8.15",
                "source": "ChemAxon"
            },
            {
                "kind": "Physiological Charge",
                "value": "1",
                "source": "ChemAxon"
            },
            {
                "kind": "Number of Rings",
                "value": "4",
                "source": "ChemAxon"
            },
            {
                "kind": "Bioavailability",
                "value": "1",
                "source": "ChemAxon"
            },
            {
                "kind": "Rule of Five",
                "value": "1",
                "source": "ChemAxon"
            },
            {
                "kind": "Ghose Filter",
                "value": "1",
                "source": "ChemAxon"
            },
            {
                "kind": "MDDR-Like Rule",
                "value": "0",
                "source": "ChemAxon"
            }
        ]
    },
    "experimental-properties": null,
    "external-identifiers": {
        "external-identifier": [
            {
                "resource": "ChemSpider",
                "identifier": "142413"
            },
            {
                "resource": "ZINC",
                "identifier": "ZINC000000001105"
            }
        ]
    },
    "external-links": null,
    "pathways": null,
    "reactions": null,
    "snp-effects": null,
    "snp-adverse-drug-reactions": null,
    "targets": null,
    "enzymes": null,
    "carriers": null,
    "transporters": null
}