{
    "type": "biotech",
    "created": "2020-12-23",
    "updated": "2020-12-23",
    "drugbank-id": [
        {
            "primary": true,
            "value": "DB16402"
        }
    ],
    "name": "BNT-162A1",
    "description": "BNT-162A1 is under investigation in clinical trial NCT04380701 (A Trial Investigating the Safety and Effects of Four BNT162 Vaccines Against COVID-2019 in Healthy Adults).",
    "cas-number": "2417899-74-0",
    "unii": "N38TVC63NU",
    "groups": {
        "group": [
            "investigational"
        ]
    },
    "general-references": {
        "articles": null,
        "textbooks": null,
        "links": null,
        "attachments": null
    },
    "synthesis-reference": null,
    "indication": null,
    "pharmacodynamics": null,
    "mechanism-of-action": null,
    "toxicity": null,
    "metabolism": null,
    "absorption": null,
    "half-life": null,
    "protein-binding": null,
    "route-of-elimination": null,
    "volume-of-distribution": null,
    "clearance": null,
    "salts": null,
    "synonyms": null,
    "products": null,
    "international-brands": null,
    "mixtures": null,
    "packagers": null,
    "manufacturers": null,
    "prices": null,
    "categories": {
        "category": [
            {
                "category": "Amino Acids, Peptides, and Proteins",
                "mesh-id": "D000602"
            },
            {
                "category": "Antigens",
                "mesh-id": "D000941"
            },
            {
                "category": "Biological Factors",
                "mesh-id": "D001685"
            },
            {
                "category": "Biological Products",
                "mesh-id": "D001688"
            },
            {
                "category": "Complex Mixtures",
                "mesh-id": "D045424"
            },
            {
                "category": "COVID-19 Vaccines",
                "mesh-id": "D000086663"
            },
            {
                "category": "mRNA Vaccines",
                "mesh-id": "D000087503"
            },
            {
                "category": "Nucleic Acid-Based Vaccines",
                "mesh-id": "D000087504"
            },
            {
                "category": "Proteins",
                "mesh-id": "D011506"
            },
            {
                "category": "Recombinant Proteins",
                "mesh-id": "D011994"
            },
            {
                "category": "Vaccines",
                "mesh-id": "D014612"
            },
            {
                "category": "Vaccines, Synthetic",
                "mesh-id": "D014614"
            },
            {
                "category": "Viral Vaccines",
                "mesh-id": "D014765"
            }
        ]
    },
    "affected-organisms": null,
    "dosages": null,
    "atc-codes": null,
    "ahfs-codes": null,
    "pdb-entries": null,
    "patents": null,
    "food-interactions": null,
    "drug-interactions": null,
    "sequences": null,
    "experimental-properties": null,
    "external-identifiers": null,
    "external-links": null,
    "pathways": null,
    "reactions": null,
    "snp-effects": null,
    "snp-adverse-drug-reactions": null,
    "targets": null,
    "enzymes": null,
    "carriers": null,
    "transporters": null
}