{
    "type": "biotech",
    "created": "2021-01-18",
    "updated": "2021-01-18",
    "drugbank-id": [
        {
            "primary": true,
            "value": "DB16441"
        }
    ],
    "name": "QazCovid-in",
    "description": "The QazCovid-in vaccine, an inactivated vaccine, was developed and tested in the Kazakh Research Institute for Biological Safety Problems[L30628]. It demonstrated high efficacy, safety, and immunogenicity at 96% in initial Phase I and II trials (NCT04530357), and will now be undergoing upcoming Phase III trials[L30633, L30638].",
    "cas-number": null,
    "unii": null,
    "groups": {
        "group": [
            "investigational"
        ]
    },
    "general-references": {
        "articles": null,
        "textbooks": null,
        "links": {
            "link": [
                {
                    "ref-id": "L30628",
                    "title": "The Astana Times: Kazakhstan Begins Vaccinating 3,000 Volunteers With Self-Made QazCovid-in",
                    "url": "https://astanatimes.com/2020/12/kazakhstan-begins-vaccinating-3000-volunteers-with-self-made-qazcovid-in/"
                },
                {
                    "ref-id": "L30633",
                    "title": "The Lancet: COVID-19 response in central Asia",
                    "url": "https://www.thelancet.com/pdfs/journals/lanmic/PIIS2666-5247(20)30177-4.pdf"
                },
                {
                    "ref-id": "L30638",
                    "title": "Economic Research Institute: QazCovid-in",
                    "url": "http://economy.kz/en/Novosti_ekonomiki_Kazahstana/id=1588"
                }
            ]
        },
        "attachments": null
    },
    "synthesis-reference": null,
    "indication": null,
    "pharmacodynamics": null,
    "mechanism-of-action": null,
    "toxicity": null,
    "metabolism": null,
    "absorption": null,
    "half-life": null,
    "protein-binding": null,
    "route-of-elimination": null,
    "volume-of-distribution": null,
    "clearance": null,
    "salts": null,
    "synonyms": null,
    "products": null,
    "international-brands": null,
    "mixtures": null,
    "packagers": null,
    "manufacturers": null,
    "prices": null,
    "categories": null,
    "affected-organisms": null,
    "dosages": null,
    "atc-codes": null,
    "ahfs-codes": null,
    "pdb-entries": null,
    "patents": null,
    "food-interactions": null,
    "drug-interactions": null,
    "sequences": null,
    "experimental-properties": null,
    "external-identifiers": null,
    "external-links": null,
    "pathways": null,
    "reactions": null,
    "snp-effects": null,
    "snp-adverse-drug-reactions": null,
    "targets": null,
    "enzymes": null,
    "carriers": null,
    "transporters": null
}