{
    "type": "small molecule",
    "created": "2020-12-15",
    "updated": "2021-02-21",
    "drugbank-id": [
        {
            "primary": true,
            "value": "DB16133"
        }
    ],
    "name": "Delgocitinib",
    "description": "Delgocitinib is under investigation in clinical trial NCT03683719 (Phase 2b Dose-ranging Trial to Evaluate Delgocitinib Cream 1, 3, 8, and 20 Mg/g Compared to Delgocitinib Cream Vehicle Over a 16-week Treatment Period in Adult Subjects With Chronic Hand Eczema).",
    "cas-number": "1263774-59-9",
    "unii": "9L0Q8KK220",
    "average-mass": 310.361,
    "monoisotopic-mass": 310.154209224,
    "groups": {
        "group": [
            "investigational"
        ]
    },
    "general-references": {
        "articles": null,
        "textbooks": null,
        "links": null,
        "attachments": null
    },
    "synthesis-reference": null,
    "indication": null,
    "pharmacodynamics": null,
    "mechanism-of-action": null,
    "toxicity": null,
    "metabolism": null,
    "absorption": null,
    "half-life": null,
    "protein-binding": null,
    "route-of-elimination": null,
    "volume-of-distribution": null,
    "clearance": null,
    "salts": null,
    "synonyms": {
        "synonym": [
            {
                "language": "english",
                "coder": "inn/usan",
                "value": "Delgocitinib"
            }
        ]
    },
    "products": null,
    "international-brands": null,
    "mixtures": null,
    "packagers": null,
    "manufacturers": null,
    "prices": null,
    "categories": null,
    "affected-organisms": null,
    "dosages": null,
    "atc-codes": null,
    "ahfs-codes": null,
    "pdb-entries": {
        "pdb-entry": [
            "7c3n"
        ]
    },
    "patents": null,
    "food-interactions": null,
    "drug-interactions": null,
    "calculated-properties": {
        "property": [
            {
                "kind": "logP",
                "value": "1.29",
                "source": "ALOGPS"
            },
            {
                "kind": "logS",
                "value": "-2.8",
                "source": "ALOGPS"
            },
            {
                "kind": "Water Solubility",
                "value": "5.52e-01 g/l",
                "source": "ALOGPS"
            },
            {
                "kind": "logP",
                "value": "0.65",
                "source": "ChemAxon"
            },
            {
                "kind": "IUPAC Name",
                "value": "3-[(3S,4R)-3-methyl-6-{7H-pyrrolo[2,3-d]pyrimidin-4-yl}-1,6-diazaspiro[3.4]octan-1-yl]-3-oxopropanenitrile",
                "source": "ChemAxon"
            },
            {
                "kind": "Traditional IUPAC Name",
                "value": "5-({4-[2-(3-methoxyphenyl)-2-oxoethoxy]phenyl}methyl)-1,3-thiazolidine-2,4-dione",
                "source": "ChemAxon"
            },
            {
                "kind": "Molecular Weight",
                "value": "310.361",
                "source": "ChemAxon"
            },
            {
                "kind": "Monoisotopic Weight",
                "value": "310.154209224",
                "source": "ChemAxon"
            },
            {
                "kind": "SMILES",
                "value": "C[C@H]1CN(C(=O)CC#N)[C@]11CCN(C1)C1=C2C=CNC2=NC=N1",
                "source": "ChemAxon"
            },
            {
                "kind": "Molecular Formula",
                "value": "C16H18N6O",
                "source": "ChemAxon"
            },
            {
                "kind": "InChI",
                "value": "InChI=1S/C16H18N6O/c1-11-8-22(13(23)2-5-17)16(11)4-7-21(9-16)15-12-3-6-18-14(12)19-10-20-15/h3,6,10-11H,2,4,7-9H2,1H3,(H,18,19,20)/t11-,16-/m0/s1",
                "source": "ChemAxon"
            },
            {
                "kind": "InChIKey",
                "value": "LOWWYYZBZNSPDT-ZBEGNZNMSA-N",
                "source": "ChemAxon"
            },
            {
                "kind": "Polar Surface Area (PSA)",
                "value": "88.91",
                "source": "ChemAxon"
            },
            {
                "kind": "Refractivity",
                "value": "85.89",
                "source": "ChemAxon"
            },
            {
                "kind": "Polarizability",
                "value": "32.56",
                "source": "ChemAxon"
            },
            {
                "kind": "Rotatable Bond Count",
                "value": "2",
                "source": "ChemAxon"
            },
            {
                "kind": "H Bond Acceptor Count",
                "value": "5",
                "source": "ChemAxon"
            },
            {
                "kind": "H Bond Donor Count",
                "value": "1",
                "source": "ChemAxon"
            },
            {
                "kind": "pKa (strongest acidic)",
                "value": "9.14",
                "source": "ChemAxon"
            },
            {
                "kind": "pKa (strongest basic)",
                "value": "6.43",
                "source": "ChemAxon"
            },
            {
                "kind": "Physiological Charge",
                "value": "1",
                "source": "ChemAxon"
            },
            {
                "kind": "Number of Rings",
                "value": "4",
                "source": "ChemAxon"
            },
            {
                "kind": "Bioavailability",
                "value": "1",
                "source": "ChemAxon"
            },
            {
                "kind": "Rule of Five",
                "value": "1",
                "source": "ChemAxon"
            },
            {
                "kind": "Ghose Filter",
                "value": "1",
                "source": "ChemAxon"
            },
            {
                "kind": "MDDR-Like Rule",
                "value": "0",
                "source": "ChemAxon"
            }
        ]
    },
    "experimental-properties": null,
    "external-identifiers": {
        "external-identifier": [
            {
                "resource": "ChemSpider",
                "identifier": "59718502"
            },
            {
                "resource": "PDB",
                "identifier": "FHX"
            },
            {
                "resource": "ChEMBL",
                "identifier": "CHEMBL4297507"
            },
            {
                "resource": "ZINC",
                "identifier": "ZINC000117625213"
            }
        ]
    },
    "external-links": null,
    "pathways": null,
    "reactions": null,
    "snp-effects": null,
    "snp-adverse-drug-reactions": null,
    "targets": null,
    "enzymes": null,
    "carriers": null,
    "transporters": null
}