{
    "type": "small molecule",
    "created": "2020-12-23",
    "updated": "2021-02-21",
    "drugbank-id": [
        {
            "primary": true,
            "value": "DB16400"
        }
    ],
    "name": "Sibofimloc",
    "description": "Sibofimloc is under investigation in clinical trial NCT03943446 (TAK-018 for Prevention of the Recurrence of Postoperative Crohn's Disease (CD)).",
    "cas-number": "1616113-45-1",
    "unii": "00OF00QZC4",
    "average-mass": 649.693,
    "monoisotopic-mass": 649.25231108,
    "groups": {
        "group": [
            "investigational"
        ]
    },
    "general-references": {
        "articles": null,
        "textbooks": null,
        "links": null,
        "attachments": null
    },
    "synthesis-reference": null,
    "indication": null,
    "pharmacodynamics": null,
    "mechanism-of-action": null,
    "toxicity": null,
    "metabolism": null,
    "absorption": null,
    "half-life": null,
    "protein-binding": null,
    "route-of-elimination": null,
    "volume-of-distribution": null,
    "clearance": null,
    "salts": null,
    "synonyms": {
        "synonym": [
            {
                "language": "english",
                "coder": "inn/usan",
                "value": "Sibofimloc"
            }
        ]
    },
    "products": null,
    "international-brands": null,
    "mixtures": null,
    "packagers": null,
    "manufacturers": null,
    "prices": null,
    "categories": null,
    "affected-organisms": null,
    "dosages": null,
    "atc-codes": null,
    "ahfs-codes": null,
    "pdb-entries": null,
    "patents": null,
    "food-interactions": null,
    "drug-interactions": null,
    "calculated-properties": {
        "property": [
            {
                "kind": "logP",
                "value": "0.15",
                "source": "ALOGPS"
            },
            {
                "kind": "logS",
                "value": "-4.2",
                "source": "ALOGPS"
            },
            {
                "kind": "Water Solubility",
                "value": "4.11e-02 g/l",
                "source": "ALOGPS"
            },
            {
                "kind": "logP",
                "value": "-1.8",
                "source": "ChemAxon"
            },
            {
                "kind": "IUPAC Name",
                "value": "1-[2,7-bis({2-[(2R,3S,4R,5S,6R)-3,4,5-trihydroxy-6-(hydroxymethyl)oxan-2-yl]ethynyl})spiro[fluorene-9,4'-piperidin]-1'-yl]ethan-1-one",
                "source": "ChemAxon"
            },
            {
                "kind": "Traditional IUPAC Name",
                "value": "N-{4-[(2S)-2-[(2S)-2-[(methoxycarbonyl)amino]-3-phenylpropanamido]-2-[2-(thiophen-2-yl)-1,3-thiazol-4-yl]ethyl]phenyl}sulfamic acid",
                "source": "ChemAxon"
            },
            {
                "kind": "Molecular Weight",
                "value": "649.693",
                "source": "ChemAxon"
            },
            {
                "kind": "Monoisotopic Weight",
                "value": "649.25231108",
                "source": "ChemAxon"
            },
            {
                "kind": "SMILES",
                "value": "[H][C@@]1(O[C@H](CO)[C@@H](O)[C@H](O)[C@@H]1O)C#CC1=CC=C2C3=CC=C(C=C3C3(CCN(CC3)C(C)=O)C2=C1)C#C[C@@]1([H])O[C@H](CO)[C@@H](O)[C@H](O)[C@@H]1O",
                "source": "ChemAxon"
            },
            {
                "kind": "Molecular Formula",
                "value": "C35H39NO11",
                "source": "ChemAxon"
            },
            {
                "kind": "InChI",
                "value": "InChI=1S/C35H39NO11/c1-18(39)36-12-10-35(11-13-36)23-14-19(4-8-25-29(40)33(44)31(42)27(16-37)46-25)2-6-21(23)22-7-3-20(15-24(22)35)5-9-26-30(41)34(45)32(43)28(17-38)47-26/h2-3,6-7,14-15,25-34,37-38,40-45H,10-13,16-17H2,1H3/t25-,26-,27-,28-,29-,30-,31-,32-,33-,34-/m1/s1",
                "source": "ChemAxon"
            },
            {
                "kind": "InChIKey",
                "value": "SFHMWDMKUYVSQJ-VECBPBMLSA-N",
                "source": "ChemAxon"
            },
            {
                "kind": "Polar Surface Area (PSA)",
                "value": "200.61",
                "source": "ChemAxon"
            },
            {
                "kind": "Refractivity",
                "value": "172.69",
                "source": "ChemAxon"
            },
            {
                "kind": "Polarizability",
                "value": "70.14",
                "source": "ChemAxon"
            },
            {
                "kind": "Rotatable Bond Count",
                "value": "6",
                "source": "ChemAxon"
            },
            {
                "kind": "H Bond Acceptor Count",
                "value": "11",
                "source": "ChemAxon"
            },
            {
                "kind": "H Bond Donor Count",
                "value": "8",
                "source": "ChemAxon"
            },
            {
                "kind": "pKa (strongest acidic)",
                "value": "12.15",
                "source": "ChemAxon"
            },
            {
                "kind": "pKa (strongest basic)",
                "value": "-3",
                "source": "ChemAxon"
            },
            {
                "kind": "Physiological Charge",
                "value": "0",
                "source": "ChemAxon"
            },
            {
                "kind": "Number of Rings",
                "value": "6",
                "source": "ChemAxon"
            },
            {
                "kind": "Bioavailability",
                "value": "0",
                "source": "ChemAxon"
            },
            {
                "kind": "Rule of Five",
                "value": "0",
                "source": "ChemAxon"
            },
            {
                "kind": "Ghose Filter",
                "value": "0",
                "source": "ChemAxon"
            },
            {
                "kind": "MDDR-Like Rule",
                "value": "1",
                "source": "ChemAxon"
            }
        ]
    },
    "experimental-properties": null,
    "external-identifiers": {
        "external-identifier": [
            {
                "resource": "ChemSpider",
                "identifier": "32865431"
            },
            {
                "resource": "ZINC",
                "identifier": "ZINC000209678340"
            }
        ]
    },
    "external-links": null,
    "pathways": null,
    "reactions": null,
    "snp-effects": null,
    "snp-adverse-drug-reactions": null,
    "targets": null,
    "enzymes": null,
    "carriers": null,
    "transporters": null
}