{
    "type": "biotech",
    "created": "2021-01-28",
    "updated": "2021-02-13",
    "drugbank-id": [
        {
            "primary": true,
            "value": "DB16520"
        }
    ],
    "name": "COVID-19 Spike-GM-CSF Protein Lactated Ringer's Injection",
    "description": "COVID-19 Spike-GM-CSF Protein Lactated Ringer's Injection is an intradermal injection currently being investigated in the clinical trial NCT03348670 (Discovery Stage (Proof-of-concept) COVID-19 Antigen Presentation Therapeutic Biologics (COVID-19--AP) (AP-TP-Bio))[L31333].",
    "cas-number": null,
    "unii": null,
    "groups": {
        "group": [
            "investigational"
        ]
    },
    "general-references": {
        "articles": null,
        "textbooks": null,
        "links": {
            "link": [
                {
                    "ref-id": "L31333",
                    "title": "ClinicalTrials.gov: Discovery Stage (Proof-of-concept) COVID-19 Antigen Presentation Therapeutic Biologics (COVID-19--AP) (AP-TP-Bio)",
                    "url": "https://clinicaltrials.gov/ct2/show/NCT03348670"
                }
            ]
        },
        "attachments": null
    },
    "synthesis-reference": null,
    "indication": null,
    "pharmacodynamics": null,
    "mechanism-of-action": null,
    "toxicity": null,
    "metabolism": null,
    "absorption": null,
    "half-life": null,
    "protein-binding": null,
    "route-of-elimination": null,
    "volume-of-distribution": null,
    "clearance": null,
    "salts": null,
    "synonyms": {
        "synonym": [
            {
                "language": "english",
                "coder": "",
                "value": "COVID-19 Spike-GM-CSF Protein Lactated Ringer's Injection"
            },
            {
                "language": "english",
                "coder": "",
                "value": "COVID-19 Therapeutic Biologics - Spike-GM-CSF Protein Lactated Ringer's Injection"
            }
        ]
    },
    "products": null,
    "international-brands": null,
    "mixtures": null,
    "packagers": null,
    "manufacturers": null,
    "prices": null,
    "categories": null,
    "affected-organisms": null,
    "dosages": null,
    "atc-codes": null,
    "ahfs-codes": null,
    "pdb-entries": null,
    "patents": null,
    "food-interactions": null,
    "drug-interactions": null,
    "sequences": null,
    "experimental-properties": null,
    "external-identifiers": null,
    "external-links": null,
    "pathways": null,
    "reactions": null,
    "snp-effects": null,
    "snp-adverse-drug-reactions": null,
    "targets": null,
    "enzymes": null,
    "carriers": null,
    "transporters": null
}