{
    "type": "small molecule",
    "created": "2020-12-15",
    "updated": "2022-01-12",
    "drugbank-id": [
        {
            "primary": true,
            "value": "DB16303"
        }
    ],
    "name": "Gallium-68 PSMA",
    "description": null,
    "cas-number": "1366302-52-4",
    "unii": "9AG41L3AOQ",
    "average-mass": 947.005,
    "monoisotopic-mass": 946.41714456,
    "groups": {
        "group": [
            "approved",
            "investigational"
        ]
    },
    "general-references": {
        "articles": null,
        "textbooks": null,
        "links": null,
        "attachments": null
    },
    "synthesis-reference": null,
    "indication": null,
    "pharmacodynamics": null,
    "mechanism-of-action": null,
    "toxicity": null,
    "metabolism": null,
    "absorption": null,
    "half-life": null,
    "protein-binding": null,
    "route-of-elimination": null,
    "volume-of-distribution": null,
    "clearance": null,
    "salts": null,
    "synonyms": {
        "synonym": [
            {
                "language": "english",
                "coder": "",
                "value": "Psma-hbed-cc"
            }
        ]
    },
    "products": {
        "product": [
            {
                "name": "Illuccix",
                "labeller": "Telix Pharmaceuticals US Inc.",
                "ndc-id": null,
                "ndc-product-code": "74725-100",
                "dpd-id": null,
                "ema-product-code": null,
                "ema-ma-number": null,
                "started-marketing-on": "2021-12-17",
                "ended-marketing-on": null,
                "dosage-form": "Kit",
                "strength": "25 ug/1",
                "route": "Intravenous",
                "fda-application-number": "NDA214032",
                "generic": false,
                "over-the-counter": false,
                "approved": true,
                "country": "US",
                "source": "FDA NDC"
            },
            {
                "name": "Locametz",
                "labeller": "Advanced Accelerator Applications Usa, Inc",
                "ndc-id": null,
                "ndc-product-code": "69488-017",
                "dpd-id": null,
                "ema-product-code": null,
                "ema-ma-number": null,
                "started-marketing-on": "2022-03-23",
                "ended-marketing-on": null,
                "dosage-form": "Injection, powder, lyophilized, for solution",
                "strength": "25 ug/1",
                "route": "Intravenous",
                "fda-application-number": "NDA215841",
                "generic": false,
                "over-the-counter": false,
                "approved": true,
                "country": "US",
                "source": "FDA NDC"
            }
        ]
    },
    "international-brands": null,
    "mixtures": {
        "mixture": [
            {
                "name": "Illuccix",
                "ingredients": "Gallium-68 PSMA"
            },
            {
                "name": "Locametz",
                "ingredients": "Gallium-68 PSMA"
            }
        ]
    },
    "packagers": null,
    "manufacturers": null,
    "prices": null,
    "categories": null,
    "affected-organisms": null,
    "dosages": {
        "dosage": [
            {
                "form": "Kit",
                "route": "Intravenous",
                "strength": "25 ug/1"
            },
            {
                "form": "Injection, powder, lyophilized, for solution",
                "route": "Intravenous",
                "strength": "25 ug/1"
            }
        ]
    },
    "atc-codes": null,
    "ahfs-codes": null,
    "pdb-entries": null,
    "patents": {
        "patent": [
            {
                "number": "11027031",
                "country": "United States",
                "approved": "2021-06-08",
                "expires": "2035-07-28",
                "pediatric-extension": false
            },
            {
                "number": "11369590",
                "country": "United States",
                "approved": "2008-08-15",
                "expires": "2028-08-15",
                "pediatric-extension": false
            }
        ]
    },
    "food-interactions": null,
    "drug-interactions": null,
    "calculated-properties": {
        "property": [
            {
                "kind": "logP",
                "value": "0.41",
                "source": "ALOGPS"
            },
            {
                "kind": "logS",
                "value": "-4.2",
                "source": "ALOGPS"
            },
            {
                "kind": "Water Solubility",
                "value": "5.90e-02 g/l",
                "source": "ALOGPS"
            },
            {
                "kind": "logP",
                "value": "-3.2",
                "source": "ChemAxon"
            },
            {
                "kind": "IUPAC Name",
                "value": "(2S)-2-({[(1S)-1-carboxy-5-(6-{3-[3-({[2-({[5-(2-carboxyethyl)-2-hydroxyphenyl]methyl}(carboxymethyl)amino)ethyl](carboxymethyl)amino}methyl)-4-hydroxyphenyl]propanamido}hexanamido)pentyl]carbamoyl}amino)pentanedioic acid",
                "source": "ChemAxon"
            },
            {
                "kind": "Traditional IUPAC Name",
                "value": "5-({4-[2-(3-methoxyphenyl)-2-oxoethoxy]phenyl}methyl)-1,3-thiazolidine-2,4-dione",
                "source": "ChemAxon"
            },
            {
                "kind": "Molecular Weight",
                "value": "947.005",
                "source": "ChemAxon"
            },
            {
                "kind": "Monoisotopic Weight",
                "value": "946.41714456",
                "source": "ChemAxon"
            },
            {
                "kind": "SMILES",
                "value": "OC(=O)CC[C@H](NC(=O)N[C@@H](CCCCNC(=O)CCCCCNC(=O)CCC1=CC=C(O)C(CN(CCN(CC(O)=O)CC2=CC(CCC(O)=O)=CC=C2O)CC(O)=O)=C1)C(O)=O)C(O)=O",
                "source": "ChemAxon"
            },
            {
                "kind": "Molecular Formula",
                "value": "C44H62N6O17",
                "source": "ChemAxon"
            },
            {
                "kind": "InChI",
                "value": "InChI=1S/C44H62N6O17/c51-34-13-8-28(22-30(34)24-49(26-40(59)60)20-21-50(27-41(61)62)25-31-23-29(9-14-35(31)52)11-16-38(55)56)10-15-37(54)46-18-4-1-2-7-36(53)45-19-5-3-6-32(42(63)64)47-44(67)48-33(43(65)66)12-17-39(57)58/h8-9,13-14,22-23,32-33,51-52H,1-7,10-12,15-21,24-27H2,(H,45,53)(H,46,54)(H,55,56)(H,57,58)(H,59,60)(H,61,62)(H,63,64)(H,65,66)(H2,47,48,67)/t32-,33-/m0/s1",
                "source": "ChemAxon"
            },
            {
                "kind": "InChIKey",
                "value": "QJUIUFGOTBRHKP-LQJZCPKCSA-N",
                "source": "ChemAxon"
            },
            {
                "kind": "Polar Surface Area (PSA)",
                "value": "370.07",
                "source": "ChemAxon"
            },
            {
                "kind": "Refractivity",
                "value": "235.64",
                "source": "ChemAxon"
            },
            {
                "kind": "Polarizability",
                "value": "98.3",
                "source": "ChemAxon"
            },
            {
                "kind": "Rotatable Bond Count",
                "value": "35",
                "source": "ChemAxon"
            },
            {
                "kind": "H Bond Acceptor Count",
                "value": "19",
                "source": "ChemAxon"
            },
            {
                "kind": "H Bond Donor Count",
                "value": "12",
                "source": "ChemAxon"
            },
            {
                "kind": "pKa (strongest acidic)",
                "value": "0.85",
                "source": "ChemAxon"
            },
            {
                "kind": "pKa (strongest basic)",
                "value": "9.5",
                "source": "ChemAxon"
            },
            {
                "kind": "Physiological Charge",
                "value": "-5",
                "source": "ChemAxon"
            },
            {
                "kind": "Number of Rings",
                "value": "2",
                "source": "ChemAxon"
            },
            {
                "kind": "Bioavailability",
                "value": "0",
                "source": "ChemAxon"
            },
            {
                "kind": "Rule of Five",
                "value": "0",
                "source": "ChemAxon"
            },
            {
                "kind": "Ghose Filter",
                "value": "0",
                "source": "ChemAxon"
            },
            {
                "kind": "MDDR-Like Rule",
                "value": "0",
                "source": "ChemAxon"
            }
        ]
    },
    "experimental-properties": null,
    "external-identifiers": {
        "external-identifier": [
            {
                "resource": "ChemSpider",
                "identifier": "58827810"
            },
            {
                "resource": "ChEMBL",
                "identifier": "CHEMBL3578202"
            },
            {
                "resource": "ZINC",
                "identifier": "ZINC000203341463"
            }
        ]
    },
    "external-links": null,
    "pathways": null,
    "reactions": null,
    "snp-effects": null,
    "snp-adverse-drug-reactions": null,
    "targets": null,
    "enzymes": null,
    "carriers": null,
    "transporters": null
}