{
    "type": "biotech",
    "created": "2021-02-10",
    "updated": "2021-05-05",
    "drugbank-id": [
        {
            "primary": true,
            "value": "DB16586"
        }
    ],
    "name": "Pygeum africanum bark",
    "description": null,
    "cas-number": null,
    "unii": "709HYI14M4",
    "groups": {
        "group": [
            "experimental"
        ]
    },
    "general-references": {
        "articles": null,
        "textbooks": null,
        "links": {
            "link": [
                {
                    "ref-id": "L33549",
                    "title": "AIFA: Pigenil (Pygeum africanum bark) Oral Capsule",
                    "url": "https://farmaci.agenziafarmaco.gov.it/aifa/servlet/PdfDownloadServlet?pdfFileName=footer_001569_023717_FI.pdf&retry=0&sys=m0b1l3"
                }
            ]
        },
        "attachments": null
    },
    "synthesis-reference": null,
    "indication": null,
    "pharmacodynamics": null,
    "mechanism-of-action": null,
    "toxicity": null,
    "metabolism": null,
    "absorption": null,
    "half-life": null,
    "protein-binding": null,
    "route-of-elimination": null,
    "volume-of-distribution": null,
    "clearance": null,
    "salts": null,
    "synonyms": {
        "synonym": [
            {
                "language": "english",
                "coder": "",
                "value": "African prune bark"
            },
            {
                "language": "english",
                "coder": "",
                "value": "Prunus africana bark extract"
            },
            {
                "language": "english",
                "coder": "",
                "value": "Pygeum"
            },
            {
                "language": "english",
                "coder": "",
                "value": "Pygeum bark"
            },
            {
                "language": "english",
                "coder": "",
                "value": "Pygeum extract"
            }
        ]
    },
    "products": null,
    "international-brands": null,
    "mixtures": null,
    "packagers": null,
    "manufacturers": null,
    "prices": null,
    "categories": {
        "category": [
            {
                "category": "Angiosperms",
                "mesh-id": "D019684"
            },
            {
                "category": "Biological Products",
                "mesh-id": "D001688"
            },
            {
                "category": "Complex Mixtures",
                "mesh-id": "D045424"
            },
            {
                "category": "Embryophyta",
                "mesh-id": "D019669"
            },
            {
                "category": "Eukaryota",
                "mesh-id": "D056890"
            },
            {
                "category": "Pharmaceutical Preparations",
                "mesh-id": "D004364"
            },
            {
                "category": "Plant Preparations",
                "mesh-id": "D028321"
            },
            {
                "category": "Prunus",
                "mesh-id": "D027861"
            },
            {
                "category": "Rosaceae",
                "mesh-id": "D027824"
            },
            {
                "category": "Rosales",
                "mesh-id": "D019685"
            },
            {
                "category": "Rosanae",
                "mesh-id": "D000074424"
            },
            {
                "category": "Streptophyta",
                "mesh-id": "D057949"
            },
            {
                "category": "Tracheophyta",
                "mesh-id": "D064028"
            },
            {
                "category": "Viridiplantae",
                "mesh-id": "D057948"
            }
        ]
    },
    "affected-organisms": null,
    "dosages": {
        "dosage": [
            {
                "form": "Capsule",
                "route": "Oral",
                "strength": null
            }
        ]
    },
    "atc-codes": null,
    "ahfs-codes": null,
    "pdb-entries": null,
    "patents": null,
    "food-interactions": null,
    "drug-interactions": null,
    "sequences": null,
    "experimental-properties": null,
    "external-identifiers": {
        "external-identifier": [
            {
                "resource": "RxCUI",
                "identifier": "580117"
            }
        ]
    },
    "external-links": null,
    "pathways": null,
    "reactions": null,
    "snp-effects": null,
    "snp-adverse-drug-reactions": null,
    "targets": null,
    "enzymes": null,
    "carriers": null,
    "transporters": null
}