{
    "type": "small molecule",
    "created": "2020-12-15",
    "updated": "2020-12-20",
    "drugbank-id": [
        {
            "primary": true,
            "value": "DB16242"
        }
    ],
    "name": "CC-11050",
    "description": "CC-11050 is under investigation in clinical trial NCT01300208 (To Evaluate the Preliminary Safety, Tolerability, Pharmacokinetics, Pharmacodynamics and Efficacy of CC-11050 in Subjects With Discoid Lupus Erythematosus and Subacute Cutaneous Lupus Erythematosus).",
    "cas-number": "340019-69-4",
    "unii": "1Z08G7438A",
    "average-mass": 472.56,
    "monoisotopic-mass": 472.166807804,
    "groups": {
        "group": [
            "investigational"
        ]
    },
    "general-references": {
        "articles": null,
        "textbooks": null,
        "links": null,
        "attachments": null
    },
    "synthesis-reference": null,
    "indication": null,
    "pharmacodynamics": null,
    "mechanism-of-action": null,
    "toxicity": null,
    "metabolism": null,
    "absorption": null,
    "half-life": null,
    "protein-binding": null,
    "route-of-elimination": null,
    "volume-of-distribution": null,
    "clearance": null,
    "salts": null,
    "synonyms": null,
    "products": null,
    "international-brands": null,
    "mixtures": null,
    "packagers": null,
    "manufacturers": null,
    "prices": null,
    "categories": {
        "category": [
            {
                "category": "Enzyme Inhibitors",
                "mesh-id": "D004791"
            },
            {
                "category": "Heterocyclic Compounds, Fused-Ring",
                "mesh-id": "D000072471"
            },
            {
                "category": "Phosphodiesterase 4 Inhibitors",
                "mesh-id": "D058988"
            },
            {
                "category": "Phosphodiesterase Inhibitors",
                "mesh-id": "D010726"
            },
            {
                "category": "Sulfur Compounds",
                "mesh-id": "D013457"
            }
        ]
    },
    "affected-organisms": null,
    "dosages": null,
    "atc-codes": null,
    "ahfs-codes": null,
    "pdb-entries": null,
    "patents": null,
    "food-interactions": null,
    "drug-interactions": null,
    "calculated-properties": {
        "property": [
            {
                "kind": "logP",
                "value": "2.24",
                "source": "ALOGPS"
            },
            {
                "kind": "logS",
                "value": "-4.2",
                "source": "ALOGPS"
            },
            {
                "kind": "Water Solubility",
                "value": "3.31e-02 g/l",
                "source": "ALOGPS"
            },
            {
                "kind": "logP",
                "value": "2.2",
                "source": "ChemAxon"
            },
            {
                "kind": "IUPAC Name",
                "value": "N-{2-[(1S)-1-(3-ethoxy-4-methoxyphenyl)-2-methanesulfonylethyl]-3-oxo-2,3-dihydro-1H-isoindol-4-yl}cyclopropanecarboxamide",
                "source": "ChemAxon"
            },
            {
                "kind": "Traditional IUPAC Name",
                "value": "5-({4-[2-(3-methoxyphenyl)-2-oxoethoxy]phenyl}methyl)-1,3-thiazolidine-2,4-dione",
                "source": "ChemAxon"
            },
            {
                "kind": "Molecular Weight",
                "value": "472.56",
                "source": "ChemAxon"
            },
            {
                "kind": "Monoisotopic Weight",
                "value": "472.166807804",
                "source": "ChemAxon"
            },
            {
                "kind": "SMILES",
                "value": "CCOC1=C(OC)C=CC(=C1)[C@@H](CS(C)(=O)=O)N1CC2=CC=CC(NC(=O)C3CC3)=C2C1=O",
                "source": "ChemAxon"
            },
            {
                "kind": "Molecular Formula",
                "value": "C24H28N2O6S",
                "source": "ChemAxon"
            },
            {
                "kind": "InChI",
                "value": "InChI=1S/C24H28N2O6S/c1-4-32-21-12-16(10-11-20(21)31-2)19(14-33(3,29)30)26-13-17-6-5-7-18(22(17)24(26)28)25-23(27)15-8-9-15/h5-7,10-12,15,19H,4,8-9,13-14H2,1-3H3,(H,25,27)/t19-/m1/s1",
                "source": "ChemAxon"
            },
            {
                "kind": "InChIKey",
                "value": "QDZOBXFRIVOQBR-LJQANCHMSA-N",
                "source": "ChemAxon"
            },
            {
                "kind": "Polar Surface Area (PSA)",
                "value": "102.01",
                "source": "ChemAxon"
            },
            {
                "kind": "Refractivity",
                "value": "125.77",
                "source": "ChemAxon"
            },
            {
                "kind": "Polarizability",
                "value": "49.52",
                "source": "ChemAxon"
            },
            {
                "kind": "Rotatable Bond Count",
                "value": "9",
                "source": "ChemAxon"
            },
            {
                "kind": "H Bond Acceptor Count",
                "value": "6",
                "source": "ChemAxon"
            },
            {
                "kind": "H Bond Donor Count",
                "value": "1",
                "source": "ChemAxon"
            },
            {
                "kind": "pKa (strongest acidic)",
                "value": "12.84",
                "source": "ChemAxon"
            },
            {
                "kind": "pKa (strongest basic)",
                "value": "-1.9",
                "source": "ChemAxon"
            },
            {
                "kind": "Physiological Charge",
                "value": "0",
                "source": "ChemAxon"
            },
            {
                "kind": "Number of Rings",
                "value": "4",
                "source": "ChemAxon"
            },
            {
                "kind": "Bioavailability",
                "value": "1",
                "source": "ChemAxon"
            },
            {
                "kind": "Rule of Five",
                "value": "1",
                "source": "ChemAxon"
            },
            {
                "kind": "Ghose Filter",
                "value": "1",
                "source": "ChemAxon"
            },
            {
                "kind": "MDDR-Like Rule",
                "value": "1",
                "source": "ChemAxon"
            }
        ]
    },
    "experimental-properties": null,
    "external-identifiers": {
        "external-identifier": [
            {
                "resource": "ChemSpider",
                "identifier": "8498043"
            },
            {
                "resource": "ChEMBL",
                "identifier": "CHEMBL4297460"
            },
            {
                "resource": "ZINC",
                "identifier": "ZINC000034209670"
            }
        ]
    },
    "external-links": null,
    "pathways": null,
    "reactions": null,
    "snp-effects": null,
    "snp-adverse-drug-reactions": null,
    "targets": null,
    "enzymes": null,
    "carriers": null,
    "transporters": null
}