{
    "type": "biotech",
    "created": "2020-12-15",
    "updated": "2021-02-21",
    "drugbank-id": [
        {
            "primary": true,
            "value": "DB16127"
        }
    ],
    "name": "Cinpanemab",
    "description": "Cinpanemab is under investigation in clinical trial NCT03318523 (Evaluating the Efficacy, Safety, Pharmacokinetics, and Pharmacodynamics of BIIB054 in Participants With Parkinson's Disease).",
    "cas-number": "2094516-02-4",
    "unii": "W83JGQ40XX",
    "groups": {
        "group": [
            "investigational"
        ]
    },
    "general-references": {
        "articles": null,
        "textbooks": null,
        "links": null,
        "attachments": null
    },
    "synthesis-reference": null,
    "indication": null,
    "pharmacodynamics": null,
    "mechanism-of-action": null,
    "toxicity": null,
    "metabolism": null,
    "absorption": null,
    "half-life": null,
    "protein-binding": null,
    "route-of-elimination": null,
    "volume-of-distribution": null,
    "clearance": null,
    "salts": null,
    "synonyms": {
        "synonym": [
            {
                "language": "english",
                "coder": "inn/usan",
                "value": "Cinpanemab"
            },
            {
                "language": "english",
                "coder": "",
                "value": "Immunoglobulin g1-lambda, anti-(homo sapiens alpha-synuclein)humanized monoclonal antibody.gamma.1 heavy chain (1-442) (homo sapiens vh (ighv3-25*03 (86%) (ighd)-ighj2*01) (8.10.4) (1-113)-homo sapiens ighg1*03 (ch3(k107>del(443))) (114-442)) (216-213')-"
            },
            {
                "language": "english",
                "coder": "",
                "value": "Immunoglobulin g1-lambda, anti-(homo sapiens snca (synuclein alpha, alpha-synuclein, park1, park4, parkinson disease (autosomal dominant, lewy body) 4, non a4 component of amyloid precursor, nacp)), monoclonal antibodygamma1 heavy chain (1-442) (vh (homo"
            },
            {
                "language": "english",
                "coder": "",
                "value": "Immunoglobulin g1, anti-(human .alpha.-synuclein) (human monoclonal biib054 .gamma.1-chain), disulfide with human monoclonal biib054 .kappa.-chain, dimer"
            }
        ]
    },
    "products": null,
    "international-brands": null,
    "mixtures": null,
    "packagers": null,
    "manufacturers": null,
    "prices": null,
    "categories": null,
    "affected-organisms": null,
    "dosages": null,
    "atc-codes": null,
    "ahfs-codes": null,
    "pdb-entries": null,
    "patents": null,
    "food-interactions": null,
    "drug-interactions": null,
    "sequences": null,
    "experimental-properties": null,
    "external-identifiers": null,
    "external-links": null,
    "pathways": null,
    "reactions": null,
    "snp-effects": null,
    "snp-adverse-drug-reactions": null,
    "targets": null,
    "enzymes": null,
    "carriers": null,
    "transporters": null
}