{
    "type": "small molecule",
    "created": "2020-12-15",
    "updated": "2020-12-20",
    "drugbank-id": [
        {
            "primary": true,
            "value": "DB16114"
        }
    ],
    "name": "HIV Integrase Inhibitor",
    "description": "HIV Integrase Inhibitor is under investigation in clinical trial NCT00397566 (A Multiple Ascending Dose Study of BMS-707035 in HIV-1 Infected Subjects).",
    "cas-number": "729607-74-3",
    "unii": "7PR4P7YOKT",
    "average-mass": 410.42,
    "monoisotopic-mass": 410.106019065,
    "groups": {
        "group": [
            "investigational"
        ]
    },
    "general-references": {
        "articles": null,
        "textbooks": null,
        "links": null,
        "attachments": null
    },
    "synthesis-reference": null,
    "indication": null,
    "pharmacodynamics": null,
    "mechanism-of-action": null,
    "toxicity": null,
    "metabolism": null,
    "absorption": null,
    "half-life": null,
    "protein-binding": null,
    "route-of-elimination": null,
    "volume-of-distribution": null,
    "clearance": null,
    "salts": null,
    "synonyms": {
        "synonym": [
            {
                "language": "english",
                "coder": "",
                "value": "BMS 707035"
            }
        ]
    },
    "products": null,
    "international-brands": null,
    "mixtures": null,
    "packagers": null,
    "manufacturers": null,
    "prices": null,
    "categories": {
        "category": [
            {
                "category": "Anti-HIV Agents",
                "mesh-id": "D019380"
            },
            {
                "category": "Anti-Infective Agents",
                "mesh-id": "D000890"
            },
            {
                "category": "Anti-Retroviral Agents",
                "mesh-id": "D044966"
            },
            {
                "category": "Antiviral Agents",
                "mesh-id": "D000998"
            },
            {
                "category": "Enzyme Inhibitors",
                "mesh-id": "D004791"
            },
            {
                "category": "HIV Integrase Inhibitors",
                "mesh-id": "D019428"
            },
            {
                "category": "Integrase Inhibitors",
                "mesh-id": "D019429"
            },
            {
                "category": "Sulfur Compounds",
                "mesh-id": "D013457"
            }
        ]
    },
    "affected-organisms": null,
    "dosages": null,
    "atc-codes": null,
    "ahfs-codes": null,
    "pdb-entries": null,
    "patents": null,
    "food-interactions": null,
    "drug-interactions": null,
    "calculated-properties": {
        "property": [
            {
                "kind": "logP",
                "value": "1.13",
                "source": "ALOGPS"
            },
            {
                "kind": "logS",
                "value": "-4",
                "source": "ALOGPS"
            },
            {
                "kind": "Water Solubility",
                "value": "4.13e-02 g/l",
                "source": "ALOGPS"
            },
            {
                "kind": "logP",
                "value": "0.31",
                "source": "ChemAxon"
            },
            {
                "kind": "IUPAC Name",
                "value": "2-(1,1-dioxo-1lambda6,2-thiazinan-2-yl)-N-[(4-fluorophenyl)methyl]-5-hydroxy-1-methyl-6-oxo-1,6-dihydropyrimidine-4-carboxamide",
                "source": "ChemAxon"
            },
            {
                "kind": "Traditional IUPAC Name",
                "value": "5-({4-[2-(3-methoxyphenyl)-2-oxoethoxy]phenyl}methyl)-1,3-thiazolidine-2,4-dione",
                "source": "ChemAxon"
            },
            {
                "kind": "Molecular Weight",
                "value": "410.42",
                "source": "ChemAxon"
            },
            {
                "kind": "Monoisotopic Weight",
                "value": "410.106019065",
                "source": "ChemAxon"
            },
            {
                "kind": "SMILES",
                "value": "CN1C(=O)C(O)=C(N=C1N1CCCCS1(=O)=O)C(=O)NCC1=CC=C(F)C=C1",
                "source": "ChemAxon"
            },
            {
                "kind": "Molecular Formula",
                "value": "C17H19FN4O5S",
                "source": "ChemAxon"
            },
            {
                "kind": "InChI",
                "value": "InChI=1S/C17H19FN4O5S/c1-21-16(25)14(23)13(15(24)19-10-11-4-6-12(18)7-5-11)20-17(21)22-8-2-3-9-28(22,26)27/h4-7,23H,2-3,8-10H2,1H3,(H,19,24)",
                "source": "ChemAxon"
            },
            {
                "kind": "InChIKey",
                "value": "VNIWZCGZPBJWBI-UHFFFAOYSA-N",
                "source": "ChemAxon"
            },
            {
                "kind": "Polar Surface Area (PSA)",
                "value": "119.38",
                "source": "ChemAxon"
            },
            {
                "kind": "Refractivity",
                "value": "99.47",
                "source": "ChemAxon"
            },
            {
                "kind": "Polarizability",
                "value": "38.55",
                "source": "ChemAxon"
            },
            {
                "kind": "Rotatable Bond Count",
                "value": "4",
                "source": "ChemAxon"
            },
            {
                "kind": "H Bond Acceptor Count",
                "value": "6",
                "source": "ChemAxon"
            },
            {
                "kind": "H Bond Donor Count",
                "value": "2",
                "source": "ChemAxon"
            },
            {
                "kind": "pKa (strongest acidic)",
                "value": "7.03",
                "source": "ChemAxon"
            },
            {
                "kind": "pKa (strongest basic)",
                "value": "-2.2",
                "source": "ChemAxon"
            },
            {
                "kind": "Physiological Charge",
                "value": "-1",
                "source": "ChemAxon"
            },
            {
                "kind": "Number of Rings",
                "value": "3",
                "source": "ChemAxon"
            },
            {
                "kind": "Bioavailability",
                "value": "1",
                "source": "ChemAxon"
            },
            {
                "kind": "Rule of Five",
                "value": "1",
                "source": "ChemAxon"
            },
            {
                "kind": "Ghose Filter",
                "value": "1",
                "source": "ChemAxon"
            },
            {
                "kind": "MDDR-Like Rule",
                "value": "0",
                "source": "ChemAxon"
            }
        ]
    },
    "experimental-properties": null,
    "external-identifiers": {
        "external-identifier": [
            {
                "resource": "ChemSpider",
                "identifier": "10639881"
            },
            {
                "resource": "ChEMBL",
                "identifier": "CHEMBL486226"
            },
            {
                "resource": "ZINC",
                "identifier": "ZINC000003842433"
            }
        ]
    },
    "external-links": null,
    "pathways": null,
    "reactions": null,
    "snp-effects": null,
    "snp-adverse-drug-reactions": null,
    "targets": null,
    "enzymes": null,
    "carriers": null,
    "transporters": null
}