{
    "type": "small molecule",
    "created": "2020-12-15",
    "updated": "2021-05-05",
    "drugbank-id": [
        {
            "primary": true,
            "value": "DB16159"
        }
    ],
    "name": "Esflurbiprofen",
    "description": "Esflurbiprofen is under investigation in clinical trial NCT03434197 (Safety and Efficacy of SFPP in Knee Osteoarthritis).",
    "cas-number": "51543-39-6",
    "unii": "J5ZZK9P7MX",
    "average-mass": 244.265,
    "monoisotopic-mass": 244.089957822,
    "groups": {
        "group": [
            "investigational"
        ]
    },
    "general-references": {
        "articles": null,
        "textbooks": null,
        "links": {
            "link": [
                {
                    "ref-id": "L33749",
                    "title": "NPRA: Locoa (Esflurbiprofen) Transdermal Patch",
                    "url": "https://quest3plus.bpfk.gov.my/front-end/attachment/293/pharma/521411/V_48409_20201110_134931_D4.pdf"
                }
            ]
        },
        "attachments": null
    },
    "synthesis-reference": null,
    "indication": null,
    "pharmacodynamics": null,
    "mechanism-of-action": null,
    "toxicity": null,
    "metabolism": null,
    "absorption": null,
    "half-life": null,
    "protein-binding": null,
    "route-of-elimination": null,
    "volume-of-distribution": null,
    "clearance": null,
    "salts": null,
    "synonyms": {
        "synonym": [
            {
                "language": "english",
                "coder": "inn",
                "value": "Esflurbiprofen"
            },
            {
                "language": "english",
                "coder": "",
                "value": "Flurbiprofen, (s)-"
            }
        ]
    },
    "products": null,
    "international-brands": null,
    "mixtures": null,
    "packagers": null,
    "manufacturers": null,
    "prices": null,
    "categories": {
        "category": [
            {
                "category": "Antiinflammatory Preparations, Non-Steroids for Topical Use",
                "mesh-id": null
            },
            {
                "category": "Musculo-Skeletal System",
                "mesh-id": null
            },
            {
                "category": "Topical Products for Joint and Muscular Pain",
                "mesh-id": null
            }
        ]
    },
    "affected-organisms": null,
    "dosages": {
        "dosage": [
            {
                "form": "Patch",
                "route": "Transdermal",
                "strength": null
            }
        ]
    },
    "atc-codes": {
        "atc-code": [
            {
                "code": "M02AA29",
                "level": [
                    {
                        "code": "M02AA",
                        "value": "Antiinflammatory preparations, non-steroids for topical use"
                    },
                    {
                        "code": "M02A",
                        "value": "TOPICAL PRODUCTS FOR JOINT AND MUSCULAR PAIN"
                    },
                    {
                        "code": "M02",
                        "value": "TOPICAL PRODUCTS FOR JOINT AND MUSCULAR PAIN"
                    },
                    {
                        "code": "M",
                        "value": "MUSCULO-SKELETAL SYSTEM"
                    }
                ]
            }
        ]
    },
    "ahfs-codes": null,
    "pdb-entries": {
        "pdb-entry": [
            "1cqe",
            "1dvt",
            "1eqh",
            "1r9o",
            "2ayl",
            "3n8w",
            "3n8z",
            "3pgh",
            "4for",
            "4jtq",
            "5jvz"
        ]
    },
    "patents": null,
    "food-interactions": null,
    "drug-interactions": null,
    "calculated-properties": {
        "property": [
            {
                "kind": "logP",
                "value": "3.57",
                "source": "ALOGPS"
            },
            {
                "kind": "logS",
                "value": "-4",
                "source": "ALOGPS"
            },
            {
                "kind": "Water Solubility",
                "value": "2.49e-02 g/l",
                "source": "ALOGPS"
            },
            {
                "kind": "logP",
                "value": "3.94",
                "source": "ChemAxon"
            },
            {
                "kind": "IUPAC Name",
                "value": "(2S)-2-{2-fluoro-[1,1'-biphenyl]-4-yl}propanoic acid",
                "source": "ChemAxon"
            },
            {
                "kind": "Traditional IUPAC Name",
                "value": "2-methoxy-4-[(1E)-3-[4-(nitrooxy)butoxy]-3-oxoprop-1-en-1-yl]phenyl (4R)-4-[(1R,3aS,3bR,4S,5aS,7R,9aS,9bS,11aR)-4,7-dihydroxy-9a,11a-dimethyl-tetradecahydro-1H-cyclopenta[a]phenanthren-1-yl]pentanoate",
                "source": "ChemAxon"
            },
            {
                "kind": "Molecular Weight",
                "value": "244.265",
                "source": "ChemAxon"
            },
            {
                "kind": "Monoisotopic Weight",
                "value": "244.089957822",
                "source": "ChemAxon"
            },
            {
                "kind": "SMILES",
                "value": "C[C@H](C(O)=O)C1=CC(F)=C(C=C1)C1=CC=CC=C1",
                "source": "ChemAxon"
            },
            {
                "kind": "Molecular Formula",
                "value": "C15H13FO2",
                "source": "ChemAxon"
            },
            {
                "kind": "InChI",
                "value": "InChI=1S/C15H13FO2/c1-10(15(17)18)12-7-8-13(14(16)9-12)11-5-3-2-4-6-11/h2-10H,1H3,(H,17,18)/t10-/m0/s1",
                "source": "ChemAxon"
            },
            {
                "kind": "InChIKey",
                "value": "SYTBZMRGLBWNTM-JTQLQIEISA-N",
                "source": "ChemAxon"
            },
            {
                "kind": "Polar Surface Area (PSA)",
                "value": "37.3",
                "source": "ChemAxon"
            },
            {
                "kind": "Refractivity",
                "value": "67.29",
                "source": "ChemAxon"
            },
            {
                "kind": "Polarizability",
                "value": "25.28",
                "source": "ChemAxon"
            },
            {
                "kind": "Rotatable Bond Count",
                "value": "3",
                "source": "ChemAxon"
            },
            {
                "kind": "H Bond Acceptor Count",
                "value": "2",
                "source": "ChemAxon"
            },
            {
                "kind": "H Bond Donor Count",
                "value": "1",
                "source": "ChemAxon"
            },
            {
                "kind": "pKa (strongest acidic)",
                "value": "4.42",
                "source": "ChemAxon"
            },
            {
                "kind": "Physiological Charge",
                "value": "-1",
                "source": "ChemAxon"
            },
            {
                "kind": "Number of Rings",
                "value": "2",
                "source": "ChemAxon"
            },
            {
                "kind": "Bioavailability",
                "value": "1",
                "source": "ChemAxon"
            },
            {
                "kind": "Rule of Five",
                "value": "1",
                "source": "ChemAxon"
            },
            {
                "kind": "Ghose Filter",
                "value": "1",
                "source": "ChemAxon"
            },
            {
                "kind": "MDDR-Like Rule",
                "value": "0",
                "source": "ChemAxon"
            }
        ]
    },
    "experimental-properties": null,
    "external-identifiers": {
        "external-identifier": [
            {
                "resource": "ChEBI",
                "identifier": "42446"
            },
            {
                "resource": "ChemSpider",
                "identifier": "65084"
            },
            {
                "resource": "BindingDB",
                "identifier": "50172479"
            },
            {
                "resource": "PDB",
                "identifier": "FLP"
            },
            {
                "resource": "ChEMBL",
                "identifier": "CHEMBL435298"
            },
            {
                "resource": "ZINC",
                "identifier": "ZINC000000000323"
            }
        ]
    },
    "external-links": null,
    "pathways": null,
    "reactions": null,
    "snp-effects": null,
    "snp-adverse-drug-reactions": null,
    "targets": null,
    "enzymes": null,
    "carriers": null,
    "transporters": null
}