{
    "type": "biotech",
    "created": "2020-12-23",
    "updated": "2021-02-21",
    "drugbank-id": [
        {
            "primary": true,
            "value": "DB16398"
        }
    ],
    "name": "Efmarodocokin alfa",
    "description": "Efmarodocokin alfa is under investigation in clinical trial NCT04386616 (A Study to Evaluate the Safety and Efficacy of MSTT1041A (Astegolimab) or UTTR1147A in Patients With Severe COVID-19 Pneumonia).",
    "cas-number": "1953227-87-6",
    "unii": "NYZ11835VX",
    "groups": {
        "group": [
            "investigational"
        ]
    },
    "general-references": {
        "articles": {
            "article": [
                {
                    "ref-id": "A227008",
                    "pubmed-id": "29952004",
                    "citation": "Rothenberg ME, Wang Y, Lekkerkerker A, Danilenko DM, Maciuca R, Erickson R, Herman A, Stefanich E, Lu TT: Randomized Phase I Healthy Volunteer Study of UTTR1147A (IL-22Fc): A Potential Therapy for Epithelial Injury. Clin Pharmacol Ther. 2019 Jan;105(1):177-189. doi: 10.1002/cpt.1164. Epub 2018 Aug 12."
                },
                {
                    "ref-id": "A227013",
                    "pubmed-id": "30464842",
                    "citation": "Lee DW, Zhong S, Pai R, Rae J, Sukumaran S, Stefanich EG, Lutman J, Doudement E, Wang X, Harder B, Lekkerkerker A, Herman A, Ouyang W, Danilenko DM: Nonclinical safety assessment of a human interleukin-22FC IG fusion protein demonstrates in vitro to in vivo and cross-species translatability. Pharmacol Res Perspect. 2018 Nov 15;6(6):e00434. doi: 10.1002/prp2.434. eCollection 2018 Dec."
                },
                {
                    "ref-id": "A227018",
                    "pubmed-id": "29608910",
                    "citation": "Stefanich EG, Rae J, Sukumaran S, Lutman J, Lekkerkerker A, Ouyang W, Wang X, Lee D, Danilenko DM, Diehl L, Loyet KM, Herman A: Pre-clinical and translational pharmacology of a human interleukin-22 IgG fusion protein for potential treatment of infectious or inflammatory diseases. Biochem Pharmacol. 2018 Jun;152:224-235. doi: 10.1016/j.bcp.2018.03.031. Epub 2018 Mar 31."
                }
            ]
        },
        "textbooks": null,
        "links": null,
        "attachments": null
    },
    "synthesis-reference": null,
    "indication": null,
    "pharmacodynamics": null,
    "mechanism-of-action": "Efmarodocokin alfa is a human IL-22Fc IgG4 fusion protein that activates the IL-22 pathway being investigated for inflammatory diseases. Studies show activation of STAT3 in primary human hepatocytes and human colon cell lines.",
    "toxicity": null,
    "metabolism": null,
    "absorption": null,
    "half-life": null,
    "protein-binding": null,
    "route-of-elimination": null,
    "volume-of-distribution": null,
    "clearance": null,
    "classification": {
        "description": null,
        "direct-parent": "Peptides",
        "kingdom": "Organic Compounds",
        "superclass": "Organic Acids",
        "class": "Carboxylic Acids and Derivatives",
        "subclass": "Amino Acids, Peptides, and Analogues"
    },
    "salts": null,
    "synonyms": {
        "synonym": [
            {
                "language": "english",
                "coder": "inn",
                "value": "Efmarodocokin alfa"
            },
            {
                "language": "english",
                "coder": "",
                "value": "IL 22-FC"
            },
            {
                "language": "english",
                "coder": "",
                "value": "IL-22Fc"
            }
        ]
    },
    "products": null,
    "international-brands": null,
    "mixtures": null,
    "packagers": null,
    "manufacturers": null,
    "prices": null,
    "categories": null,
    "affected-organisms": null,
    "dosages": null,
    "atc-codes": null,
    "ahfs-codes": null,
    "pdb-entries": null,
    "patents": null,
    "food-interactions": null,
    "drug-interactions": null,
    "sequences": null,
    "experimental-properties": null,
    "external-identifiers": null,
    "external-links": null,
    "pathways": null,
    "reactions": null,
    "snp-effects": null,
    "snp-adverse-drug-reactions": null,
    "targets": null,
    "enzymes": null,
    "carriers": null,
    "transporters": null
}