{
    "type": "biotech",
    "created": "2021-02-02",
    "updated": "2021-05-05",
    "drugbank-id": [
        {
            "primary": true,
            "value": "DB16539"
        }
    ],
    "name": "Escherichia coli",
    "description": null,
    "cas-number": "68583-22-2",
    "unii": "514B9K0L10",
    "groups": {
        "group": [
            "experimental"
        ]
    },
    "general-references": {
        "articles": null,
        "textbooks": null,
        "links": {
            "link": [
                {
                    "ref-id": "L33669",
                    "title": "BASG: Uro-Vaxom (E. coli) Oral Capsule",
                    "url": "https://aspregister.basg.gv.at/document/servlet?action=show&zulnr=1-25631&type=DOTC_FACH_INFO"
                },
                {
                    "ref-id": "L33674",
                    "title": "BASG: Symbioflor (E. coli) Oral Solution",
                    "url": "https://aspregister.basg.gv.at/document/servlet?action=show&zulnr=1-23846&type=DOTC_FACH_INFO"
                }
            ]
        },
        "attachments": null
    },
    "synthesis-reference": null,
    "indication": null,
    "pharmacodynamics": null,
    "mechanism-of-action": null,
    "toxicity": null,
    "metabolism": null,
    "absorption": null,
    "half-life": null,
    "protein-binding": null,
    "route-of-elimination": null,
    "volume-of-distribution": null,
    "clearance": null,
    "salts": null,
    "synonyms": null,
    "products": null,
    "international-brands": null,
    "mixtures": null,
    "packagers": null,
    "manufacturers": null,
    "prices": null,
    "categories": null,
    "affected-organisms": null,
    "dosages": {
        "dosage": [
            {
                "form": "Solution / drops",
                "route": "Oral",
                "strength": null
            },
            {
                "form": "Capsule",
                "route": "Oral",
                "strength": "6 mg"
            }
        ]
    },
    "atc-codes": null,
    "ahfs-codes": null,
    "pdb-entries": null,
    "patents": null,
    "food-interactions": null,
    "drug-interactions": null,
    "sequences": null,
    "experimental-properties": null,
    "external-identifiers": {
        "external-identifier": [
            {
                "resource": "Wikipedia",
                "identifier": "Escherichia_coli"
            },
            {
                "resource": "RxCUI",
                "identifier": "350202"
            }
        ]
    },
    "external-links": null,
    "pathways": null,
    "reactions": null,
    "snp-effects": null,
    "snp-adverse-drug-reactions": null,
    "targets": null,
    "enzymes": null,
    "carriers": null,
    "transporters": null
}