{
    "type": "small molecule",
    "created": "2020-12-17",
    "updated": "2020-12-20",
    "drugbank-id": [
        {
            "primary": true,
            "value": "DB16365"
        }
    ],
    "name": "Treamid",
    "description": "Treamid, also known as bisamide derivative of dicarboxylic acid (BDDA), is a complexing agent that has been found to chelate metal ions, including calcium, copper, iron, magnesium, and zinc.[A225701] This drug has shown regenerative properties and restoration of the function of various tissues and organs. It is has been investigated in the clinical trials of NCT04428593 (Study to Assess Safety, Tolerability and Pharmacokinetics of Treamid in Healthy Volunteers) and NCT04527354 (Pilot Study to Assess Efficacy and Safety of Treamid in the Rehabilitation of Patients After COVID-19 Pneumonia) by PHARMENTERPRISES.",
    "cas-number": null,
    "unii": null,
    "groups": {
        "group": [
            "investigational"
        ]
    },
    "general-references": {
        "articles": {
            "article": [
                {
                    "ref-id": "A225701",
                    "pubmed-id": "33171668",
                    "citation": "Skurikhin E, Nebolsin V, Widera D, Ermakova N, Pershina O, Pakhomova A, Krupin V, Pan E, Zhukova M, Novikov F, Sandrikina L, Morozov S, Kubatiev A, Dygai A: Antifibrotic and Regenerative Effects of Treamid in Pulmonary Fibrosis. Int J Mol Sci. 2020 Nov 8;21(21). pii: ijms21218380. doi: 10.3390/ijms21218380."
                }
            ]
        },
        "textbooks": null,
        "links": null,
        "attachments": null
    },
    "synthesis-reference": null,
    "indication": null,
    "pharmacodynamics": null,
    "mechanism-of-action": "In animal studies, treamid displays a positive effect on the capillaries of lungs, exhibits anti-fibrotic activity, and increases the number of endothelial progenitor cells in the lungs of animals with pulmonary fibrosis.[A225701] Currently, the drug is being investigated against COVID-19.",
    "toxicity": null,
    "metabolism": null,
    "absorption": null,
    "half-life": null,
    "protein-binding": null,
    "route-of-elimination": null,
    "volume-of-distribution": null,
    "clearance": null,
    "salts": null,
    "synonyms": {
        "synonym": [
            {
                "language": "english",
                "coder": "",
                "value": "BDDA"
            },
            {
                "language": "english",
                "coder": "",
                "value": "Bisamide derivative of dicarboxylic acid"
            },
            {
                "language": "english",
                "coder": "",
                "value": "XC268BG"
            }
        ]
    },
    "products": null,
    "international-brands": null,
    "mixtures": null,
    "packagers": null,
    "manufacturers": null,
    "prices": null,
    "categories": null,
    "affected-organisms": null,
    "dosages": null,
    "atc-codes": null,
    "ahfs-codes": null,
    "pdb-entries": null,
    "patents": null,
    "food-interactions": null,
    "drug-interactions": null,
    "calculated-properties": null,
    "experimental-properties": null,
    "external-identifiers": null,
    "external-links": null,
    "pathways": null,
    "reactions": null,
    "snp-effects": null,
    "snp-adverse-drug-reactions": null,
    "targets": null,
    "enzymes": null,
    "carriers": null,
    "transporters": null
}