{
    "type": "biotech",
    "created": "2021-03-20",
    "updated": "2021-03-21",
    "drugbank-id": [
        {
            "primary": true,
            "value": "DB16642"
        }
    ],
    "name": "Influenza A virus subtype H3N2 haemagglutinin, recombinant",
    "description": null,
    "cas-number": null,
    "unii": null,
    "groups": {
        "group": [
            "approved"
        ]
    },
    "general-references": {
        "articles": null,
        "textbooks": null,
        "links": null,
        "attachments": null
    },
    "synthesis-reference": null,
    "indication": null,
    "pharmacodynamics": null,
    "mechanism-of-action": null,
    "toxicity": null,
    "metabolism": null,
    "absorption": null,
    "half-life": null,
    "protein-binding": null,
    "route-of-elimination": null,
    "volume-of-distribution": null,
    "clearance": null,
    "salts": null,
    "synonyms": {
        "synonym": [
            {
                "language": "english",
                "coder": "",
                "value": "Recombinant haemagglutinin protein-strain A (H3N2)"
            }
        ]
    },
    "products": {
        "product": [
            {
                "name": "Supemtek",
                "labeller": "Sanofi Pasteur Limited",
                "ndc-id": null,
                "ndc-product-code": null,
                "dpd-id": "02510936",
                "ema-product-code": null,
                "ema-ma-number": null,
                "started-marketing-on": "2022-10-03",
                "ended-marketing-on": null,
                "dosage-form": "Solution",
                "strength": null,
                "route": "Intramuscular",
                "fda-application-number": null,
                "generic": false,
                "over-the-counter": false,
                "approved": true,
                "country": "Canada",
                "source": "DPD"
            },
            {
                "name": "Supemtek",
                "labeller": "Sanofi Pasteur",
                "ndc-id": null,
                "ndc-product-code": null,
                "dpd-id": null,
                "ema-product-code": "EMEA/H/C/005159",
                "ema-ma-number": "EU/1/20/1484/001",
                "started-marketing-on": "2021-03-20",
                "ended-marketing-on": null,
                "dosage-form": "Solution",
                "strength": null,
                "route": "Intramuscular",
                "fda-application-number": null,
                "generic": false,
                "over-the-counter": false,
                "approved": true,
                "country": "EU",
                "source": "EMA"
            },
            {
                "name": "Supemtek",
                "labeller": "Sanofi Pasteur",
                "ndc-id": null,
                "ndc-product-code": null,
                "dpd-id": null,
                "ema-product-code": "EMEA/H/C/005159",
                "ema-ma-number": "EU/1/20/1484/002",
                "started-marketing-on": "2021-03-20",
                "ended-marketing-on": null,
                "dosage-form": "Solution",
                "strength": null,
                "route": "Intramuscular",
                "fda-application-number": null,
                "generic": false,
                "over-the-counter": false,
                "approved": true,
                "country": "EU",
                "source": "EMA"
            },
            {
                "name": "Supemtek",
                "labeller": "Sanofi Pasteur",
                "ndc-id": null,
                "ndc-product-code": null,
                "dpd-id": null,
                "ema-product-code": "EMEA/H/C/005159",
                "ema-ma-number": "EU/1/20/1484/003",
                "started-marketing-on": "2021-03-20",
                "ended-marketing-on": null,
                "dosage-form": "Solution",
                "strength": null,
                "route": "Intramuscular",
                "fda-application-number": null,
                "generic": false,
                "over-the-counter": false,
                "approved": true,
                "country": "EU",
                "source": "EMA"
            },
            {
                "name": "Supemtek",
                "labeller": "Sanofi Pasteur",
                "ndc-id": null,
                "ndc-product-code": null,
                "dpd-id": null,
                "ema-product-code": "EMEA/H/C/005159",
                "ema-ma-number": "EU/1/20/1484/004",
                "started-marketing-on": "2021-03-20",
                "ended-marketing-on": null,
                "dosage-form": "Solution",
                "strength": null,
                "route": "Intramuscular",
                "fda-application-number": null,
                "generic": false,
                "over-the-counter": false,
                "approved": true,
                "country": "EU",
                "source": "EMA"
            },
            {
                "name": "Supemtek",
                "labeller": "Sanofi Pasteur",
                "ndc-id": null,
                "ndc-product-code": null,
                "dpd-id": null,
                "ema-product-code": "EMEA/H/C/005159",
                "ema-ma-number": "EU/1/20/1484/005",
                "started-marketing-on": "2021-03-20",
                "ended-marketing-on": null,
                "dosage-form": "Solution",
                "strength": null,
                "route": "Intramuscular",
                "fda-application-number": null,
                "generic": false,
                "over-the-counter": false,
                "approved": true,
                "country": "EU",
                "source": "EMA"
            },
            {
                "name": "Supemtek",
                "labeller": "Sanofi Pasteur",
                "ndc-id": null,
                "ndc-product-code": null,
                "dpd-id": null,
                "ema-product-code": "EMEA/H/C/005159",
                "ema-ma-number": "EU/1/20/1484/006",
                "started-marketing-on": "2021-03-20",
                "ended-marketing-on": null,
                "dosage-form": "Solution",
                "strength": null,
                "route": "Intramuscular",
                "fda-application-number": null,
                "generic": false,
                "over-the-counter": false,
                "approved": true,
                "country": "EU",
                "source": "EMA"
            }
        ]
    },
    "international-brands": null,
    "mixtures": {
        "mixture": [
            {
                "name": "Supemtek",
                "ingredients": "Influenza A virus subtype H1N1 haemagglutinin, recombinant + Influenza A virus subtype H3N2 haemagglutinin, recombinant + Influenza B virus Victoria lineage haemagglutinin, recombinant + Influenza B virus Yamagata lineage haemagglutinin, recombinant"
            },
            {
                "name": "Supemtek",
                "ingredients": "Influenza A virus subtype H1N1 haemagglutinin, recombinant + Influenza A virus subtype H3N2 haemagglutinin, recombinant + Influenza B virus Victoria lineage haemagglutinin, recombinant + Influenza B virus Yamagata lineage haemagglutinin, recombinant"
            },
            {
                "name": "Supemtek",
                "ingredients": "Influenza A virus subtype H1N1 haemagglutinin, recombinant + Influenza A virus subtype H3N2 haemagglutinin, recombinant + Influenza B virus Victoria lineage haemagglutinin, recombinant + Influenza B virus Yamagata lineage haemagglutinin, recombinant"
            },
            {
                "name": "Supemtek",
                "ingredients": "Influenza A virus subtype H1N1 haemagglutinin, recombinant + Influenza A virus subtype H3N2 haemagglutinin, recombinant + Influenza B virus Victoria lineage haemagglutinin, recombinant + Influenza B virus Yamagata lineage haemagglutinin, recombinant"
            },
            {
                "name": "Supemtek",
                "ingredients": "Influenza A virus subtype H1N1 haemagglutinin, recombinant + Influenza A virus subtype H3N2 haemagglutinin, recombinant + Influenza B virus Victoria lineage haemagglutinin, recombinant + Influenza B virus Yamagata lineage haemagglutinin, recombinant"
            },
            {
                "name": "Supemtek",
                "ingredients": "Influenza A virus subtype H1N1 haemagglutinin, recombinant + Influenza A virus subtype H3N2 haemagglutinin, recombinant + Influenza B virus Victoria lineage haemagglutinin, recombinant + Influenza B virus Yamagata lineage haemagglutinin, recombinant"
            },
            {
                "name": "Supemtek",
                "ingredients": "Influenza A virus subtype H1N1 haemagglutinin, recombinant + Influenza A virus subtype H3N2 haemagglutinin, recombinant + Influenza B virus Victoria lineage haemagglutinin, recombinant + Influenza B virus Yamagata lineage haemagglutinin, recombinant"
            }
        ]
    },
    "packagers": null,
    "manufacturers": null,
    "prices": null,
    "categories": {
        "category": [
            {
                "category": "Influenza Vaccines",
                "mesh-id": "D007252"
            },
            {
                "category": "Recombinant influenza vaccines",
                "mesh-id": null
            },
            {
                "category": "Vaccines",
                "mesh-id": "D014612"
            },
            {
                "category": "Viral Vaccines",
                "mesh-id": "D014765"
            }
        ]
    },
    "affected-organisms": null,
    "dosages": {
        "dosage": [
            {
                "form": "Solution",
                "route": "Intramuscular",
                "strength": null
            }
        ]
    },
    "atc-codes": null,
    "ahfs-codes": null,
    "pdb-entries": null,
    "patents": null,
    "food-interactions": null,
    "drug-interactions": null,
    "sequences": null,
    "experimental-properties": null,
    "external-identifiers": {
        "external-identifier": [
            {
                "resource": "Drugs Product Database (DPD)",
                "identifier": "23553"
            }
        ]
    },
    "external-links": null,
    "pathways": null,
    "reactions": null,
    "snp-effects": null,
    "snp-adverse-drug-reactions": null,
    "targets": null,
    "enzymes": null,
    "carriers": null,
    "transporters": null
}