{
    "type": "small molecule",
    "created": "2020-12-15",
    "updated": "2020-12-20",
    "drugbank-id": [
        {
            "primary": true,
            "value": "DB16345"
        }
    ],
    "name": "Uracil C-13",
    "description": "Uracil C-13 is under investigation in clinical trial NCT01677338 (Phase 2 Study to Evaluate the Preliminary Performance of the C13-URA Breath Test Kit in Dyspeptic Subjects).",
    "cas-number": "35803-45-3",
    "unii": "OZF8J4VAIK",
    "average-mass": 113.08,
    "monoisotopic-mass": 113.030632212,
    "groups": {
        "group": [
            "investigational"
        ]
    },
    "general-references": {
        "articles": null,
        "textbooks": null,
        "links": null,
        "attachments": null
    },
    "synthesis-reference": null,
    "indication": null,
    "pharmacodynamics": null,
    "mechanism-of-action": null,
    "toxicity": null,
    "metabolism": null,
    "absorption": null,
    "half-life": null,
    "protein-binding": null,
    "route-of-elimination": null,
    "volume-of-distribution": null,
    "clearance": null,
    "salts": null,
    "synonyms": {
        "synonym": [
            {
                "language": "english",
                "coder": "",
                "value": "13C-uracil"
            },
            {
                "language": "english",
                "coder": "",
                "value": "Uracil (2-13c)"
            },
            {
                "language": "english",
                "coder": "",
                "value": "Uracil 2c-13"
            },
            {
                "language": "english",
                "coder": "",
                "value": "Uracil C-13, 2-"
            },
            {
                "language": "english",
                "coder": "",
                "value": "Uracil-(2-13c)"
            }
        ]
    },
    "products": null,
    "international-brands": null,
    "mixtures": null,
    "packagers": null,
    "manufacturers": null,
    "prices": null,
    "categories": null,
    "affected-organisms": null,
    "dosages": null,
    "atc-codes": null,
    "ahfs-codes": null,
    "pdb-entries": null,
    "patents": null,
    "food-interactions": null,
    "drug-interactions": null,
    "calculated-properties": {
        "property": [
            {
                "kind": "logP",
                "value": "-1.2",
                "source": "ALOGPS"
            },
            {
                "kind": "logS",
                "value": "-0.63",
                "source": "ALOGPS"
            },
            {
                "kind": "Water Solubility",
                "value": "2.65e+01 g/l",
                "source": "ALOGPS"
            },
            {
                "kind": "logP",
                "value": "-0.86",
                "source": "ChemAxon"
            },
            {
                "kind": "IUPAC Name",
                "value": "1,2,3,4-tetrahydro(2-13C)pyrimidine-2,4-dione",
                "source": "ChemAxon"
            },
            {
                "kind": "Traditional IUPAC Name",
                "value": "8-[(3R)-3-[1-({1-[(E)-{[(7S,9E,11S,12S,13S,14S,15R,16R,17S,18S,19E)-13-(acetyloxy)-2,15,17,27,29-pentahydroxy-11-methoxy-3,7,12,14,16,18,22-heptamethyl-6,23-dioxo-8,30-dioxa-24-azatetracyclo[23.3.1.1^{4,7}.0^{5,28}]triaconta-1(28),2,4,9,19,21,25(29),26-octaen-26-yl]methylidene}amino]piperidin-4-yl}(methyl)amino)cyclopropyl]pyrrolidin-1-yl]-1-cyclopropyl-7-fluoro-9-methyl-4-oxoquinolizine-3-carboxylic acid",
                "source": "ChemAxon"
            },
            {
                "kind": "Molecular Weight",
                "value": "113.08",
                "source": "ChemAxon"
            },
            {
                "kind": "Monoisotopic Weight",
                "value": "113.030632212",
                "source": "ChemAxon"
            },
            {
                "kind": "SMILES",
                "value": "O=C1N[13C](=O)NC=C1",
                "source": "ChemAxon"
            },
            {
                "kind": "Molecular Formula",
                "value": "C4H4N2O2",
                "source": "ChemAxon"
            },
            {
                "kind": "InChI",
                "value": "InChI=1S/C4H4N2O2/c7-3-1-2-5-4(8)6-3/h1-2H,(H2,5,6,7,8)/i4+1",
                "source": "ChemAxon"
            },
            {
                "kind": "InChIKey",
                "value": "ISAKRJDGNUQOIC-AZXPZELESA-N",
                "source": "ChemAxon"
            },
            {
                "kind": "Polar Surface Area (PSA)",
                "value": "58.2",
                "source": "ChemAxon"
            },
            {
                "kind": "Refractivity",
                "value": "25.97",
                "source": "ChemAxon"
            },
            {
                "kind": "Polarizability",
                "value": "9.37",
                "source": "ChemAxon"
            },
            {
                "kind": "Rotatable Bond Count",
                "value": "0",
                "source": "ChemAxon"
            },
            {
                "kind": "H Bond Acceptor Count",
                "value": "2",
                "source": "ChemAxon"
            },
            {
                "kind": "H Bond Donor Count",
                "value": "2",
                "source": "ChemAxon"
            },
            {
                "kind": "pKa (strongest acidic)",
                "value": "8.8",
                "source": "ChemAxon"
            },
            {
                "kind": "pKa (strongest basic)",
                "value": "-5.5",
                "source": "ChemAxon"
            },
            {
                "kind": "Physiological Charge",
                "value": "0",
                "source": "ChemAxon"
            },
            {
                "kind": "Number of Rings",
                "value": "1",
                "source": "ChemAxon"
            },
            {
                "kind": "Bioavailability",
                "value": "1",
                "source": "ChemAxon"
            },
            {
                "kind": "Rule of Five",
                "value": "1",
                "source": "ChemAxon"
            },
            {
                "kind": "Ghose Filter",
                "value": "0",
                "source": "ChemAxon"
            },
            {
                "kind": "MDDR-Like Rule",
                "value": "0",
                "source": "ChemAxon"
            }
        ]
    },
    "experimental-properties": null,
    "external-identifiers": {
        "external-identifier": [
            {
                "resource": "ChemSpider",
                "identifier": "8346745"
            }
        ]
    },
    "external-links": null,
    "pathways": null,
    "reactions": null,
    "snp-effects": null,
    "snp-adverse-drug-reactions": null,
    "targets": null,
    "enzymes": null,
    "carriers": null,
    "transporters": null
}