{
    "type": "biotech",
    "created": "2021-03-20",
    "updated": "2021-03-21",
    "drugbank-id": [
        {
            "primary": true,
            "value": "DB16646"
        }
    ],
    "name": "Influenza A virus A/Vietnam/1194/2004 (H5N1) antigen (formaldehyde inactivated)",
    "description": null,
    "cas-number": null,
    "unii": null,
    "groups": {
        "group": [
            "approved"
        ]
    },
    "general-references": {
        "articles": null,
        "textbooks": null,
        "links": null,
        "attachments": null
    },
    "synthesis-reference": null,
    "indication": null,
    "pharmacodynamics": null,
    "mechanism-of-action": null,
    "toxicity": null,
    "metabolism": null,
    "absorption": null,
    "half-life": null,
    "protein-binding": null,
    "route-of-elimination": null,
    "volume-of-distribution": null,
    "clearance": null,
    "salts": null,
    "synonyms": {
        "synonym": [
            {
                "language": "english",
                "coder": "",
                "value": "Haemagglutinin-strain A (H5N1)"
            }
        ]
    },
    "products": {
        "product": [
            {
                "name": "Adjupanrix",
                "labeller": "Glaxo Smith Kline Biologicals S.A.",
                "ndc-id": null,
                "ndc-product-code": null,
                "dpd-id": null,
                "ema-product-code": "EMEA/H/C/001206",
                "ema-ma-number": "EU/1/09/578/001",
                "started-marketing-on": "2016-09-07",
                "ended-marketing-on": null,
                "dosage-form": null,
                "strength": "3.75 μg",
                "route": "Intramuscular",
                "fda-application-number": null,
                "generic": false,
                "over-the-counter": false,
                "approved": true,
                "country": "EU",
                "source": "EMA"
            },
            {
                "name": "Arepanrix H5n1",
                "labeller": "ID Biomedical Corporation of Quebec",
                "ndc-id": null,
                "ndc-product-code": null,
                "dpd-id": "02401886",
                "ema-product-code": null,
                "ema-ma-number": null,
                "started-marketing-on": null,
                "ended-marketing-on": null,
                "dosage-form": "Emulsion",
                "strength": null,
                "route": "Intramuscular",
                "fda-application-number": null,
                "generic": false,
                "over-the-counter": false,
                "approved": true,
                "country": "Canada",
                "source": "DPD"
            },
            {
                "name": "Foclivia",
                "labeller": "Seqirus Uk Limited",
                "ndc-id": null,
                "ndc-product-code": null,
                "dpd-id": "02510561",
                "ema-product-code": null,
                "ema-ma-number": null,
                "started-marketing-on": null,
                "ended-marketing-on": null,
                "dosage-form": "Suspension",
                "strength": "7.5 mcg / 0.5 mL",
                "route": "Intramuscular",
                "fda-application-number": null,
                "generic": false,
                "over-the-counter": false,
                "approved": true,
                "country": "Canada",
                "source": "DPD"
            },
            {
                "name": "Foclivia",
                "labeller": "Seqirus Uk Limited",
                "ndc-id": null,
                "ndc-product-code": null,
                "dpd-id": "02510588",
                "ema-product-code": null,
                "ema-ma-number": null,
                "started-marketing-on": null,
                "ended-marketing-on": null,
                "dosage-form": "Suspension",
                "strength": "7.5 mcg / vial",
                "route": "Intramuscular",
                "fda-application-number": null,
                "generic": false,
                "over-the-counter": false,
                "approved": true,
                "country": "Canada",
                "source": "DPD"
            },
            {
                "name": "Foclivia",
                "labeller": "Seqirus S.R.L.",
                "ndc-id": null,
                "ndc-product-code": null,
                "dpd-id": null,
                "ema-product-code": "EMEA/H/C/001208",
                "ema-ma-number": "EU/1/09/577/001",
                "started-marketing-on": "2016-09-08",
                "ended-marketing-on": null,
                "dosage-form": "Injection, suspension",
                "strength": "7.5 μg/0.5ml",
                "route": "Intramuscular",
                "fda-application-number": null,
                "generic": false,
                "over-the-counter": false,
                "approved": true,
                "country": "EU",
                "source": "EMA"
            },
            {
                "name": "Foclivia",
                "labeller": "Seqirus S.R.L.",
                "ndc-id": null,
                "ndc-product-code": null,
                "dpd-id": null,
                "ema-product-code": "EMEA/H/C/001208",
                "ema-ma-number": "EU/1/09/577/002",
                "started-marketing-on": "2016-09-08",
                "ended-marketing-on": null,
                "dosage-form": "Injection, suspension",
                "strength": "7.5 μg/0.5ml",
                "route": "Intramuscular",
                "fda-application-number": null,
                "generic": false,
                "over-the-counter": false,
                "approved": true,
                "country": "EU",
                "source": "EMA"
            },
            {
                "name": "Foclivia",
                "labeller": "Seqirus S.R.L.",
                "ndc-id": null,
                "ndc-product-code": null,
                "dpd-id": null,
                "ema-product-code": "EMEA/H/C/001208",
                "ema-ma-number": "EU/1/09/577/003",
                "started-marketing-on": "2016-09-08",
                "ended-marketing-on": null,
                "dosage-form": "Injection, suspension",
                "strength": "7.5 μg/0.5ml",
                "route": "Intramuscular",
                "fda-application-number": null,
                "generic": false,
                "over-the-counter": false,
                "approved": true,
                "country": "EU",
                "source": "EMA"
            },
            {
                "name": "Foclivia",
                "labeller": "Seqirus S.R.L.",
                "ndc-id": null,
                "ndc-product-code": null,
                "dpd-id": null,
                "ema-product-code": "EMEA/H/C/001208",
                "ema-ma-number": "EU/1/09/577/004",
                "started-marketing-on": "2016-09-08",
                "ended-marketing-on": null,
                "dosage-form": "Injection, suspension",
                "strength": "7.5 μg/0.5ml",
                "route": "Intramuscular",
                "fda-application-number": null,
                "generic": false,
                "over-the-counter": false,
                "approved": true,
                "country": "EU",
                "source": "EMA"
            },
            {
                "name": "Foclivia",
                "labeller": "Seqirus S.R.L.",
                "ndc-id": null,
                "ndc-product-code": null,
                "dpd-id": null,
                "ema-product-code": "EMEA/H/C/001208",
                "ema-ma-number": "EU/1/09/577/005",
                "started-marketing-on": "2020-12-16",
                "ended-marketing-on": null,
                "dosage-form": "Injection, suspension",
                "strength": "7.5 μg/0.5ml",
                "route": "Intramuscular",
                "fda-application-number": null,
                "generic": false,
                "over-the-counter": false,
                "approved": true,
                "country": "EU",
                "source": "EMA"
            },
            {
                "name": "Foclivia",
                "labeller": "Seqirus S.R.L.",
                "ndc-id": null,
                "ndc-product-code": null,
                "dpd-id": null,
                "ema-product-code": "EMEA/H/C/001208",
                "ema-ma-number": "EU/1/09/577/006",
                "started-marketing-on": "2020-12-16",
                "ended-marketing-on": null,
                "dosage-form": "Injection, suspension",
                "strength": "7.5 μg/0.5ml",
                "route": "Intramuscular",
                "fda-application-number": null,
                "generic": false,
                "over-the-counter": false,
                "approved": true,
                "country": "EU",
                "source": "EMA"
            },
            {
                "name": "Pandemic Influenza Vaccine H5n1 Baxter",
                "labeller": "Ology Bioservices Ireland Ltd",
                "ndc-id": null,
                "ndc-product-code": null,
                "dpd-id": null,
                "ema-product-code": "EMEA/H/C/001200",
                "ema-ma-number": "EU/1/09/571/001",
                "started-marketing-on": "2016-09-08",
                "ended-marketing-on": null,
                "dosage-form": "Injection, suspension",
                "strength": "7.5 micrograms/0.5ml",
                "route": "Intramuscular",
                "fda-application-number": null,
                "generic": false,
                "over-the-counter": false,
                "approved": true,
                "country": "EU",
                "source": "EMA"
            },
            {
                "name": "Pandemic Influenza Vaccine H5n1 Baxter",
                "labeller": "Ology Bioservices Ireland Ltd",
                "ndc-id": null,
                "ndc-product-code": null,
                "dpd-id": null,
                "ema-product-code": "EMEA/H/C/001200",
                "ema-ma-number": "EU/1/09/571/002",
                "started-marketing-on": "2016-09-08",
                "ended-marketing-on": null,
                "dosage-form": "Injection, suspension",
                "strength": "7.5 micrograms/0.5ml",
                "route": "Intramuscular",
                "fda-application-number": null,
                "generic": false,
                "over-the-counter": false,
                "approved": true,
                "country": "EU",
                "source": "EMA"
            }
        ]
    },
    "international-brands": {
        "international-brand": [
            {
                "name": "FOCLIVIA",
                "company": "Seqirus UK Limited"
            }
        ]
    },
    "mixtures": {
        "mixture": [
            {
                "name": "Arepanrix H5n1",
                "ingredients": "DL-alpha-Tocopherol + Influenza A virus A/Vietnam/1194/2004 (H5N1) antigen (formaldehyde inactivated) + Polysorbate 80 + Squalene"
            }
        ]
    },
    "packagers": null,
    "manufacturers": null,
    "prices": null,
    "categories": {
        "category": [
            {
                "category": "Inactivated Influenza A Virus Vaccine",
                "mesh-id": null
            },
            {
                "category": "Influenza Vaccines",
                "mesh-id": "D007252"
            },
            {
                "category": "Vaccines",
                "mesh-id": "D014612"
            },
            {
                "category": "Viral Vaccines",
                "mesh-id": "D014765"
            }
        ]
    },
    "affected-organisms": null,
    "dosages": {
        "dosage": [
            {
                "form": null,
                "route": "Intramuscular",
                "strength": "3.75 μg"
            },
            {
                "form": "Injection, emulsion",
                "route": "Intramuscular",
                "strength": "3.75 mcg"
            },
            {
                "form": "Emulsion",
                "route": "Intramuscular",
                "strength": null
            },
            {
                "form": "Injection, suspension",
                "route": "Intramuscular",
                "strength": "7.5 μg/0.5ml"
            },
            {
                "form": "Suspension",
                "route": "Intramuscular",
                "strength": "7.5 mcg / vial"
            },
            {
                "form": "Suspension",
                "route": "Intramuscular",
                "strength": "7.5 mcg / 0.5 mL"
            },
            {
                "form": "Injection, suspension",
                "route": "Intramuscular",
                "strength": "7.5 micrograms/0.5ml"
            },
            {
                "form": "Injection, suspension",
                "route": "Intramuscular",
                "strength": "7.5 mcg/0.5ml"
            }
        ]
    },
    "atc-codes": null,
    "ahfs-codes": null,
    "pdb-entries": null,
    "patents": null,
    "food-interactions": null,
    "drug-interactions": null,
    "sequences": null,
    "experimental-properties": null,
    "external-identifiers": {
        "external-identifier": [
            {
                "resource": "Drugs Product Database (DPD)",
                "identifier": "21916"
            }
        ]
    },
    "external-links": null,
    "pathways": null,
    "reactions": null,
    "snp-effects": null,
    "snp-adverse-drug-reactions": null,
    "targets": null,
    "enzymes": null,
    "carriers": null,
    "transporters": null
}