{
    "type": "small molecule",
    "created": "2020-12-15",
    "updated": "2021-02-21",
    "drugbank-id": [
        {
            "primary": true,
            "value": "DB16325"
        }
    ],
    "name": "Selodenoson",
    "description": "Selodenoson is under investigation in clinical trial NCT00040001 (Safety and Efficacy Study of an A1-adenosine Receptor Agonist to Slow Heart Rate in Atrial Fibrillation).",
    "cas-number": "110299-05-3",
    "unii": "103G5E953K",
    "average-mass": 376.417,
    "monoisotopic-mass": 376.185903277,
    "groups": {
        "group": [
            "investigational"
        ]
    },
    "general-references": {
        "articles": null,
        "textbooks": null,
        "links": null,
        "attachments": null
    },
    "synthesis-reference": null,
    "indication": null,
    "pharmacodynamics": null,
    "mechanism-of-action": null,
    "toxicity": null,
    "metabolism": null,
    "absorption": null,
    "half-life": null,
    "protein-binding": null,
    "route-of-elimination": null,
    "volume-of-distribution": null,
    "clearance": null,
    "salts": null,
    "synonyms": {
        "synonym": [
            {
                "language": "english",
                "coder": "inn/usan",
                "value": "Selodenoson"
            }
        ]
    },
    "products": null,
    "international-brands": null,
    "mixtures": null,
    "packagers": null,
    "manufacturers": null,
    "prices": null,
    "categories": {
        "category": [
            {
                "category": "Cycloparaffins",
                "mesh-id": "D003516"
            },
            {
                "category": "Heterocyclic Compounds, Fused-Ring",
                "mesh-id": "D000072471"
            },
            {
                "category": "Nucleic Acids, Nucleotides, and Nucleosides",
                "mesh-id": "D009706"
            },
            {
                "category": "Nucleosides",
                "mesh-id": "D009705"
            },
            {
                "category": "Purine Nucleosides",
                "mesh-id": "D011684"
            },
            {
                "category": "Purines",
                "mesh-id": "D011687"
            },
            {
                "category": "Ribonucleosides",
                "mesh-id": "D012263"
            }
        ]
    },
    "affected-organisms": null,
    "dosages": null,
    "atc-codes": null,
    "ahfs-codes": null,
    "pdb-entries": null,
    "patents": null,
    "food-interactions": null,
    "drug-interactions": null,
    "calculated-properties": {
        "property": [
            {
                "kind": "logP",
                "value": "0.74",
                "source": "ALOGPS"
            },
            {
                "kind": "logS",
                "value": "-2.4",
                "source": "ALOGPS"
            },
            {
                "kind": "Water Solubility",
                "value": "1.37e+00 g/l",
                "source": "ALOGPS"
            },
            {
                "kind": "logP",
                "value": "-0.34",
                "source": "ChemAxon"
            },
            {
                "kind": "IUPAC Name",
                "value": "(2S,3S,4R,5R)-5-[6-(cyclopentylamino)-9H-purin-9-yl]-N-ethyl-3,4-dihydroxyoxolane-2-carboxamide",
                "source": "ChemAxon"
            },
            {
                "kind": "Traditional IUPAC Name",
                "value": "revaprazan",
                "source": "ChemAxon"
            },
            {
                "kind": "Molecular Weight",
                "value": "376.417",
                "source": "ChemAxon"
            },
            {
                "kind": "Monoisotopic Weight",
                "value": "376.185903277",
                "source": "ChemAxon"
            },
            {
                "kind": "SMILES",
                "value": "CCNC(=O)[C@H]1O[C@H]([C@H](O)[C@@H]1O)N1C=NC2=C1N=CN=C2NC1CCCC1",
                "source": "ChemAxon"
            },
            {
                "kind": "Molecular Formula",
                "value": "C17H24N6O4",
                "source": "ChemAxon"
            },
            {
                "kind": "InChI",
                "value": "InChI=1S/C17H24N6O4/c1-2-18-16(26)13-11(24)12(25)17(27-13)23-8-21-10-14(19-7-20-15(10)23)22-9-5-3-4-6-9/h7-9,11-13,17,24-25H,2-6H2,1H3,(H,18,26)(H,19,20,22)/t11-,12+,13-,17+/m0/s1",
                "source": "ChemAxon"
            },
            {
                "kind": "InChIKey",
                "value": "GWVQGVCXFNYGFP-PFHKOEEOSA-N",
                "source": "ChemAxon"
            },
            {
                "kind": "Polar Surface Area (PSA)",
                "value": "134.42",
                "source": "ChemAxon"
            },
            {
                "kind": "Refractivity",
                "value": "96.44",
                "source": "ChemAxon"
            },
            {
                "kind": "Polarizability",
                "value": "39.08",
                "source": "ChemAxon"
            },
            {
                "kind": "Rotatable Bond Count",
                "value": "5",
                "source": "ChemAxon"
            },
            {
                "kind": "H Bond Acceptor Count",
                "value": "8",
                "source": "ChemAxon"
            },
            {
                "kind": "H Bond Donor Count",
                "value": "4",
                "source": "ChemAxon"
            },
            {
                "kind": "pKa (strongest acidic)",
                "value": "12.39",
                "source": "ChemAxon"
            },
            {
                "kind": "pKa (strongest basic)",
                "value": "3.73",
                "source": "ChemAxon"
            },
            {
                "kind": "Physiological Charge",
                "value": "0",
                "source": "ChemAxon"
            },
            {
                "kind": "Number of Rings",
                "value": "4",
                "source": "ChemAxon"
            },
            {
                "kind": "Bioavailability",
                "value": "1",
                "source": "ChemAxon"
            },
            {
                "kind": "Rule of Five",
                "value": "1",
                "source": "ChemAxon"
            },
            {
                "kind": "Ghose Filter",
                "value": "1",
                "source": "ChemAxon"
            },
            {
                "kind": "MDDR-Like Rule",
                "value": "0",
                "source": "ChemAxon"
            }
        ]
    },
    "experimental-properties": null,
    "external-identifiers": {
        "external-identifier": [
            {
                "resource": "ChemSpider",
                "identifier": "2339966"
            },
            {
                "resource": "ChEMBL",
                "identifier": "CHEMBL2107371"
            }
        ]
    },
    "external-links": null,
    "pathways": null,
    "reactions": null,
    "snp-effects": null,
    "snp-adverse-drug-reactions": null,
    "targets": null,
    "enzymes": null,
    "carriers": null,
    "transporters": null
}