{
    "type": "small molecule",
    "created": "2020-12-23",
    "updated": "2020-12-23",
    "drugbank-id": [
        {
            "primary": true,
            "value": "DB16404"
        }
    ],
    "name": "Carvacrol",
    "description": null,
    "cas-number": "499-75-2",
    "unii": "9B1J4V995Q",
    "average-mass": 150.221,
    "monoisotopic-mass": 150.104465071,
    "groups": {
        "group": [
            "experimental"
        ]
    },
    "general-references": {
        "articles": null,
        "textbooks": null,
        "links": null,
        "attachments": null
    },
    "synthesis-reference": null,
    "indication": null,
    "pharmacodynamics": null,
    "mechanism-of-action": null,
    "toxicity": null,
    "metabolism": null,
    "absorption": null,
    "half-life": null,
    "protein-binding": null,
    "route-of-elimination": null,
    "volume-of-distribution": null,
    "clearance": null,
    "salts": null,
    "synonyms": {
        "synonym": [
            {
                "language": "english",
                "coder": "",
                "value": "5-Isopropyl-o-cresol"
            },
            {
                "language": "english",
                "coder": "",
                "value": "p-Cymen-2-ol"
            }
        ]
    },
    "products": null,
    "international-brands": null,
    "mixtures": null,
    "packagers": null,
    "manufacturers": null,
    "prices": null,
    "categories": {
        "category": [
            {
                "category": "Benzene Derivatives",
                "mesh-id": "D001555"
            },
            {
                "category": "Monoterpenes",
                "mesh-id": "D039821"
            },
            {
                "category": "Terpenes",
                "mesh-id": "D013729"
            }
        ]
    },
    "affected-organisms": null,
    "dosages": null,
    "atc-codes": null,
    "ahfs-codes": null,
    "pdb-entries": null,
    "patents": null,
    "food-interactions": null,
    "drug-interactions": null,
    "calculated-properties": {
        "property": [
            {
                "kind": "logP",
                "value": "3.2",
                "source": "ALOGPS"
            },
            {
                "kind": "logS",
                "value": "-2.5",
                "source": "ALOGPS"
            },
            {
                "kind": "Water Solubility",
                "value": "4.70e-01 g/l",
                "source": "ALOGPS"
            },
            {
                "kind": "logP",
                "value": "3.43",
                "source": "ChemAxon"
            },
            {
                "kind": "IUPAC Name",
                "value": "2-methyl-5-(propan-2-yl)phenol",
                "source": "ChemAxon"
            },
            {
                "kind": "Traditional IUPAC Name",
                "value": "N-{4-[(2S)-2-[(2S)-2-[(methoxycarbonyl)amino]-3-phenylpropanamido]-2-[2-(thiophen-2-yl)-1,3-thiazol-4-yl]ethyl]phenyl}sulfamic acid",
                "source": "ChemAxon"
            },
            {
                "kind": "Molecular Weight",
                "value": "150.221",
                "source": "ChemAxon"
            },
            {
                "kind": "Monoisotopic Weight",
                "value": "150.104465071",
                "source": "ChemAxon"
            },
            {
                "kind": "SMILES",
                "value": "CC(C)C1=CC(O)=C(C)C=C1",
                "source": "ChemAxon"
            },
            {
                "kind": "Molecular Formula",
                "value": "C10H14O",
                "source": "ChemAxon"
            },
            {
                "kind": "InChI",
                "value": "InChI=1S/C10H14O/c1-7(2)9-5-4-8(3)10(11)6-9/h4-7,11H,1-3H3",
                "source": "ChemAxon"
            },
            {
                "kind": "InChIKey",
                "value": "RECUKUPTGUEGMW-UHFFFAOYSA-N",
                "source": "ChemAxon"
            },
            {
                "kind": "Polar Surface Area (PSA)",
                "value": "20.23",
                "source": "ChemAxon"
            },
            {
                "kind": "Refractivity",
                "value": "47.27",
                "source": "ChemAxon"
            },
            {
                "kind": "Polarizability",
                "value": "17.86",
                "source": "ChemAxon"
            },
            {
                "kind": "Rotatable Bond Count",
                "value": "1",
                "source": "ChemAxon"
            },
            {
                "kind": "H Bond Acceptor Count",
                "value": "1",
                "source": "ChemAxon"
            },
            {
                "kind": "H Bond Donor Count",
                "value": "1",
                "source": "ChemAxon"
            },
            {
                "kind": "pKa (strongest acidic)",
                "value": "10.42",
                "source": "ChemAxon"
            },
            {
                "kind": "pKa (strongest basic)",
                "value": "-5.5",
                "source": "ChemAxon"
            },
            {
                "kind": "Physiological Charge",
                "value": "0",
                "source": "ChemAxon"
            },
            {
                "kind": "Number of Rings",
                "value": "1",
                "source": "ChemAxon"
            },
            {
                "kind": "Bioavailability",
                "value": "1",
                "source": "ChemAxon"
            },
            {
                "kind": "Rule of Five",
                "value": "1",
                "source": "ChemAxon"
            },
            {
                "kind": "Ghose Filter",
                "value": "0",
                "source": "ChemAxon"
            },
            {
                "kind": "MDDR-Like Rule",
                "value": "0",
                "source": "ChemAxon"
            }
        ]
    },
    "experimental-properties": null,
    "external-identifiers": {
        "external-identifier": [
            {
                "resource": "ChEBI",
                "identifier": "3440"
            },
            {
                "resource": "KEGG Compound",
                "identifier": "C09840"
            },
            {
                "resource": "ChemSpider",
                "identifier": "21105867"
            },
            {
                "resource": "BindingDB",
                "identifier": "50240433"
            },
            {
                "resource": "Wikipedia",
                "identifier": "Carvacrol"
            },
            {
                "resource": "ChEMBL",
                "identifier": "CHEMBL281202"
            },
            {
                "resource": "ZINC",
                "identifier": "ZINC000000967563"
            },
            {
                "resource": "RxCUI",
                "identifier": "1998840"
            }
        ]
    },
    "external-links": null,
    "pathways": null,
    "reactions": null,
    "snp-effects": null,
    "snp-adverse-drug-reactions": null,
    "targets": null,
    "enzymes": null,
    "carriers": null,
    "transporters": null
}