{
    "type": "biotech",
    "created": "2020-12-15",
    "updated": "2021-02-21",
    "drugbank-id": [
        {
            "primary": true,
            "value": "DB16247"
        }
    ],
    "name": "Nangibotide",
    "description": "Nangibotide is under investigation in clinical trial NCT04055909 (Efficacy, Safety and Tolerability of Nangibotide in Patients With Septic Shock).",
    "cas-number": "2014384-91-7",
    "unii": "59HD7BLX9H",
    "groups": {
        "group": [
            "investigational"
        ]
    },
    "general-references": {
        "articles": {
            "article": [
                {
                    "ref-id": "A227043",
                    "pubmed-id": "29885068",
                    "citation": "Cuvier V, Lorch U, Witte S, Olivier A, Gibot S, Delor I, Garaud JJ, Derive M, Salcedo-Magguilli M: A first-in-man safety and pharmacokinetics study of nangibotide, a new modulator of innate immune response through TREM-1 receptor inhibition. Br J Clin Pharmacol. 2018 Oct;84(10):2270-2279. doi: 10.1111/bcp.13668. Epub 2018 Jul 20."
                },
                {
                    "ref-id": "A227048",
                    "pubmed-id": "32468087",
                    "citation": "Francois B, Wittebole X, Ferrer R, Mira JP, Dugernier T, Gibot S, Derive M, Olivier A, Cuvier V, Witte S, Pickkers P, Vandenhende F, Garaud JJ, Sanchez M, Salcedo-Magguilli M, Laterre PF: Nangibotide in patients with septic shock: a Phase 2a randomized controlled clinical trial. Intensive Care Med. 2020 Jul;46(7):1425-1437. doi: 10.1007/s00134-020-06109-z. Epub 2020 May 28."
                }
            ]
        },
        "textbooks": null,
        "links": null,
        "attachments": null
    },
    "synthesis-reference": null,
    "indication": null,
    "pharmacodynamics": null,
    "mechanism-of-action": "Nangibotide targets the immunoreceptor TREM-1 (triggering receptor expressed on myeloid cells-1), and has been explored in treating inflammatory disorders like septic schock. Safety and pharmacokinetics studies have shown Nangibotide to be safe and well-tolerated in humans, while animal septic shock models have shown its ability to restore vascular function and improve survival. As of July 2020, Inotrem is recuriting patients to study Nangibotide's effects on patients with COVID-19 and systemic inflammation (NCT04429334).",
    "toxicity": null,
    "metabolism": null,
    "absorption": null,
    "half-life": null,
    "protein-binding": null,
    "route-of-elimination": null,
    "volume-of-distribution": null,
    "clearance": null,
    "salts": null,
    "synonyms": {
        "synonym": [
            {
                "language": "english",
                "coder": "inn",
                "value": "Nangibotide"
            }
        ]
    },
    "products": null,
    "international-brands": null,
    "mixtures": null,
    "packagers": null,
    "manufacturers": null,
    "prices": null,
    "categories": {
        "category": [
            {
                "category": "Amino Acids, Peptides, and Proteins",
                "mesh-id": "D000602"
            },
            {
                "category": "Anti-Inflammatory Agents",
                "mesh-id": "D000893"
            },
            {
                "category": "Fatty Acids",
                "mesh-id": "D005227"
            },
            {
                "category": "Heterocyclic Compounds, Fused-Ring",
                "mesh-id": "D000072471"
            },
            {
                "category": "Lipids",
                "mesh-id": "D008055"
            },
            {
                "category": "Peptides",
                "mesh-id": "D010455"
            },
            {
                "category": "Xanthenes",
                "mesh-id": "D014966"
            }
        ]
    },
    "affected-organisms": null,
    "dosages": null,
    "atc-codes": null,
    "ahfs-codes": null,
    "pdb-entries": null,
    "patents": null,
    "food-interactions": null,
    "drug-interactions": null,
    "sequences": null,
    "experimental-properties": null,
    "external-identifiers": {
        "external-identifier": [
            {
                "resource": "Wikipedia",
                "identifier": "Nangibotide"
            }
        ]
    },
    "external-links": null,
    "pathways": null,
    "reactions": null,
    "snp-effects": null,
    "snp-adverse-drug-reactions": null,
    "targets": null,
    "enzymes": null,
    "carriers": null,
    "transporters": null
}