{
    "type": "biotech",
    "created": "2021-02-16",
    "updated": "2021-04-21",
    "drugbank-id": [
        {
            "primary": true,
            "value": "DB16601"
        }
    ],
    "name": "Citronella oil",
    "description": null,
    "cas-number": "8000-29-1",
    "unii": "QYO8Q067D0",
    "groups": {
        "group": [
            "experimental"
        ]
    },
    "general-references": {
        "articles": null,
        "textbooks": null,
        "links": null,
        "attachments": null
    },
    "synthesis-reference": null,
    "indication": null,
    "pharmacodynamics": null,
    "mechanism-of-action": null,
    "toxicity": null,
    "metabolism": null,
    "absorption": null,
    "half-life": null,
    "protein-binding": null,
    "route-of-elimination": null,
    "volume-of-distribution": null,
    "clearance": null,
    "salts": null,
    "synonyms": {
        "synonym": [
            {
                "language": "english",
                "coder": "",
                "value": "Andropogon citrosus top oil"
            },
            {
                "language": "english",
                "coder": "",
                "value": "Andropogon confertiflorus top oil"
            },
            {
                "language": "english",
                "coder": "",
                "value": "Andropogon grandis top oil"
            },
            {
                "language": "english",
                "coder": "",
                "value": "Andropogon hamulatus top oil"
            },
            {
                "language": "english",
                "coder": "",
                "value": "Andropogon khasianus top oil"
            },
            {
                "language": "english",
                "coder": "",
                "value": "Andropogon nardus top oil"
            },
            {
                "language": "english",
                "coder": "",
                "value": "Andropogon nilagiricus top oil"
            },
            {
                "language": "english",
                "coder": "",
                "value": "Andropogon pseudohirtus top oil"
            },
            {
                "language": "english",
                "coder": "",
                "value": "Andropogon thwaitesii top oil"
            },
            {
                "language": "english",
                "coder": "",
                "value": "Cymbopogon afronardus top oil"
            },
            {
                "language": "english",
                "coder": "",
                "value": "Cymbopogon claessensii top oil"
            },
            {
                "language": "english",
                "coder": "",
                "value": "Cymbopogon confertiflorus top oil"
            },
            {
                "language": "english",
                "coder": "",
                "value": "Cymbopogon nardus oil"
            },
            {
                "language": "english",
                "coder": "",
                "value": "Cymbopogon prolixus top oil"
            },
            {
                "language": "english",
                "coder": "",
                "value": "Cymbopogon thwaitesii top oil"
            },
            {
                "language": "english",
                "coder": "",
                "value": "Cymbopogon validus top oil"
            },
            {
                "language": "english",
                "coder": "",
                "value": "Cymbopogon virgatus top oil"
            },
            {
                "language": "english",
                "coder": "",
                "value": "Sorghum nardus top oil"
            }
        ]
    },
    "products": null,
    "international-brands": null,
    "mixtures": null,
    "packagers": null,
    "manufacturers": null,
    "prices": null,
    "categories": {
        "category": [
            {
                "category": "Biological Products",
                "mesh-id": "D001688"
            },
            {
                "category": "Complex Mixtures",
                "mesh-id": "D045424"
            },
            {
                "category": "Lipids",
                "mesh-id": "D008055"
            },
            {
                "category": "Oils",
                "mesh-id": "D009821"
            },
            {
                "category": "Oils, Volatile",
                "mesh-id": "D009822"
            },
            {
                "category": "Plant Oils",
                "mesh-id": "D010938"
            },
            {
                "category": "Plant Preparations",
                "mesh-id": "D028321"
            }
        ]
    },
    "affected-organisms": null,
    "dosages": {
        "dosage": [
            {
                "form": "Oil",
                "route": "Topical",
                "strength": null
            }
        ]
    },
    "atc-codes": null,
    "ahfs-codes": null,
    "pdb-entries": null,
    "patents": null,
    "food-interactions": null,
    "drug-interactions": null,
    "sequences": null,
    "experimental-properties": null,
    "external-identifiers": {
        "external-identifier": [
            {
                "resource": "Wikipedia",
                "identifier": "Citronella_oil"
            },
            {
                "resource": "RxCUI",
                "identifier": "1309376"
            }
        ]
    },
    "external-links": null,
    "pathways": null,
    "reactions": null,
    "snp-effects": null,
    "snp-adverse-drug-reactions": null,
    "targets": null,
    "enzymes": null,
    "carriers": null,
    "transporters": null
}