{
    "type": "small molecule",
    "created": "2021-01-21",
    "updated": "2021-01-24",
    "drugbank-id": [
        {
            "primary": true,
            "value": "DB16495"
        }
    ],
    "name": "Oleic monoethanolamide",
    "description": null,
    "cas-number": "111-58-0",
    "unii": "1HI5J9N8E6",
    "average-mass": 325.537,
    "monoisotopic-mass": 325.2980795,
    "groups": {
        "group": [
            "investigational"
        ]
    },
    "general-references": {
        "articles": {
            "article": [
                {
                    "ref-id": "A227343",
                    "pubmed-id": "30276145",
                    "citation": "Payahoo L, Khajebishak Y, Asghari Jafarabadi M, Ostadrahimi A: Oleoylethanolamide Supplementation Reduces Inflammation and Oxidative Stress in Obese People: A Clinical Trial. Adv Pharm Bull. 2018 Aug;8(3):479-487. doi: 10.15171/apb.2018.056. Epub 2018 Aug 29."
                },
                {
                    "ref-id": "A227338",
                    "pubmed-id": "30291258",
                    "citation": "Di Paola M, Bonechi E, Provensi G, Costa A, Clarke G, Ballerini C, De Filippo C, Passani MB: Oleoylethanolamide treatment affects gut microbiota composition and the expression of intestinal cytokines in Peyer's patches of mice. Sci Rep. 2018 Oct 5;8(1):14881. doi: 10.1038/s41598-018-32925-x."
                },
                {
                    "ref-id": "A227333",
                    "pubmed-id": "30288203",
                    "citation": "Tsuboi K, Uyama T, Okamoto Y, Ueda N: Endocannabinoids and related N-acylethanolamines: biological activities and metabolism. Inflamm Regen. 2018 Oct 1;38:28. doi: 10.1186/s41232-018-0086-5. eCollection 2018."
                },
                {
                    "ref-id": "A227348",
                    "pubmed-id": "12560208",
                    "citation": "Hofmann U, Domeier E, Frantz S, Laser M, Weckler B, Kuhlencordt P, Heuer S, Keweloh B, Ertl G, Bonz AW: Increased myocardial oxygen consumption by TNF-alpha is mediated by a sphingosine signaling pathway. Am J Physiol Heart Circ Physiol. 2003 Jun;284(6):H2100-5. doi: 10.1152/ajpheart.00888.2002. Epub 2003 Jan 30."
                },
                {
                    "ref-id": "A227328",
                    "pubmed-id": "12056855",
                    "citation": "Lecour S, Smith RM, Woodward B, Opie LH, Rochette L, Sack MN: Identification of a novel role for sphingolipid signaling in TNF alpha and ischemic preconditioning mediated cardioprotection. J Mol Cell Cardiol. 2002 May;34(5):509-18. doi: 10.1006/jmcc.2002.1533."
                }
            ]
        },
        "textbooks": null,
        "links": null,
        "attachments": null
    },
    "synthesis-reference": null,
    "indication": null,
    "pharmacodynamics": null,
    "mechanism-of-action": "Oleoylethanolamide (OEA) is a major N-acylethanolamine and an endogenous ethanolamide fatty acid. Although it is an endocannabinoids-like compound, it does not bind to cannabinoid receptors. Instead, this lipid sensor is an agonist at peroxisome proliferator-activated receptor-α (PPAR-α) agonist while also being an inhibitor of ceramidase and thereby the sphingolipid signaling pathway.",
    "toxicity": null,
    "metabolism": null,
    "absorption": null,
    "half-life": null,
    "protein-binding": null,
    "route-of-elimination": null,
    "volume-of-distribution": null,
    "clearance": null,
    "salts": null,
    "synonyms": {
        "synonym": [
            {
                "language": "english",
                "coder": "",
                "value": "N-(2-Hydroxyethyl)oleamide"
            },
            {
                "language": "english",
                "coder": "",
                "value": "N-OEA"
            },
            {
                "language": "english",
                "coder": "",
                "value": "N-oleoyl ethanolamine"
            },
            {
                "language": "english",
                "coder": "",
                "value": "N-oleoylethanolamine"
            },
            {
                "language": "english",
                "coder": "",
                "value": "OEA"
            },
            {
                "language": "english",
                "coder": "",
                "value": "Oleamide MEA"
            },
            {
                "language": "english",
                "coder": "",
                "value": "Oleoyl Ethanolamide"
            },
            {
                "language": "english",
                "coder": "",
                "value": "Oleoyl monoethanolamide"
            },
            {
                "language": "english",
                "coder": "",
                "value": "Oleoylethanolamide"
            },
            {
                "language": "english",
                "coder": "",
                "value": "Oleylethanolamide"
            }
        ]
    },
    "products": null,
    "international-brands": null,
    "mixtures": null,
    "packagers": null,
    "manufacturers": null,
    "prices": null,
    "categories": {
        "category": [
            {
                "category": "Alcohols",
                "mesh-id": "D000438"
            },
            {
                "category": "Amines",
                "mesh-id": "D000588"
            },
            {
                "category": "Amino Alcohols",
                "mesh-id": "D000605"
            },
            {
                "category": "Cannabinoid Receptor Agonists",
                "mesh-id": "D063386"
            },
            {
                "category": "Cannabinoids and similars",
                "mesh-id": "D063385"
            },
            {
                "category": "Experimental Unapproved Treatments for COVID-19",
                "mesh-id": null
            },
            {
                "category": "Fatty Acids",
                "mesh-id": "D005227"
            },
            {
                "category": "Fatty Acids, Monounsaturated",
                "mesh-id": "D005229"
            },
            {
                "category": "Fatty Acids, Unsaturated",
                "mesh-id": "D005231"
            },
            {
                "category": "Hormones",
                "mesh-id": "D006728"
            },
            {
                "category": "Hormones, Hormone Substitutes, and Hormone Antagonists",
                "mesh-id": "D006730"
            },
            {
                "category": "Lipids",
                "mesh-id": "D008055"
            },
            {
                "category": "Neurotransmitter Agents",
                "mesh-id": "D018377"
            }
        ]
    },
    "affected-organisms": null,
    "dosages": null,
    "atc-codes": null,
    "ahfs-codes": null,
    "pdb-entries": {
        "pdb-entry": [
            "7v7w"
        ]
    },
    "patents": null,
    "food-interactions": null,
    "drug-interactions": null,
    "calculated-properties": {
        "property": [
            {
                "kind": "logP",
                "value": "5.51",
                "source": "ChemAxon"
            },
            {
                "kind": "IUPAC Name",
                "value": "(9Z)-N-(2-hydroxyethyl)octadec-9-enamide",
                "source": "ChemAxon"
            },
            {
                "kind": "Traditional IUPAC Name",
                "value": "N-demethyldiltiazem",
                "source": "ChemAxon"
            },
            {
                "kind": "Molecular Weight",
                "value": "325.537",
                "source": "ChemAxon"
            },
            {
                "kind": "Monoisotopic Weight",
                "value": "325.2980795",
                "source": "ChemAxon"
            },
            {
                "kind": "SMILES",
                "value": "CCCCCCCC\\C=C/CCCCCCCC(=O)NCCO",
                "source": "ChemAxon"
            },
            {
                "kind": "Molecular Formula",
                "value": "C20H39NO2",
                "source": "ChemAxon"
            },
            {
                "kind": "InChI",
                "value": "InChI=1S/C20H39NO2/c1-2-3-4-5-6-7-8-9-10-11-12-13-14-15-16-17-20(23)21-18-19-22/h9-10,22H,2-8,11-19H2,1H3,(H,21,23)/b10-9-",
                "source": "ChemAxon"
            },
            {
                "kind": "InChIKey",
                "value": "BOWVQLFMWHZBEF-KTKRTIGZSA-N",
                "source": "ChemAxon"
            },
            {
                "kind": "Polar Surface Area (PSA)",
                "value": "49.33",
                "source": "ChemAxon"
            },
            {
                "kind": "Refractivity",
                "value": "100.41",
                "source": "ChemAxon"
            },
            {
                "kind": "Polarizability",
                "value": "42.64",
                "source": "ChemAxon"
            },
            {
                "kind": "Rotatable Bond Count",
                "value": "17",
                "source": "ChemAxon"
            },
            {
                "kind": "H Bond Acceptor Count",
                "value": "2",
                "source": "ChemAxon"
            },
            {
                "kind": "H Bond Donor Count",
                "value": "2",
                "source": "ChemAxon"
            },
            {
                "kind": "pKa (strongest acidic)",
                "value": "15.47",
                "source": "ChemAxon"
            },
            {
                "kind": "pKa (strongest basic)",
                "value": "-1.3",
                "source": "ChemAxon"
            },
            {
                "kind": "Physiological Charge",
                "value": "0",
                "source": "ChemAxon"
            },
            {
                "kind": "Number of Rings",
                "value": "0",
                "source": "ChemAxon"
            },
            {
                "kind": "Bioavailability",
                "value": "0",
                "source": "ChemAxon"
            },
            {
                "kind": "Rule of Five",
                "value": "0",
                "source": "ChemAxon"
            },
            {
                "kind": "Ghose Filter",
                "value": "1",
                "source": "ChemAxon"
            },
            {
                "kind": "MDDR-Like Rule",
                "value": "0",
                "source": "ChemAxon"
            }
        ]
    },
    "experimental-properties": null,
    "external-identifiers": {
        "external-identifier": [
            {
                "resource": "ChEBI",
                "identifier": "71466"
            },
            {
                "resource": "ChemSpider",
                "identifier": "4446574"
            },
            {
                "resource": "BindingDB",
                "identifier": "29080"
            },
            {
                "resource": "PDB",
                "identifier": "5YM"
            },
            {
                "resource": "ChEMBL",
                "identifier": "CHEMBL280065"
            },
            {
                "resource": "ZINC",
                "identifier": "ZINC000008034993"
            }
        ]
    },
    "external-links": null,
    "pathways": null,
    "reactions": null,
    "snp-effects": null,
    "snp-adverse-drug-reactions": null,
    "targets": null,
    "enzymes": null,
    "carriers": null,
    "transporters": null
}