{
    "type": "biotech",
    "created": "2021-01-21",
    "updated": "2021-09-15",
    "drugbank-id": [
        {
            "primary": true,
            "value": "DB16479"
        }
    ],
    "name": "Inbakicept",
    "description": null,
    "cas-number": "2135939-52-3",
    "unii": "QN4LI58PJ5",
    "state": "liquid",
    "groups": {
        "group": [
            "investigational"
        ]
    },
    "general-references": {
        "articles": {
            "article": [
                {
                    "ref-id": "A227305",
                    "pubmed-id": "32163523",
                    "citation": "Webb GM, Molden J, Busman-Sahay K, Abdulhaqq S, Wu HL, Weber WC, Bateman KB, Reed JS, Northrup M, Maier N, Tanaka S, Gao L, Davey B, Carpenter BL, Axthelm MK, Stanton JJ, Smedley J, Greene JM, Safrit JT, Estes JD, Skinner PJ, Sacha JB: The human IL-15 superagonist N-803 promotes migration of virus-specific CD8+ T and NK cells to B cell follicles but does not reverse latency in ART-suppressed, SHIV-infected macaques. PLoS Pathog. 2020 Mar 12;16(3):e1008339. doi: 10.1371/journal.ppat.1008339. eCollection 2020 Mar."
                },
                {
                    "ref-id": "A227310",
                    "pubmed-id": "31969705",
                    "citation": "McBrien JB, Mavigner M, Franchitti L, Smith SA, White E, Tharp GK, Walum H, Busman-Sahay K, Aguilera-Sandoval CR, Thayer WO, Spagnuolo RA, Kovarova M, Wahl A, Cervasi B, Margolis DM, Vanderford TH, Carnathan DG, Paiardini M, Lifson JD, Lee JH, Safrit JT, Bosinger SE, Estes JD, Derdeyn CA, Garcia JV, Kulpa DA, Chahroudi A, Silvestri G: Robust and persistent reactivation of SIV and HIV by N-803 and depletion of CD8(+) cells. Nature. 2020 Feb;578(7793):154-159. doi: 10.1038/s41586-020-1946-0. Epub 2020 Jan 22."
                }
            ]
        },
        "textbooks": null,
        "links": null,
        "attachments": null
    },
    "synthesis-reference": null,
    "indication": null,
    "pharmacodynamics": null,
    "mechanism-of-action": "Inbakicept is a human IL-15 superagonist with immunostimulatory properties. Though a promising anti-cancer biologic, the drug is also being investigated as an HIV cure. It has the ability to reactivate latent virus, and has the potential to enhance anti-viral immune repsonses in these chronic infections.",
    "toxicity": null,
    "metabolism": null,
    "absorption": null,
    "half-life": null,
    "protein-binding": null,
    "route-of-elimination": null,
    "volume-of-distribution": null,
    "clearance": null,
    "salts": null,
    "synonyms": {
        "synonym": [
            {
                "language": "english",
                "coder": "inn/usan",
                "value": "Inbakicept"
            }
        ]
    },
    "products": null,
    "international-brands": null,
    "mixtures": null,
    "packagers": null,
    "manufacturers": null,
    "prices": null,
    "categories": {
        "category": [
            {
                "category": "Amino Acids, Peptides, and Proteins",
                "mesh-id": "D000602"
            },
            {
                "category": "Antineoplastic Agents",
                "mesh-id": "D000970"
            },
            {
                "category": "Experimental Unapproved Treatments for COVID-19",
                "mesh-id": null
            },
            {
                "category": "Interleukin-15",
                "mesh-id": "D019409"
            },
            {
                "category": "Proteins",
                "mesh-id": "D011506"
            },
            {
                "category": "Receptors, Interleukin-15",
                "mesh-id": "D053647"
            },
            {
                "category": "Recombinant Proteins",
                "mesh-id": "D011994"
            }
        ]
    },
    "affected-organisms": null,
    "dosages": null,
    "atc-codes": null,
    "ahfs-codes": null,
    "pdb-entries": null,
    "patents": null,
    "food-interactions": null,
    "drug-interactions": {
        "drug-interaction": [
            {
                "drugbank-id": {
                    "primary": false,
                    "value": "DB00012"
                },
                "name": "Darbepoetin alfa",
                "description": "The risk or severity of Thrombosis can be increased when Darbepoetin alfa is combined with Inbakicept."
            },
            {
                "drugbank-id": {
                    "primary": false,
                    "value": "DB00016"
                },
                "name": "Erythropoietin",
                "description": "The risk or severity of Thrombosis can be increased when Erythropoietin is combined with Inbakicept."
            },
            {
                "drugbank-id": {
                    "primary": false,
                    "value": "DB08894"
                },
                "name": "Peginesatide",
                "description": "The risk or severity of Thrombosis can be increased when Peginesatide is combined with Inbakicept."
            },
            {
                "drugbank-id": {
                    "primary": false,
                    "value": "DB09107"
                },
                "name": "Methoxy polyethylene glycol-epoetin beta",
                "description": "The risk or severity of Thrombosis can be increased when Methoxy polyethylene glycol-epoetin beta is combined with Inbakicept."
            },
            {
                "drugbank-id": {
                    "primary": false,
                    "value": "DB00281"
                },
                "name": "Lidocaine",
                "description": "The risk or severity of methemoglobinemia can be increased when Inbakicept is combined with Lidocaine."
            },
            {
                "drugbank-id": {
                    "primary": false,
                    "value": "DB00296"
                },
                "name": "Ropivacaine",
                "description": "The risk or severity of methemoglobinemia can be increased when Inbakicept is combined with Ropivacaine."
            },
            {
                "drugbank-id": {
                    "primary": false,
                    "value": "DB00297"
                },
                "name": "Bupivacaine",
                "description": "The risk or severity of methemoglobinemia can be increased when Inbakicept is combined with Bupivacaine."
            },
            {
                "drugbank-id": {
                    "primary": false,
                    "value": "DB00527"
                },
                "name": "Cinchocaine",
                "description": "The risk or severity of methemoglobinemia can be increased when Inbakicept is combined with Cinchocaine."
            },
            {
                "drugbank-id": {
                    "primary": false,
                    "value": "DB00645"
                },
                "name": "Dyclonine",
                "description": "The risk or severity of methemoglobinemia can be increased when Inbakicept is combined with Dyclonine."
            },
            {
                "drugbank-id": {
                    "primary": false,
                    "value": "DB00721"
                },
                "name": "Procaine",
                "description": "The risk or severity of methemoglobinemia can be increased when Inbakicept is combined with Procaine."
            },
            {
                "drugbank-id": {
                    "primary": false,
                    "value": "DB00750"
                },
                "name": "Prilocaine",
                "description": "The risk or severity of methemoglobinemia can be increased when Inbakicept is combined with Prilocaine."
            },
            {
                "drugbank-id": {
                    "primary": false,
                    "value": "DB00807"
                },
                "name": "Proparacaine",
                "description": "The risk or severity of methemoglobinemia can be increased when Inbakicept is combined with Proparacaine."
            },
            {
                "drugbank-id": {
                    "primary": false,
                    "value": "DB00814"
                },
                "name": "Meloxicam",
                "description": "The risk or severity of methemoglobinemia can be increased when Inbakicept is combined with Meloxicam."
            },
            {
                "drugbank-id": {
                    "primary": false,
                    "value": "DB00892"
                },
                "name": "Oxybuprocaine",
                "description": "The risk or severity of methemoglobinemia can be increased when Inbakicept is combined with Oxybuprocaine."
            },
            {
                "drugbank-id": {
                    "primary": false,
                    "value": "DB00907"
                },
                "name": "Cocaine",
                "description": "The risk or severity of methemoglobinemia can be increased when Inbakicept is combined with Cocaine."
            },
            {
                "drugbank-id": {
                    "primary": false,
                    "value": "DB00961"
                },
                "name": "Mepivacaine",
                "description": "The risk or severity of methemoglobinemia can be increased when Inbakicept is combined with Mepivacaine."
            },
            {
                "drugbank-id": {
                    "primary": false,
                    "value": "DB01002"
                },
                "name": "Levobupivacaine",
                "description": "The risk or severity of methemoglobinemia can be increased when Inbakicept is combined with Levobupivacaine."
            },
            {
                "drugbank-id": {
                    "primary": false,
                    "value": "DB01075"
                },
                "name": "Diphenhydramine",
                "description": "The risk or severity of methemoglobinemia can be increased when Inbakicept is combined with Diphenhydramine."
            },
            {
                "drugbank-id": {
                    "primary": false,
                    "value": "DB01086"
                },
                "name": "Benzocaine",
                "description": "The risk or severity of methemoglobinemia can be increased when Inbakicept is combined with Benzocaine."
            },
            {
                "drugbank-id": {
                    "primary": false,
                    "value": "DB01161"
                },
                "name": "Chloroprocaine",
                "description": "The risk or severity of methemoglobinemia can be increased when Inbakicept is combined with Chloroprocaine."
            },
            {
                "drugbank-id": {
                    "primary": false,
                    "value": "DB03255"
                },
                "name": "Phenol",
                "description": "The risk or severity of methemoglobinemia can be increased when Inbakicept is combined with Phenol."
            },
            {
                "drugbank-id": {
                    "primary": false,
                    "value": "DB05232"
                },
                "name": "Tetrodotoxin",
                "description": "The risk or severity of methemoglobinemia can be increased when Inbakicept is combined with Tetrodotoxin."
            },
            {
                "drugbank-id": {
                    "primary": false,
                    "value": "DB06770"
                },
                "name": "Benzyl alcohol",
                "description": "The risk or severity of methemoglobinemia can be increased when Inbakicept is combined with Benzyl alcohol."
            },
            {
                "drugbank-id": {
                    "primary": false,
                    "value": "DB06774"
                },
                "name": "Capsaicin",
                "description": "The risk or severity of methemoglobinemia can be increased when Inbakicept is combined with Capsaicin."
            },
            {
                "drugbank-id": {
                    "primary": false,
                    "value": "DB08987"
                },
                "name": "Etidocaine",
                "description": "The risk or severity of methemoglobinemia can be increased when Inbakicept is combined with Etidocaine."
            },
            {
                "drugbank-id": {
                    "primary": false,
                    "value": "DB09009"
                },
                "name": "Articaine",
                "description": "The risk or severity of methemoglobinemia can be increased when Inbakicept is combined with Articaine."
            },
            {
                "drugbank-id": {
                    "primary": false,
                    "value": "DB09085"
                },
                "name": "Tetracaine",
                "description": "The risk or severity of methemoglobinemia can be increased when Inbakicept is combined with Tetracaine."
            },
            {
                "drugbank-id": {
                    "primary": false,
                    "value": "DB09342"
                },
                "name": "Propoxycaine",
                "description": "The risk or severity of methemoglobinemia can be increased when Inbakicept is combined with Propoxycaine."
            },
            {
                "drugbank-id": {
                    "primary": false,
                    "value": "DB09345"
                },
                "name": "Pramocaine",
                "description": "The risk or severity of methemoglobinemia can be increased when Inbakicept is combined with Pramocaine."
            },
            {
                "drugbank-id": {
                    "primary": false,
                    "value": "DB11148"
                },
                "name": "Butamben",
                "description": "The risk or severity of methemoglobinemia can be increased when Inbakicept is combined with Butamben."
            },
            {
                "drugbank-id": {
                    "primary": false,
                    "value": "DB11502"
                },
                "name": "Butacaine",
                "description": "The risk or severity of methemoglobinemia can be increased when Inbakicept is combined with Butacaine."
            },
            {
                "drugbank-id": {
                    "primary": false,
                    "value": "DB12532"
                },
                "name": "Oxetacaine",
                "description": "The risk or severity of methemoglobinemia can be increased when Inbakicept is combined with Oxetacaine."
            },
            {
                "drugbank-id": {
                    "primary": false,
                    "value": "DB13259"
                },
                "name": "Ethyl chloride",
                "description": "The risk or severity of methemoglobinemia can be increased when Inbakicept is combined with Ethyl chloride."
            },
            {
                "drugbank-id": {
                    "primary": false,
                    "value": "DB13328"
                },
                "name": "Butanilicaine",
                "description": "The risk or severity of methemoglobinemia can be increased when Inbakicept is combined with Butanilicaine."
            },
            {
                "drugbank-id": {
                    "primary": false,
                    "value": "DB13578"
                },
                "name": "Metabutethamine",
                "description": "The risk or severity of methemoglobinemia can be increased when Inbakicept is combined with Metabutethamine."
            },
            {
                "drugbank-id": {
                    "primary": false,
                    "value": "DB13683"
                },
                "name": "Quinisocaine",
                "description": "The risk or severity of methemoglobinemia can be increased when Inbakicept is combined with Quinisocaine."
            }
        ]
    },
    "sequences": null,
    "experimental-properties": {
        "property": [
            {
                "kind": "Molecular Formula",
                "value": "C2980H4624N800O894S28",
                "source": null
            }
        ]
    },
    "external-identifiers": null,
    "external-links": null,
    "pathways": null,
    "reactions": null,
    "snp-effects": null,
    "snp-adverse-drug-reactions": null,
    "targets": null,
    "enzymes": null,
    "carriers": null,
    "transporters": null
}