{
    "type": "small molecule",
    "created": "2020-12-15",
    "updated": "2021-02-21",
    "drugbank-id": [
        {
            "primary": true,
            "value": "DB16274"
        }
    ],
    "name": "Osoresnontrine",
    "description": "Osoresnontrine is under investigation in clinical trial NCT02281773 (A Study to Investigate the Efficacy, Safety and Tolerability of Four Different Doses of BI 409306 Compared to Placebo Given for 12 Weeks in Patients With Schizophrenia on Stable Antipsychotic Treatment.).",
    "cas-number": "1189767-28-9",
    "unii": "O9OC34WOAY",
    "average-mass": 311.345,
    "monoisotopic-mass": 311.138224807,
    "groups": {
        "group": [
            "investigational"
        ]
    },
    "general-references": {
        "articles": null,
        "textbooks": null,
        "links": null,
        "attachments": null
    },
    "synthesis-reference": null,
    "indication": null,
    "pharmacodynamics": null,
    "mechanism-of-action": null,
    "toxicity": null,
    "metabolism": null,
    "absorption": null,
    "half-life": null,
    "protein-binding": null,
    "route-of-elimination": null,
    "volume-of-distribution": null,
    "clearance": null,
    "salts": null,
    "synonyms": {
        "synonym": [
            {
                "language": "english",
                "coder": "inn",
                "value": "Osoresnontrine"
            }
        ]
    },
    "products": null,
    "international-brands": null,
    "mixtures": null,
    "packagers": null,
    "manufacturers": null,
    "prices": null,
    "categories": {
        "category": [
            {
                "category": "Enzyme Inhibitors",
                "mesh-id": "D004791"
            },
            {
                "category": "Phosphodiesterase Inhibitors",
                "mesh-id": "D010726"
            }
        ]
    },
    "affected-organisms": null,
    "dosages": null,
    "atc-codes": null,
    "ahfs-codes": null,
    "pdb-entries": null,
    "patents": null,
    "food-interactions": null,
    "drug-interactions": null,
    "calculated-properties": {
        "property": [
            {
                "kind": "logP",
                "value": "0.88",
                "source": "ALOGPS"
            },
            {
                "kind": "logS",
                "value": "-2.8",
                "source": "ALOGPS"
            },
            {
                "kind": "Water Solubility",
                "value": "4.81e-01 g/l",
                "source": "ALOGPS"
            },
            {
                "kind": "logP",
                "value": "0.25",
                "source": "ChemAxon"
            },
            {
                "kind": "IUPAC Name",
                "value": "1-(oxan-4-yl)-6-[(pyridin-2-yl)methyl]-1H,4H,5H-pyrazolo[3,4-d]pyrimidin-4-one",
                "source": "ChemAxon"
            },
            {
                "kind": "Traditional IUPAC Name",
                "value": "5-({4-[2-(3-methoxyphenyl)-2-oxoethoxy]phenyl}methyl)-1,3-thiazolidine-2,4-dione",
                "source": "ChemAxon"
            },
            {
                "kind": "Molecular Weight",
                "value": "311.345",
                "source": "ChemAxon"
            },
            {
                "kind": "Monoisotopic Weight",
                "value": "311.138224807",
                "source": "ChemAxon"
            },
            {
                "kind": "SMILES",
                "value": "O=C1NC(CC2=NC=CC=C2)=NC2=C1C=NN2C1CCOCC1",
                "source": "ChemAxon"
            },
            {
                "kind": "Molecular Formula",
                "value": "C16H17N5O2",
                "source": "ChemAxon"
            },
            {
                "kind": "InChI",
                "value": "InChI=1S/C16H17N5O2/c22-16-13-10-18-21(12-4-7-23-8-5-12)15(13)19-14(20-16)9-11-3-1-2-6-17-11/h1-3,6,10,12H,4-5,7-9H2,(H,19,20,22)",
                "source": "ChemAxon"
            },
            {
                "kind": "InChIKey",
                "value": "BZTIJCSHNVZMES-UHFFFAOYSA-N",
                "source": "ChemAxon"
            },
            {
                "kind": "Polar Surface Area (PSA)",
                "value": "81.4",
                "source": "ChemAxon"
            },
            {
                "kind": "Refractivity",
                "value": "96.22",
                "source": "ChemAxon"
            },
            {
                "kind": "Polarizability",
                "value": "32.09",
                "source": "ChemAxon"
            },
            {
                "kind": "Rotatable Bond Count",
                "value": "3",
                "source": "ChemAxon"
            },
            {
                "kind": "H Bond Acceptor Count",
                "value": "5",
                "source": "ChemAxon"
            },
            {
                "kind": "H Bond Donor Count",
                "value": "1",
                "source": "ChemAxon"
            },
            {
                "kind": "pKa (strongest acidic)",
                "value": "9.13",
                "source": "ChemAxon"
            },
            {
                "kind": "pKa (strongest basic)",
                "value": "3.38",
                "source": "ChemAxon"
            },
            {
                "kind": "Physiological Charge",
                "value": "0",
                "source": "ChemAxon"
            },
            {
                "kind": "Number of Rings",
                "value": "4",
                "source": "ChemAxon"
            },
            {
                "kind": "Bioavailability",
                "value": "1",
                "source": "ChemAxon"
            },
            {
                "kind": "Rule of Five",
                "value": "1",
                "source": "ChemAxon"
            },
            {
                "kind": "Ghose Filter",
                "value": "1",
                "source": "ChemAxon"
            },
            {
                "kind": "MDDR-Like Rule",
                "value": "0",
                "source": "ChemAxon"
            }
        ]
    },
    "experimental-properties": null,
    "external-identifiers": {
        "external-identifier": [
            {
                "resource": "ChemSpider",
                "identifier": "72379978"
            },
            {
                "resource": "BindingDB",
                "identifier": "50457396"
            },
            {
                "resource": "ChEMBL",
                "identifier": "CHEMBL4206492"
            }
        ]
    },
    "external-links": null,
    "pathways": null,
    "reactions": null,
    "snp-effects": null,
    "snp-adverse-drug-reactions": null,
    "targets": null,
    "enzymes": null,
    "carriers": null,
    "transporters": null
}