{
    "type": "small molecule",
    "created": "2020-12-15",
    "updated": "2020-12-20",
    "drugbank-id": [
        {
            "primary": true,
            "value": "DB16301"
        }
    ],
    "name": "Preimplantation factor",
    "description": "Preimplantation factor is under investigation in clinical trial NCT03593460 (Phase II Autoimmune Hepatitis).",
    "cas-number": "485818-40-4",
    "unii": "3K6A6FJ98O",
    "average-mass": 1614.84,
    "monoisotopic-mass": 1613.819540221,
    "groups": {
        "group": [
            "investigational"
        ]
    },
    "general-references": {
        "articles": null,
        "textbooks": null,
        "links": null,
        "attachments": null
    },
    "synthesis-reference": null,
    "indication": null,
    "pharmacodynamics": null,
    "mechanism-of-action": null,
    "toxicity": null,
    "metabolism": null,
    "absorption": null,
    "half-life": null,
    "protein-binding": null,
    "route-of-elimination": null,
    "volume-of-distribution": null,
    "clearance": null,
    "salts": null,
    "synonyms": {
        "synonym": [
            {
                "language": "english",
                "coder": "",
                "value": "Synthetic PreImplantation Factor"
            }
        ]
    },
    "products": null,
    "international-brands": null,
    "mixtures": null,
    "packagers": null,
    "manufacturers": null,
    "prices": null,
    "categories": {
        "category": [
            {
                "category": "Amino Acids, Peptides, and Proteins",
                "mesh-id": "D000602"
            }
        ]
    },
    "affected-organisms": null,
    "dosages": null,
    "atc-codes": null,
    "ahfs-codes": null,
    "pdb-entries": null,
    "patents": null,
    "food-interactions": null,
    "drug-interactions": null,
    "calculated-properties": {
        "property": [
            {
                "kind": "logP",
                "value": "-3",
                "source": "ALOGPS"
            },
            {
                "kind": "logS",
                "value": "-4.3",
                "source": "ALOGPS"
            },
            {
                "kind": "Water Solubility",
                "value": "8.56e-02 g/l",
                "source": "ALOGPS"
            },
            {
                "kind": "logP",
                "value": "-18",
                "source": "ChemAxon"
            },
            {
                "kind": "IUPAC Name",
                "value": "(2S)-2-[(2S)-2-[(2S)-2-{[(2S)-1-[(2S)-6-amino-2-[(2S)-2-[(2S)-2-[(2S)-2-(2-{[(2S)-1-[(2S)-6-amino-2-[(2S,3S)-2-[(2S)-2-[(2S)-2-[(2S)-2-amino-4-(methylsulfanyl)butanamido]-3-methylbutanamido]-5-carbamimidamidopentanamido]-3-methylpentanamido]hexanoyl]pyrrolidin-2-yl]formamido}acetamido)-3-hydroxypropanamido]propanamido]-3-carbamoylpropanamido]hexanoyl]pyrrolidin-2-yl]formamido}-3-hydroxypropanamido]-3-carboxypropanamido]butanedioic acid",
                "source": "ChemAxon"
            },
            {
                "kind": "Traditional IUPAC Name",
                "value": "2-methoxy-4-[(1E)-3-[4-(nitrooxy)butoxy]-3-oxoprop-1-en-1-yl]phenyl (4R)-4-[(1R,3aS,3bR,4S,5aS,7R,9aS,9bS,11aR)-4,7-dihydroxy-9a,11a-dimethyl-tetradecahydro-1H-cyclopenta[a]phenanthren-1-yl]pentanoate",
                "source": "ChemAxon"
            },
            {
                "kind": "Molecular Weight",
                "value": "1614.84",
                "source": "ChemAxon"
            },
            {
                "kind": "Monoisotopic Weight",
                "value": "1613.819540221",
                "source": "ChemAxon"
            },
            {
                "kind": "SMILES",
                "value": "CC[C@H](C)[C@H](NC(=O)[C@H](CCCNC(N)=N)NC(=O)[C@@H](NC(=O)[C@@H](N)CCSC)C(C)C)C(=O)N[C@@H](CCCCN)C(=O)N1CCC[C@H]1C(=O)NCC(=O)N[C@@H](CO)C(=O)N[C@@H](C)C(=O)N[C@@H](CC(N)=O)C(=O)N[C@@H](CCCCN)C(=O)N1CCC[C@H]1C(=O)N[C@@H](CO)C(=O)N[C@@H](CC(O)=O)C(=O)N[C@@H](CC(O)=O)C(O)=O",
                "source": "ChemAxon"
            },
            {
                "kind": "Molecular Formula",
                "value": "C67H115N21O23S",
                "source": "ChemAxon"
            },
            {
                "kind": "InChI",
                "value": "InChI=1S/C67H115N21O23S/c1-7-34(4)52(86-55(99)37(17-12-23-74-67(72)73)78-62(106)51(33(2)3)85-54(98)36(70)20-26-112-6)63(107)80-39(16-9-11-22-69)65(109)87-24-13-18-45(87)60(104)75-30-48(92)77-43(31-89)58(102)76-35(5)53(97)81-40(27-47(71)91)56(100)79-38(15-8-10-21-68)64(108)88-25-14-19-46(88)61(105)84-44(32-90)59(103)82-41(28-49(93)94)57(101)83-42(66(110)111)29-50(95)96/h33-46,51-52,89-90H,7-32,68-70H2,1-6H3,(H2,71,91)(H,75,104)(H,76,102)(H,77,92)(H,78,106)(H,79,100)(H,80,107)(H,81,97)(H,82,103)(H,83,101)(H,84,105)(H,85,98)(H,86,99)(H,93,94)(H,95,96)(H,110,111)(H4,72,73,74)/t34-,35-,36-,37-,38-,39-,40-,41-,42-,43-,44-,45-,46-,51-,52-/m0/s1",
                "source": "ChemAxon"
            },
            {
                "kind": "InChIKey",
                "value": "GLXYOFXNKBTMQL-YKCHQESGSA-N",
                "source": "ChemAxon"
            },
            {
                "kind": "Polar Surface Area (PSA)",
                "value": "725.23",
                "source": "ChemAxon"
            },
            {
                "kind": "Refractivity",
                "value": "404.29",
                "source": "ChemAxon"
            },
            {
                "kind": "Polarizability",
                "value": "164.02",
                "source": "ChemAxon"
            },
            {
                "kind": "Rotatable Bond Count",
                "value": "53",
                "source": "ChemAxon"
            },
            {
                "kind": "H Bond Acceptor Count",
                "value": "29",
                "source": "ChemAxon"
            },
            {
                "kind": "H Bond Donor Count",
                "value": "24",
                "source": "ChemAxon"
            },
            {
                "kind": "pKa (strongest acidic)",
                "value": "-1",
                "source": "ChemAxon"
            },
            {
                "kind": "pKa (strongest basic)",
                "value": "11.88",
                "source": "ChemAxon"
            },
            {
                "kind": "Physiological Charge",
                "value": "1",
                "source": "ChemAxon"
            },
            {
                "kind": "Number of Rings",
                "value": "2",
                "source": "ChemAxon"
            },
            {
                "kind": "Bioavailability",
                "value": "0",
                "source": "ChemAxon"
            },
            {
                "kind": "Rule of Five",
                "value": "0",
                "source": "ChemAxon"
            },
            {
                "kind": "Ghose Filter",
                "value": "0",
                "source": "ChemAxon"
            },
            {
                "kind": "MDDR-Like Rule",
                "value": "0",
                "source": "ChemAxon"
            }
        ]
    },
    "experimental-properties": null,
    "external-identifiers": {
        "external-identifier": [
            {
                "resource": "ChemSpider",
                "identifier": "81367646"
            },
            {
                "resource": "Wikipedia",
                "identifier": "Preimplantation_factor"
            }
        ]
    },
    "external-links": null,
    "pathways": null,
    "reactions": null,
    "snp-effects": null,
    "snp-adverse-drug-reactions": null,
    "targets": null,
    "enzymes": null,
    "carriers": null,
    "transporters": null
}