{
    "type": "small molecule",
    "created": "2020-12-15",
    "updated": "2021-02-21",
    "drugbank-id": [
        {
            "primary": true,
            "value": "DB16237"
        }
    ],
    "name": "Modipafant",
    "description": "Modipafant is under investigation in clinical trial NCT02569827 (Celgosivir or Modipafant as Treatment for Adult Participants With Uncomplicated Dengue Fever in Singapore).",
    "cas-number": "122957-06-6",
    "unii": "1DMI0E5023",
    "average-mass": 605.1,
    "monoisotopic-mass": 604.1989665,
    "groups": {
        "group": [
            "investigational"
        ]
    },
    "general-references": {
        "articles": null,
        "textbooks": null,
        "links": null,
        "attachments": null
    },
    "synthesis-reference": null,
    "indication": null,
    "pharmacodynamics": null,
    "mechanism-of-action": null,
    "toxicity": null,
    "metabolism": null,
    "absorption": null,
    "half-life": null,
    "protein-binding": null,
    "route-of-elimination": null,
    "volume-of-distribution": null,
    "clearance": null,
    "salts": null,
    "synonyms": {
        "synonym": [
            {
                "language": "english",
                "coder": "inn",
                "value": "Modipafant"
            }
        ]
    },
    "products": null,
    "international-brands": null,
    "mixtures": null,
    "packagers": null,
    "manufacturers": null,
    "prices": null,
    "categories": {
        "category": [
            {
                "category": "Pyridines",
                "mesh-id": "D011725"
            }
        ]
    },
    "affected-organisms": null,
    "dosages": null,
    "atc-codes": null,
    "ahfs-codes": null,
    "pdb-entries": null,
    "patents": null,
    "food-interactions": null,
    "drug-interactions": null,
    "calculated-properties": {
        "property": [
            {
                "kind": "logP",
                "value": "5.83",
                "source": "ALOGPS"
            },
            {
                "kind": "logS",
                "value": "-5.6",
                "source": "ALOGPS"
            },
            {
                "kind": "Water Solubility",
                "value": "1.63e-03 g/l",
                "source": "ALOGPS"
            },
            {
                "kind": "logP",
                "value": "4.71",
                "source": "ChemAxon"
            },
            {
                "kind": "IUPAC Name",
                "value": "ethyl (4R)-4-(2-chlorophenyl)-6-methyl-2-(4-{2-methyl-1H-imidazo[4,5-c]pyridin-1-yl}phenyl)-5-[(pyridin-2-yl)carbamoyl]-1,4-dihydropyridine-3-carboxylate",
                "source": "ChemAxon"
            },
            {
                "kind": "Traditional IUPAC Name",
                "value": "2-methoxy-4-[(1E)-3-[4-(nitrooxy)butoxy]-3-oxoprop-1-en-1-yl]phenyl (4R)-4-[(1R,3aS,3bR,4S,5aS,7R,9aS,9bS,11aR)-4,7-dihydroxy-9a,11a-dimethyl-tetradecahydro-1H-cyclopenta[a]phenanthren-1-yl]pentanoate",
                "source": "ChemAxon"
            },
            {
                "kind": "Molecular Weight",
                "value": "605.1",
                "source": "ChemAxon"
            },
            {
                "kind": "Monoisotopic Weight",
                "value": "604.1989665",
                "source": "ChemAxon"
            },
            {
                "kind": "SMILES",
                "value": "CCOC(=O)C1=C(NC(C)=C([C@H]1C1=CC=CC=C1Cl)C(=O)NC1=NC=CC=C1)C1=CC=C(C=C1)N1C(C)=NC2=C1C=CN=C2",
                "source": "ChemAxon"
            },
            {
                "kind": "Molecular Formula",
                "value": "C34H29ClN6O3",
                "source": "ChemAxon"
            },
            {
                "kind": "InChI",
                "value": "InChI=1S/C34H29ClN6O3/c1-4-44-34(43)31-30(24-9-5-6-10-25(24)35)29(33(42)40-28-11-7-8-17-37-28)20(2)38-32(31)22-12-14-23(15-13-22)41-21(3)39-26-19-36-18-16-27(26)41/h5-19,30,38H,4H2,1-3H3,(H,37,40,42)/t30-/m1/s1",
                "source": "ChemAxon"
            },
            {
                "kind": "InChIKey",
                "value": "ODRYSCQFUGFOSU-SSEXGKCCSA-N",
                "source": "ChemAxon"
            },
            {
                "kind": "Polar Surface Area (PSA)",
                "value": "111.03",
                "source": "ChemAxon"
            },
            {
                "kind": "Refractivity",
                "value": "182.11",
                "source": "ChemAxon"
            },
            {
                "kind": "Polarizability",
                "value": "64.48",
                "source": "ChemAxon"
            },
            {
                "kind": "Rotatable Bond Count",
                "value": "8",
                "source": "ChemAxon"
            },
            {
                "kind": "H Bond Acceptor Count",
                "value": "6",
                "source": "ChemAxon"
            },
            {
                "kind": "H Bond Donor Count",
                "value": "2",
                "source": "ChemAxon"
            },
            {
                "kind": "pKa (strongest acidic)",
                "value": "12.04",
                "source": "ChemAxon"
            },
            {
                "kind": "pKa (strongest basic)",
                "value": "4.83",
                "source": "ChemAxon"
            },
            {
                "kind": "Physiological Charge",
                "value": "0",
                "source": "ChemAxon"
            },
            {
                "kind": "Number of Rings",
                "value": "6",
                "source": "ChemAxon"
            },
            {
                "kind": "Bioavailability",
                "value": "1",
                "source": "ChemAxon"
            },
            {
                "kind": "Rule of Five",
                "value": "0",
                "source": "ChemAxon"
            },
            {
                "kind": "Ghose Filter",
                "value": "0",
                "source": "ChemAxon"
            },
            {
                "kind": "MDDR-Like Rule",
                "value": "1",
                "source": "ChemAxon"
            }
        ]
    },
    "experimental-properties": null,
    "external-identifiers": {
        "external-identifier": [
            {
                "resource": "ChemSpider",
                "identifier": "2310093"
            },
            {
                "resource": "ChEMBL",
                "identifier": "CHEMBL2105829"
            },
            {
                "resource": "ZINC",
                "identifier": "ZINC000028771591"
            }
        ]
    },
    "external-links": null,
    "pathways": null,
    "reactions": null,
    "snp-effects": null,
    "snp-adverse-drug-reactions": null,
    "targets": null,
    "enzymes": null,
    "carriers": null,
    "transporters": null
}