{
    "type": "small molecule",
    "created": "2020-12-15",
    "updated": "2020-12-20",
    "drugbank-id": [
        {
            "primary": true,
            "value": "DB16295"
        }
    ],
    "name": "HSK-3486",
    "description": "HSK-3486 is under investigation in clinical trial NCT04620031 (A Study Evaluating Sedation of Intravenous Administration of HSK3486 Injectable Emulsion in ICU Patients Undergoing Mechanical Ventilation).",
    "cas-number": "1637741-58-2",
    "unii": "M3WGS532VY",
    "average-mass": 204.313,
    "monoisotopic-mass": 204.151415264,
    "groups": {
        "group": [
            "investigational"
        ]
    },
    "general-references": {
        "articles": null,
        "textbooks": null,
        "links": null,
        "attachments": null
    },
    "synthesis-reference": null,
    "indication": null,
    "pharmacodynamics": null,
    "mechanism-of-action": null,
    "toxicity": null,
    "metabolism": null,
    "absorption": null,
    "half-life": null,
    "protein-binding": null,
    "route-of-elimination": null,
    "volume-of-distribution": null,
    "clearance": null,
    "salts": null,
    "synonyms": null,
    "products": null,
    "international-brands": null,
    "mixtures": null,
    "packagers": null,
    "manufacturers": null,
    "prices": null,
    "categories": null,
    "affected-organisms": null,
    "dosages": null,
    "atc-codes": null,
    "ahfs-codes": null,
    "pdb-entries": null,
    "patents": null,
    "food-interactions": null,
    "drug-interactions": null,
    "calculated-properties": {
        "property": [
            {
                "kind": "logP",
                "value": "4.53",
                "source": "ALOGPS"
            },
            {
                "kind": "logS",
                "value": "-3.8",
                "source": "ALOGPS"
            },
            {
                "kind": "Water Solubility",
                "value": "3.46e-02 g/l",
                "source": "ALOGPS"
            },
            {
                "kind": "logP",
                "value": "4.43",
                "source": "ChemAxon"
            },
            {
                "kind": "IUPAC Name",
                "value": "2-[(1R)-1-cyclopropylethyl]-6-(propan-2-yl)phenol",
                "source": "ChemAxon"
            },
            {
                "kind": "Traditional IUPAC Name",
                "value": "5-({4-[2-(3-methoxyphenyl)-2-oxoethoxy]phenyl}methyl)-1,3-thiazolidine-2,4-dione",
                "source": "ChemAxon"
            },
            {
                "kind": "Molecular Weight",
                "value": "204.313",
                "source": "ChemAxon"
            },
            {
                "kind": "Monoisotopic Weight",
                "value": "204.151415264",
                "source": "ChemAxon"
            },
            {
                "kind": "SMILES",
                "value": "CC(C)C1=CC=CC([C@H](C)C2CC2)=C1O",
                "source": "ChemAxon"
            },
            {
                "kind": "Molecular Formula",
                "value": "C14H20O",
                "source": "ChemAxon"
            },
            {
                "kind": "InChI",
                "value": "InChI=1S/C14H20O/c1-9(2)12-5-4-6-13(14(12)15)10(3)11-7-8-11/h4-6,9-11,15H,7-8H2,1-3H3/t10-/m1/s1",
                "source": "ChemAxon"
            },
            {
                "kind": "InChIKey",
                "value": "BMEARIQHWSVDBS-SNVBAGLBSA-N",
                "source": "ChemAxon"
            },
            {
                "kind": "Polar Surface Area (PSA)",
                "value": "20.23",
                "source": "ChemAxon"
            },
            {
                "kind": "Refractivity",
                "value": "63.77",
                "source": "ChemAxon"
            },
            {
                "kind": "Polarizability",
                "value": "24.64",
                "source": "ChemAxon"
            },
            {
                "kind": "Rotatable Bond Count",
                "value": "3",
                "source": "ChemAxon"
            },
            {
                "kind": "H Bond Acceptor Count",
                "value": "1",
                "source": "ChemAxon"
            },
            {
                "kind": "H Bond Donor Count",
                "value": "1",
                "source": "ChemAxon"
            },
            {
                "kind": "pKa (strongest acidic)",
                "value": "10.95",
                "source": "ChemAxon"
            },
            {
                "kind": "pKa (strongest basic)",
                "value": "-5",
                "source": "ChemAxon"
            },
            {
                "kind": "Physiological Charge",
                "value": "0",
                "source": "ChemAxon"
            },
            {
                "kind": "Number of Rings",
                "value": "2",
                "source": "ChemAxon"
            },
            {
                "kind": "Bioavailability",
                "value": "1",
                "source": "ChemAxon"
            },
            {
                "kind": "Rule of Five",
                "value": "1",
                "source": "ChemAxon"
            },
            {
                "kind": "Ghose Filter",
                "value": "1",
                "source": "ChemAxon"
            },
            {
                "kind": "MDDR-Like Rule",
                "value": "0",
                "source": "ChemAxon"
            }
        ]
    },
    "experimental-properties": null,
    "external-identifiers": {
        "external-identifier": [
            {
                "resource": "ChemSpider",
                "identifier": "76794458"
            },
            {
                "resource": "ChEMBL",
                "identifier": "CHEMBL4094894"
            }
        ]
    },
    "external-links": null,
    "pathways": null,
    "reactions": null,
    "snp-effects": null,
    "snp-adverse-drug-reactions": null,
    "targets": null,
    "enzymes": null,
    "carriers": null,
    "transporters": null
}