{
    "type": "biotech",
    "created": "2021-02-16",
    "updated": "2022-06-13",
    "drugbank-id": [
        {
            "primary": true,
            "value": "DB16609"
        }
    ],
    "name": "Streptococcus pneumoniae type 6a capsular polysaccharide antigen",
    "description": null,
    "cas-number": null,
    "unii": null,
    "groups": {
        "group": [
            "approved",
            "experimental"
        ]
    },
    "general-references": {
        "articles": null,
        "textbooks": null,
        "links": {
            "link": [
                {
                    "ref-id": "L33509",
                    "title": "NPRA: Pneumosil (S. pneumoniae capsular antigens type 1, 5, 6a, 6b, 7f, 9v, 14, 19a, 19f, 23f) Intramuscular Injection",
                    "url": "https://quest3plus.bpfk.gov.my/front-end/attachment/5140/pharma/528698/1600651554.pdf"
                }
            ]
        },
        "attachments": null
    },
    "synthesis-reference": null,
    "indication": null,
    "pharmacodynamics": null,
    "mechanism-of-action": null,
    "toxicity": null,
    "metabolism": null,
    "absorption": null,
    "half-life": null,
    "protein-binding": null,
    "route-of-elimination": null,
    "volume-of-distribution": null,
    "clearance": null,
    "salts": null,
    "synonyms": {
        "synonym": [
            {
                "language": "english",
                "coder": "",
                "value": "Pneumococcal polysaccharide serotype 6A"
            }
        ]
    },
    "products": {
        "product": [
            {
                "name": "Apexxnar",
                "labeller": "Pfizer Europe Ma Eeig",
                "ndc-id": null,
                "ndc-product-code": null,
                "dpd-id": null,
                "ema-product-code": "EMEA/H/C/005451",
                "ema-ma-number": "EU/1/21/1612/001",
                "started-marketing-on": "2022-06-06",
                "ended-marketing-on": null,
                "dosage-form": "Injection, suspension",
                "strength": null,
                "route": "Intramuscular",
                "fda-application-number": null,
                "generic": false,
                "over-the-counter": false,
                "approved": true,
                "country": "EU",
                "source": "EMA"
            },
            {
                "name": "Apexxnar",
                "labeller": "Pfizer Europe Ma Eeig",
                "ndc-id": null,
                "ndc-product-code": null,
                "dpd-id": null,
                "ema-product-code": "EMEA/H/C/005451",
                "ema-ma-number": "EU/1/21/1612/002",
                "started-marketing-on": "2022-06-06",
                "ended-marketing-on": null,
                "dosage-form": "Injection, suspension",
                "strength": null,
                "route": "Intramuscular",
                "fda-application-number": null,
                "generic": false,
                "over-the-counter": false,
                "approved": true,
                "country": "EU",
                "source": "EMA"
            },
            {
                "name": "Apexxnar",
                "labeller": "Pfizer Europe Ma Eeig",
                "ndc-id": null,
                "ndc-product-code": null,
                "dpd-id": null,
                "ema-product-code": "EMEA/H/C/005451",
                "ema-ma-number": "EU/1/21/1612/003",
                "started-marketing-on": "2022-06-06",
                "ended-marketing-on": null,
                "dosage-form": "Injection, suspension",
                "strength": null,
                "route": "Intramuscular",
                "fda-application-number": null,
                "generic": false,
                "over-the-counter": false,
                "approved": true,
                "country": "EU",
                "source": "EMA"
            },
            {
                "name": "Apexxnar",
                "labeller": "Pfizer Europe Ma Eeig",
                "ndc-id": null,
                "ndc-product-code": null,
                "dpd-id": null,
                "ema-product-code": "EMEA/H/C/005451",
                "ema-ma-number": "EU/1/21/1612/004",
                "started-marketing-on": "2022-06-06",
                "ended-marketing-on": null,
                "dosage-form": "Injection, suspension",
                "strength": null,
                "route": "Intramuscular",
                "fda-application-number": null,
                "generic": false,
                "over-the-counter": false,
                "approved": true,
                "country": "EU",
                "source": "EMA"
            },
            {
                "name": "Apexxnar",
                "labeller": "Pfizer Europe Ma Eeig",
                "ndc-id": null,
                "ndc-product-code": null,
                "dpd-id": null,
                "ema-product-code": "EMEA/H/C/005451",
                "ema-ma-number": "EU/1/21/1612/005",
                "started-marketing-on": "2022-06-06",
                "ended-marketing-on": null,
                "dosage-form": "Injection, suspension",
                "strength": null,
                "route": "Intramuscular",
                "fda-application-number": null,
                "generic": false,
                "over-the-counter": false,
                "approved": true,
                "country": "EU",
                "source": "EMA"
            },
            {
                "name": "Apexxnar",
                "labeller": "Pfizer Europe Ma Eeig",
                "ndc-id": null,
                "ndc-product-code": null,
                "dpd-id": null,
                "ema-product-code": "EMEA/H/C/005451",
                "ema-ma-number": "EU/1/21/1612/006",
                "started-marketing-on": "2022-06-06",
                "ended-marketing-on": null,
                "dosage-form": "Injection, suspension",
                "strength": null,
                "route": "Intramuscular",
                "fda-application-number": null,
                "generic": false,
                "over-the-counter": false,
                "approved": true,
                "country": "EU",
                "source": "EMA"
            },
            {
                "name": "Vaxneuvance",
                "labeller": "Merck Ltd.",
                "ndc-id": null,
                "ndc-product-code": null,
                "dpd-id": "02522403",
                "ema-product-code": null,
                "ema-ma-number": null,
                "started-marketing-on": "2022-09-02",
                "ended-marketing-on": null,
                "dosage-form": "Suspension",
                "strength": null,
                "route": "Intramuscular",
                "fda-application-number": null,
                "generic": false,
                "over-the-counter": false,
                "approved": true,
                "country": "Canada",
                "source": "DPD"
            }
        ]
    },
    "international-brands": null,
    "mixtures": {
        "mixture": [
            {
                "name": "Vaxneuvance",
                "ingredients": "Corynebacterium diphtheriae CRM197 protein + Streptococcus pneumoniae type 1 capsular polysaccharide antigen + Streptococcus pneumoniae type 14 capsular polysaccharide antigen + Streptococcus pneumoniae type 18c capsular polysaccharide antigen + Streptococcus pneumoniae type 19a capsular polysaccharide antigen + Streptococcus pneumoniae type 19f capsular polysaccharide antigen + Streptococcus pneumoniae type 22F capsular polysaccharide diphtheria CRM197 protein conjugate antigen + Streptococcus pneumoniae type 23f capsular polysaccharide antigen + Streptococcus pneumoniae type 3 capsular polysaccharide diphtheria CRM197 protein conjugate antigen + Streptococcus pneumoniae type 33F capsular polysaccharide diphtheria CRM197 protein conjugate antigen + Streptococcus pneumoniae type 4 capsular polysaccharide antigen + Streptococcus pneumoniae type 5 capsular polysaccharide antigen + Streptococcus pneumoniae type 6a capsular polysaccharide antigen + Streptococcus pneumoniae type 6b capsular polysaccharide antigen + Streptococcus pneumoniae type 7f capsular polysaccharide antigen + Streptococcus pneumoniae type 9v capsular polysaccharide antigen"
            },
            {
                "name": "Apexxnar",
                "ingredients": "Streptococcus pneumoniae type 1 capsular polysaccharide antigen + Streptococcus pneumoniae type 10a capsular polysaccharide antigen + Streptococcus pneumoniae type 11a capsular polysaccharide antigen + Streptococcus pneumoniae type 12f capsular polysaccharide antigen + Streptococcus pneumoniae type 14 capsular polysaccharide antigen + Streptococcus pneumoniae type 15b capsular polysaccharide antigen + Streptococcus pneumoniae type 18c capsular polysaccharide antigen + Streptococcus pneumoniae type 19a capsular polysaccharide antigen + Streptococcus pneumoniae type 19f capsular polysaccharide antigen + Streptococcus pneumoniae type 22F capsular polysaccharide diphtheria CRM197 protein conjugate antigen + Streptococcus pneumoniae type 23f capsular polysaccharide antigen + Streptococcus pneumoniae type 3 capsular polysaccharide diphtheria CRM197 protein conjugate antigen + Streptococcus pneumoniae type 33F capsular polysaccharide diphtheria CRM197 protein conjugate antigen + Streptococcus pneumoniae type 4 capsular polysaccharide antigen + Streptococcus pneumoniae type 5 capsular polysaccharide antigen + Streptococcus pneumoniae type 6a capsular polysaccharide antigen + Streptococcus pneumoniae type 6b capsular polysaccharide antigen + Streptococcus pneumoniae type 7f capsular polysaccharide antigen + Streptococcus pneumoniae type 8 capsular polysaccharide antigen + Streptococcus pneumoniae type 9v capsular polysaccharide antigen"
            },
            {
                "name": "Apexxnar",
                "ingredients": "Streptococcus pneumoniae type 1 capsular polysaccharide antigen + Streptococcus pneumoniae type 10a capsular polysaccharide antigen + Streptococcus pneumoniae type 11a capsular polysaccharide antigen + Streptococcus pneumoniae type 12f capsular polysaccharide antigen + Streptococcus pneumoniae type 14 capsular polysaccharide antigen + Streptococcus pneumoniae type 15b capsular polysaccharide antigen + Streptococcus pneumoniae type 18c capsular polysaccharide antigen + Streptococcus pneumoniae type 19a capsular polysaccharide antigen + Streptococcus pneumoniae type 19f capsular polysaccharide antigen + Streptococcus pneumoniae type 22F capsular polysaccharide diphtheria CRM197 protein conjugate antigen + Streptococcus pneumoniae type 23f capsular polysaccharide antigen + Streptococcus pneumoniae type 3 capsular polysaccharide diphtheria CRM197 protein conjugate antigen + Streptococcus pneumoniae type 33F capsular polysaccharide diphtheria CRM197 protein conjugate antigen + Streptococcus pneumoniae type 4 capsular polysaccharide antigen + Streptococcus pneumoniae type 5 capsular polysaccharide antigen + Streptococcus pneumoniae type 6a capsular polysaccharide antigen + Streptococcus pneumoniae type 6b capsular polysaccharide antigen + Streptococcus pneumoniae type 7f capsular polysaccharide antigen + Streptococcus pneumoniae type 8 capsular polysaccharide antigen + Streptococcus pneumoniae type 9v capsular polysaccharide antigen"
            },
            {
                "name": "Apexxnar",
                "ingredients": "Streptococcus pneumoniae type 1 capsular polysaccharide antigen + Streptococcus pneumoniae type 10a capsular polysaccharide antigen + Streptococcus pneumoniae type 11a capsular polysaccharide antigen + Streptococcus pneumoniae type 12f capsular polysaccharide antigen + Streptococcus pneumoniae type 14 capsular polysaccharide antigen + Streptococcus pneumoniae type 15b capsular polysaccharide antigen + Streptococcus pneumoniae type 18c capsular polysaccharide antigen + Streptococcus pneumoniae type 19a capsular polysaccharide antigen + Streptococcus pneumoniae type 19f capsular polysaccharide antigen + Streptococcus pneumoniae type 22F capsular polysaccharide diphtheria CRM197 protein conjugate antigen + Streptococcus pneumoniae type 23f capsular polysaccharide antigen + Streptococcus pneumoniae type 3 capsular polysaccharide diphtheria CRM197 protein conjugate antigen + Streptococcus pneumoniae type 33F capsular polysaccharide diphtheria CRM197 protein conjugate antigen + Streptococcus pneumoniae type 4 capsular polysaccharide antigen + Streptococcus pneumoniae type 5 capsular polysaccharide antigen + Streptococcus pneumoniae type 6a capsular polysaccharide antigen + Streptococcus pneumoniae type 6b capsular polysaccharide antigen + Streptococcus pneumoniae type 7f capsular polysaccharide antigen + Streptococcus pneumoniae type 8 capsular polysaccharide antigen + Streptococcus pneumoniae type 9v capsular polysaccharide antigen"
            },
            {
                "name": "Apexxnar",
                "ingredients": "Streptococcus pneumoniae type 1 capsular polysaccharide antigen + Streptococcus pneumoniae type 10a capsular polysaccharide antigen + Streptococcus pneumoniae type 11a capsular polysaccharide antigen + Streptococcus pneumoniae type 12f capsular polysaccharide antigen + Streptococcus pneumoniae type 14 capsular polysaccharide antigen + Streptococcus pneumoniae type 15b capsular polysaccharide antigen + Streptococcus pneumoniae type 18c capsular polysaccharide antigen + Streptococcus pneumoniae type 19a capsular polysaccharide antigen + Streptococcus pneumoniae type 19f capsular polysaccharide antigen + Streptococcus pneumoniae type 22F capsular polysaccharide diphtheria CRM197 protein conjugate antigen + Streptococcus pneumoniae type 23f capsular polysaccharide antigen + Streptococcus pneumoniae type 3 capsular polysaccharide diphtheria CRM197 protein conjugate antigen + Streptococcus pneumoniae type 33F capsular polysaccharide diphtheria CRM197 protein conjugate antigen + Streptococcus pneumoniae type 4 capsular polysaccharide antigen + Streptococcus pneumoniae type 5 capsular polysaccharide antigen + Streptococcus pneumoniae type 6a capsular polysaccharide antigen + Streptococcus pneumoniae type 6b capsular polysaccharide antigen + Streptococcus pneumoniae type 7f capsular polysaccharide antigen + Streptococcus pneumoniae type 8 capsular polysaccharide antigen + Streptococcus pneumoniae type 9v capsular polysaccharide antigen"
            },
            {
                "name": "Apexxnar",
                "ingredients": "Streptococcus pneumoniae type 1 capsular polysaccharide antigen + Streptococcus pneumoniae type 10a capsular polysaccharide antigen + Streptococcus pneumoniae type 11a capsular polysaccharide antigen + Streptococcus pneumoniae type 12f capsular polysaccharide antigen + Streptococcus pneumoniae type 14 capsular polysaccharide antigen + Streptococcus pneumoniae type 15b capsular polysaccharide antigen + Streptococcus pneumoniae type 18c capsular polysaccharide antigen + Streptococcus pneumoniae type 19a capsular polysaccharide antigen + Streptococcus pneumoniae type 19f capsular polysaccharide antigen + Streptococcus pneumoniae type 22F capsular polysaccharide diphtheria CRM197 protein conjugate antigen + Streptococcus pneumoniae type 23f capsular polysaccharide antigen + Streptococcus pneumoniae type 3 capsular polysaccharide diphtheria CRM197 protein conjugate antigen + Streptococcus pneumoniae type 33F capsular polysaccharide diphtheria CRM197 protein conjugate antigen + Streptococcus pneumoniae type 4 capsular polysaccharide antigen + Streptococcus pneumoniae type 5 capsular polysaccharide antigen + Streptococcus pneumoniae type 6a capsular polysaccharide antigen + Streptococcus pneumoniae type 6b capsular polysaccharide antigen + Streptococcus pneumoniae type 7f capsular polysaccharide antigen + Streptococcus pneumoniae type 8 capsular polysaccharide antigen + Streptococcus pneumoniae type 9v capsular polysaccharide antigen"
            },
            {
                "name": "Apexxnar",
                "ingredients": "Streptococcus pneumoniae type 1 capsular polysaccharide antigen + Streptococcus pneumoniae type 10a capsular polysaccharide antigen + Streptococcus pneumoniae type 11a capsular polysaccharide antigen + Streptococcus pneumoniae type 12f capsular polysaccharide antigen + Streptococcus pneumoniae type 14 capsular polysaccharide antigen + Streptococcus pneumoniae type 15b capsular polysaccharide antigen + Streptococcus pneumoniae type 18c capsular polysaccharide antigen + Streptococcus pneumoniae type 19a capsular polysaccharide antigen + Streptococcus pneumoniae type 19f capsular polysaccharide antigen + Streptococcus pneumoniae type 22F capsular polysaccharide diphtheria CRM197 protein conjugate antigen + Streptococcus pneumoniae type 23f capsular polysaccharide antigen + Streptococcus pneumoniae type 3 capsular polysaccharide diphtheria CRM197 protein conjugate antigen + Streptococcus pneumoniae type 33F capsular polysaccharide diphtheria CRM197 protein conjugate antigen + Streptococcus pneumoniae type 4 capsular polysaccharide antigen + Streptococcus pneumoniae type 5 capsular polysaccharide antigen + Streptococcus pneumoniae type 6a capsular polysaccharide antigen + Streptococcus pneumoniae type 6b capsular polysaccharide antigen + Streptococcus pneumoniae type 7f capsular polysaccharide antigen + Streptococcus pneumoniae type 8 capsular polysaccharide antigen + Streptococcus pneumoniae type 9v capsular polysaccharide antigen"
            }
        ]
    },
    "packagers": null,
    "manufacturers": null,
    "prices": null,
    "categories": null,
    "affected-organisms": null,
    "dosages": {
        "dosage": [
            {
                "form": "Injection, suspension",
                "route": "Intramuscular",
                "strength": null
            },
            {
                "form": "Suspension",
                "route": "Intramuscular",
                "strength": null
            }
        ]
    },
    "atc-codes": null,
    "ahfs-codes": null,
    "pdb-entries": null,
    "patents": null,
    "food-interactions": null,
    "drug-interactions": null,
    "sequences": null,
    "experimental-properties": null,
    "external-identifiers": {
        "external-identifier": [
            {
                "resource": "Drugs Product Database (DPD)",
                "identifier": "20542"
            }
        ]
    },
    "external-links": null,
    "pathways": null,
    "reactions": null,
    "snp-effects": null,
    "snp-adverse-drug-reactions": null,
    "targets": null,
    "enzymes": null,
    "carriers": null,
    "transporters": null
}