{
    "type": "biotech",
    "created": "2020-12-15",
    "updated": "2020-12-20",
    "drugbank-id": [
        {
            "primary": true,
            "value": "DB16181"
        }
    ],
    "name": "ISIS 2503",
    "description": "ISIS 2503 is under investigation in clinical trial NCT00004193 (ISIS 2503 in Treating Patients With Metastatic And/or Locally Recurrent Colorectal Cancer).",
    "cas-number": "149957-14-2",
    "unii": "I444I66XWH",
    "groups": {
        "group": [
            "investigational"
        ]
    },
    "general-references": {
        "articles": null,
        "textbooks": null,
        "links": null,
        "attachments": null
    },
    "synthesis-reference": null,
    "indication": null,
    "pharmacodynamics": null,
    "mechanism-of-action": null,
    "toxicity": null,
    "metabolism": null,
    "absorption": null,
    "half-life": null,
    "protein-binding": null,
    "route-of-elimination": null,
    "volume-of-distribution": null,
    "clearance": null,
    "salts": null,
    "synonyms": {
        "synonym": [
            {
                "language": "english",
                "coder": "",
                "value": "H-ras antisense oligodeoxynucleotide isis 2503"
            }
        ]
    },
    "products": null,
    "international-brands": null,
    "mixtures": null,
    "packagers": null,
    "manufacturers": null,
    "prices": null,
    "categories": {
        "category": [
            {
                "category": "Nucleic Acids, Nucleotides, and Nucleosides",
                "mesh-id": "D009706"
            },
            {
                "category": "Nucleotides",
                "mesh-id": "D009711"
            },
            {
                "category": "Oligonucleotides",
                "mesh-id": "D009841"
            },
            {
                "category": "Polynucleotides",
                "mesh-id": "D011119"
            }
        ]
    },
    "affected-organisms": null,
    "dosages": null,
    "atc-codes": null,
    "ahfs-codes": null,
    "pdb-entries": null,
    "patents": null,
    "food-interactions": null,
    "drug-interactions": null,
    "sequences": null,
    "experimental-properties": null,
    "external-identifiers": null,
    "external-links": null,
    "pathways": null,
    "reactions": null,
    "snp-effects": null,
    "snp-adverse-drug-reactions": null,
    "targets": null,
    "enzymes": null,
    "carriers": null,
    "transporters": null
}