{
    "type": "biotech",
    "created": "2021-03-07",
    "updated": "2021-03-08",
    "drugbank-id": [
        {
            "primary": true,
            "value": "DB16636"
        }
    ],
    "name": "Gastrodia elata whole",
    "description": null,
    "cas-number": null,
    "unii": "08F85I5YAV",
    "groups": {
        "group": [
            "experimental"
        ]
    },
    "general-references": {
        "articles": null,
        "textbooks": null,
        "links": null,
        "attachments": null
    },
    "synthesis-reference": null,
    "indication": null,
    "pharmacodynamics": null,
    "mechanism-of-action": null,
    "toxicity": null,
    "metabolism": null,
    "absorption": null,
    "half-life": null,
    "protein-binding": null,
    "route-of-elimination": null,
    "volume-of-distribution": null,
    "clearance": null,
    "salts": null,
    "synonyms": {
        "synonym": [
            {
                "language": "english",
                "coder": "",
                "value": "Gastrodia"
            },
            {
                "language": "english",
                "coder": "",
                "value": "Gastrodia elata"
            },
            {
                "language": "english",
                "coder": "",
                "value": "Gastrodia elata blume"
            },
            {
                "language": "english",
                "coder": "",
                "value": "Gastrodia elata whole"
            },
            {
                "language": "english",
                "coder": "",
                "value": "Gastrodia mairei whole"
            },
            {
                "language": "english",
                "coder": "",
                "value": "Gastrodia viridis whole"
            }
        ]
    },
    "products": {
        "product": [
            {
                "name": "Gastrodia elata Peptide Hand Sanitizing",
                "labeller": "Tonghua Ren-Sheng-Yuan Biotechnology Co., Ltd",
                "ndc-id": null,
                "ndc-product-code": "75449-1001",
                "dpd-id": null,
                "ema-product-code": null,
                "ema-ma-number": null,
                "started-marketing-on": "2020-04-24",
                "ended-marketing-on": null,
                "dosage-form": "Gel",
                "strength": null,
                "route": "Topical",
                "fda-application-number": "part333A",
                "generic": false,
                "over-the-counter": true,
                "approved": false,
                "country": "US",
                "source": "FDA NDC"
            },
            {
                "name": "Gastrodia elata Peptide Wash Disinfectant",
                "labeller": "Tonghua Ren-Sheng-Yuan Biotechnology Co., Ltd",
                "ndc-id": null,
                "ndc-product-code": "75449-1031",
                "dpd-id": null,
                "ema-product-code": null,
                "ema-ma-number": null,
                "started-marketing-on": "2020-04-24",
                "ended-marketing-on": null,
                "dosage-form": "Liquid",
                "strength": null,
                "route": "Topical",
                "fda-application-number": "part333A",
                "generic": false,
                "over-the-counter": true,
                "approved": false,
                "country": "US",
                "source": "FDA NDC"
            }
        ]
    },
    "international-brands": null,
    "mixtures": {
        "mixture": [
            {
                "name": "Gastrodia elata Peptide Hand Sanitizing",
                "ingredients": "Ethanol + Gastrodia elata whole"
            },
            {
                "name": "Gastrodia elata Peptide Wash Disinfectant",
                "ingredients": "Ethanol + Gastrodia elata whole"
            }
        ]
    },
    "packagers": null,
    "manufacturers": null,
    "prices": null,
    "categories": {
        "category": [
            {
                "category": "Angiosperms",
                "mesh-id": "D019684"
            },
            {
                "category": "Asparagales",
                "mesh-id": "D000070381"
            },
            {
                "category": "Biological Products",
                "mesh-id": "D001688"
            },
            {
                "category": "Complex Mixtures",
                "mesh-id": "D045424"
            },
            {
                "category": "Embryophyta",
                "mesh-id": "D019669"
            },
            {
                "category": "Eukaryota",
                "mesh-id": "D056890"
            },
            {
                "category": "Lilianae",
                "mesh-id": "D000075063"
            },
            {
                "category": "Orchidaceae",
                "mesh-id": "D029595"
            },
            {
                "category": "Pharmaceutical Preparations",
                "mesh-id": "D004364"
            },
            {
                "category": "Plant Preparations",
                "mesh-id": "D028321"
            },
            {
                "category": "Streptophyta",
                "mesh-id": "D057949"
            },
            {
                "category": "Tracheophyta",
                "mesh-id": "D064028"
            },
            {
                "category": "Viridiplantae",
                "mesh-id": "D057948"
            }
        ]
    },
    "affected-organisms": null,
    "dosages": {
        "dosage": [
            {
                "form": "Gel",
                "route": "Topical",
                "strength": null
            },
            {
                "form": "Liquid",
                "route": "Topical",
                "strength": null
            }
        ]
    },
    "atc-codes": null,
    "ahfs-codes": null,
    "pdb-entries": null,
    "patents": null,
    "food-interactions": null,
    "drug-interactions": null,
    "sequences": null,
    "experimental-properties": null,
    "external-identifiers": {
        "external-identifier": [
            {
                "resource": "RxCUI",
                "identifier": "2359266"
            }
        ]
    },
    "external-links": null,
    "pathways": null,
    "reactions": null,
    "snp-effects": null,
    "snp-adverse-drug-reactions": null,
    "targets": null,
    "enzymes": null,
    "carriers": null,
    "transporters": null
}