{
    "type": "small molecule",
    "created": "2021-02-08",
    "updated": "2021-05-05",
    "drugbank-id": [
        {
            "primary": true,
            "value": "DB16561"
        }
    ],
    "name": "Tetramisole",
    "description": null,
    "cas-number": "5036-02-2",
    "unii": "C8M7RFE4NO",
    "average-mass": 204.29,
    "monoisotopic-mass": 204.072119568,
    "groups": {
        "group": [
            "experimental"
        ]
    },
    "general-references": {
        "articles": null,
        "textbooks": null,
        "links": {
            "link": [
                {
                    "ref-id": "L33629",
                    "title": "FDA Thailand: Vermetab (Tetramisole) Oral Tablet",
                    "url": "http://pertento.fda.moph.go.th/FDA_SEARCH_DRUG/SEARCH_DRUG/pop-up_drug_ex.aspx?Newcode=U1DR1A1022300001611C"
                }
            ]
        },
        "attachments": null
    },
    "synthesis-reference": null,
    "indication": null,
    "pharmacodynamics": null,
    "mechanism-of-action": null,
    "toxicity": null,
    "metabolism": null,
    "absorption": null,
    "half-life": null,
    "protein-binding": null,
    "route-of-elimination": null,
    "volume-of-distribution": null,
    "clearance": null,
    "salts": null,
    "synonyms": {
        "synonym": [
            {
                "language": "english",
                "coder": "",
                "value": "Levamisole DL-form"
            },
            {
                "language": "spanish",
                "coder": "",
                "value": "Tetramisol"
            },
            {
                "language": "english",
                "coder": "inn",
                "value": "Tetramisole"
            },
            {
                "language": "latin",
                "coder": "",
                "value": "Tetramisolum"
            }
        ]
    },
    "products": null,
    "international-brands": null,
    "mixtures": null,
    "packagers": null,
    "manufacturers": null,
    "prices": null,
    "categories": {
        "category": [
            {
                "category": "Imidazoles",
                "mesh-id": "D007093"
            },
            {
                "category": "Sulfur Compounds",
                "mesh-id": "D013457"
            },
            {
                "category": "Thiazoles",
                "mesh-id": "D013844"
            }
        ]
    },
    "affected-organisms": null,
    "dosages": {
        "dosage": [
            {
                "form": "Tablet",
                "route": null,
                "strength": "50 mg"
            }
        ]
    },
    "atc-codes": null,
    "ahfs-codes": null,
    "pdb-entries": null,
    "patents": null,
    "food-interactions": null,
    "drug-interactions": null,
    "calculated-properties": {
        "property": [
            {
                "kind": "logP",
                "value": "2.36",
                "source": "ChemAxon"
            },
            {
                "kind": "IUPAC Name",
                "value": "6-phenyl-2H,3H,5H,6H-imidazo[2,1-b][1,3]thiazole",
                "source": "ChemAxon"
            },
            {
                "kind": "Traditional IUPAC Name",
                "value": "N-demethyldiltiazem",
                "source": "ChemAxon"
            },
            {
                "kind": "Molecular Weight",
                "value": "204.29",
                "source": "ChemAxon"
            },
            {
                "kind": "Monoisotopic Weight",
                "value": "204.072119568",
                "source": "ChemAxon"
            },
            {
                "kind": "SMILES",
                "value": "C1CN2CC(N=C2S1)C1=CC=CC=C1",
                "source": "ChemAxon"
            },
            {
                "kind": "Molecular Formula",
                "value": "C11H12N2S",
                "source": "ChemAxon"
            },
            {
                "kind": "InChI",
                "value": "InChI=1S/C11H12N2S/c1-2-4-9(5-3-1)10-8-13-6-7-14-11(13)12-10/h1-5,10H,6-8H2",
                "source": "ChemAxon"
            },
            {
                "kind": "InChIKey",
                "value": "HLFSDGLLUJUHTE-UHFFFAOYSA-N",
                "source": "ChemAxon"
            },
            {
                "kind": "Polar Surface Area (PSA)",
                "value": "15.6",
                "source": "ChemAxon"
            },
            {
                "kind": "Refractivity",
                "value": "60.08",
                "source": "ChemAxon"
            },
            {
                "kind": "Polarizability",
                "value": "22.22",
                "source": "ChemAxon"
            },
            {
                "kind": "Rotatable Bond Count",
                "value": "1",
                "source": "ChemAxon"
            },
            {
                "kind": "H Bond Acceptor Count",
                "value": "2",
                "source": "ChemAxon"
            },
            {
                "kind": "H Bond Donor Count",
                "value": "0",
                "source": "ChemAxon"
            },
            {
                "kind": "pKa (strongest basic)",
                "value": "6.98",
                "source": "ChemAxon"
            },
            {
                "kind": "Physiological Charge",
                "value": "0",
                "source": "ChemAxon"
            },
            {
                "kind": "Number of Rings",
                "value": "3",
                "source": "ChemAxon"
            },
            {
                "kind": "Bioavailability",
                "value": "1",
                "source": "ChemAxon"
            },
            {
                "kind": "Rule of Five",
                "value": "1",
                "source": "ChemAxon"
            },
            {
                "kind": "Ghose Filter",
                "value": "1",
                "source": "ChemAxon"
            },
            {
                "kind": "MDDR-Like Rule",
                "value": "0",
                "source": "ChemAxon"
            }
        ]
    },
    "experimental-properties": null,
    "external-identifiers": {
        "external-identifier": [
            {
                "resource": "ChEBI",
                "identifier": "77278"
            },
            {
                "resource": "ChemSpider",
                "identifier": "3776"
            },
            {
                "resource": "Wikipedia",
                "identifier": "Levamisole"
            },
            {
                "resource": "ChEMBL",
                "identifier": "CHEMBL277775"
            }
        ]
    },
    "external-links": null,
    "pathways": null,
    "reactions": null,
    "snp-effects": null,
    "snp-adverse-drug-reactions": null,
    "targets": null,
    "enzymes": null,
    "carriers": null,
    "transporters": null
}