{
    "type": "small molecule",
    "created": "2020-12-15",
    "updated": "2021-02-21",
    "drugbank-id": [
        {
            "primary": true,
            "value": "DB16308"
        }
    ],
    "name": "Revaprazan",
    "description": "Revaprazan is under investigation in clinical trial NCT01750437 (Phase 2 Clinical Trial to Investigate the Safety, Tolerability and Efficacy of YH1885L in Patients With Non-erosive Reflux Disease(nerd)).",
    "cas-number": "199463-33-7",
    "unii": "5P184180P5",
    "average-mass": 362.452,
    "monoisotopic-mass": 362.19067492,
    "groups": {
        "group": [
            "investigational"
        ]
    },
    "general-references": {
        "articles": null,
        "textbooks": null,
        "links": null,
        "attachments": null
    },
    "synthesis-reference": null,
    "indication": null,
    "pharmacodynamics": null,
    "mechanism-of-action": null,
    "toxicity": null,
    "metabolism": null,
    "absorption": null,
    "half-life": null,
    "protein-binding": null,
    "route-of-elimination": null,
    "volume-of-distribution": null,
    "clearance": null,
    "salts": null,
    "synonyms": {
        "synonym": [
            {
                "language": "english",
                "coder": "inn",
                "value": "Revaprazan"
            },
            {
                "language": "english",
                "coder": "",
                "value": "Yh-1885 free base"
            }
        ]
    },
    "products": null,
    "international-brands": null,
    "mixtures": null,
    "packagers": null,
    "manufacturers": null,
    "prices": null,
    "categories": {
        "category": [
            {
                "category": "Heterocyclic Compounds, Fused-Ring",
                "mesh-id": "D000072471"
            },
            {
                "category": "Isoquinolines",
                "mesh-id": "D007546"
            },
            {
                "category": "Pyrimidines",
                "mesh-id": "D011743"
            }
        ]
    },
    "affected-organisms": null,
    "dosages": null,
    "atc-codes": null,
    "ahfs-codes": null,
    "pdb-entries": null,
    "patents": null,
    "food-interactions": null,
    "drug-interactions": null,
    "calculated-properties": {
        "property": [
            {
                "kind": "logP",
                "value": "5.17",
                "source": "ALOGPS"
            },
            {
                "kind": "logS",
                "value": "-4.5",
                "source": "ALOGPS"
            },
            {
                "kind": "Water Solubility",
                "value": "1.07e-02 g/l",
                "source": "ALOGPS"
            },
            {
                "kind": "logP",
                "value": "5.84",
                "source": "ChemAxon"
            },
            {
                "kind": "IUPAC Name",
                "value": "N-(4-fluorophenyl)-4,5-dimethyl-6-(1-methyl-1,2,3,4-tetrahydroisoquinolin-2-yl)pyrimidin-2-amine",
                "source": "ChemAxon"
            },
            {
                "kind": "Traditional IUPAC Name",
                "value": "revaprazan",
                "source": "ChemAxon"
            },
            {
                "kind": "Molecular Weight",
                "value": "362.452",
                "source": "ChemAxon"
            },
            {
                "kind": "Monoisotopic Weight",
                "value": "362.19067492",
                "source": "ChemAxon"
            },
            {
                "kind": "SMILES",
                "value": "CC1N(CCC2=C1C=CC=C2)C1=NC(NC2=CC=C(F)C=C2)=NC(C)=C1C",
                "source": "ChemAxon"
            },
            {
                "kind": "Molecular Formula",
                "value": "C22H23FN4",
                "source": "ChemAxon"
            },
            {
                "kind": "InChI",
                "value": "InChI=1S/C22H23FN4/c1-14-15(2)24-22(25-19-10-8-18(23)9-11-19)26-21(14)27-13-12-17-6-4-5-7-20(17)16(27)3/h4-11,16H,12-13H2,1-3H3,(H,24,25,26)",
                "source": "ChemAxon"
            },
            {
                "kind": "InChIKey",
                "value": "LECZXZOBEZITCL-UHFFFAOYSA-N",
                "source": "ChemAxon"
            },
            {
                "kind": "Polar Surface Area (PSA)",
                "value": "41.05",
                "source": "ChemAxon"
            },
            {
                "kind": "Refractivity",
                "value": "108.09",
                "source": "ChemAxon"
            },
            {
                "kind": "Polarizability",
                "value": "40.17",
                "source": "ChemAxon"
            },
            {
                "kind": "Rotatable Bond Count",
                "value": "3",
                "source": "ChemAxon"
            },
            {
                "kind": "H Bond Acceptor Count",
                "value": "4",
                "source": "ChemAxon"
            },
            {
                "kind": "H Bond Donor Count",
                "value": "1",
                "source": "ChemAxon"
            },
            {
                "kind": "pKa (strongest acidic)",
                "value": "14.29",
                "source": "ChemAxon"
            },
            {
                "kind": "pKa (strongest basic)",
                "value": "5.97",
                "source": "ChemAxon"
            },
            {
                "kind": "Physiological Charge",
                "value": "0",
                "source": "ChemAxon"
            },
            {
                "kind": "Number of Rings",
                "value": "4",
                "source": "ChemAxon"
            },
            {
                "kind": "Bioavailability",
                "value": "1",
                "source": "ChemAxon"
            },
            {
                "kind": "Rule of Five",
                "value": "0",
                "source": "ChemAxon"
            },
            {
                "kind": "Ghose Filter",
                "value": "0",
                "source": "ChemAxon"
            },
            {
                "kind": "MDDR-Like Rule",
                "value": "0",
                "source": "ChemAxon"
            }
        ]
    },
    "experimental-properties": null,
    "external-identifiers": {
        "external-identifier": [
            {
                "resource": "ChEBI",
                "identifier": "135529"
            },
            {
                "resource": "ChemSpider",
                "identifier": "176801"
            },
            {
                "resource": "Wikipedia",
                "identifier": "Revaprazan"
            },
            {
                "resource": "ChEMBL",
                "identifier": "CHEMBL1618279"
            }
        ]
    },
    "external-links": null,
    "pathways": null,
    "reactions": null,
    "snp-effects": null,
    "snp-adverse-drug-reactions": null,
    "targets": null,
    "enzymes": null,
    "carriers": null,
    "transporters": null
}