{
    "type": "biotech",
    "created": "2021-01-15",
    "updated": "2021-01-16",
    "drugbank-id": [
        {
            "primary": true,
            "value": "DB16435"
        }
    ],
    "name": "AG0302-COVID19",
    "description": "Sponsored by Anges, Inc. in Japan, the AG0302-COVID19 is a DNA-based vaccine that recently completed Phase I/II trials (NCT04527081)[A226813, L30548].",
    "cas-number": null,
    "unii": "VX6GTS64AJ",
    "groups": {
        "group": [
            "investigational"
        ]
    },
    "general-references": {
        "articles": {
            "article": [
                {
                    "ref-id": "A226813",
                    "pubmed-id": "33065034",
                    "citation": "Poland GA, Ovsyannikova IG, Kennedy RB: SARS-CoV-2 immunity: review and applications to phase 3 vaccine candidates. Lancet. 2020 Nov 14;396(10262):1595-1606. doi: 10.1016/S0140-6736(20)32137-1. Epub 2020 Oct 13."
                }
            ]
        },
        "textbooks": null,
        "links": {
            "link": [
                {
                    "ref-id": "L30548",
                    "title": "News Medical: The COVID-19 vaccine pipeline",
                    "url": "https://www.news-medical.net/news/20201014/The-COVID-19-vaccine-pipeline.aspx"
                }
            ]
        },
        "attachments": null
    },
    "synthesis-reference": null,
    "indication": null,
    "pharmacodynamics": null,
    "mechanism-of-action": null,
    "toxicity": null,
    "metabolism": null,
    "absorption": null,
    "half-life": null,
    "protein-binding": null,
    "route-of-elimination": null,
    "volume-of-distribution": null,
    "clearance": null,
    "salts": null,
    "synonyms": null,
    "products": null,
    "international-brands": null,
    "mixtures": null,
    "packagers": null,
    "manufacturers": null,
    "prices": null,
    "categories": null,
    "affected-organisms": null,
    "dosages": null,
    "atc-codes": null,
    "ahfs-codes": null,
    "pdb-entries": null,
    "patents": null,
    "food-interactions": null,
    "drug-interactions": null,
    "sequences": null,
    "experimental-properties": null,
    "external-identifiers": null,
    "external-links": null,
    "pathways": null,
    "reactions": null,
    "snp-effects": null,
    "snp-adverse-drug-reactions": null,
    "targets": null,
    "enzymes": null,
    "carriers": null,
    "transporters": null
}