{
    "type": "biotech",
    "created": "2021-01-21",
    "updated": "2021-02-13",
    "drugbank-id": [
        {
            "primary": true,
            "value": "DB16450"
        }
    ],
    "name": "Rexin G",
    "description": "Rexin-G is a tumor-targeted, injectable retroviral vector carrying a mutant form of the cyclin G1 gene. It is under development by Epeius Biotechnologies for the potential treatment of metastatic cancer. It is also being investigated for preventing SARSCOV-2 viral entry.",
    "cas-number": "1023923-93-4",
    "unii": null,
    "groups": {
        "group": [
            "investigational"
        ]
    },
    "general-references": {
        "articles": {
            "article": [
                {
                    "ref-id": "A227180",
                    "pubmed-id": "30581985",
                    "citation": "Al-Shihabi A, Chawla SP, Hall FL, Gordon EM: Exploiting Oncogenic Drivers along the CCNG1 Pathway for Cancer Therapy and Gene Therapy. Mol Ther Oncolytics. 2018 Dec 12;11:122-126. doi: 10.1016/j.omto.2018.11.002. eCollection 2018 Dec 21."
                }
            ]
        },
        "textbooks": null,
        "links": {
            "link": [
                {
                    "ref-id": "L30735",
                    "title": "External Link",
                    "url": "https://www.cancertherapyadvisor.com/home/cancer-topics/general-oncology/forgotten-cancer-gene-therapy-revival-with-off-shelf-potential/"
                },
                {
                    "ref-id": "L30740",
                    "title": "External Link",
                    "url": "https://www.cancer.gov/publications/dictionaries/cancer-drug/def/retrovector-encoding-mutant-anti-cyclin-g1"
                }
            ]
        },
        "attachments": null
    },
    "synthesis-reference": null,
    "indication": null,
    "pharmacodynamics": null,
    "mechanism-of-action": "Rexin G is a non-pathogenic entity that mimics SARS-COV2 by binding to receptors to gain entry into human cells. It is being investigated for preventing SARSCOV-2 viral entry, and also acts as an inhibitor of the cyclin G1 pathway.",
    "toxicity": null,
    "metabolism": null,
    "absorption": null,
    "half-life": null,
    "protein-binding": null,
    "route-of-elimination": null,
    "volume-of-distribution": null,
    "clearance": null,
    "salts": null,
    "synonyms": {
        "synonym": [
            {
                "language": "english",
                "coder": "",
                "value": "DeltaRex-G"
            },
            {
                "language": "english",
                "coder": "",
                "value": "DeltaRex-G Retroviral Vector Encoding a Cyclin G1 Inhibitor"
            },
            {
                "language": "english",
                "coder": "",
                "value": "Mx-dnG1 retroviral vector"
            },
            {
                "language": "english",
                "coder": "",
                "value": "retroviral expression vector bearing anti-cyclin G1 gene construct"
            },
            {
                "language": "english",
                "coder": "",
                "value": "Rexin-G"
            }
        ]
    },
    "products": null,
    "international-brands": null,
    "mixtures": null,
    "packagers": null,
    "manufacturers": null,
    "prices": null,
    "categories": {
        "category": [
            {
                "category": "Experimental Unapproved Treatments for COVID-19",
                "mesh-id": null
            }
        ]
    },
    "affected-organisms": null,
    "dosages": null,
    "atc-codes": null,
    "ahfs-codes": null,
    "pdb-entries": null,
    "patents": null,
    "food-interactions": null,
    "drug-interactions": null,
    "sequences": null,
    "experimental-properties": null,
    "external-identifiers": {
        "external-identifier": [
            {
                "resource": "Wikipedia",
                "identifier": "Rexin_G"
            }
        ]
    },
    "external-links": null,
    "pathways": null,
    "reactions": null,
    "snp-effects": null,
    "snp-adverse-drug-reactions": null,
    "targets": null,
    "enzymes": null,
    "carriers": null,
    "transporters": null
}