{
    "type": "small molecule",
    "created": "2021-02-24",
    "updated": "2021-03-01",
    "drugbank-id": [
        {
            "primary": true,
            "value": "DB16620"
        }
    ],
    "name": "Methopterin",
    "description": "Methopterin is thought to have effects on osteoclasts and to inhibit inflammatory bone destruction.[A229843]",
    "cas-number": "2410-93-7",
    "unii": "9TJY624421",
    "average-mass": 455.431,
    "monoisotopic-mass": 455.155331424,
    "groups": {
        "group": [
            "investigational"
        ]
    },
    "general-references": {
        "articles": {
            "article": [
                {
                    "ref-id": "A229843",
                    "pubmed-id": "19127866",
                    "citation": "Li P, Wang L, Wang WJ: [Effects of methopterin on osteoclasts and study of its mechanism of action]. Yao Xue Xue Bao. 2008 Oct;43(10):1025-31."
                }
            ]
        },
        "textbooks": null,
        "links": null,
        "attachments": null
    },
    "synthesis-reference": null,
    "indication": null,
    "pharmacodynamics": null,
    "mechanism-of-action": "Methopterin has been shown to inhibit the proliferation, activation, and bone resorption action of osteoclasts, and induce the apoptosis of osteoclasts, likely contributing to the ability of methopterin to inhibit inflammatory bone destruction.[A229843]",
    "toxicity": null,
    "metabolism": null,
    "absorption": null,
    "half-life": null,
    "protein-binding": null,
    "route-of-elimination": null,
    "volume-of-distribution": null,
    "clearance": null,
    "salts": null,
    "synonyms": {
        "synonym": [
            {
                "language": "english",
                "coder": "",
                "value": "10-methylfolic acid"
            },
            {
                "language": "english",
                "coder": "",
                "value": "10-methylpteroylglutamic acid"
            },
            {
                "language": "english",
                "coder": "",
                "value": "alpha-Methopterin"
            },
            {
                "language": "english",
                "coder": "",
                "value": "Methopterine"
            },
            {
                "language": "english",
                "coder": "usp",
                "value": "Methotrexate related compound C"
            },
            {
                "language": "english",
                "coder": "",
                "value": "N10-methylfolic acid"
            },
            {
                "language": "english",
                "coder": "",
                "value": "N10-methylpteroylglutamic acid"
            }
        ]
    },
    "products": null,
    "international-brands": null,
    "mixtures": null,
    "packagers": null,
    "manufacturers": null,
    "prices": null,
    "categories": null,
    "affected-organisms": null,
    "dosages": null,
    "atc-codes": null,
    "ahfs-codes": null,
    "pdb-entries": null,
    "patents": null,
    "food-interactions": null,
    "drug-interactions": null,
    "calculated-properties": {
        "property": [
            {
                "kind": "logP",
                "value": "-0.28",
                "source": "ChemAxon"
            },
            {
                "kind": "IUPAC Name",
                "value": "(2S)-2-[(4-{[(2-amino-4-oxo-3,4-dihydropteridin-6-yl)methyl](methyl)amino}phenyl)formamido]pentanedioic acid",
                "source": "ChemAxon"
            },
            {
                "kind": "Traditional IUPAC Name",
                "value": "disodium dexamethasone phosphate(2-)",
                "source": "ChemAxon"
            },
            {
                "kind": "Molecular Weight",
                "value": "455.431",
                "source": "ChemAxon"
            },
            {
                "kind": "Monoisotopic Weight",
                "value": "455.155331424",
                "source": "ChemAxon"
            },
            {
                "kind": "SMILES",
                "value": "CN(CC1=CN=C2N=C(N)NC(=O)C2=N1)C1=CC=C(C=C1)C(=O)N[C@@H](CCC(O)=O)C(O)=O",
                "source": "ChemAxon"
            },
            {
                "kind": "Molecular Formula",
                "value": "C20H21N7O6",
                "source": "ChemAxon"
            },
            {
                "kind": "InChI",
                "value": "InChI=1S/C20H21N7O6/c1-27(9-11-8-22-16-15(23-11)18(31)26-20(21)25-16)12-4-2-10(3-5-12)17(30)24-13(19(32)33)6-7-14(28)29/h2-5,8,13H,6-7,9H2,1H3,(H,24,30)(H,28,29)(H,32,33)(H3,21,22,25,26,31)/t13-/m0/s1",
                "source": "ChemAxon"
            },
            {
                "kind": "InChIKey",
                "value": "HLIXOCXUWGDBNP-ZDUSSCGKSA-N",
                "source": "ChemAxon"
            },
            {
                "kind": "Polar Surface Area (PSA)",
                "value": "200.2",
                "source": "ChemAxon"
            },
            {
                "kind": "Refractivity",
                "value": "115.68",
                "source": "ChemAxon"
            },
            {
                "kind": "Polarizability",
                "value": "45.6",
                "source": "ChemAxon"
            },
            {
                "kind": "Rotatable Bond Count",
                "value": "9",
                "source": "ChemAxon"
            },
            {
                "kind": "H Bond Acceptor Count",
                "value": "11",
                "source": "ChemAxon"
            },
            {
                "kind": "H Bond Donor Count",
                "value": "5",
                "source": "ChemAxon"
            },
            {
                "kind": "pKa (strongest acidic)",
                "value": "3.25",
                "source": "ChemAxon"
            },
            {
                "kind": "pKa (strongest basic)",
                "value": "-0.2",
                "source": "ChemAxon"
            },
            {
                "kind": "Physiological Charge",
                "value": "-2",
                "source": "ChemAxon"
            },
            {
                "kind": "Number of Rings",
                "value": "3",
                "source": "ChemAxon"
            },
            {
                "kind": "Bioavailability",
                "value": "0",
                "source": "ChemAxon"
            },
            {
                "kind": "Rule of Five",
                "value": "0",
                "source": "ChemAxon"
            },
            {
                "kind": "Ghose Filter",
                "value": "1",
                "source": "ChemAxon"
            },
            {
                "kind": "MDDR-Like Rule",
                "value": "1",
                "source": "ChemAxon"
            }
        ]
    },
    "experimental-properties": null,
    "external-identifiers": {
        "external-identifier": [
            {
                "resource": "ChemSpider",
                "identifier": "83888"
            },
            {
                "resource": "ChEMBL",
                "identifier": "CHEMBL158990"
            },
            {
                "resource": "ZINC",
                "identifier": "ZINC000008214609"
            }
        ]
    },
    "external-links": null,
    "pathways": null,
    "reactions": null,
    "snp-effects": null,
    "snp-adverse-drug-reactions": null,
    "targets": null,
    "enzymes": null,
    "carriers": null,
    "transporters": null
}