{
    "type": "biotech",
    "created": "2020-12-15",
    "updated": "2020-12-20",
    "drugbank-id": [
        {
            "primary": true,
            "value": "DB16198"
        }
    ],
    "name": "IONIS-FGFR4Rx",
    "description": "IONIS-FGFR4Rx is under investigation in clinical trial NCT02476019 (A Safety, Tolerability, PK, and PD Study of Once Weekly ISIS-FGFR4RX SC in Obese Patients).",
    "cas-number": "1416376-17-4",
    "unii": "YJ4APB5MQC",
    "groups": {
        "group": [
            "investigational"
        ]
    },
    "general-references": {
        "articles": null,
        "textbooks": null,
        "links": null,
        "attachments": null
    },
    "synthesis-reference": null,
    "indication": null,
    "pharmacodynamics": null,
    "mechanism-of-action": null,
    "toxicity": null,
    "metabolism": null,
    "absorption": null,
    "half-life": null,
    "protein-binding": null,
    "route-of-elimination": null,
    "volume-of-distribution": null,
    "clearance": null,
    "salts": null,
    "synonyms": {
        "synonym": [
            {
                "language": "english",
                "coder": "",
                "value": "Ionis-fgfr4rx"
            },
            {
                "language": "english",
                "coder": "",
                "value": "Isis-fgfr4rx"
            }
        ]
    },
    "products": null,
    "international-brands": null,
    "mixtures": null,
    "packagers": null,
    "manufacturers": null,
    "prices": null,
    "categories": null,
    "affected-organisms": null,
    "dosages": null,
    "atc-codes": null,
    "ahfs-codes": null,
    "pdb-entries": null,
    "patents": null,
    "food-interactions": null,
    "drug-interactions": null,
    "sequences": null,
    "experimental-properties": null,
    "external-identifiers": null,
    "external-links": null,
    "pathways": null,
    "reactions": null,
    "snp-effects": null,
    "snp-adverse-drug-reactions": null,
    "targets": null,
    "enzymes": null,
    "carriers": null,
    "transporters": null
}