{
    "type": "biotech",
    "created": "2020-12-15",
    "updated": "2020-12-20",
    "drugbank-id": [
        {
            "primary": true,
            "value": "DB16092"
        }
    ],
    "name": "RO6874281",
    "description": "RO6874281 is under investigation in clinical trial NCT03193190 (A Study of Multiple Immunotherapy-based Treatment Combinations in Participants With Metastatic Pancreatic Ductal Adenocarcinoma (Morpheus-pancreatic Cancer)).",
    "cas-number": "1776942-10-9",
    "unii": "FL08SGO9XA",
    "groups": {
        "group": [
            "investigational"
        ]
    },
    "general-references": {
        "articles": null,
        "textbooks": null,
        "links": null,
        "attachments": null
    },
    "synthesis-reference": null,
    "indication": null,
    "pharmacodynamics": null,
    "mechanism-of-action": null,
    "toxicity": null,
    "metabolism": null,
    "absorption": null,
    "half-life": null,
    "protein-binding": null,
    "route-of-elimination": null,
    "volume-of-distribution": null,
    "clearance": null,
    "salts": null,
    "synonyms": {
        "synonym": [
            {
                "language": "english",
                "coder": "",
                "value": "Anti-fap/interleukin-2 fusion protein ro6874281"
            },
            {
                "language": "english",
                "coder": "",
                "value": "Simlukafusp alfa"
            }
        ]
    },
    "products": null,
    "international-brands": null,
    "mixtures": null,
    "packagers": null,
    "manufacturers": null,
    "prices": null,
    "categories": null,
    "affected-organisms": null,
    "dosages": null,
    "atc-codes": null,
    "ahfs-codes": null,
    "pdb-entries": null,
    "patents": null,
    "food-interactions": null,
    "drug-interactions": null,
    "sequences": null,
    "experimental-properties": null,
    "external-identifiers": null,
    "external-links": null,
    "pathways": null,
    "reactions": null,
    "snp-effects": null,
    "snp-adverse-drug-reactions": null,
    "targets": null,
    "enzymes": null,
    "carriers": null,
    "transporters": null
}