{
    "type": "small molecule",
    "created": "2020-12-15",
    "updated": "2020-12-20",
    "drugbank-id": [
        {
            "primary": true,
            "value": "DB16296"
        }
    ],
    "name": "IPI-549",
    "description": "IPI-549 is under investigation in clinical trial NCT03795610 (Window of Opportunity Study of IPI-549 in Patients With Locally Advanced HPV+ and HPV- Head and Neck Squamous Cell Carcinoma).",
    "cas-number": "1693758-51-8",
    "unii": "FOF5155FMZ",
    "average-mass": 528.576,
    "monoisotopic-mass": 528.202222045,
    "groups": {
        "group": [
            "investigational"
        ]
    },
    "general-references": {
        "articles": null,
        "textbooks": null,
        "links": null,
        "attachments": null
    },
    "synthesis-reference": null,
    "indication": null,
    "pharmacodynamics": null,
    "mechanism-of-action": null,
    "toxicity": null,
    "metabolism": null,
    "absorption": null,
    "half-life": null,
    "protein-binding": null,
    "route-of-elimination": null,
    "volume-of-distribution": null,
    "clearance": null,
    "salts": null,
    "synonyms": {
        "synonym": [
            {
                "language": "english",
                "coder": "",
                "value": "Pi3k-gamma inhibitor ipi-549"
            }
        ]
    },
    "products": null,
    "international-brands": null,
    "mixtures": null,
    "packagers": null,
    "manufacturers": null,
    "prices": null,
    "categories": {
        "category": [
            {
                "category": "Heterocyclic Compounds, Fused-Ring",
                "mesh-id": "D000072471"
            }
        ]
    },
    "affected-organisms": null,
    "dosages": null,
    "atc-codes": null,
    "ahfs-codes": null,
    "pdb-entries": {
        "pdb-entry": [
            "6xrl",
            "7jwz"
        ]
    },
    "patents": null,
    "food-interactions": null,
    "drug-interactions": null,
    "calculated-properties": {
        "property": [
            {
                "kind": "logP",
                "value": "3.22",
                "source": "ALOGPS"
            },
            {
                "kind": "logS",
                "value": "-5",
                "source": "ALOGPS"
            },
            {
                "kind": "Water Solubility",
                "value": "5.50e-03 g/l",
                "source": "ALOGPS"
            },
            {
                "kind": "logP",
                "value": "3.99",
                "source": "ChemAxon"
            },
            {
                "kind": "IUPAC Name",
                "value": "2-amino-N-[(1S)-1-{8-[2-(1-methyl-1H-pyrazol-4-yl)ethynyl]-1-oxo-2-phenyl-1,2-dihydroisoquinolin-3-yl}ethyl]pyrazolo[1,5-a]pyrimidine-3-carboxamide",
                "source": "ChemAxon"
            },
            {
                "kind": "Traditional IUPAC Name",
                "value": "2-methoxy-4-[(1E)-3-[4-(nitrooxy)butoxy]-3-oxoprop-1-en-1-yl]phenyl (4R)-4-[(1R,3aS,3bR,4S,5aS,7R,9aS,9bS,11aR)-4,7-dihydroxy-9a,11a-dimethyl-tetradecahydro-1H-cyclopenta[a]phenanthren-1-yl]pentanoate",
                "source": "ChemAxon"
            },
            {
                "kind": "Molecular Weight",
                "value": "528.576",
                "source": "ChemAxon"
            },
            {
                "kind": "Monoisotopic Weight",
                "value": "528.202222045",
                "source": "ChemAxon"
            },
            {
                "kind": "SMILES",
                "value": "C[C@H](NC(=O)C1=C2N=CC=CN2N=C1N)C1=CC2=C(C(=O)N1C1=CC=CC=C1)C(=CC=C2)C#CC1=CN(C)N=C1",
                "source": "ChemAxon"
            },
            {
                "kind": "Molecular Formula",
                "value": "C30H24N8O2",
                "source": "ChemAxon"
            },
            {
                "kind": "InChI",
                "value": "InChI=1S/C30H24N8O2/c1-19(34-29(39)26-27(31)35-37-15-7-14-32-28(26)37)24-16-22-9-6-8-21(13-12-20-17-33-36(2)18-20)25(22)30(40)38(24)23-10-4-3-5-11-23/h3-11,14-19H,1-2H3,(H2,31,35)(H,34,39)/t19-/m0/s1",
                "source": "ChemAxon"
            },
            {
                "kind": "InChIKey",
                "value": "XUMALORDVCFWKV-IBGZPJMESA-N",
                "source": "ChemAxon"
            },
            {
                "kind": "Polar Surface Area (PSA)",
                "value": "123.44",
                "source": "ChemAxon"
            },
            {
                "kind": "Refractivity",
                "value": "171.13",
                "source": "ChemAxon"
            },
            {
                "kind": "Polarizability",
                "value": "55.49",
                "source": "ChemAxon"
            },
            {
                "kind": "Rotatable Bond Count",
                "value": "6",
                "source": "ChemAxon"
            },
            {
                "kind": "H Bond Acceptor Count",
                "value": "6",
                "source": "ChemAxon"
            },
            {
                "kind": "H Bond Donor Count",
                "value": "2",
                "source": "ChemAxon"
            },
            {
                "kind": "pKa (strongest acidic)",
                "value": "10.95",
                "source": "ChemAxon"
            },
            {
                "kind": "pKa (strongest basic)",
                "value": "2.26",
                "source": "ChemAxon"
            },
            {
                "kind": "Physiological Charge",
                "value": "0",
                "source": "ChemAxon"
            },
            {
                "kind": "Number of Rings",
                "value": "6",
                "source": "ChemAxon"
            },
            {
                "kind": "Bioavailability",
                "value": "1",
                "source": "ChemAxon"
            },
            {
                "kind": "Rule of Five",
                "value": "0",
                "source": "ChemAxon"
            },
            {
                "kind": "Ghose Filter",
                "value": "0",
                "source": "ChemAxon"
            },
            {
                "kind": "MDDR-Like Rule",
                "value": "1",
                "source": "ChemAxon"
            }
        ]
    },
    "experimental-properties": null,
    "external-identifiers": {
        "external-identifier": [
            {
                "resource": "ChemSpider",
                "identifier": "60600433"
            },
            {
                "resource": "PDB",
                "identifier": "V7Y"
            },
            {
                "resource": "Wikipedia",
                "identifier": "Eganelisib"
            },
            {
                "resource": "ChEMBL",
                "identifier": "CHEMBL3984425"
            },
            {
                "resource": "ZINC",
                "identifier": "ZINC000584906867"
            }
        ]
    },
    "external-links": null,
    "pathways": null,
    "reactions": null,
    "snp-effects": null,
    "snp-adverse-drug-reactions": null,
    "targets": null,
    "enzymes": null,
    "carriers": null,
    "transporters": null
}