{
    "type": "small molecule",
    "created": "2020-12-15",
    "updated": "2021-02-21",
    "drugbank-id": [
        {
            "primary": true,
            "value": "DB16100"
        }
    ],
    "name": "Axomadol",
    "description": "Axomadol is under investigation in clinical trial NCT01043263 (Efficacy and Safety of EN3324 (Axomadol) in Subjects With Chronic Low Back Pain).",
    "cas-number": "187219-99-4",
    "unii": "9J92U4CVS0",
    "average-mass": 279.38,
    "monoisotopic-mass": 279.183443669,
    "groups": {
        "group": [
            "investigational"
        ]
    },
    "general-references": {
        "articles": null,
        "textbooks": null,
        "links": null,
        "attachments": null
    },
    "synthesis-reference": null,
    "indication": null,
    "pharmacodynamics": null,
    "mechanism-of-action": null,
    "toxicity": null,
    "metabolism": null,
    "absorption": null,
    "half-life": null,
    "protein-binding": null,
    "route-of-elimination": null,
    "volume-of-distribution": null,
    "clearance": null,
    "salts": null,
    "synonyms": {
        "synonym": [
            {
                "language": "english",
                "coder": "inn/usan",
                "value": "Axomadol"
            },
            {
                "language": "english",
                "coder": "",
                "value": "Bn-110 free base"
            },
            {
                "language": "english",
                "coder": "",
                "value": "Bn110 free base"
            },
            {
                "language": "english",
                "coder": "",
                "value": "Grt-151 free base"
            },
            {
                "language": "english",
                "coder": "",
                "value": "Grt151 free base"
            }
        ]
    },
    "products": null,
    "international-brands": null,
    "mixtures": null,
    "packagers": null,
    "manufacturers": null,
    "prices": null,
    "categories": {
        "category": [
            {
                "category": "Alcohols",
                "mesh-id": "D000438"
            },
            {
                "category": "Cyclohexanes",
                "mesh-id": "D003510"
            },
            {
                "category": "Cycloparaffins",
                "mesh-id": "D003516"
            },
            {
                "category": "Fatty Alcohols",
                "mesh-id": "D005233"
            },
            {
                "category": "Hexanols",
                "mesh-id": "D000441"
            },
            {
                "category": "Lipids",
                "mesh-id": "D008055"
            }
        ]
    },
    "affected-organisms": null,
    "dosages": null,
    "atc-codes": null,
    "ahfs-codes": null,
    "pdb-entries": null,
    "patents": null,
    "food-interactions": null,
    "drug-interactions": null,
    "calculated-properties": {
        "property": [
            {
                "kind": "logP",
                "value": "1.7",
                "source": "ALOGPS"
            },
            {
                "kind": "logS",
                "value": "-1.7",
                "source": "ALOGPS"
            },
            {
                "kind": "Water Solubility",
                "value": "5.85e+00 g/l",
                "source": "ALOGPS"
            },
            {
                "kind": "logP",
                "value": "0.99",
                "source": "ChemAxon"
            },
            {
                "kind": "IUPAC Name",
                "value": "(1S,3S,6S)-6-[(dimethylamino)methyl]-1-(3-methoxyphenyl)cyclohexane-1,3-diol",
                "source": "ChemAxon"
            },
            {
                "kind": "Traditional IUPAC Name",
                "value": "2-methoxy-4-[(1E)-3-[4-(nitrooxy)butoxy]-3-oxoprop-1-en-1-yl]phenyl (4R)-4-[(1R,3aS,3bR,4S,5aS,7R,9aS,9bS,11aR)-4,7-dihydroxy-9a,11a-dimethyl-tetradecahydro-1H-cyclopenta[a]phenanthren-1-yl]pentanoate",
                "source": "ChemAxon"
            },
            {
                "kind": "Molecular Weight",
                "value": "279.38",
                "source": "ChemAxon"
            },
            {
                "kind": "Monoisotopic Weight",
                "value": "279.183443669",
                "source": "ChemAxon"
            },
            {
                "kind": "SMILES",
                "value": "COC1=CC=CC(=C1)[C@]1(O)C[C@@H](O)CC[C@H]1CN(C)C",
                "source": "ChemAxon"
            },
            {
                "kind": "Molecular Formula",
                "value": "C16H25NO3",
                "source": "ChemAxon"
            },
            {
                "kind": "InChI",
                "value": "InChI=1S/C16H25NO3/c1-17(2)11-13-7-8-14(18)10-16(13,19)12-5-4-6-15(9-12)20-3/h4-6,9,13-14,18-19H,7-8,10-11H2,1-3H3/t13-,14-,16+/m0/s1",
                "source": "ChemAxon"
            },
            {
                "kind": "InChIKey",
                "value": "LQJLLAOISDVBJM-OFQRWUPVSA-N",
                "source": "ChemAxon"
            },
            {
                "kind": "Polar Surface Area (PSA)",
                "value": "52.93",
                "source": "ChemAxon"
            },
            {
                "kind": "Refractivity",
                "value": "79.9",
                "source": "ChemAxon"
            },
            {
                "kind": "Polarizability",
                "value": "31.33",
                "source": "ChemAxon"
            },
            {
                "kind": "Rotatable Bond Count",
                "value": "4",
                "source": "ChemAxon"
            },
            {
                "kind": "H Bond Acceptor Count",
                "value": "4",
                "source": "ChemAxon"
            },
            {
                "kind": "H Bond Donor Count",
                "value": "2",
                "source": "ChemAxon"
            },
            {
                "kind": "pKa (strongest acidic)",
                "value": "13.7",
                "source": "ChemAxon"
            },
            {
                "kind": "pKa (strongest basic)",
                "value": "9.23",
                "source": "ChemAxon"
            },
            {
                "kind": "Physiological Charge",
                "value": "1",
                "source": "ChemAxon"
            },
            {
                "kind": "Number of Rings",
                "value": "2",
                "source": "ChemAxon"
            },
            {
                "kind": "Bioavailability",
                "value": "1",
                "source": "ChemAxon"
            },
            {
                "kind": "Rule of Five",
                "value": "1",
                "source": "ChemAxon"
            },
            {
                "kind": "Ghose Filter",
                "value": "1",
                "source": "ChemAxon"
            },
            {
                "kind": "MDDR-Like Rule",
                "value": "0",
                "source": "ChemAxon"
            }
        ]
    },
    "experimental-properties": null,
    "external-identifiers": {
        "external-identifier": [
            {
                "resource": "ChemSpider",
                "identifier": "28530643"
            },
            {
                "resource": "Wikipedia",
                "identifier": "Axomadol"
            }
        ]
    },
    "external-links": null,
    "pathways": null,
    "reactions": null,
    "snp-effects": null,
    "snp-adverse-drug-reactions": null,
    "targets": null,
    "enzymes": null,
    "carriers": null,
    "transporters": null
}