{
    "type": "small molecule",
    "created": "2021-02-01",
    "updated": "2021-05-05",
    "drugbank-id": [
        {
            "primary": true,
            "value": "DB16527"
        }
    ],
    "name": "Ethyl piperidinoacetylaminobenzoate",
    "description": null,
    "cas-number": "41653-21-8",
    "unii": "6M452G7O1F",
    "average-mass": 290.363,
    "monoisotopic-mass": 290.163042576,
    "groups": {
        "group": [
            "experimental"
        ]
    },
    "general-references": {
        "articles": null,
        "textbooks": null,
        "links": {
            "link": [
                {
                    "ref-id": "L33684",
                    "title": "FDA Thailand: Sulcain (Ethyl piperidinoacetylaminobenzoate, Magaldrate) Oral Tablet",
                    "url": "http://pertento.fda.moph.go.th/FDA_SEARCH_DRUG/SEARCH_DRUG/pop-up_drug_ex.aspx?Newcode=U1DR2A1022290116211C"
                }
            ]
        },
        "attachments": null
    },
    "synthesis-reference": null,
    "indication": null,
    "pharmacodynamics": null,
    "mechanism-of-action": null,
    "toxicity": null,
    "metabolism": null,
    "absorption": null,
    "half-life": null,
    "protein-binding": null,
    "route-of-elimination": null,
    "volume-of-distribution": null,
    "clearance": null,
    "salts": null,
    "synonyms": {
        "synonym": [
            {
                "language": "english",
                "coder": "",
                "value": "EPAB"
            },
            {
                "language": "english",
                "coder": "",
                "value": "Ethyl p-(piperidinoacetylamino)benzoate"
            },
            {
                "language": "english",
                "coder": "jan",
                "value": "Ethyl piperidinoacetylaminobenzoate"
            },
            {
                "language": "english",
                "coder": "",
                "value": "Sulcain"
            },
            {
                "language": "english",
                "coder": "",
                "value": "Sulcaine"
            }
        ]
    },
    "products": null,
    "international-brands": null,
    "mixtures": null,
    "packagers": null,
    "manufacturers": null,
    "prices": null,
    "categories": null,
    "affected-organisms": null,
    "dosages": {
        "dosage": [
            {
                "form": "Tablet",
                "route": null,
                "strength": null
            }
        ]
    },
    "atc-codes": null,
    "ahfs-codes": null,
    "pdb-entries": null,
    "patents": null,
    "food-interactions": null,
    "drug-interactions": null,
    "calculated-properties": {
        "property": [
            {
                "kind": "logP",
                "value": "2.31",
                "source": "ChemAxon"
            },
            {
                "kind": "IUPAC Name",
                "value": "ethyl 4-[2-(piperidin-1-yl)acetamido]benzoate",
                "source": "ChemAxon"
            },
            {
                "kind": "Traditional IUPAC Name",
                "value": "disodium dexamethasone phosphate(2-)",
                "source": "ChemAxon"
            },
            {
                "kind": "Molecular Weight",
                "value": "290.363",
                "source": "ChemAxon"
            },
            {
                "kind": "Monoisotopic Weight",
                "value": "290.163042576",
                "source": "ChemAxon"
            },
            {
                "kind": "SMILES",
                "value": "CCOC(=O)C1=CC=C(NC(=O)CN2CCCCC2)C=C1",
                "source": "ChemAxon"
            },
            {
                "kind": "Molecular Formula",
                "value": "C16H22N2O3",
                "source": "ChemAxon"
            },
            {
                "kind": "InChI",
                "value": "InChI=1S/C16H22N2O3/c1-2-21-16(20)13-6-8-14(9-7-13)17-15(19)12-18-10-4-3-5-11-18/h6-9H,2-5,10-12H2,1H3,(H,17,19)",
                "source": "ChemAxon"
            },
            {
                "kind": "InChIKey",
                "value": "QLGIFPJNYPWBMQ-UHFFFAOYSA-N",
                "source": "ChemAxon"
            },
            {
                "kind": "Polar Surface Area (PSA)",
                "value": "58.64",
                "source": "ChemAxon"
            },
            {
                "kind": "Refractivity",
                "value": "83.27",
                "source": "ChemAxon"
            },
            {
                "kind": "Polarizability",
                "value": "32.59",
                "source": "ChemAxon"
            },
            {
                "kind": "Rotatable Bond Count",
                "value": "6",
                "source": "ChemAxon"
            },
            {
                "kind": "H Bond Acceptor Count",
                "value": "3",
                "source": "ChemAxon"
            },
            {
                "kind": "H Bond Donor Count",
                "value": "1",
                "source": "ChemAxon"
            },
            {
                "kind": "pKa (strongest acidic)",
                "value": "12.81",
                "source": "ChemAxon"
            },
            {
                "kind": "pKa (strongest basic)",
                "value": "7.14",
                "source": "ChemAxon"
            },
            {
                "kind": "Physiological Charge",
                "value": "1",
                "source": "ChemAxon"
            },
            {
                "kind": "Number of Rings",
                "value": "2",
                "source": "ChemAxon"
            },
            {
                "kind": "Bioavailability",
                "value": "1",
                "source": "ChemAxon"
            },
            {
                "kind": "Rule of Five",
                "value": "1",
                "source": "ChemAxon"
            },
            {
                "kind": "Ghose Filter",
                "value": "1",
                "source": "ChemAxon"
            },
            {
                "kind": "MDDR-Like Rule",
                "value": "0",
                "source": "ChemAxon"
            }
        ]
    },
    "experimental-properties": null,
    "external-identifiers": {
        "external-identifier": [
            {
                "resource": "ChEBI",
                "identifier": "31576"
            },
            {
                "resource": "ChemSpider",
                "identifier": "3184"
            },
            {
                "resource": "ChEMBL",
                "identifier": "CHEMBL2106245"
            },
            {
                "resource": "ZINC",
                "identifier": "ZINC000000200489"
            }
        ]
    },
    "external-links": null,
    "pathways": null,
    "reactions": null,
    "snp-effects": null,
    "snp-adverse-drug-reactions": null,
    "targets": null,
    "enzymes": null,
    "carriers": null,
    "transporters": null
}