{
    "type": "small molecule",
    "created": "2020-12-15",
    "updated": "2021-02-21",
    "drugbank-id": [
        {
            "primary": true,
            "value": "DB16253"
        }
    ],
    "name": "Nemiralisib",
    "description": "Nemiralisib is under investigation in clinical trial NCT03345407 (Dose Finding Study of Nemiralisib (GSK2269557) in Subjects With an Acute Moderate or Severe Exacerbation of Chronic Obstructive Pulmonary Disease (COPD)).",
    "cas-number": "1254036-71-9",
    "unii": "OEP8JJ3OZR",
    "average-mass": 440.551,
    "monoisotopic-mass": 440.232459546,
    "groups": {
        "group": [
            "investigational"
        ]
    },
    "general-references": {
        "articles": null,
        "textbooks": null,
        "links": null,
        "attachments": null
    },
    "synthesis-reference": null,
    "indication": null,
    "pharmacodynamics": null,
    "mechanism-of-action": null,
    "toxicity": null,
    "metabolism": null,
    "absorption": null,
    "half-life": null,
    "protein-binding": null,
    "route-of-elimination": null,
    "volume-of-distribution": null,
    "clearance": null,
    "salts": null,
    "synonyms": {
        "synonym": [
            {
                "language": "english",
                "coder": "inn/usan",
                "value": "Nemiralisib"
            }
        ]
    },
    "products": null,
    "international-brands": null,
    "mixtures": null,
    "packagers": null,
    "manufacturers": null,
    "prices": null,
    "categories": {
        "category": [
            {
                "category": "Enzyme Inhibitors",
                "mesh-id": "D004791"
            },
            {
                "category": "Heterocyclic Compounds, Fused-Ring",
                "mesh-id": "D000072471"
            },
            {
                "category": "Protein Kinase Inhibitors",
                "mesh-id": "D047428"
            },
            {
                "category": "Pyrazoles",
                "mesh-id": "D011720"
            }
        ]
    },
    "affected-organisms": null,
    "dosages": null,
    "atc-codes": null,
    "ahfs-codes": null,
    "pdb-entries": {
        "pdb-entry": [
            "5ae8"
        ]
    },
    "patents": null,
    "food-interactions": null,
    "drug-interactions": null,
    "calculated-properties": {
        "property": [
            {
                "kind": "logP",
                "value": "3.79",
                "source": "ALOGPS"
            },
            {
                "kind": "logS",
                "value": "-3.9",
                "source": "ALOGPS"
            },
            {
                "kind": "Water Solubility",
                "value": "5.71e-02 g/l",
                "source": "ALOGPS"
            },
            {
                "kind": "logP",
                "value": "3.49",
                "source": "ChemAxon"
            },
            {
                "kind": "IUPAC Name",
                "value": "6-(1H-indol-4-yl)-4-(5-{[4-(propan-2-yl)piperazin-1-yl]methyl}-1,3-oxazol-2-yl)-1H-indazole",
                "source": "ChemAxon"
            },
            {
                "kind": "Traditional IUPAC Name",
                "value": "5-({4-[2-(3-methoxyphenyl)-2-oxoethoxy]phenyl}methyl)-1,3-thiazolidine-2,4-dione",
                "source": "ChemAxon"
            },
            {
                "kind": "Molecular Weight",
                "value": "440.551",
                "source": "ChemAxon"
            },
            {
                "kind": "Monoisotopic Weight",
                "value": "440.232459546",
                "source": "ChemAxon"
            },
            {
                "kind": "SMILES",
                "value": "CC(C)N1CCN(CC2=CN=C(O2)C2=CC(=CC3=C2C=NN3)C2=CC=CC3=C2C=CN3)CC1",
                "source": "ChemAxon"
            },
            {
                "kind": "Molecular Formula",
                "value": "C26H28N6O",
                "source": "ChemAxon"
            },
            {
                "kind": "InChI",
                "value": "InChI=1S/C26H28N6O/c1-17(2)32-10-8-31(9-11-32)16-19-14-28-26(33-19)22-12-18(13-25-23(22)15-29-30-25)20-4-3-5-24-21(20)6-7-27-24/h3-7,12-15,17,27H,8-11,16H2,1-2H3,(H,29,30)",
                "source": "ChemAxon"
            },
            {
                "kind": "InChIKey",
                "value": "MCIDWGZGWVSZMK-UHFFFAOYSA-N",
                "source": "ChemAxon"
            },
            {
                "kind": "Polar Surface Area (PSA)",
                "value": "76.98",
                "source": "ChemAxon"
            },
            {
                "kind": "Refractivity",
                "value": "141.74",
                "source": "ChemAxon"
            },
            {
                "kind": "Polarizability",
                "value": "50.16",
                "source": "ChemAxon"
            },
            {
                "kind": "Rotatable Bond Count",
                "value": "5",
                "source": "ChemAxon"
            },
            {
                "kind": "H Bond Acceptor Count",
                "value": "4",
                "source": "ChemAxon"
            },
            {
                "kind": "H Bond Donor Count",
                "value": "2",
                "source": "ChemAxon"
            },
            {
                "kind": "pKa (strongest acidic)",
                "value": "11.32",
                "source": "ChemAxon"
            },
            {
                "kind": "pKa (strongest basic)",
                "value": "7.82",
                "source": "ChemAxon"
            },
            {
                "kind": "Physiological Charge",
                "value": "1",
                "source": "ChemAxon"
            },
            {
                "kind": "Number of Rings",
                "value": "6",
                "source": "ChemAxon"
            },
            {
                "kind": "Bioavailability",
                "value": "1",
                "source": "ChemAxon"
            },
            {
                "kind": "Rule of Five",
                "value": "1",
                "source": "ChemAxon"
            },
            {
                "kind": "Ghose Filter",
                "value": "0",
                "source": "ChemAxon"
            },
            {
                "kind": "MDDR-Like Rule",
                "value": "0",
                "source": "ChemAxon"
            }
        ]
    },
    "experimental-properties": null,
    "external-identifiers": {
        "external-identifier": [
            {
                "resource": "ChemSpider",
                "identifier": "28651123"
            },
            {
                "resource": "BindingDB",
                "identifier": "50004529"
            },
            {
                "resource": "PDB",
                "identifier": "VVX"
            },
            {
                "resource": "ChEMBL",
                "identifier": "CHEMBL2216859"
            },
            {
                "resource": "ZINC",
                "identifier": "ZINC000095564436"
            }
        ]
    },
    "external-links": null,
    "pathways": null,
    "reactions": null,
    "snp-effects": null,
    "snp-adverse-drug-reactions": null,
    "targets": null,
    "enzymes": null,
    "carriers": null,
    "transporters": null
}