{
    "type": "small molecule",
    "created": "2020-12-15",
    "updated": "2021-02-21",
    "drugbank-id": [
        {
            "primary": true,
            "value": "DB16163"
        }
    ],
    "name": "Fasoracetam",
    "description": "Fasoracetam is under investigation in clinical trial NCT03609619 (PART B: Efficacy and Safety of AEVI-001 in Children and Adolescents With ADHD and Without Mglur Mutations).",
    "cas-number": "110958-19-5",
    "unii": "42O8UF5CJB",
    "average-mass": 196.25,
    "monoisotopic-mass": 196.121177763,
    "groups": {
        "group": [
            "investigational"
        ]
    },
    "general-references": {
        "articles": null,
        "textbooks": null,
        "links": null,
        "attachments": null
    },
    "synthesis-reference": null,
    "indication": null,
    "pharmacodynamics": null,
    "mechanism-of-action": null,
    "toxicity": null,
    "metabolism": null,
    "absorption": null,
    "half-life": null,
    "protein-binding": null,
    "route-of-elimination": null,
    "volume-of-distribution": null,
    "clearance": null,
    "salts": null,
    "synonyms": {
        "synonym": [
            {
                "language": "english",
                "coder": "inn",
                "value": "Fasoracetam"
            }
        ]
    },
    "products": null,
    "international-brands": null,
    "mixtures": null,
    "packagers": null,
    "manufacturers": null,
    "prices": null,
    "categories": {
        "category": [
            {
                "category": "Amino Acids",
                "mesh-id": "D000596"
            },
            {
                "category": "Amino Acids, Cyclic",
                "mesh-id": "D000598"
            },
            {
                "category": "Amino Acids, Peptides, and Proteins",
                "mesh-id": "D000602"
            },
            {
                "category": "Cognition",
                "mesh-id": "D003071"
            },
            {
                "category": "Imino Acids",
                "mesh-id": "D007098"
            }
        ]
    },
    "affected-organisms": null,
    "dosages": null,
    "atc-codes": null,
    "ahfs-codes": null,
    "pdb-entries": null,
    "patents": null,
    "food-interactions": null,
    "drug-interactions": null,
    "calculated-properties": {
        "property": [
            {
                "kind": "logP",
                "value": "0.27",
                "source": "ALOGPS"
            },
            {
                "kind": "logS",
                "value": "-0.26",
                "source": "ALOGPS"
            },
            {
                "kind": "Water Solubility",
                "value": "1.08e+02 g/l",
                "source": "ALOGPS"
            },
            {
                "kind": "logP",
                "value": "-0.4",
                "source": "ChemAxon"
            },
            {
                "kind": "IUPAC Name",
                "value": "(5R)-5-(piperidine-1-carbonyl)pyrrolidin-2-one",
                "source": "ChemAxon"
            },
            {
                "kind": "Traditional IUPAC Name",
                "value": "2-methoxy-4-[(1E)-3-[4-(nitrooxy)butoxy]-3-oxoprop-1-en-1-yl]phenyl (4R)-4-[(1R,3aS,3bR,4S,5aS,7R,9aS,9bS,11aR)-4,7-dihydroxy-9a,11a-dimethyl-tetradecahydro-1H-cyclopenta[a]phenanthren-1-yl]pentanoate",
                "source": "ChemAxon"
            },
            {
                "kind": "Molecular Weight",
                "value": "196.25",
                "source": "ChemAxon"
            },
            {
                "kind": "Monoisotopic Weight",
                "value": "196.121177763",
                "source": "ChemAxon"
            },
            {
                "kind": "SMILES",
                "value": "O=C([C@H]1CCC(=O)N1)N1CCCCC1",
                "source": "ChemAxon"
            },
            {
                "kind": "Molecular Formula",
                "value": "C10H16N2O2",
                "source": "ChemAxon"
            },
            {
                "kind": "InChI",
                "value": "InChI=1S/C10H16N2O2/c13-9-5-4-8(11-9)10(14)12-6-2-1-3-7-12/h8H,1-7H2,(H,11,13)/t8-/m1/s1",
                "source": "ChemAxon"
            },
            {
                "kind": "InChIKey",
                "value": "GOWRRBABHQUJMX-MRVPVSSYSA-N",
                "source": "ChemAxon"
            },
            {
                "kind": "Polar Surface Area (PSA)",
                "value": "49.41",
                "source": "ChemAxon"
            },
            {
                "kind": "Refractivity",
                "value": "51.85",
                "source": "ChemAxon"
            },
            {
                "kind": "Polarizability",
                "value": "20.69",
                "source": "ChemAxon"
            },
            {
                "kind": "Rotatable Bond Count",
                "value": "1",
                "source": "ChemAxon"
            },
            {
                "kind": "H Bond Acceptor Count",
                "value": "2",
                "source": "ChemAxon"
            },
            {
                "kind": "H Bond Donor Count",
                "value": "1",
                "source": "ChemAxon"
            },
            {
                "kind": "pKa (strongest acidic)",
                "value": "11.65",
                "source": "ChemAxon"
            },
            {
                "kind": "pKa (strongest basic)",
                "value": "-2.2",
                "source": "ChemAxon"
            },
            {
                "kind": "Physiological Charge",
                "value": "0",
                "source": "ChemAxon"
            },
            {
                "kind": "Number of Rings",
                "value": "2",
                "source": "ChemAxon"
            },
            {
                "kind": "Bioavailability",
                "value": "1",
                "source": "ChemAxon"
            },
            {
                "kind": "Rule of Five",
                "value": "1",
                "source": "ChemAxon"
            },
            {
                "kind": "Ghose Filter",
                "value": "1",
                "source": "ChemAxon"
            },
            {
                "kind": "MDDR-Like Rule",
                "value": "0",
                "source": "ChemAxon"
            }
        ]
    },
    "experimental-properties": null,
    "external-identifiers": {
        "external-identifier": [
            {
                "resource": "ChEBI",
                "identifier": "31592"
            },
            {
                "resource": "KEGG Compound",
                "identifier": "C13311"
            },
            {
                "resource": "ChemSpider",
                "identifier": "171980"
            },
            {
                "resource": "Wikipedia",
                "identifier": "Fasoracetam"
            },
            {
                "resource": "ChEMBL",
                "identifier": "CHEMBL2106179"
            },
            {
                "resource": "ZINC",
                "identifier": "ZINC000003779713"
            }
        ]
    },
    "external-links": null,
    "pathways": null,
    "reactions": null,
    "snp-effects": null,
    "snp-adverse-drug-reactions": null,
    "targets": null,
    "enzymes": null,
    "carriers": null,
    "transporters": null
}