{
    "type": "biotech",
    "created": "2020-12-15",
    "updated": "2021-02-21",
    "drugbank-id": [
        {
            "primary": true,
            "value": "DB16156"
        }
    ],
    "name": "Enapotamab vedotin",
    "description": "Enapotamab vedotin is under investigation in clinical trial NCT02988817 (Enapotamab Vedotin (Humax-axl-adc) Safety Study in Patients With Solid Tumors).",
    "cas-number": "1912424-97-5",
    "unii": "43HH4XYH2N",
    "groups": {
        "group": [
            "investigational"
        ]
    },
    "general-references": {
        "articles": null,
        "textbooks": null,
        "links": null,
        "attachments": null
    },
    "synthesis-reference": null,
    "indication": null,
    "pharmacodynamics": null,
    "mechanism-of-action": null,
    "toxicity": null,
    "metabolism": null,
    "absorption": null,
    "half-life": null,
    "protein-binding": null,
    "route-of-elimination": null,
    "volume-of-distribution": null,
    "clearance": null,
    "salts": null,
    "synonyms": {
        "synonym": [
            {
                "language": "english",
                "coder": "inn",
                "value": "Enapotamab vedotin"
            },
            {
                "language": "english",
                "coder": "",
                "value": "Humax axl adc"
            },
            {
                "language": "english",
                "coder": "",
                "value": "HuMax-AXL-ADC"
            },
            {
                "language": "english",
                "coder": "",
                "value": "Immunoglobulin g1, anti-(human growth factor receptor axl)(human humax-axl .gamma.1-chain), disulfide with human humax-axl .kappa.-chain, dimer tetrakis(thioether) with vedotin"
            }
        ]
    },
    "products": null,
    "international-brands": null,
    "mixtures": null,
    "packagers": null,
    "manufacturers": null,
    "prices": null,
    "categories": {
        "category": [
            {
                "category": "Antibody-drug Conjugates",
                "mesh-id": "D018796"
            }
        ]
    },
    "affected-organisms": null,
    "dosages": null,
    "atc-codes": null,
    "ahfs-codes": null,
    "pdb-entries": null,
    "patents": null,
    "food-interactions": null,
    "drug-interactions": null,
    "sequences": null,
    "experimental-properties": null,
    "external-identifiers": null,
    "external-links": null,
    "pathways": null,
    "reactions": null,
    "snp-effects": null,
    "snp-adverse-drug-reactions": null,
    "targets": null,
    "enzymes": null,
    "carriers": null,
    "transporters": null
}