{
    "type": "small molecule",
    "created": "2020-12-15",
    "updated": "2021-02-21",
    "drugbank-id": [
        {
            "primary": true,
            "value": "DB16344"
        }
    ],
    "name": "Tulrampator",
    "description": "Tulrampator is under investigation in clinical trial NCT02626572 (Efficacy and Safety of 3 Doses of S47445 Versus Placebo in Patients With Alzheimer's Disease at Mild to Moderate Stages With Depressive Symptoms).",
    "cas-number": "1038984-31-4",
    "unii": "7633T9D4LN",
    "average-mass": 380.379,
    "monoisotopic-mass": 380.128468586,
    "groups": {
        "group": [
            "investigational"
        ]
    },
    "general-references": {
        "articles": null,
        "textbooks": null,
        "links": null,
        "attachments": null
    },
    "synthesis-reference": null,
    "indication": null,
    "pharmacodynamics": null,
    "mechanism-of-action": null,
    "toxicity": null,
    "metabolism": null,
    "absorption": null,
    "half-life": null,
    "protein-binding": null,
    "route-of-elimination": null,
    "volume-of-distribution": null,
    "clearance": null,
    "salts": null,
    "synonyms": {
        "synonym": [
            {
                "language": "english",
                "coder": "inn",
                "value": "Tulrampator"
            }
        ]
    },
    "products": null,
    "international-brands": null,
    "mixtures": null,
    "packagers": null,
    "manufacturers": null,
    "prices": null,
    "categories": null,
    "affected-organisms": null,
    "dosages": null,
    "atc-codes": null,
    "ahfs-codes": null,
    "pdb-entries": null,
    "patents": null,
    "food-interactions": null,
    "drug-interactions": null,
    "calculated-properties": {
        "property": [
            {
                "kind": "logP",
                "value": "2.91",
                "source": "ALOGPS"
            },
            {
                "kind": "logS",
                "value": "-4.3",
                "source": "ALOGPS"
            },
            {
                "kind": "Water Solubility",
                "value": "2.01e-02 g/l",
                "source": "ALOGPS"
            },
            {
                "kind": "logP",
                "value": "3.71",
                "source": "ChemAxon"
            },
            {
                "kind": "IUPAC Name",
                "value": "13-cyclopropyl-6-[2-(3-fluorophenyl)ethyl]-11-oxa-4,5,6,13-tetraazatricyclo[8.4.0.0^{3,8}]tetradeca-1(10),2,4,8-tetraene-7,14-dione",
                "source": "ChemAxon"
            },
            {
                "kind": "Traditional IUPAC Name",
                "value": "revaprazan",
                "source": "ChemAxon"
            },
            {
                "kind": "Molecular Weight",
                "value": "380.379",
                "source": "ChemAxon"
            },
            {
                "kind": "Monoisotopic Weight",
                "value": "380.128468586",
                "source": "ChemAxon"
            },
            {
                "kind": "SMILES",
                "value": "FC1=CC=CC(CCN2N=NC3=CC4=C(OCN(C5CC5)C4=O)C=C3C2=O)=C1",
                "source": "ChemAxon"
            },
            {
                "kind": "Molecular Formula",
                "value": "C20H17FN4O3",
                "source": "ChemAxon"
            },
            {
                "kind": "InChI",
                "value": "InChI=1S/C20H17FN4O3/c21-13-3-1-2-12(8-13)6-7-25-20(27)15-10-18-16(9-17(15)22-23-25)19(26)24(11-28-18)14-4-5-14/h1-3,8-10,14H,4-7,11H2",
                "source": "ChemAxon"
            },
            {
                "kind": "InChIKey",
                "value": "JHCFQXNWYDLBOG-UHFFFAOYSA-N",
                "source": "ChemAxon"
            },
            {
                "kind": "Polar Surface Area (PSA)",
                "value": "74.57",
                "source": "ChemAxon"
            },
            {
                "kind": "Refractivity",
                "value": "103.05",
                "source": "ChemAxon"
            },
            {
                "kind": "Polarizability",
                "value": "38.51",
                "source": "ChemAxon"
            },
            {
                "kind": "Rotatable Bond Count",
                "value": "4",
                "source": "ChemAxon"
            },
            {
                "kind": "H Bond Acceptor Count",
                "value": "5",
                "source": "ChemAxon"
            },
            {
                "kind": "H Bond Donor Count",
                "value": "0",
                "source": "ChemAxon"
            },
            {
                "kind": "pKa (strongest basic)",
                "value": "-2.3",
                "source": "ChemAxon"
            },
            {
                "kind": "Physiological Charge",
                "value": "0",
                "source": "ChemAxon"
            },
            {
                "kind": "Number of Rings",
                "value": "5",
                "source": "ChemAxon"
            },
            {
                "kind": "Bioavailability",
                "value": "1",
                "source": "ChemAxon"
            },
            {
                "kind": "Rule of Five",
                "value": "1",
                "source": "ChemAxon"
            },
            {
                "kind": "Ghose Filter",
                "value": "1",
                "source": "ChemAxon"
            },
            {
                "kind": "MDDR-Like Rule",
                "value": "0",
                "source": "ChemAxon"
            }
        ]
    },
    "experimental-properties": null,
    "external-identifiers": {
        "external-identifier": [
            {
                "resource": "ChemSpider",
                "identifier": "26354919"
            },
            {
                "resource": "Wikipedia",
                "identifier": "Tulrampator"
            },
            {
                "resource": "ChEMBL",
                "identifier": "CHEMBL1276826"
            },
            {
                "resource": "ZINC",
                "identifier": "ZINC000064447868"
            }
        ]
    },
    "external-links": null,
    "pathways": null,
    "reactions": null,
    "snp-effects": null,
    "snp-adverse-drug-reactions": null,
    "targets": null,
    "enzymes": null,
    "carriers": null,
    "transporters": null
}