{
    "type": "biotech",
    "created": "2021-02-07",
    "updated": "2021-02-13",
    "drugbank-id": [
        {
            "primary": true,
            "value": "DB16555"
        }
    ],
    "name": "Lactoferrin",
    "description": "Lactoferrin is under investigation in clinical trial NCT03748043 (The Effectiveness of Lactoferrin in Treatment of Iron Deficiency Anemia in Children With Chronic Tonsillitis).",
    "cas-number": "151186-19-5",
    "unii": null,
    "groups": {
        "group": [
            "investigational"
        ]
    },
    "general-references": {
        "articles": null,
        "textbooks": null,
        "links": null,
        "attachments": null
    },
    "synthesis-reference": null,
    "indication": null,
    "pharmacodynamics": null,
    "mechanism-of-action": null,
    "toxicity": null,
    "metabolism": null,
    "absorption": null,
    "half-life": null,
    "protein-binding": null,
    "route-of-elimination": null,
    "volume-of-distribution": null,
    "clearance": null,
    "salts": null,
    "synonyms": {
        "synonym": [
            {
                "language": "english",
                "coder": "",
                "value": "Lactotransferrin"
            }
        ]
    },
    "products": null,
    "international-brands": null,
    "mixtures": null,
    "packagers": null,
    "manufacturers": null,
    "prices": null,
    "categories": {
        "category": [
            {
                "category": "Amino Acids, Peptides, and Proteins",
                "mesh-id": "D000602"
            },
            {
                "category": "Animal Proteins, Dietary",
                "mesh-id": "D000080224"
            },
            {
                "category": "Anti-Infective Agents",
                "mesh-id": "D000890"
            },
            {
                "category": "Bodily Secretions",
                "mesh-id": "D012634"
            },
            {
                "category": "Carrier Proteins",
                "mesh-id": "D002352"
            },
            {
                "category": "Dietary Proteins",
                "mesh-id": "D004044"
            },
            {
                "category": "Endopeptidases",
                "mesh-id": "D010450"
            },
            {
                "category": "Enzymes",
                "mesh-id": "D004798"
            },
            {
                "category": "Enzymes and Coenzymes",
                "mesh-id": "D045762"
            },
            {
                "category": "Globulins",
                "mesh-id": "D005916"
            },
            {
                "category": "Glycoproteins",
                "mesh-id": "D006023"
            },
            {
                "category": "Hydrolases",
                "mesh-id": "D006867"
            },
            {
                "category": "Iron-Binding Proteins",
                "mesh-id": "D033862"
            },
            {
                "category": "Lactoferrin",
                "mesh-id": "D007781"
            },
            {
                "category": "Lactoglobulins",
                "mesh-id": "D007782"
            },
            {
                "category": "Metalloproteins",
                "mesh-id": "D008667"
            },
            {
                "category": "Milk Proteins",
                "mesh-id": "D008894"
            },
            {
                "category": "Peptide Hydrolases",
                "mesh-id": "D010447"
            },
            {
                "category": "Proteins",
                "mesh-id": "D011506"
            },
            {
                "category": "Serine Endopeptidases",
                "mesh-id": "D012697"
            },
            {
                "category": "Serine Proteases",
                "mesh-id": "D057057"
            },
            {
                "category": "Transferrins",
                "mesh-id": "D061250"
            },
            {
                "category": "Whey Proteins",
                "mesh-id": "D000067816"
            }
        ]
    },
    "affected-organisms": null,
    "dosages": null,
    "atc-codes": null,
    "ahfs-codes": null,
    "pdb-entries": null,
    "patents": null,
    "food-interactions": null,
    "drug-interactions": null,
    "sequences": null,
    "experimental-properties": null,
    "external-identifiers": {
        "external-identifier": [
            {
                "resource": "Wikipedia",
                "identifier": "Lactoferrin"
            },
            {
                "resource": "RxCUI",
                "identifier": "1425933"
            }
        ]
    },
    "external-links": null,
    "pathways": null,
    "reactions": null,
    "snp-effects": null,
    "snp-adverse-drug-reactions": null,
    "targets": null,
    "enzymes": null,
    "carriers": null,
    "transporters": null
}