{
    "type": "small molecule",
    "created": "2021-01-21",
    "updated": "2021-12-23",
    "drugbank-id": [
        {
            "primary": true,
            "value": "DB16449"
        }
    ],
    "name": "Tin protoporphyrin IX",
    "description": null,
    "cas-number": "14325-05-4",
    "unii": "DIO3JT9G2P",
    "average-mass": 785.71,
    "monoisotopic-mass": 785.051664,
    "groups": {
        "group": [
            "investigational"
        ]
    },
    "general-references": {
        "articles": {
            "article": [
                {
                    "ref-id": "A227160",
                    "pubmed-id": "3186333",
                    "citation": "Nagae H, Keino H, Watanabe K, Kashiwamata S: Pharmacological and biological effects of tin-protoporphyrin on neonatal hyperbilirubinemic Gunn rats. Pediatr Res. 1988 Aug;24(2):209-12. doi: 10.1203/00006450-198808000-00014."
                },
                {
                    "ref-id": "A227165",
                    "pubmed-id": "28586635",
                    "citation": "Johnson ACM, Delrow JJ, Zager RA: Tin protoporphyrin activates the oxidant-dependent NRF2-cytoprotective pathway and mitigates acute kidney injury. Transl Res. 2017 Aug;186:1-18. doi: 10.1016/j.trsl.2017.05.005. Epub 2017 May 19."
                },
                {
                    "ref-id": "A227170",
                    "pubmed-id": "29738777",
                    "citation": "Pibiri M, Leoni VP, Atzori L: Heme oxygenase-1 inhibitor tin-protoporphyrin improves liver regeneration after partial hepatectomy. Life Sci. 2018 Jul 1;204:9-14. doi: 10.1016/j.lfs.2018.05.011. Epub 2018 May 5."
                },
                {
                    "ref-id": "A227175",
                    "pubmed-id": "29955082",
                    "citation": "Neris RLS, Figueiredo CM, Higa LM, Araujo DF, Carvalho CAM, Vercoza BRF, Silva MOL, Carneiro FA, Tanuri A, Gomes AMO, Bozza MT, Da Poian AT, Cruz-Oliveira C, Assuncao-Miranda I: Co-protoporphyrin IX and Sn-protoporphyrin IX inactivate Zika, Chikungunya and other arboviruses by targeting the viral envelope. Sci Rep. 2018 Jun 28;8(1):9805. doi: 10.1038/s41598-018-27855-7."
                }
            ]
        },
        "textbooks": null,
        "links": null,
        "attachments": null
    },
    "synthesis-reference": null,
    "indication": null,
    "pharmacodynamics": null,
    "mechanism-of-action": "SnPP is a competitive inhibitor of heme oxygenase, an enzyme which degrades heme to bilirubin, prevents the development of hyperbilirubinemia, and reduces bilirubin levels in plasma. This compound is also found to directly inactivate DENV and YFV infectious particles and has the potential to have antiviral activity against numerous organisms.",
    "toxicity": null,
    "metabolism": null,
    "absorption": null,
    "half-life": null,
    "protein-binding": null,
    "route-of-elimination": null,
    "volume-of-distribution": null,
    "clearance": null,
    "salts": null,
    "synonyms": {
        "synonym": [
            {
                "language": "english",
                "coder": "",
                "value": "Sn Protoporphyrin"
            },
            {
                "language": "english",
                "coder": "",
                "value": "Sn-heme"
            },
            {
                "language": "english",
                "coder": "",
                "value": "SnPP"
            },
            {
                "language": "english",
                "coder": "",
                "value": "SnPP Protoporphyrin"
            },
            {
                "language": "english",
                "coder": "",
                "value": "Tin protoporphyrin IX"
            }
        ]
    },
    "products": null,
    "international-brands": null,
    "mixtures": null,
    "packagers": null,
    "manufacturers": null,
    "prices": null,
    "categories": {
        "category": [
            {
                "category": "Biological Factors",
                "mesh-id": "D001685"
            },
            {
                "category": "Coordination Complexes",
                "mesh-id": "D056831"
            },
            {
                "category": "Enzyme Inhibitors",
                "mesh-id": "D004791"
            },
            {
                "category": "Experimental Unapproved Treatments for COVID-19",
                "mesh-id": null
            },
            {
                "category": "Heme Oxygenase (Decyclizing), antagonists & inhibitors",
                "mesh-id": null
            },
            {
                "category": "Heterocyclic Compounds, Fused-Ring",
                "mesh-id": "D000072471"
            },
            {
                "category": "Pigments, Biological",
                "mesh-id": "D010860"
            },
            {
                "category": "Porphyrins",
                "mesh-id": "D011166"
            }
        ]
    },
    "affected-organisms": null,
    "dosages": null,
    "atc-codes": null,
    "ahfs-codes": null,
    "pdb-entries": null,
    "patents": null,
    "food-interactions": null,
    "drug-interactions": null,
    "calculated-properties": {
        "property": [
            {
                "kind": "logP",
                "value": "5.67",
                "source": "ALOGPS"
            },
            {
                "kind": "logS",
                "value": "-5.1",
                "source": "ALOGPS"
            },
            {
                "kind": "Water Solubility",
                "value": "5.96e-03 g/l",
                "source": "ALOGPS"
            },
            {
                "kind": "Molecular Weight",
                "value": "785.71",
                "source": "ChemAxon"
            },
            {
                "kind": "Monoisotopic Weight",
                "value": "785.051664",
                "source": "ChemAxon"
            },
            {
                "kind": "SMILES",
                "value": "[Cl-].[Cl-].[Sn+4].CC1=C(CCC([O-])=O)/C2=C/C3=N/C(=C\\C4=C(C)C(C=C)=C(N4)/C=C4\\N=C(\\C=C\\1/N\\2)C(C=C)=C4C)/C(C)=C3CCC([O-])=O",
                "source": "ChemAxon"
            },
            {
                "kind": "Molecular Formula",
                "value": "C34H32Cl3N4O4Sn",
                "source": "ChemAxon"
            },
            {
                "kind": "InChI",
                "value": "InChI=1S/C34H34N4O4.2ClH.Sn/c1-7-21-17(3)25-13-26-19(5)23(9-11-33(39)40)31(37-26)16-32-24(10-12-34(41)42)20(6)28(38-32)15-30-22(8-2)18(4)27(36-30)14-29(21)35-25;;;/h7-8,13-16,35,38H,1-2,9-12H2,3-6H3,(H,39,40)(H,41,42);2*1H;/q;;;+4/p-4/b25-13-,26-13-,27-14-,28-15-,29-14-,30-15-,31-16-,32-16-;;;",
                "source": "ChemAxon"
            },
            {
                "kind": "InChIKey",
                "value": "KXYSGXXTXAHPIX-UHEVNVKKSA-J",
                "source": "ChemAxon"
            },
            {
                "kind": "Rule of Five",
                "value": "0",
                "source": "ChemAxon"
            },
            {
                "kind": "Ghose Filter",
                "value": "0",
                "source": "ChemAxon"
            }
        ]
    },
    "experimental-properties": null,
    "external-identifiers": {
        "external-identifier": [
            {
                "resource": "ChemSpider",
                "identifier": "81367143"
            }
        ]
    },
    "external-links": null,
    "pathways": null,
    "reactions": null,
    "snp-effects": null,
    "snp-adverse-drug-reactions": null,
    "targets": null,
    "enzymes": null,
    "carriers": null,
    "transporters": null
}