{
    "type": "biotech",
    "created": "2021-01-18",
    "updated": "2021-01-18",
    "drugbank-id": [
        {
            "primary": true,
            "value": "DB16442"
        }
    ],
    "name": "BNT162b3",
    "description": "The BNT162b3 vaccine is the latest addition to BioNTech and partner Pfizer’s mRNA COVID-19 vaccine program. Similar to [BNT162b2], BNT162b3 uses a nucleoside-modified RNA (modRNA) technology. Pfizer and BioNTech deemed this compound as promising in preclinical trials and have decided to initiate further testing of it. As such, BNT162b3 has entered a phase I/II study in early September 2020 (NCT04537949).",
    "cas-number": null,
    "unii": "I74C16KK3J",
    "groups": {
        "group": [
            "investigational"
        ]
    },
    "general-references": {
        "articles": null,
        "textbooks": null,
        "links": {
            "link": [
                {
                    "ref-id": "L30643",
                    "title": "FIERCE Biotech: Pfizer, BioNTech 'quietly' usher a 5th COVID-19 jab into the clinic: analyst",
                    "url": "https://www.fiercebiotech.com/biotech/pfizer-biontech-quietly-usher-a-5th-covid-19-jab-into-clinic-analyst"
                },
                {
                    "ref-id": "L30648",
                    "title": "citybizlist: Pfizer's Latest Stealthy Move Could Help It Win the Coronavirus Vaccine Race",
                    "url": "https://newyork.citybizlist.com/article/628052/pfizers-latest-stealthy-move-could-help-it-win-the-coronavirus-vaccine-race"
                }
            ]
        },
        "attachments": null
    },
    "synthesis-reference": null,
    "indication": null,
    "pharmacodynamics": null,
    "mechanism-of-action": null,
    "toxicity": null,
    "metabolism": null,
    "absorption": null,
    "half-life": null,
    "protein-binding": null,
    "route-of-elimination": null,
    "volume-of-distribution": null,
    "clearance": null,
    "salts": null,
    "synonyms": null,
    "products": null,
    "international-brands": null,
    "mixtures": null,
    "packagers": null,
    "manufacturers": null,
    "prices": null,
    "categories": null,
    "affected-organisms": null,
    "dosages": null,
    "atc-codes": null,
    "ahfs-codes": null,
    "pdb-entries": null,
    "patents": null,
    "food-interactions": null,
    "drug-interactions": null,
    "sequences": null,
    "experimental-properties": null,
    "external-identifiers": null,
    "external-links": null,
    "pathways": null,
    "reactions": null,
    "snp-effects": null,
    "snp-adverse-drug-reactions": null,
    "targets": null,
    "enzymes": null,
    "carriers": null,
    "transporters": null
}