{
    "type": "small molecule",
    "created": "2020-12-15",
    "updated": "2020-12-20",
    "drugbank-id": [
        {
            "primary": true,
            "value": "DB16152"
        }
    ],
    "name": "VEGFR2-169",
    "description": "VEGFR2-169 is under investigation in clinical trial NCT00655785 (Antiangiogenic Peptide Vaccine Therapy With Gemcitabine in Treating Patient With Pancreatic Cancer (Phase1/2)).",
    "cas-number": "673478-49-4",
    "unii": "S68632MB2G",
    "average-mass": 1073.224,
    "monoisotopic-mass": 1072.577776571,
    "groups": {
        "group": [
            "investigational"
        ]
    },
    "general-references": {
        "articles": null,
        "textbooks": null,
        "links": null,
        "attachments": null
    },
    "synthesis-reference": null,
    "indication": null,
    "pharmacodynamics": null,
    "mechanism-of-action": null,
    "toxicity": null,
    "metabolism": null,
    "absorption": null,
    "half-life": null,
    "protein-binding": null,
    "route-of-elimination": null,
    "volume-of-distribution": null,
    "clearance": null,
    "salts": null,
    "synonyms": {
        "synonym": [
            {
                "language": "english",
                "coder": "",
                "value": "Elpamotide"
            },
            {
                "language": "english",
                "coder": "",
                "value": "Vegfr2-169 peptide vaccine"
            }
        ]
    },
    "products": null,
    "international-brands": null,
    "mixtures": null,
    "packagers": null,
    "manufacturers": null,
    "prices": null,
    "categories": {
        "category": [
            {
                "category": "Amino Acids, Peptides, and Proteins",
                "mesh-id": "D000602"
            },
            {
                "category": "Cancer Vaccines",
                "mesh-id": "D019496"
            },
            {
                "category": "Enzymes",
                "mesh-id": "D004798"
            },
            {
                "category": "Enzymes and Coenzymes",
                "mesh-id": "D045762"
            },
            {
                "category": "Intracellular Signaling Peptides and Proteins",
                "mesh-id": "D047908"
            },
            {
                "category": "Membrane Proteins",
                "mesh-id": "D008565"
            },
            {
                "category": "Peptides",
                "mesh-id": "D010455"
            },
            {
                "category": "Phosphotransferases",
                "mesh-id": "D010770"
            },
            {
                "category": "Phosphotransferases (Alcohol Group Acceptor)",
                "mesh-id": "D017853"
            },
            {
                "category": "Protein Kinases",
                "mesh-id": "D011494"
            },
            {
                "category": "Protein-Tyrosine Kinases",
                "mesh-id": "D011505"
            },
            {
                "category": "Proteins",
                "mesh-id": "D011506"
            },
            {
                "category": "Receptor Protein-Tyrosine Kinases",
                "mesh-id": "D020794"
            },
            {
                "category": "Receptors, Growth Factor",
                "mesh-id": "D017978"
            },
            {
                "category": "Receptors, Peptide",
                "mesh-id": "D018000"
            },
            {
                "category": "Receptors, Vascular Endothelial Growth Factor",
                "mesh-id": "D040262"
            },
            {
                "category": "Transferases",
                "mesh-id": "D014166"
            },
            {
                "category": "Vaccines, Subunit",
                "mesh-id": "D022223"
            }
        ]
    },
    "affected-organisms": null,
    "dosages": null,
    "atc-codes": null,
    "ahfs-codes": null,
    "pdb-entries": null,
    "patents": null,
    "food-interactions": null,
    "drug-interactions": null,
    "calculated-properties": {
        "property": [
            {
                "kind": "logP",
                "value": "-1.9",
                "source": "ALOGPS"
            },
            {
                "kind": "logS",
                "value": "-4.6",
                "source": "ALOGPS"
            },
            {
                "kind": "Water Solubility",
                "value": "2.77e-02 g/l",
                "source": "ALOGPS"
            },
            {
                "kind": "logP",
                "value": "-8.5",
                "source": "ChemAxon"
            },
            {
                "kind": "IUPAC Name",
                "value": "(2S,3S)-2-[(2S)-2-[(2S)-2-{2-[(2S)-2-{[(2S)-1-[(2S)-2-[(2S)-2-[(2S)-2-amino-5-carbamimidamidopentanamido]-3-phenylpropanamido]-3-methylbutanoyl]pyrrolidin-2-yl]formamido}-3-carboxypropanamido]acetamido}-3-carbamoylpropanamido]-5-carbamimidamidopentanamido]-3-methylpentanoic acid",
                "source": "ChemAxon"
            },
            {
                "kind": "Traditional IUPAC Name",
                "value": "5-({4-[2-(3-methoxyphenyl)-2-oxoethoxy]phenyl}methyl)-1,3-thiazolidine-2,4-dione",
                "source": "ChemAxon"
            },
            {
                "kind": "Molecular Weight",
                "value": "1073.224",
                "source": "ChemAxon"
            },
            {
                "kind": "Monoisotopic Weight",
                "value": "1072.577776571",
                "source": "ChemAxon"
            },
            {
                "kind": "SMILES",
                "value": "CC[C@H](C)[C@H](NC(=O)[C@H](CCCNC(N)=N)NC(=O)[C@H](CC(N)=O)NC(=O)CNC(=O)[C@H](CC(O)=O)NC(=O)[C@@H]1CCCN1C(=O)[C@@H](NC(=O)[C@H](CC1=CC=CC=C1)NC(=O)[C@@H](N)CCCNC(N)=N)C(C)C)C(O)=O",
                "source": "ChemAxon"
            },
            {
                "kind": "Molecular Formula",
                "value": "C47H76N16O13",
                "source": "ChemAxon"
            },
            {
                "kind": "InChI",
                "value": "InChI=1S/C47H76N16O13/c1-5-25(4)37(45(75)76)62-40(70)28(15-10-18-55-47(52)53)58-41(71)30(21-33(49)64)57-34(65)23-56-39(69)31(22-35(66)67)60-43(73)32-16-11-19-63(32)44(74)36(24(2)3)61-42(72)29(20-26-12-7-6-8-13-26)59-38(68)27(48)14-9-17-54-46(50)51/h6-8,12-13,24-25,27-32,36-37H,5,9-11,14-23,48H2,1-4H3,(H2,49,64)(H,56,69)(H,57,65)(H,58,71)(H,59,68)(H,60,73)(H,61,72)(H,62,70)(H,66,67)(H,75,76)(H4,50,51,54)(H4,52,53,55)/t25-,27-,28-,29-,30-,31-,32-,36-,37-/m0/s1",
                "source": "ChemAxon"
            },
            {
                "kind": "InChIKey",
                "value": "ZAJHBCDPAUKEPU-GIKXZWSFSA-N",
                "source": "ChemAxon"
            },
            {
                "kind": "Polar Surface Area (PSA)",
                "value": "491.52",
                "source": "ChemAxon"
            },
            {
                "kind": "Refractivity",
                "value": "290.03",
                "source": "ChemAxon"
            },
            {
                "kind": "Polarizability",
                "value": "108.81",
                "source": "ChemAxon"
            },
            {
                "kind": "Rotatable Bond Count",
                "value": "33",
                "source": "ChemAxon"
            },
            {
                "kind": "H Bond Acceptor Count",
                "value": "20",
                "source": "ChemAxon"
            },
            {
                "kind": "H Bond Donor Count",
                "value": "17",
                "source": "ChemAxon"
            },
            {
                "kind": "pKa (strongest acidic)",
                "value": "3.25",
                "source": "ChemAxon"
            },
            {
                "kind": "pKa (strongest basic)",
                "value": "12.47",
                "source": "ChemAxon"
            },
            {
                "kind": "Physiological Charge",
                "value": "1",
                "source": "ChemAxon"
            },
            {
                "kind": "Number of Rings",
                "value": "2",
                "source": "ChemAxon"
            },
            {
                "kind": "Bioavailability",
                "value": "0",
                "source": "ChemAxon"
            },
            {
                "kind": "Rule of Five",
                "value": "0",
                "source": "ChemAxon"
            },
            {
                "kind": "Ghose Filter",
                "value": "0",
                "source": "ChemAxon"
            },
            {
                "kind": "MDDR-Like Rule",
                "value": "0",
                "source": "ChemAxon"
            }
        ]
    },
    "experimental-properties": null,
    "external-identifiers": {
        "external-identifier": [
            {
                "resource": "ChemSpider",
                "identifier": "30790862"
            }
        ]
    },
    "external-links": null,
    "pathways": null,
    "reactions": null,
    "snp-effects": null,
    "snp-adverse-drug-reactions": null,
    "targets": null,
    "enzymes": null,
    "carriers": null,
    "transporters": null
}