{
    "type": "small molecule",
    "created": "2020-12-15",
    "updated": "2021-02-21",
    "drugbank-id": [
        {
            "primary": true,
            "value": "DB16189"
        }
    ],
    "name": "Ibezapolstat",
    "description": "Ibezapolstat is under investigation in clinical trial NCT04247542 (ACX-362E [Ibezapolstat] for Oral Treatment of Clostridioides Difficile Infection).",
    "cas-number": "1275582-97-2",
    "unii": "5K543KNC5P",
    "average-mass": 423.3,
    "monoisotopic-mass": 422.1024793,
    "groups": {
        "group": [
            "investigational"
        ]
    },
    "general-references": {
        "articles": null,
        "textbooks": null,
        "links": null,
        "attachments": null
    },
    "synthesis-reference": null,
    "indication": null,
    "pharmacodynamics": null,
    "mechanism-of-action": null,
    "toxicity": null,
    "metabolism": null,
    "absorption": null,
    "half-life": null,
    "protein-binding": null,
    "route-of-elimination": null,
    "volume-of-distribution": null,
    "clearance": null,
    "salts": null,
    "synonyms": {
        "synonym": [
            {
                "language": "english",
                "coder": "inn/usan",
                "value": "Ibezapolstat"
            }
        ]
    },
    "products": null,
    "international-brands": null,
    "mixtures": null,
    "packagers": null,
    "manufacturers": null,
    "prices": null,
    "categories": null,
    "affected-organisms": null,
    "dosages": null,
    "atc-codes": null,
    "ahfs-codes": null,
    "pdb-entries": null,
    "patents": null,
    "food-interactions": null,
    "drug-interactions": null,
    "calculated-properties": {
        "property": [
            {
                "kind": "logP",
                "value": "2.19",
                "source": "ALOGPS"
            },
            {
                "kind": "logS",
                "value": "-3.3",
                "source": "ALOGPS"
            },
            {
                "kind": "Water Solubility",
                "value": "2.16e-01 g/l",
                "source": "ALOGPS"
            },
            {
                "kind": "logP",
                "value": "2.64",
                "source": "ChemAxon"
            },
            {
                "kind": "IUPAC Name",
                "value": "2-{[(3,4-dichlorophenyl)methyl]amino}-7-[2-(morpholin-4-yl)ethyl]-6,7-dihydro-3H-purin-6-one",
                "source": "ChemAxon"
            },
            {
                "kind": "Traditional IUPAC Name",
                "value": "2-methoxy-4-[(1E)-3-[4-(nitrooxy)butoxy]-3-oxoprop-1-en-1-yl]phenyl (4R)-4-[(1R,3aS,3bR,4S,5aS,7R,9aS,9bS,11aR)-4,7-dihydroxy-9a,11a-dimethyl-tetradecahydro-1H-cyclopenta[a]phenanthren-1-yl]pentanoate",
                "source": "ChemAxon"
            },
            {
                "kind": "Molecular Weight",
                "value": "423.3",
                "source": "ChemAxon"
            },
            {
                "kind": "Monoisotopic Weight",
                "value": "422.1024793",
                "source": "ChemAxon"
            },
            {
                "kind": "SMILES",
                "value": "ClC1=C(Cl)C=C(CNC2=NC(=O)C3=C(N2)N=CN3CCN2CCOCC2)C=C1",
                "source": "ChemAxon"
            },
            {
                "kind": "Molecular Formula",
                "value": "C18H20Cl2N6O2",
                "source": "ChemAxon"
            },
            {
                "kind": "InChI",
                "value": "InChI=1S/C18H20Cl2N6O2/c19-13-2-1-12(9-14(13)20)10-21-18-23-16-15(17(27)24-18)26(11-22-16)4-3-25-5-7-28-8-6-25/h1-2,9,11H,3-8,10H2,(H2,21,23,24,27)",
                "source": "ChemAxon"
            },
            {
                "kind": "InChIKey",
                "value": "DEGSGBKTODESHH-UHFFFAOYSA-N",
                "source": "ChemAxon"
            },
            {
                "kind": "Polar Surface Area (PSA)",
                "value": "83.78",
                "source": "ChemAxon"
            },
            {
                "kind": "Refractivity",
                "value": "109.89",
                "source": "ChemAxon"
            },
            {
                "kind": "Polarizability",
                "value": "43.16",
                "source": "ChemAxon"
            },
            {
                "kind": "Rotatable Bond Count",
                "value": "6",
                "source": "ChemAxon"
            },
            {
                "kind": "H Bond Acceptor Count",
                "value": "7",
                "source": "ChemAxon"
            },
            {
                "kind": "H Bond Donor Count",
                "value": "2",
                "source": "ChemAxon"
            },
            {
                "kind": "pKa (strongest acidic)",
                "value": "13",
                "source": "ChemAxon"
            },
            {
                "kind": "pKa (strongest basic)",
                "value": "6.1",
                "source": "ChemAxon"
            },
            {
                "kind": "Physiological Charge",
                "value": "0",
                "source": "ChemAxon"
            },
            {
                "kind": "Number of Rings",
                "value": "4",
                "source": "ChemAxon"
            },
            {
                "kind": "Bioavailability",
                "value": "1",
                "source": "ChemAxon"
            },
            {
                "kind": "Rule of Five",
                "value": "1",
                "source": "ChemAxon"
            },
            {
                "kind": "Ghose Filter",
                "value": "1",
                "source": "ChemAxon"
            },
            {
                "kind": "MDDR-Like Rule",
                "value": "1",
                "source": "ChemAxon"
            }
        ]
    },
    "experimental-properties": null,
    "external-identifiers": {
        "external-identifier": [
            {
                "resource": "ChemSpider",
                "identifier": "78316804"
            }
        ]
    },
    "external-links": null,
    "pathways": null,
    "reactions": null,
    "snp-effects": null,
    "snp-adverse-drug-reactions": null,
    "targets": null,
    "enzymes": null,
    "carriers": null,
    "transporters": null
}