{
    "type": "small molecule",
    "created": "2020-12-15",
    "updated": "2021-02-21",
    "drugbank-id": [
        {
            "primary": true,
            "value": "DB16213"
        }
    ],
    "name": "Ladostigil",
    "description": "Ladostigil is under investigation in clinical trial NCT01429623 (A 3 Year Study to Evaluate the Safety and Efficacy of Low Dose Ladostigil in Patients With Mild Cognitive Impairment).",
    "cas-number": "209394-27-4",
    "unii": "SW3H1USR4Q",
    "average-mass": 272.348,
    "monoisotopic-mass": 272.152477892,
    "groups": {
        "group": [
            "investigational"
        ]
    },
    "general-references": {
        "articles": null,
        "textbooks": null,
        "links": null,
        "attachments": null
    },
    "synthesis-reference": null,
    "indication": null,
    "pharmacodynamics": null,
    "mechanism-of-action": null,
    "toxicity": null,
    "metabolism": null,
    "absorption": null,
    "half-life": null,
    "protein-binding": null,
    "route-of-elimination": null,
    "volume-of-distribution": null,
    "clearance": null,
    "salts": null,
    "synonyms": {
        "synonym": [
            {
                "language": "english",
                "coder": "inn",
                "value": "Ladostigil"
            },
            {
                "language": "english",
                "coder": "",
                "value": "Tv-3326 free base"
            }
        ]
    },
    "products": null,
    "international-brands": null,
    "mixtures": null,
    "packagers": null,
    "manufacturers": null,
    "prices": null,
    "categories": {
        "category": [
            {
                "category": "Indenes",
                "mesh-id": "D007192"
            }
        ]
    },
    "affected-organisms": null,
    "dosages": null,
    "atc-codes": null,
    "ahfs-codes": null,
    "pdb-entries": null,
    "patents": null,
    "food-interactions": null,
    "drug-interactions": null,
    "calculated-properties": {
        "property": [
            {
                "kind": "logP",
                "value": "2",
                "source": "ALOGPS"
            },
            {
                "kind": "logS",
                "value": "-4",
                "source": "ALOGPS"
            },
            {
                "kind": "Water Solubility",
                "value": "2.55e-02 g/l",
                "source": "ALOGPS"
            },
            {
                "kind": "logP",
                "value": "2.38",
                "source": "ChemAxon"
            },
            {
                "kind": "IUPAC Name",
                "value": "(3R)-3-[(prop-2-yn-1-yl)amino]-2,3-dihydro-1H-inden-5-yl N-ethyl-N-methylcarbamate",
                "source": "ChemAxon"
            },
            {
                "kind": "Traditional IUPAC Name",
                "value": "2-methoxy-4-[(1E)-3-[4-(nitrooxy)butoxy]-3-oxoprop-1-en-1-yl]phenyl (4R)-4-[(1R,3aS,3bR,4S,5aS,7R,9aS,9bS,11aR)-4,7-dihydroxy-9a,11a-dimethyl-tetradecahydro-1H-cyclopenta[a]phenanthren-1-yl]pentanoate",
                "source": "ChemAxon"
            },
            {
                "kind": "Molecular Weight",
                "value": "272.348",
                "source": "ChemAxon"
            },
            {
                "kind": "Monoisotopic Weight",
                "value": "272.152477892",
                "source": "ChemAxon"
            },
            {
                "kind": "SMILES",
                "value": "CCN(C)C(=O)OC1=CC2=C(CC[C@H]2NCC#C)C=C1",
                "source": "ChemAxon"
            },
            {
                "kind": "Molecular Formula",
                "value": "C16H20N2O2",
                "source": "ChemAxon"
            },
            {
                "kind": "InChI",
                "value": "InChI=1S/C16H20N2O2/c1-4-10-17-15-9-7-12-6-8-13(11-14(12)15)20-16(19)18(3)5-2/h1,6,8,11,15,17H,5,7,9-10H2,2-3H3/t15-/m1/s1",
                "source": "ChemAxon"
            },
            {
                "kind": "InChIKey",
                "value": "LHXOCOHMBFOVJS-OAHLLOKOSA-N",
                "source": "ChemAxon"
            },
            {
                "kind": "Polar Surface Area (PSA)",
                "value": "41.57",
                "source": "ChemAxon"
            },
            {
                "kind": "Refractivity",
                "value": "78.82",
                "source": "ChemAxon"
            },
            {
                "kind": "Polarizability",
                "value": "30.78",
                "source": "ChemAxon"
            },
            {
                "kind": "Rotatable Bond Count",
                "value": "5",
                "source": "ChemAxon"
            },
            {
                "kind": "H Bond Acceptor Count",
                "value": "2",
                "source": "ChemAxon"
            },
            {
                "kind": "H Bond Donor Count",
                "value": "1",
                "source": "ChemAxon"
            },
            {
                "kind": "pKa (strongest basic)",
                "value": "8.16",
                "source": "ChemAxon"
            },
            {
                "kind": "Physiological Charge",
                "value": "1",
                "source": "ChemAxon"
            },
            {
                "kind": "Number of Rings",
                "value": "2",
                "source": "ChemAxon"
            },
            {
                "kind": "Bioavailability",
                "value": "1",
                "source": "ChemAxon"
            },
            {
                "kind": "Rule of Five",
                "value": "1",
                "source": "ChemAxon"
            },
            {
                "kind": "Ghose Filter",
                "value": "1",
                "source": "ChemAxon"
            },
            {
                "kind": "MDDR-Like Rule",
                "value": "0",
                "source": "ChemAxon"
            }
        ]
    },
    "experimental-properties": null,
    "external-identifiers": {
        "external-identifier": [
            {
                "resource": "ChemSpider",
                "identifier": "181005"
            },
            {
                "resource": "Wikipedia",
                "identifier": "Ladostigil"
            },
            {
                "resource": "ChEMBL",
                "identifier": "CHEMBL255231"
            },
            {
                "resource": "ZINC",
                "identifier": "ZINC000027623417"
            }
        ]
    },
    "external-links": null,
    "pathways": null,
    "reactions": null,
    "snp-effects": null,
    "snp-adverse-drug-reactions": null,
    "targets": null,
    "enzymes": null,
    "carriers": null,
    "transporters": null
}