{
    "type": "small molecule",
    "created": "2021-02-05",
    "updated": "2021-05-05",
    "drugbank-id": [
        {
            "primary": true,
            "value": "DB16554"
        }
    ],
    "name": "Metadoxine",
    "description": null,
    "cas-number": "74536-44-0",
    "unii": "EJQ7M98H5J",
    "average-mass": 298.295,
    "monoisotopic-mass": 298.116486308,
    "groups": {
        "group": [
            "experimental"
        ]
    },
    "general-references": {
        "articles": null,
        "textbooks": null,
        "links": {
            "link": [
                {
                    "ref-id": "L33654",
                    "title": "AIFA: Metadoxil (Metadoxine) Oral Solution, Oral Tablet, and Intramuscular and Intravenous Injection",
                    "url": "https://farmaci.agenziafarmaco.gov.it/aifa/servlet/PdfDownloadServlet?pdfFileName=footer_000522_025316_FI.pdf&retry=0&sys=m0b1l3"
                }
            ]
        },
        "attachments": null
    },
    "synthesis-reference": null,
    "indication": null,
    "pharmacodynamics": null,
    "mechanism-of-action": null,
    "toxicity": null,
    "metabolism": null,
    "absorption": null,
    "half-life": null,
    "protein-binding": null,
    "route-of-elimination": null,
    "volume-of-distribution": null,
    "clearance": null,
    "salts": null,
    "synonyms": {
        "synonym": [
            {
                "language": "english",
                "coder": "",
                "value": "Pyridoxine mixture with Pyrrolidonecarboxylic Acid"
            },
            {
                "language": "english",
                "coder": "",
                "value": "Pyridoxine pyroglutamate"
            }
        ]
    },
    "products": null,
    "international-brands": null,
    "mixtures": null,
    "packagers": null,
    "manufacturers": null,
    "prices": null,
    "categories": {
        "category": [
            {
                "category": "Alcohol Deterrents",
                "mesh-id": "D000427"
            },
            {
                "category": "Alimentary Tract and Metabolism",
                "mesh-id": null
            },
            {
                "category": "Amino Acids",
                "mesh-id": "D000596"
            },
            {
                "category": "Amino Acids, Acidic",
                "mesh-id": "D024342"
            },
            {
                "category": "Amino Acids, Cyclic",
                "mesh-id": "D000598"
            },
            {
                "category": "Amino Acids, Peptides, and Proteins",
                "mesh-id": "D000602"
            },
            {
                "category": "Bile and Liver Therapy",
                "mesh-id": null
            },
            {
                "category": "Central Nervous System Agents",
                "mesh-id": "D002491"
            },
            {
                "category": "Glutamates",
                "mesh-id": "D005971"
            },
            {
                "category": "Imino Acids",
                "mesh-id": "D007098"
            },
            {
                "category": "Liver Therapy",
                "mesh-id": null
            },
            {
                "category": "Liver Therapy, Lipotropics",
                "mesh-id": null
            },
            {
                "category": "Pharmaceutical Preparations",
                "mesh-id": "D004364"
            },
            {
                "category": "Picolines",
                "mesh-id": "D010847"
            },
            {
                "category": "Pyridines",
                "mesh-id": "D011725"
            },
            {
                "category": "Pyrrolidines",
                "mesh-id": "D011759"
            },
            {
                "category": "Pyrrolidinones",
                "mesh-id": "D011760"
            },
            {
                "category": "Vitamin B Complex",
                "mesh-id": "D014803"
            },
            {
                "category": "Vitamins",
                "mesh-id": "D014815"
            }
        ]
    },
    "affected-organisms": null,
    "dosages": {
        "dosage": [
            {
                "form": "Injection, solution",
                "route": "Intramuscular; Intravenous",
                "strength": null
            },
            {
                "form": "Solution",
                "route": "Oral",
                "strength": "500 MG/15ML"
            },
            {
                "form": "Tablet",
                "route": "Oral",
                "strength": null
            },
            {
                "form": "Tablet",
                "route": "Oral",
                "strength": "500 mg"
            }
        ]
    },
    "atc-codes": {
        "atc-code": [
            {
                "code": "A05BA09",
                "level": [
                    {
                        "code": "A05BA",
                        "value": "Liver therapy"
                    },
                    {
                        "code": "A05B",
                        "value": "LIVER THERAPY, LIPOTROPICS"
                    },
                    {
                        "code": "A05",
                        "value": "BILE AND LIVER THERAPY"
                    },
                    {
                        "code": "A",
                        "value": "ALIMENTARY TRACT AND METABOLISM"
                    }
                ]
            }
        ]
    },
    "ahfs-codes": null,
    "pdb-entries": null,
    "patents": null,
    "food-interactions": null,
    "drug-interactions": null,
    "calculated-properties": {
        "property": [
            {
                "kind": "logP",
                "value": "-0.95",
                "source": "ChemAxon"
            },
            {
                "kind": "IUPAC Name",
                "value": "(2S)-5-oxopyrrolidine-2-carboxylic acid; 4,5-bis(hydroxymethyl)-2-methylpyridin-3-ol",
                "source": "ChemAxon"
            },
            {
                "kind": "Traditional IUPAC Name",
                "value": "N-demethyldiltiazem",
                "source": "ChemAxon"
            },
            {
                "kind": "Molecular Weight",
                "value": "298.295",
                "source": "ChemAxon"
            },
            {
                "kind": "Monoisotopic Weight",
                "value": "298.116486308",
                "source": "ChemAxon"
            },
            {
                "kind": "SMILES",
                "value": "OC(=O)[C@@H]1CCC(=O)N1.CC1=NC=C(CO)C(CO)=C1O",
                "source": "ChemAxon"
            },
            {
                "kind": "Molecular Formula",
                "value": "C13H18N2O6",
                "source": "ChemAxon"
            },
            {
                "kind": "InChI",
                "value": "InChI=1S/C8H11NO3.C5H7NO3/c1-5-8(12)7(4-11)6(3-10)2-9-5;7-4-2-1-3(6-4)5(8)9/h2,10-12H,3-4H2,1H3;3H,1-2H2,(H,6,7)(H,8,9)/t;3-/m.0/s1",
                "source": "ChemAxon"
            },
            {
                "kind": "InChIKey",
                "value": "RYKKQQUKJJGFMN-HVDRVSQOSA-N",
                "source": "ChemAxon"
            },
            {
                "kind": "Polar Surface Area (PSA)",
                "value": "73.58",
                "source": "ChemAxon"
            },
            {
                "kind": "Refractivity",
                "value": "44.11",
                "source": "ChemAxon"
            },
            {
                "kind": "Polarizability",
                "value": "17.12",
                "source": "ChemAxon"
            },
            {
                "kind": "Rotatable Bond Count",
                "value": "3",
                "source": "ChemAxon"
            },
            {
                "kind": "H Bond Acceptor Count",
                "value": "4",
                "source": "ChemAxon"
            },
            {
                "kind": "H Bond Donor Count",
                "value": "3",
                "source": "ChemAxon"
            },
            {
                "kind": "pKa (strongest acidic)",
                "value": "9.4",
                "source": "ChemAxon"
            },
            {
                "kind": "pKa (strongest basic)",
                "value": "5.58",
                "source": "ChemAxon"
            },
            {
                "kind": "Physiological Charge",
                "value": "0",
                "source": "ChemAxon"
            },
            {
                "kind": "Number of Rings",
                "value": "2",
                "source": "ChemAxon"
            },
            {
                "kind": "Bioavailability",
                "value": "1",
                "source": "ChemAxon"
            },
            {
                "kind": "Rule of Five",
                "value": "1",
                "source": "ChemAxon"
            },
            {
                "kind": "Ghose Filter",
                "value": "0",
                "source": "ChemAxon"
            },
            {
                "kind": "MDDR-Like Rule",
                "value": "0",
                "source": "ChemAxon"
            }
        ]
    },
    "experimental-properties": null,
    "external-identifiers": {
        "external-identifier": [
            {
                "resource": "ChemSpider",
                "identifier": "103074"
            },
            {
                "resource": "Wikipedia",
                "identifier": "Metadoxine"
            }
        ]
    },
    "external-links": null,
    "pathways": null,
    "reactions": null,
    "snp-effects": null,
    "snp-adverse-drug-reactions": null,
    "targets": null,
    "enzymes": null,
    "carriers": null,
    "transporters": null
}