{
    "type": "biotech",
    "created": "2020-12-15",
    "updated": "2021-02-21",
    "drugbank-id": [
        {
            "primary": true,
            "value": "DB16322"
        }
    ],
    "name": "Sabatolimab",
    "description": "Sabatolimab is under investigation in clinical trial NCT03946670 (A Study of MBG453 in Combination With Hypomethylating Agents in Subjects With IPSS-R Intermediate, High or Very High Risk Myelodysplastic Syndrome (MDS).).",
    "cas-number": "2252262-24-9",
    "unii": "3L7R886Y06",
    "groups": {
        "group": [
            "investigational"
        ]
    },
    "general-references": {
        "articles": null,
        "textbooks": null,
        "links": null,
        "attachments": null
    },
    "synthesis-reference": null,
    "indication": null,
    "pharmacodynamics": null,
    "mechanism-of-action": null,
    "toxicity": null,
    "metabolism": null,
    "absorption": null,
    "half-life": null,
    "protein-binding": null,
    "route-of-elimination": null,
    "volume-of-distribution": null,
    "clearance": null,
    "salts": null,
    "synonyms": {
        "synonym": [
            {
                "language": "english",
                "coder": "",
                "value": "Anti-tim-3 monoclonal antibody mbg453"
            },
            {
                "language": "english",
                "coder": "",
                "value": "Anti-tim3 checkpoint inhibitor mbg453"
            },
            {
                "language": "english",
                "coder": "",
                "value": "Immunoglobulin g4 (226-proline,de-c-terminal-lysine), anti-(human hepatitis virus a cellular receptor 2) (human-mus musculus monoclonal clone nvs260714 .gamma.4-chain), disulfide with human-mus musculus monoclonal clone nvs260714 .kappa.-chain, dimer"
            },
            {
                "language": "english",
                "coder": "",
                "value": "Immunoglobulin g4-kappa, anti-(homo sapiens havcr2 (hepatitis a virus cellular receptor 2, t-cell immunoglobulin mucin family member 3, tim-3, tim3, timd3, cd366)), humanized monoclonal antibody"
            },
            {
                "language": "english",
                "coder": "inn",
                "value": "Sabatolimab"
            }
        ]
    },
    "products": null,
    "international-brands": null,
    "mixtures": null,
    "packagers": null,
    "manufacturers": null,
    "prices": null,
    "categories": null,
    "affected-organisms": null,
    "dosages": null,
    "atc-codes": null,
    "ahfs-codes": null,
    "pdb-entries": null,
    "patents": null,
    "food-interactions": null,
    "drug-interactions": null,
    "sequences": null,
    "experimental-properties": null,
    "external-identifiers": null,
    "external-links": null,
    "pathways": null,
    "reactions": null,
    "snp-effects": null,
    "snp-adverse-drug-reactions": null,
    "targets": null,
    "enzymes": null,
    "carriers": null,
    "transporters": null
}