{
    "type": "biotech",
    "created": "2021-02-26",
    "updated": "2021-03-18",
    "drugbank-id": [
        {
            "primary": true,
            "value": "DB16626"
        }
    ],
    "name": "Tyrosinase",
    "description": "Tyrosinase is a multi-copper-containing multifunctional metalloenzyme with 4 possible oxidation states.[A231829, A231834, A231839] It is responsible for producing melanin pigment across the phylogenetic spectrum.[A231829, A231834, A231839]\r\n\r\nWithin mammals, tyrosinase is found specifically in melanocytes in a glycosylated form and plays a critical role in regulating the process of melanin biosynthesis (also known as melanogenesis).[A231829, A231839] It is recognized as being the main enzyme responsible for enzymatic browning and melanogenesis in mammals, thus causing undesired browning of fruits and vegetables and diseases resulting from melanin overproduction.[A231829]",
    "cas-number": "9002-10-2",
    "unii": "G2UX40NTG9",
    "groups": {
        "group": [
            "investigational"
        ]
    },
    "general-references": {
        "articles": {
            "article": [
                {
                    "ref-id": "A231829",
                    "pubmed-id": "30734608",
                    "citation": "Zolghadri S, Bahrami A, Hassan Khan MT, Munoz-Munoz J, Garcia-Molina F, Garcia-Canovas F, Saboury AA: A comprehensive review on tyrosinase inhibitors. J Enzyme Inhib Med Chem. 2019 Dec;34(1):279-309. doi: 10.1080/14756366.2018.1545767."
                },
                {
                    "ref-id": "A231834",
                    "pubmed-id": "24656803",
                    "citation": "Ramsden CA, Riley PA: Tyrosinase: the four oxidation states of the active site and their relevance to enzymatic activation, oxidation and inactivation. Bioorg Med Chem. 2014 Apr 15;22(8):2388-95. doi: 10.1016/j.bmc.2014.02.048. Epub 2014 Mar 4."
                },
                {
                    "ref-id": "A231839",
                    "pubmed-id": "3125075",
                    "citation": "Hearing VJ, Jimenez M: Mammalian tyrosinase--the critical regulatory control point in melanocyte pigmentation. Int J Biochem. 1987;19(12):1141-7. doi: 10.1016/0020-711x(87)90095-4."
                }
            ]
        },
        "textbooks": null,
        "links": null,
        "attachments": null
    },
    "synthesis-reference": null,
    "indication": null,
    "pharmacodynamics": null,
    "mechanism-of-action": "During melanogenesis, tyrosinase acts as a rate-limiting enzyme.[A231829]",
    "toxicity": null,
    "metabolism": null,
    "absorption": null,
    "half-life": null,
    "protein-binding": null,
    "route-of-elimination": null,
    "volume-of-distribution": null,
    "clearance": null,
    "classification": {
        "description": null,
        "direct-parent": "Peptides",
        "kingdom": "Organic Compounds",
        "superclass": "Organic Acids",
        "class": "Carboxylic Acids and Derivatives",
        "subclass": "Amino Acids, Peptides, and Analogues"
    },
    "salts": null,
    "synonyms": {
        "synonym": [
            {
                "language": "english",
                "coder": "",
                "value": "Monophenol monooxygenase"
            },
            {
                "language": "english",
                "coder": "",
                "value": "Tumor rejection antigen AB"
            }
        ]
    },
    "products": null,
    "international-brands": null,
    "mixtures": null,
    "packagers": null,
    "manufacturers": null,
    "prices": null,
    "categories": {
        "category": [
            {
                "category": "Catechol Oxidase",
                "mesh-id": "D004156"
            },
            {
                "category": "Enzymes",
                "mesh-id": "D004798"
            },
            {
                "category": "Enzymes and Coenzymes",
                "mesh-id": "D045762"
            },
            {
                "category": "Mixed Function Oxygenases",
                "mesh-id": "D006899"
            },
            {
                "category": "Monophenol Monooxygenase",
                "mesh-id": "D014442"
            },
            {
                "category": "Monophenol Monooxygenase, antagonists & inhibitors",
                "mesh-id": null
            },
            {
                "category": "Monophenol Monooxygenase, drug effects",
                "mesh-id": null
            },
            {
                "category": "Oxidoreductases",
                "mesh-id": "D010088"
            },
            {
                "category": "Oxygenases",
                "mesh-id": "D010105"
            }
        ]
    },
    "affected-organisms": null,
    "dosages": null,
    "atc-codes": null,
    "ahfs-codes": null,
    "pdb-entries": null,
    "patents": null,
    "food-interactions": null,
    "drug-interactions": null,
    "sequences": null,
    "experimental-properties": null,
    "external-identifiers": {
        "external-identifier": [
            {
                "resource": "Wikipedia",
                "identifier": "Tyrosinase"
            }
        ]
    },
    "external-links": null,
    "pathways": null,
    "reactions": null,
    "snp-effects": null,
    "snp-adverse-drug-reactions": null,
    "targets": null,
    "enzymes": null,
    "carriers": null,
    "transporters": null
}