{
    "type": "small molecule",
    "created": "2020-12-15",
    "updated": "2021-02-24",
    "drugbank-id": [
        {
            "primary": true,
            "value": "DB16335"
        }
    ],
    "name": "Sulopenem etzadroxil",
    "description": "Sulopenem etzadroxil is under investigation in clinical trial NCT03354598 (Oral Sulopenem-etzadroxil/probenecid Versus Ciprofloxacin for Uncomplicated Urinary Tract Infection in Adult Women).",
    "cas-number": "1000296-70-7",
    "unii": "492M3I304T",
    "average-mass": 477.61,
    "monoisotopic-mass": 477.094965735,
    "groups": {
        "group": [
            "investigational"
        ]
    },
    "general-references": {
        "articles": null,
        "textbooks": null,
        "links": null,
        "attachments": null
    },
    "synthesis-reference": null,
    "indication": null,
    "pharmacodynamics": null,
    "mechanism-of-action": null,
    "toxicity": null,
    "metabolism": null,
    "absorption": null,
    "half-life": null,
    "protein-binding": null,
    "route-of-elimination": null,
    "volume-of-distribution": null,
    "clearance": null,
    "salts": null,
    "synonyms": {
        "synonym": [
            {
                "language": "english",
                "coder": "usan",
                "value": "Sulopenem etzadroxil"
            }
        ]
    },
    "products": null,
    "international-brands": null,
    "mixtures": null,
    "packagers": null,
    "manufacturers": null,
    "prices": null,
    "categories": null,
    "affected-organisms": null,
    "dosages": null,
    "atc-codes": null,
    "ahfs-codes": null,
    "pdb-entries": null,
    "patents": null,
    "food-interactions": null,
    "drug-interactions": null,
    "calculated-properties": {
        "property": [
            {
                "kind": "logP",
                "value": "1.57",
                "source": "ALOGPS"
            },
            {
                "kind": "logS",
                "value": "-2.6",
                "source": "ALOGPS"
            },
            {
                "kind": "Water Solubility",
                "value": "1.29e+00 g/l",
                "source": "ALOGPS"
            },
            {
                "kind": "logP",
                "value": "1.05",
                "source": "ChemAxon"
            },
            {
                "kind": "IUPAC Name",
                "value": "(1R,3S)-3-{[(5R,6S)-2-({[(2-ethylbutanoyl)oxy]methoxy}carbonyl)-6-[(1R)-1-hydroxyethyl]-7-oxo-4-thia-1-azabicyclo[3.2.0]hept-2-en-3-yl]sulfanyl}thiolan-1-ium-1-olate",
                "source": "ChemAxon"
            },
            {
                "kind": "Traditional IUPAC Name",
                "value": "revaprazan",
                "source": "ChemAxon"
            },
            {
                "kind": "Molecular Weight",
                "value": "477.61",
                "source": "ChemAxon"
            },
            {
                "kind": "Monoisotopic Weight",
                "value": "477.094965735",
                "source": "ChemAxon"
            },
            {
                "kind": "SMILES",
                "value": "[H][C@]12SC(S[C@H]3CC[S@@+]([O-])C3)=C(N1C(=O)[C@]2([H])[C@@H](C)O)C(=O)OCOC(=O)C(CC)CC",
                "source": "ChemAxon"
            },
            {
                "kind": "Molecular Formula",
                "value": "C19H27NO7S3",
                "source": "ChemAxon"
            },
            {
                "kind": "InChI",
                "value": "InChI=1S/C19H27NO7S3/c1-4-11(5-2)17(23)26-9-27-18(24)14-19(28-12-6-7-30(25)8-12)29-16-13(10(3)21)15(22)20(14)16/h10-13,16,21H,4-9H2,1-3H3/t10-,12+,13+,16-,30-/m1/s1",
                "source": "ChemAxon"
            },
            {
                "kind": "InChIKey",
                "value": "NBPVNGWRLGHULH-CSOWVJSESA-N",
                "source": "ChemAxon"
            },
            {
                "kind": "Polar Surface Area (PSA)",
                "value": "110.21",
                "source": "ChemAxon"
            },
            {
                "kind": "Refractivity",
                "value": "126.97",
                "source": "ChemAxon"
            },
            {
                "kind": "Polarizability",
                "value": "49.03",
                "source": "ChemAxon"
            },
            {
                "kind": "Rotatable Bond Count",
                "value": "11",
                "source": "ChemAxon"
            },
            {
                "kind": "H Bond Acceptor Count",
                "value": "5",
                "source": "ChemAxon"
            },
            {
                "kind": "H Bond Donor Count",
                "value": "1",
                "source": "ChemAxon"
            },
            {
                "kind": "pKa (strongest acidic)",
                "value": "14.84",
                "source": "ChemAxon"
            },
            {
                "kind": "pKa (strongest basic)",
                "value": "-2.8",
                "source": "ChemAxon"
            },
            {
                "kind": "Physiological Charge",
                "value": "0",
                "source": "ChemAxon"
            },
            {
                "kind": "Number of Rings",
                "value": "3",
                "source": "ChemAxon"
            },
            {
                "kind": "Bioavailability",
                "value": "1",
                "source": "ChemAxon"
            },
            {
                "kind": "Rule of Five",
                "value": "1",
                "source": "ChemAxon"
            },
            {
                "kind": "Ghose Filter",
                "value": "1",
                "source": "ChemAxon"
            },
            {
                "kind": "MDDR-Like Rule",
                "value": "1",
                "source": "ChemAxon"
            }
        ]
    },
    "experimental-properties": null,
    "external-identifiers": {
        "external-identifier": [
            {
                "resource": "ChemSpider",
                "identifier": "30790976"
            },
            {
                "resource": "ZINC",
                "identifier": "ZINC000056898865"
            }
        ]
    },
    "external-links": null,
    "pathways": null,
    "reactions": null,
    "snp-effects": null,
    "snp-adverse-drug-reactions": null,
    "targets": null,
    "enzymes": null,
    "carriers": null,
    "transporters": null
}