{
    "type": "small molecule",
    "created": "2021-02-11",
    "updated": "2021-05-05",
    "drugbank-id": [
        {
            "primary": true,
            "value": "DB16587"
        }
    ],
    "name": "Molybdate Mo-99",
    "description": null,
    "cas-number": "72826-31-4",
    "unii": "7608GL58YX",
    "average-mass": 162.905,
    "monoisotopic-mass": 162.888467238,
    "groups": {
        "group": [
            "experimental"
        ]
    },
    "general-references": {
        "articles": null,
        "textbooks": null,
        "links": {
            "link": [
                {
                    "ref-id": "L33544",
                    "title": "BASG: Poltechnet (Molybdate Mo-99) Generator",
                    "url": "https://aspregister.basg.gv.at/document/servlet?action=show&zulnr=436188&type=DOTC_FACH_INFO"
                }
            ]
        },
        "attachments": null
    },
    "synthesis-reference": null,
    "indication": null,
    "pharmacodynamics": null,
    "mechanism-of-action": null,
    "toxicity": null,
    "metabolism": null,
    "absorption": null,
    "half-life": null,
    "protein-binding": null,
    "route-of-elimination": null,
    "volume-of-distribution": null,
    "clearance": null,
    "salts": {
        "salt": [
            {
                "drugbank-id": [
                    {
                        "primary": true,
                        "value": "DBSALT003152"
                    }
                ],
                "name": "Sodium molybdate Mo-99",
                "unii": "7V4KUP966U",
                "cas-number": null,
                "inchikey": "TVXXNOYZHKPKGW-GBYVZYMMSA-N",
                "average-mass": 208.883,
                "monoisotopic-mass": 208.86690864
            }
        ]
    },
    "synonyms": {
        "synonym": [
            {
                "language": "english",
                "coder": "",
                "value": "Molybdate ion Mo 99"
            },
            {
                "language": "english",
                "coder": "",
                "value": "Molybdate ion Mo-99"
            },
            {
                "language": "english",
                "coder": "",
                "value": "Molybdate Mo 99"
            },
            {
                "language": "english",
                "coder": "",
                "value": "Molybdate Mo-99"
            }
        ]
    },
    "products": null,
    "international-brands": null,
    "mixtures": null,
    "packagers": null,
    "manufacturers": null,
    "prices": null,
    "categories": null,
    "affected-organisms": null,
    "dosages": {
        "dosage": [
            {
                "form": "Generator",
                "route": null,
                "strength": null
            }
        ]
    },
    "atc-codes": null,
    "ahfs-codes": null,
    "pdb-entries": null,
    "patents": null,
    "food-interactions": null,
    "drug-interactions": null,
    "calculated-properties": {
        "property": [
            {
                "kind": "logP",
                "value": "-1.8",
                "source": "ChemAxon"
            },
            {
                "kind": "IUPAC Name",
                "value": "dioxo(99Mo)molybdenumbis(olate)",
                "source": "ChemAxon"
            },
            {
                "kind": "Traditional IUPAC Name",
                "value": "disodium dexamethasone phosphate(2-)",
                "source": "ChemAxon"
            },
            {
                "kind": "Molecular Weight",
                "value": "162.905",
                "source": "ChemAxon"
            },
            {
                "kind": "Monoisotopic Weight",
                "value": "162.888467238",
                "source": "ChemAxon"
            },
            {
                "kind": "SMILES",
                "value": "[O-][99Mo]([O-])(=O)=O",
                "source": "ChemAxon"
            },
            {
                "kind": "Molecular Formula",
                "value": "MoO4",
                "source": "ChemAxon"
            },
            {
                "kind": "InChI",
                "value": "InChI=1S/Mo.4O/q;;;2*-1/i1+3;;;;",
                "source": "ChemAxon"
            },
            {
                "kind": "InChIKey",
                "value": "MEFBJEMVZONFCJ-GNPPXRDPSA-N",
                "source": "ChemAxon"
            },
            {
                "kind": "Polar Surface Area (PSA)",
                "value": "80.26",
                "source": "ChemAxon"
            },
            {
                "kind": "Refractivity",
                "value": "5.77",
                "source": "ChemAxon"
            },
            {
                "kind": "Polarizability",
                "value": "6.04",
                "source": "ChemAxon"
            },
            {
                "kind": "Rotatable Bond Count",
                "value": "0",
                "source": "ChemAxon"
            },
            {
                "kind": "H Bond Acceptor Count",
                "value": "4",
                "source": "ChemAxon"
            },
            {
                "kind": "H Bond Donor Count",
                "value": "0",
                "source": "ChemAxon"
            },
            {
                "kind": "pKa (strongest acidic)",
                "value": "-2.3",
                "source": "ChemAxon"
            },
            {
                "kind": "Physiological Charge",
                "value": "-2",
                "source": "ChemAxon"
            },
            {
                "kind": "Number of Rings",
                "value": "0",
                "source": "ChemAxon"
            },
            {
                "kind": "Bioavailability",
                "value": "1",
                "source": "ChemAxon"
            },
            {
                "kind": "Rule of Five",
                "value": "1",
                "source": "ChemAxon"
            },
            {
                "kind": "Ghose Filter",
                "value": "0",
                "source": "ChemAxon"
            },
            {
                "kind": "MDDR-Like Rule",
                "value": "0",
                "source": "ChemAxon"
            }
        ]
    },
    "experimental-properties": null,
    "external-identifiers": {
        "external-identifier": [
            {
                "resource": "ChemSpider",
                "identifier": "32698241"
            }
        ]
    },
    "external-links": null,
    "pathways": null,
    "reactions": null,
    "snp-effects": null,
    "snp-adverse-drug-reactions": null,
    "targets": null,
    "enzymes": null,
    "carriers": null,
    "transporters": null
}