{
    "type": "small molecule",
    "created": "2020-12-15",
    "updated": "2020-12-20",
    "drugbank-id": [
        {
            "primary": true,
            "value": "DB16290"
        }
    ],
    "name": "DAPTA",
    "description": null,
    "cas-number": "106362-34-9",
    "unii": "J208V4ZMP2",
    "average-mass": 856.888,
    "monoisotopic-mass": 856.392661143,
    "groups": {
        "group": [
            "investigational"
        ]
    },
    "general-references": {
        "articles": null,
        "textbooks": null,
        "links": null,
        "attachments": null
    },
    "synthesis-reference": null,
    "indication": null,
    "pharmacodynamics": null,
    "mechanism-of-action": null,
    "toxicity": null,
    "metabolism": null,
    "absorption": null,
    "half-life": null,
    "protein-binding": null,
    "route-of-elimination": null,
    "volume-of-distribution": null,
    "clearance": null,
    "salts": null,
    "synonyms": {
        "synonym": [
            {
                "language": "english",
                "coder": "",
                "value": "Adaptavir"
            },
            {
                "language": "english",
                "coder": "",
                "value": "Peptide t amide, 1(d-ala)"
            }
        ]
    },
    "products": null,
    "international-brands": null,
    "mixtures": null,
    "packagers": null,
    "manufacturers": null,
    "prices": null,
    "categories": {
        "category": [
            {
                "category": "Amino Acids",
                "mesh-id": "D000596"
            },
            {
                "category": "Amino Acids, Peptides, and Proteins",
                "mesh-id": "D000602"
            }
        ]
    },
    "affected-organisms": null,
    "dosages": null,
    "atc-codes": null,
    "ahfs-codes": null,
    "pdb-entries": null,
    "patents": null,
    "food-interactions": null,
    "drug-interactions": null,
    "calculated-properties": {
        "property": [
            {
                "kind": "logP",
                "value": "-1.9",
                "source": "ALOGPS"
            },
            {
                "kind": "logS",
                "value": "-3.3",
                "source": "ALOGPS"
            },
            {
                "kind": "Water Solubility",
                "value": "4.19e-01 g/l",
                "source": "ALOGPS"
            },
            {
                "kind": "logP",
                "value": "-9",
                "source": "ChemAxon"
            },
            {
                "kind": "IUPAC Name",
                "value": "(2S)-2-[(2S,3R)-2-[(2S,3R)-2-[(2S,3R)-2-[(2S)-2-[(2R)-2-aminopropanamido]-3-hydroxypropanamido]-3-hydroxybutanamido]-3-hydroxybutanamido]-3-hydroxybutanamido]-N-[(1S)-1-{[(1S,2R)-1-carbamoyl-2-hydroxypropyl]carbamoyl}-2-(4-hydroxyphenyl)ethyl]butanediamide",
                "source": "ChemAxon"
            },
            {
                "kind": "Traditional IUPAC Name",
                "value": "5-({4-[2-(3-methoxyphenyl)-2-oxoethoxy]phenyl}methyl)-1,3-thiazolidine-2,4-dione",
                "source": "ChemAxon"
            },
            {
                "kind": "Molecular Weight",
                "value": "856.888",
                "source": "ChemAxon"
            },
            {
                "kind": "Monoisotopic Weight",
                "value": "856.392661143",
                "source": "ChemAxon"
            },
            {
                "kind": "SMILES",
                "value": "C[C@@H](O)[C@H](NC(=O)[C@H](CC1=CC=C(O)C=C1)NC(=O)[C@H](CC(N)=O)NC(=O)[C@@H](NC(=O)[C@@H](NC(=O)[C@@H](NC(=O)[C@H](CO)NC(=O)[C@@H](C)N)[C@@H](C)O)[C@@H](C)O)[C@@H](C)O)C(N)=O",
                "source": "ChemAxon"
            },
            {
                "kind": "Molecular Formula",
                "value": "C35H56N10O15",
                "source": "ChemAxon"
            },
            {
                "kind": "InChI",
                "value": "InChI=1S/C35H56N10O15/c1-13(36)29(54)41-22(12-46)32(57)43-26(16(4)49)34(59)45-27(17(5)50)35(60)44-25(15(3)48)33(58)40-21(11-23(37)52)30(55)39-20(10-18-6-8-19(51)9-7-18)31(56)42-24(14(2)47)28(38)53/h6-9,13-17,20-22,24-27,46-51H,10-12,36H2,1-5H3,(H2,37,52)(H2,38,53)(H,39,55)(H,40,58)(H,41,54)(H,42,56)(H,43,57)(H,44,60)(H,45,59)/t13-,14-,15-,16-,17-,20+,21+,22+,24+,25+,26+,27+/m1/s1",
                "source": "ChemAxon"
            },
            {
                "kind": "InChIKey",
                "value": "AKWRNBWMGFUAMF-ZESMOPTKSA-N",
                "source": "ChemAxon"
            },
            {
                "kind": "Polar Surface Area (PSA)",
                "value": "437.28",
                "source": "ChemAxon"
            },
            {
                "kind": "Refractivity",
                "value": "203.25",
                "source": "ChemAxon"
            },
            {
                "kind": "Polarizability",
                "value": "83.66",
                "source": "ChemAxon"
            },
            {
                "kind": "Rotatable Bond Count",
                "value": "24",
                "source": "ChemAxon"
            },
            {
                "kind": "H Bond Acceptor Count",
                "value": "16",
                "source": "ChemAxon"
            },
            {
                "kind": "H Bond Donor Count",
                "value": "16",
                "source": "ChemAxon"
            },
            {
                "kind": "pKa (strongest acidic)",
                "value": "9.51",
                "source": "ChemAxon"
            },
            {
                "kind": "pKa (strongest basic)",
                "value": "8.07",
                "source": "ChemAxon"
            },
            {
                "kind": "Physiological Charge",
                "value": "1",
                "source": "ChemAxon"
            },
            {
                "kind": "Number of Rings",
                "value": "1",
                "source": "ChemAxon"
            },
            {
                "kind": "Bioavailability",
                "value": "0",
                "source": "ChemAxon"
            },
            {
                "kind": "Rule of Five",
                "value": "0",
                "source": "ChemAxon"
            },
            {
                "kind": "Ghose Filter",
                "value": "0",
                "source": "ChemAxon"
            },
            {
                "kind": "MDDR-Like Rule",
                "value": "0",
                "source": "ChemAxon"
            }
        ]
    },
    "experimental-properties": null,
    "external-identifiers": {
        "external-identifier": [
            {
                "resource": "ChemSpider",
                "identifier": "160536"
            },
            {
                "resource": "ChEMBL",
                "identifier": "CHEMBL181276"
            },
            {
                "resource": "ZINC",
                "identifier": "ZINC000169289402"
            }
        ]
    },
    "external-links": null,
    "pathways": null,
    "reactions": null,
    "snp-effects": null,
    "snp-adverse-drug-reactions": null,
    "targets": null,
    "enzymes": null,
    "carriers": null,
    "transporters": null
}