{
    "type": "biotech",
    "created": "2021-02-16",
    "updated": "2021-02-18",
    "drugbank-id": [
        {
            "primary": true,
            "value": "DB16606"
        }
    ],
    "name": "Vitis vinifera seed",
    "description": null,
    "cas-number": null,
    "unii": "C34U15ICXA",
    "groups": {
        "group": [
            "experimental"
        ]
    },
    "general-references": {
        "articles": null,
        "textbooks": null,
        "links": null,
        "attachments": null
    },
    "synthesis-reference": null,
    "indication": null,
    "pharmacodynamics": null,
    "mechanism-of-action": null,
    "toxicity": null,
    "metabolism": null,
    "absorption": null,
    "half-life": null,
    "protein-binding": null,
    "route-of-elimination": null,
    "volume-of-distribution": null,
    "clearance": null,
    "salts": null,
    "synonyms": {
        "synonym": [
            {
                "language": "english",
                "coder": "",
                "value": "Grape seed extract"
            },
            {
                "language": "english",
                "coder": "",
                "value": "Vitis vinifera seed extract"
            },
            {
                "language": "english",
                "coder": "",
                "value": "Vitis vinifera seed powder"
            }
        ]
    },
    "products": {
        "product": [
            {
                "name": "imoduSAN",
                "labeller": "sanPharma GmbH",
                "ndc-id": null,
                "ndc-product-code": "64232-506",
                "dpd-id": null,
                "ema-product-code": null,
                "ema-ma-number": null,
                "started-marketing-on": "2018-03-01",
                "ended-marketing-on": null,
                "dosage-form": "Capsule",
                "strength": null,
                "route": "Oral",
                "fda-application-number": null,
                "generic": false,
                "over-the-counter": false,
                "approved": false,
                "country": "US",
                "source": "FDA NDC"
            },
            {
                "name": "Protect Cardio AF",
                "labeller": "Gil Pharmaceutical Corp.",
                "ndc-id": null,
                "ndc-product-code": "58552-325",
                "dpd-id": null,
                "ema-product-code": null,
                "ema-ma-number": null,
                "started-marketing-on": "2022-11-07",
                "ended-marketing-on": null,
                "dosage-form": "Capsule",
                "strength": null,
                "route": "Oral",
                "fda-application-number": null,
                "generic": false,
                "over-the-counter": false,
                "approved": false,
                "country": "US",
                "source": "FDA NDC"
            },
            {
                "name": "Protect Plus SO 60",
                "labeller": "Gil Pharmaceutical Corp",
                "ndc-id": null,
                "ndc-product-code": "58552-326",
                "dpd-id": null,
                "ema-product-code": null,
                "ema-ma-number": null,
                "started-marketing-on": "2022-11-07",
                "ended-marketing-on": null,
                "dosage-form": "Tablet",
                "strength": null,
                "route": "Oral",
                "fda-application-number": null,
                "generic": false,
                "over-the-counter": false,
                "approved": false,
                "country": "US",
                "source": "FDA NDC"
            }
        ]
    },
    "international-brands": null,
    "mixtures": {
        "mixture": [
            {
                "name": "imoduSAN",
                "ingredients": "Ascophyllum nodosum + Cocoa + Hops + Vitis vinifera seed"
            },
            {
                "name": "Protect Plus SO 60",
                "ingredients": "Acetylcysteine + Ascorbic acid + Biotin + Calcium + Choline + Chromium + Copper + Cyanocobalamin + Folic acid + Inositol + Lecithin, soybean + Lipoic acid + Magnesium + Manganese + Molybdenum + Niacin + Pantothenic acid + Pyridoxine + Riboflavin + Selenium + Thiamine + Ubidecarenone + Vanadium + Vitamin A + Vitamin D + Vitamin E + Vitis vinifera seed + Zinc"
            },
            {
                "name": "Protect Cardio AF",
                "ingredients": "Acetylcarnitine + Ascorbic acid + Betaine + Doconexent + Fish oil + Folic acid + Icosapent + Levocarnitine + Lipoic acid + Magnesium + Mecobalamin + Niacin + Pyridoxine + Selenium + Taurine + Tocopherol + Tocotrienol + Ubidecarenone + Vitis vinifera seed"
            }
        ]
    },
    "packagers": null,
    "manufacturers": null,
    "prices": null,
    "categories": {
        "category": [
            {
                "category": "Antineoplastic Agents, Phytogenic",
                "mesh-id": "D000972"
            },
            {
                "category": "Antioxidants",
                "mesh-id": "D000975"
            },
            {
                "category": "Biological Factors",
                "mesh-id": "D001685"
            },
            {
                "category": "Biological Products",
                "mesh-id": "D001688"
            },
            {
                "category": "Complex Mixtures",
                "mesh-id": "D045424"
            },
            {
                "category": "Compounds used in a research, industrial, or household setting",
                "mesh-id": "D020313"
            },
            {
                "category": "Pharmaceutical Preparations",
                "mesh-id": "D004364"
            },
            {
                "category": "Plant Extracts",
                "mesh-id": "D010936"
            },
            {
                "category": "Plant Preparations",
                "mesh-id": "D028321"
            },
            {
                "category": "Protective Agents",
                "mesh-id": "D020011"
            }
        ]
    },
    "affected-organisms": null,
    "dosages": {
        "dosage": [
            {
                "form": "Capsule",
                "route": "Oral",
                "strength": null
            },
            {
                "form": "Tablet",
                "route": "Oral",
                "strength": null
            }
        ]
    },
    "atc-codes": null,
    "ahfs-codes": null,
    "pdb-entries": null,
    "patents": null,
    "food-interactions": null,
    "drug-interactions": null,
    "sequences": null,
    "experimental-properties": null,
    "external-identifiers": {
        "external-identifier": [
            {
                "resource": "RxCUI",
                "identifier": "237116"
            }
        ]
    },
    "external-links": null,
    "pathways": null,
    "reactions": null,
    "snp-effects": null,
    "snp-adverse-drug-reactions": null,
    "targets": null,
    "enzymes": null,
    "carriers": null,
    "transporters": null
}