{
    "type": "biotech",
    "created": "2021-02-05",
    "updated": "2021-02-13",
    "drugbank-id": [
        {
            "primary": true,
            "value": "DB16550"
        }
    ],
    "name": "Bifidobacterium animalis lactis",
    "description": null,
    "cas-number": null,
    "unii": "5307V7XW8I",
    "groups": {
        "group": [
            "experimental"
        ]
    },
    "general-references": {
        "articles": null,
        "textbooks": null,
        "links": null,
        "attachments": null
    },
    "synthesis-reference": null,
    "indication": null,
    "pharmacodynamics": null,
    "mechanism-of-action": null,
    "toxicity": null,
    "metabolism": null,
    "absorption": null,
    "half-life": null,
    "protein-binding": null,
    "route-of-elimination": null,
    "volume-of-distribution": null,
    "clearance": null,
    "salts": null,
    "synonyms": {
        "synonym": [
            {
                "language": "english",
                "coder": "",
                "value": "B. animalis lactis"
            }
        ]
    },
    "products": {
        "product": [
            {
                "name": "Bacicap Probiotic",
                "labeller": "NATIONAL BIO GREEN SCIENCES LIMITED LIABILTY COMPANY",
                "ndc-id": null,
                "ndc-product-code": "72678-019",
                "dpd-id": null,
                "ema-product-code": null,
                "ema-ma-number": null,
                "started-marketing-on": "2020-06-20",
                "ended-marketing-on": null,
                "dosage-form": "Capsule",
                "strength": null,
                "route": "Oral",
                "fda-application-number": null,
                "generic": false,
                "over-the-counter": false,
                "approved": false,
                "country": "US",
                "source": "FDA NDC"
            },
            {
                "name": "Bilac",
                "labeller": "Wellness Pharma, LLC",
                "ndc-id": null,
                "ndc-product-code": "82793-001",
                "dpd-id": null,
                "ema-product-code": null,
                "ema-ma-number": null,
                "started-marketing-on": "2022-07-01",
                "ended-marketing-on": null,
                "dosage-form": "Capsule",
                "strength": null,
                "route": "Oral",
                "fda-application-number": null,
                "generic": false,
                "over-the-counter": false,
                "approved": false,
                "country": "US",
                "source": "FDA NDC"
            },
            {
                "name": "Lacterol",
                "labeller": "PureTek Corporation",
                "ndc-id": null,
                "ndc-product-code": "59088-179",
                "dpd-id": null,
                "ema-product-code": null,
                "ema-ma-number": null,
                "started-marketing-on": "2021-02-09",
                "ended-marketing-on": null,
                "dosage-form": "Capsule",
                "strength": null,
                "route": "Oral",
                "fda-application-number": null,
                "generic": false,
                "over-the-counter": false,
                "approved": false,
                "country": "US",
                "source": "FDA NDC"
            },
            {
                "name": "Primidar",
                "labeller": "Misemer Pharmaceuticals, Inc.",
                "ndc-id": null,
                "ndc-product-code": "0276-0700",
                "dpd-id": null,
                "ema-product-code": null,
                "ema-ma-number": null,
                "started-marketing-on": "2021-11-01",
                "ended-marketing-on": null,
                "dosage-form": "Capsule",
                "strength": null,
                "route": "Oral",
                "fda-application-number": null,
                "generic": false,
                "over-the-counter": false,
                "approved": false,
                "country": "US",
                "source": "FDA NDC"
            },
            {
                "name": "Probinate",
                "labeller": "PureTek Corporation",
                "ndc-id": null,
                "ndc-product-code": "59088-194",
                "dpd-id": null,
                "ema-product-code": null,
                "ema-ma-number": null,
                "started-marketing-on": "2021-08-20",
                "ended-marketing-on": null,
                "dosage-form": "Capsule",
                "strength": null,
                "route": "Oral",
                "fda-application-number": null,
                "generic": false,
                "over-the-counter": false,
                "approved": false,
                "country": "US",
                "source": "FDA NDC"
            },
            {
                "name": "Probisol",
                "labeller": "PureTek Corporation",
                "ndc-id": null,
                "ndc-product-code": "59088-199",
                "dpd-id": null,
                "ema-product-code": null,
                "ema-ma-number": null,
                "started-marketing-on": "2021-11-29",
                "ended-marketing-on": null,
                "dosage-form": "Capsule",
                "strength": null,
                "route": "Oral",
                "fda-application-number": null,
                "generic": false,
                "over-the-counter": false,
                "approved": false,
                "country": "US",
                "source": "FDA NDC"
            },
            {
                "name": "Probitran",
                "labeller": "PureTek Corporation",
                "ndc-id": null,
                "ndc-product-code": "59088-183",
                "dpd-id": null,
                "ema-product-code": null,
                "ema-ma-number": null,
                "started-marketing-on": "2021-05-03",
                "ended-marketing-on": null,
                "dosage-form": "Capsule",
                "strength": null,
                "route": "Oral",
                "fda-application-number": null,
                "generic": false,
                "over-the-counter": false,
                "approved": false,
                "country": "US",
                "source": "FDA NDC"
            },
            {
                "name": "Probitrol",
                "labeller": "PureTek Corporation",
                "ndc-id": null,
                "ndc-product-code": "59088-175",
                "dpd-id": null,
                "ema-product-code": null,
                "ema-ma-number": null,
                "started-marketing-on": "2020-12-29",
                "ended-marketing-on": null,
                "dosage-form": "Capsule",
                "strength": null,
                "route": "Oral",
                "fda-application-number": null,
                "generic": false,
                "over-the-counter": false,
                "approved": false,
                "country": "US",
                "source": "FDA NDC"
            },
            {
                "name": "Probizen",
                "labeller": "Trell Pharma",
                "ndc-id": null,
                "ndc-product-code": "82379-8760",
                "dpd-id": null,
                "ema-product-code": null,
                "ema-ma-number": null,
                "started-marketing-on": "2022-08-25",
                "ended-marketing-on": null,
                "dosage-form": "Capsule",
                "strength": null,
                "route": "Oral",
                "fda-application-number": null,
                "generic": false,
                "over-the-counter": false,
                "approved": false,
                "country": "US",
                "source": "FDA NDC"
            },
            {
                "name": "Prodigen",
                "labeller": "Sterling Knight Pharmaceuticals LLC",
                "ndc-id": null,
                "ndc-product-code": "69336-402",
                "dpd-id": null,
                "ema-product-code": null,
                "ema-ma-number": null,
                "started-marketing-on": "2018-04-27",
                "ended-marketing-on": null,
                "dosage-form": "Capsule",
                "strength": null,
                "route": "Oral",
                "fda-application-number": null,
                "generic": false,
                "over-the-counter": false,
                "approved": false,
                "country": "US",
                "source": "FDA NDC"
            },
            {
                "name": "Promella",
                "labeller": "Amella Pharma, Llc",
                "ndc-id": null,
                "ndc-product-code": "72287-521",
                "dpd-id": null,
                "ema-product-code": null,
                "ema-ma-number": null,
                "started-marketing-on": "2020-04-21",
                "ended-marketing-on": null,
                "dosage-form": "Capsule",
                "strength": null,
                "route": "Oral",
                "fda-application-number": null,
                "generic": false,
                "over-the-counter": false,
                "approved": false,
                "country": "US",
                "source": "FDA NDC"
            },
            {
                "name": "Promerol",
                "labeller": "PureTek Corporation",
                "ndc-id": null,
                "ndc-product-code": "59088-174",
                "dpd-id": null,
                "ema-product-code": null,
                "ema-ma-number": null,
                "started-marketing-on": "2020-12-29",
                "ended-marketing-on": null,
                "dosage-form": "Capsule",
                "strength": null,
                "route": "Oral",
                "fda-application-number": null,
                "generic": false,
                "over-the-counter": false,
                "approved": false,
                "country": "US",
                "source": "FDA NDC"
            },
            {
                "name": "ZELAC Probiotic Support",
                "labeller": "Foxland Pharmaceuticals, Inc.",
                "ndc-id": null,
                "ndc-product-code": "69067-070",
                "dpd-id": null,
                "ema-product-code": null,
                "ema-ma-number": null,
                "started-marketing-on": "2019-04-23",
                "ended-marketing-on": null,
                "dosage-form": "Capsule",
                "strength": null,
                "route": "Oral",
                "fda-application-number": null,
                "generic": false,
                "over-the-counter": false,
                "approved": false,
                "country": "US",
                "source": "FDA NDC"
            }
        ]
    },
    "international-brands": {
        "international-brand": [
            {
                "name": "Bifidobacterium animalis lactis BB12",
                "company": "Chr. Hansen A/S"
            }
        ]
    },
    "mixtures": {
        "mixture": [
            {
                "name": "Prodigen",
                "ingredients": "Bifidobacterium animalis lactis + Lactobacillus acidophilus"
            },
            {
                "name": "ZELAC Probiotic Support",
                "ingredients": "Bifidobacterium animalis lactis + Lactobacillus acidophilus"
            },
            {
                "name": "Promella",
                "ingredients": "Bifidobacterium animalis lactis + Lactobacillus acidophilus"
            },
            {
                "name": "Bacicap Probiotic",
                "ingredients": "Bifidobacterium animalis lactis + Lactobacillus acidophilus + Lactobacillus paracasei + Lactobacillus plantarum"
            },
            {
                "name": "Probitrol",
                "ingredients": "Bifidobacterium animalis lactis + Lactobacillus acidophilus"
            },
            {
                "name": "Promerol",
                "ingredients": "Bifidobacterium animalis lactis + Lactobacillus acidophilus"
            },
            {
                "name": "Lacterol",
                "ingredients": "Bifidobacterium animalis lactis + Lactobacillus acidophilus"
            },
            {
                "name": "Probitran",
                "ingredients": "Bifidobacterium animalis lactis + Lactobacillus acidophilus"
            },
            {
                "name": "Probinate",
                "ingredients": "Bifidobacterium animalis lactis + Lactobacillus acidophilus"
            },
            {
                "name": "Probisol",
                "ingredients": "Bifidobacterium animalis lactis + Lactobacillus acidophilus"
            },
            {
                "name": "Primidar",
                "ingredients": "Bifidobacterium animalis lactis + Lactobacillus acidophilus"
            },
            {
                "name": "Bilac",
                "ingredients": "Bifidobacterium animalis lactis + Lactobacillus acidophilus"
            },
            {
                "name": "Probizen",
                "ingredients": "Bifidobacterium animalis lactis + Lactobacillus acidophilus"
            }
        ]
    },
    "packagers": null,
    "manufacturers": null,
    "prices": null,
    "categories": null,
    "affected-organisms": null,
    "dosages": {
        "dosage": [
            {
                "form": "Capsule",
                "route": "Oral",
                "strength": null
            }
        ]
    },
    "atc-codes": null,
    "ahfs-codes": null,
    "pdb-entries": null,
    "patents": null,
    "food-interactions": null,
    "drug-interactions": null,
    "sequences": null,
    "experimental-properties": null,
    "external-identifiers": {
        "external-identifier": [
            {
                "resource": "RxCUI",
                "identifier": "1550045"
            }
        ]
    },
    "external-links": null,
    "pathways": null,
    "reactions": null,
    "snp-effects": null,
    "snp-adverse-drug-reactions": null,
    "targets": null,
    "enzymes": null,
    "carriers": null,
    "transporters": null
}