{
    "type": "biotech",
    "created": "2021-01-15",
    "updated": "2021-01-16",
    "drugbank-id": [
        {
            "primary": true,
            "value": "DB16438"
        }
    ],
    "name": "V591",
    "description": "The V591 vaccine, part of Merck’s COVID-19 vaccine programming, was developed using a modified measles vaccine virus as a vector for COVID-19 antigen delivery[L30593]. Through Merck’s acquisition of Thermis in May 2020, they were able to leverage Thermis’ platform knowledge and accelerate the development of V591 to phase I clinical trials (NCT04498247)[L30593].",
    "cas-number": null,
    "unii": null,
    "groups": {
        "group": [
            "investigational"
        ]
    },
    "general-references": {
        "articles": null,
        "textbooks": null,
        "links": {
            "link": [
                {
                    "ref-id": "L30593",
                    "title": "MERCK: Merck to Apply its Industry-Leading Vaccine Development Capabilities to SARS-CoV-2 Vaccine Program Originated by Themis and Institut Pasteur",
                    "url": "https://www.merck.com/news/merck-to-acquire-themis/"
                }
            ]
        },
        "attachments": null
    },
    "synthesis-reference": null,
    "indication": null,
    "pharmacodynamics": null,
    "mechanism-of-action": null,
    "toxicity": null,
    "metabolism": null,
    "absorption": null,
    "half-life": null,
    "protein-binding": null,
    "route-of-elimination": null,
    "volume-of-distribution": null,
    "clearance": null,
    "salts": null,
    "synonyms": null,
    "products": null,
    "international-brands": null,
    "mixtures": null,
    "packagers": null,
    "manufacturers": null,
    "prices": null,
    "categories": null,
    "affected-organisms": null,
    "dosages": null,
    "atc-codes": null,
    "ahfs-codes": null,
    "pdb-entries": null,
    "patents": null,
    "food-interactions": null,
    "drug-interactions": null,
    "sequences": null,
    "experimental-properties": null,
    "external-identifiers": null,
    "external-links": null,
    "pathways": null,
    "reactions": null,
    "snp-effects": null,
    "snp-adverse-drug-reactions": null,
    "targets": null,
    "enzymes": null,
    "carriers": null,
    "transporters": null
}