{
    "type": "biotech",
    "created": "2020-12-15",
    "updated": "2021-02-21",
    "drugbank-id": [
        {
            "primary": true,
            "value": "DB16314"
        }
    ],
    "name": "Ripertamab",
    "description": "Ripertamab is under investigation in clinical trial NCT02772822 (A Study Comparing the Efficiency and Safety of S-chop(cyclophosphamide, Hydroxydaunomycin, Oncovin, and Prednisone) Versus R-CHOP in Untreated Cd20(cluster of Differentiation Antigen 20)-positive DLBCL Patients).",
    "cas-number": "2249927-04-4",
    "unii": "URS0374MIV",
    "groups": {
        "group": [
            "investigational"
        ]
    },
    "general-references": {
        "articles": null,
        "textbooks": null,
        "links": null,
        "attachments": null
    },
    "synthesis-reference": null,
    "indication": null,
    "pharmacodynamics": null,
    "mechanism-of-action": null,
    "toxicity": null,
    "metabolism": null,
    "absorption": null,
    "half-life": null,
    "protein-binding": null,
    "route-of-elimination": null,
    "volume-of-distribution": null,
    "clearance": null,
    "salts": null,
    "synonyms": {
        "synonym": [
            {
                "language": "english",
                "coder": "",
                "value": "Immunoglobulin g1-kappa, anti-(homo sapiens ms4a1 (membrane-spanning 4-domains subfamily a member 1, cd20)), chimeric monoclonal antibody"
            },
            {
                "language": "english",
                "coder": "",
                "value": "Immunoglobulin igg1, anti-(human cd20 antigen) (human-mus musculus monoclonal disulfide sct400 .gamma.1-chain), disulfide with human-mus musculus monoclonal sct400 .kappa.-chain, dimer"
            },
            {
                "language": "english",
                "coder": "inn",
                "value": "Ripertamab"
            }
        ]
    },
    "products": null,
    "international-brands": null,
    "mixtures": null,
    "packagers": null,
    "manufacturers": null,
    "prices": null,
    "categories": null,
    "affected-organisms": null,
    "dosages": null,
    "atc-codes": null,
    "ahfs-codes": null,
    "pdb-entries": null,
    "patents": null,
    "food-interactions": null,
    "drug-interactions": null,
    "sequences": null,
    "experimental-properties": null,
    "external-identifiers": null,
    "external-links": null,
    "pathways": null,
    "reactions": null,
    "snp-effects": null,
    "snp-adverse-drug-reactions": null,
    "targets": null,
    "enzymes": null,
    "carriers": null,
    "transporters": null
}