{
    "type": "small molecule",
    "created": "2021-02-08",
    "updated": "2021-05-05",
    "drugbank-id": [
        {
            "primary": true,
            "value": "DB16564"
        }
    ],
    "name": "Mucopolysaccharide polysulphate",
    "description": null,
    "cas-number": null,
    "unii": null,
    "groups": {
        "group": [
            "experimental"
        ]
    },
    "general-references": {
        "articles": null,
        "textbooks": null,
        "links": {
            "link": [
                {
                    "ref-id": "L33619",
                    "title": "NPRA: Hirudoid Cream (Mucopolysaccharide Polysulphate) Topical Cream",
                    "url": "https://quest3plus.bpfk.gov.my/front-end/attachment/66/pharma/234579/V_7714_20170707_075235_D4.pdf"
                }
            ]
        },
        "attachments": null
    },
    "synthesis-reference": null,
    "indication": null,
    "pharmacodynamics": null,
    "mechanism-of-action": null,
    "toxicity": null,
    "metabolism": null,
    "absorption": null,
    "half-life": null,
    "protein-binding": null,
    "route-of-elimination": null,
    "volume-of-distribution": null,
    "clearance": null,
    "salts": null,
    "synonyms": {
        "synonym": [
            {
                "language": "english",
                "coder": "",
                "value": "MPS"
            },
            {
                "language": "english",
                "coder": "",
                "value": "Mucopolysaccharide polysulfate"
            }
        ]
    },
    "products": null,
    "international-brands": null,
    "mixtures": null,
    "packagers": null,
    "manufacturers": null,
    "prices": null,
    "categories": {
        "category": [
            {
                "category": "Carbohydrates",
                "mesh-id": "D002241"
            },
            {
                "category": "Polysaccharides",
                "mesh-id": "D011134"
            }
        ]
    },
    "affected-organisms": null,
    "dosages": {
        "dosage": [
            {
                "form": "Cream",
                "route": "Topical",
                "strength": "445 mg/100g"
            },
            {
                "form": "Cream",
                "route": "Topical",
                "strength": "0.3 g/100g"
            },
            {
                "form": "Cream",
                "route": "Topical",
                "strength": "445 mg"
            },
            {
                "form": "Gel",
                "route": "Topical",
                "strength": "0.445 %w/w"
            },
            {
                "form": "Gel",
                "route": "Topical",
                "strength": "0.3 %w/w"
            },
            {
                "form": "Gel",
                "route": "Topical",
                "strength": "300 mg/100g"
            },
            {
                "form": "Cream",
                "route": "Topical",
                "strength": "0.1 %w/w"
            },
            {
                "form": "Cream",
                "route": "Topical",
                "strength": null
            },
            {
                "form": "Cream",
                "route": "Topical",
                "strength": "0.3 %w/w"
            },
            {
                "form": "Cream",
                "route": "Topical",
                "strength": "0.445 %w/w"
            }
        ]
    },
    "atc-codes": null,
    "ahfs-codes": null,
    "pdb-entries": null,
    "patents": null,
    "food-interactions": null,
    "drug-interactions": null,
    "calculated-properties": null,
    "experimental-properties": null,
    "external-identifiers": {
        "external-identifier": [
            {
                "resource": "RxCUI",
                "identifier": "30320"
            }
        ]
    },
    "external-links": null,
    "pathways": null,
    "reactions": null,
    "snp-effects": null,
    "snp-adverse-drug-reactions": null,
    "targets": null,
    "enzymes": null,
    "carriers": null,
    "transporters": null
}