{
    "type": "small molecule",
    "created": "2020-12-15",
    "updated": "2021-02-21",
    "drugbank-id": [
        {
            "primary": true,
            "value": "DB16143"
        }
    ],
    "name": "Dirocaftor",
    "description": "Dirocaftor is under investigation in clinical trial NCT03251092 (Study Designed to Assess the Safety, Tolerability and PK of PTI-808 in Healthy Volunteers and in Adults With Cystic Fibrosis).",
    "cas-number": "2137932-23-9",
    "unii": "2G3T6M1AS9",
    "average-mass": 424.647,
    "monoisotopic-mass": 424.16384584,
    "groups": {
        "group": [
            "investigational"
        ]
    },
    "general-references": {
        "articles": null,
        "textbooks": null,
        "links": null,
        "attachments": null
    },
    "synthesis-reference": null,
    "indication": null,
    "pharmacodynamics": null,
    "mechanism-of-action": null,
    "toxicity": null,
    "metabolism": null,
    "absorption": null,
    "half-life": null,
    "protein-binding": null,
    "route-of-elimination": null,
    "volume-of-distribution": null,
    "clearance": null,
    "salts": null,
    "synonyms": {
        "synonym": [
            {
                "language": "english",
                "coder": "inn/usan",
                "value": "Dirocaftor"
            }
        ]
    },
    "products": null,
    "international-brands": null,
    "mixtures": null,
    "packagers": null,
    "manufacturers": null,
    "prices": null,
    "categories": null,
    "affected-organisms": null,
    "dosages": null,
    "atc-codes": null,
    "ahfs-codes": null,
    "pdb-entries": null,
    "patents": null,
    "food-interactions": null,
    "drug-interactions": null,
    "calculated-properties": {
        "property": [
            {
                "kind": "logP",
                "value": "3.9",
                "source": "ALOGPS"
            },
            {
                "kind": "logS",
                "value": "-5.6",
                "source": "ALOGPS"
            },
            {
                "kind": "Water Solubility",
                "value": "1.06e-03 g/l",
                "source": "ALOGPS"
            },
            {
                "kind": "logP",
                "value": "6.16",
                "source": "ChemAxon"
            },
            {
                "kind": "IUPAC Name",
                "value": "N-[5-hydroxy-2,4-bis(trimethylsilyl)phenyl]-4-oxo-1,4-dihydroquinoline-3-carboxamide",
                "source": "ChemAxon"
            },
            {
                "kind": "Traditional IUPAC Name",
                "value": "5-({4-[2-(3-methoxyphenyl)-2-oxoethoxy]phenyl}methyl)-1,3-thiazolidine-2,4-dione",
                "source": "ChemAxon"
            },
            {
                "kind": "Molecular Weight",
                "value": "424.647",
                "source": "ChemAxon"
            },
            {
                "kind": "Monoisotopic Weight",
                "value": "424.16384584",
                "source": "ChemAxon"
            },
            {
                "kind": "SMILES",
                "value": "C[Si](C)(C)C1=CC(=C(O)C=C1NC(=O)C1=CNC2=C(C=CC=C2)C1=O)[Si](C)(C)C",
                "source": "ChemAxon"
            },
            {
                "kind": "Molecular Formula",
                "value": "C22H28N2O3Si2",
                "source": "ChemAxon"
            },
            {
                "kind": "InChI",
                "value": "InChI=1S/C22H28N2O3Si2/c1-28(2,3)19-12-20(29(4,5)6)18(25)11-17(19)24-22(27)15-13-23-16-10-8-7-9-14(16)21(15)26/h7-13,25H,1-6H3,(H,23,26)(H,24,27)",
                "source": "ChemAxon"
            },
            {
                "kind": "InChIKey",
                "value": "TYQIFWXBQYAKCR-UHFFFAOYSA-N",
                "source": "ChemAxon"
            },
            {
                "kind": "Polar Surface Area (PSA)",
                "value": "78.43",
                "source": "ChemAxon"
            },
            {
                "kind": "Refractivity",
                "value": "113.48",
                "source": "ChemAxon"
            },
            {
                "kind": "Polarizability",
                "value": "45.56",
                "source": "ChemAxon"
            },
            {
                "kind": "Rotatable Bond Count",
                "value": "4",
                "source": "ChemAxon"
            },
            {
                "kind": "H Bond Acceptor Count",
                "value": "4",
                "source": "ChemAxon"
            },
            {
                "kind": "H Bond Donor Count",
                "value": "3",
                "source": "ChemAxon"
            },
            {
                "kind": "pKa (strongest acidic)",
                "value": "8.84",
                "source": "ChemAxon"
            },
            {
                "kind": "pKa (strongest basic)",
                "value": "-0.95",
                "source": "ChemAxon"
            },
            {
                "kind": "Physiological Charge",
                "value": "0",
                "source": "ChemAxon"
            },
            {
                "kind": "Number of Rings",
                "value": "3",
                "source": "ChemAxon"
            },
            {
                "kind": "Bioavailability",
                "value": "1",
                "source": "ChemAxon"
            },
            {
                "kind": "Rule of Five",
                "value": "0",
                "source": "ChemAxon"
            },
            {
                "kind": "Ghose Filter",
                "value": "0",
                "source": "ChemAxon"
            },
            {
                "kind": "MDDR-Like Rule",
                "value": "0",
                "source": "ChemAxon"
            }
        ]
    },
    "experimental-properties": null,
    "external-identifiers": null,
    "external-links": null,
    "pathways": null,
    "reactions": null,
    "snp-effects": null,
    "snp-adverse-drug-reactions": null,
    "targets": null,
    "enzymes": null,
    "carriers": null,
    "transporters": null
}