{
    "type": "biotech",
    "created": "2020-12-15",
    "updated": "2021-02-21",
    "drugbank-id": [
        {
            "primary": true,
            "value": "DB16206"
        }
    ],
    "name": "Itepekimab",
    "description": "Itepekimab is under investigation in clinical trial NCT03546907 (Proof-of-concept Study to Assess the Efficacy, Safety and Tolerability of SAR440340 (Anti-il-33 Mab) in Patients With Moderate-to-severe Chronic Obstructive Pulmonary Disease (COPD)).",
    "cas-number": "2226742-52-3",
    "unii": "WV9KZ9PS1A",
    "groups": {
        "group": [
            "investigational"
        ]
    },
    "general-references": {
        "articles": null,
        "textbooks": null,
        "links": null,
        "attachments": null
    },
    "synthesis-reference": null,
    "indication": null,
    "pharmacodynamics": null,
    "mechanism-of-action": null,
    "toxicity": null,
    "metabolism": null,
    "absorption": null,
    "half-life": null,
    "protein-binding": null,
    "route-of-elimination": null,
    "volume-of-distribution": null,
    "clearance": null,
    "salts": null,
    "synonyms": {
        "synonym": [
            {
                "language": "english",
                "coder": "",
                "value": "Immunoglobulin igg4 (230-proline), anti-(human interleukin 33) (human monoclonal regn3500 .gamma.4-chain), disulfide with human monoclonal regn3500 .kappa.-chain, dimer"
            },
            {
                "language": "english",
                "coder": "inn",
                "value": "Itepekimab"
            }
        ]
    },
    "products": null,
    "international-brands": null,
    "mixtures": null,
    "packagers": null,
    "manufacturers": null,
    "prices": null,
    "categories": {
        "category": [
            {
                "category": "Amino Acids, Peptides, and Proteins",
                "mesh-id": "D000602"
            },
            {
                "category": "Antibodies",
                "mesh-id": "D000906"
            },
            {
                "category": "Antibodies, Monoclonal",
                "mesh-id": "D000911"
            },
            {
                "category": "Blood Proteins",
                "mesh-id": "D001798"
            },
            {
                "category": "Globulins",
                "mesh-id": "D005916"
            },
            {
                "category": "Immunoglobulins",
                "mesh-id": "D007136"
            },
            {
                "category": "Immunoproteins",
                "mesh-id": "D007162"
            },
            {
                "category": "Proteins",
                "mesh-id": "D011506"
            },
            {
                "category": "Serum Globulins",
                "mesh-id": "D012712"
            }
        ]
    },
    "affected-organisms": null,
    "dosages": null,
    "atc-codes": null,
    "ahfs-codes": null,
    "pdb-entries": null,
    "patents": null,
    "food-interactions": null,
    "drug-interactions": null,
    "sequences": null,
    "experimental-properties": null,
    "external-identifiers": null,
    "external-links": null,
    "pathways": null,
    "reactions": null,
    "snp-effects": null,
    "snp-adverse-drug-reactions": null,
    "targets": null,
    "enzymes": null,
    "carriers": null,
    "transporters": null
}