{
    "type": "small molecule",
    "created": "2020-12-15",
    "updated": "2021-02-21",
    "drugbank-id": [
        {
            "primary": true,
            "value": "DB16285"
        }
    ],
    "name": "Pelcitoclax",
    "description": "Pelcitoclax is under investigation in clinical trial NCT04210037 (Study of Combination APG-1252 Plus Paclitaxel in Patients With Relapsed/refractory Small Cell Lung Cancer).",
    "cas-number": "1619923-36-2",
    "unii": "317UBD60ML",
    "average-mass": 1281.84,
    "monoisotopic-mass": 1280.303469,
    "groups": {
        "group": [
            "investigational"
        ]
    },
    "general-references": {
        "articles": null,
        "textbooks": null,
        "links": null,
        "attachments": null
    },
    "synthesis-reference": null,
    "indication": null,
    "pharmacodynamics": null,
    "mechanism-of-action": null,
    "toxicity": null,
    "metabolism": null,
    "absorption": null,
    "half-life": null,
    "protein-binding": null,
    "route-of-elimination": null,
    "volume-of-distribution": null,
    "clearance": null,
    "salts": null,
    "synonyms": {
        "synonym": [
            {
                "language": "english",
                "coder": "inn",
                "value": "Pelcitoclax"
            }
        ]
    },
    "products": null,
    "international-brands": null,
    "mixtures": null,
    "packagers": null,
    "manufacturers": null,
    "prices": null,
    "categories": null,
    "affected-organisms": null,
    "dosages": null,
    "atc-codes": null,
    "ahfs-codes": null,
    "pdb-entries": null,
    "patents": null,
    "food-interactions": null,
    "drug-interactions": null,
    "calculated-properties": {
        "property": [
            {
                "kind": "logP",
                "value": "6.85",
                "source": "ALOGPS"
            },
            {
                "kind": "logS",
                "value": "-5.6",
                "source": "ALOGPS"
            },
            {
                "kind": "Water Solubility",
                "value": "3.17e-03 g/l",
                "source": "ALOGPS"
            },
            {
                "kind": "logP",
                "value": "7.7",
                "source": "ChemAxon"
            },
            {
                "kind": "IUPAC Name",
                "value": "(3-{1-[(3R)-3-[(4-{[4-(4-{3-[2-(4-chlorophenyl)-4-methanesulfonyl-5-methyl-1-(propan-2-yl)-1H-pyrrol-3-yl]-5-fluorophenyl}piperazin-1-yl)phenyl]sulfamoyl}-2-trifluoromethanesulfonylphenyl)amino]-4-(phenylsulfanyl)butyl]piperidine-4-carbonyloxy}propyl)phosphonic acid",
                "source": "ChemAxon"
            },
            {
                "kind": "Traditional IUPAC Name",
                "value": "5-({4-[2-(3-methoxyphenyl)-2-oxoethoxy]phenyl}methyl)-1,3-thiazolidine-2,4-dione",
                "source": "ChemAxon"
            },
            {
                "kind": "Molecular Weight",
                "value": "1281.84",
                "source": "ChemAxon"
            },
            {
                "kind": "Monoisotopic Weight",
                "value": "1280.303469",
                "source": "ChemAxon"
            },
            {
                "kind": "SMILES",
                "value": "CC(C)N1C(C)=C(C(=C1C1=CC=C(Cl)C=C1)C1=CC(=CC(F)=C1)N1CCN(CC1)C1=CC=C(NS(=O)(=O)C2=CC=C(N[C@H](CCN3CCC(CC3)C(=O)OCCCP(O)(O)=O)CSC3=CC=CC=C3)C(=C2)S(=O)(=O)C(F)(F)F)C=C1)S(C)(=O)=O",
                "source": "ChemAxon"
            },
            {
                "kind": "Molecular Formula",
                "value": "C57H66ClF4N6O11PS4",
                "source": "ChemAxon"
            },
            {
                "kind": "InChI",
                "value": "InChI=1S/C57H66ClF4N6O11PS4/c1-38(2)68-39(3)55(82(4,73)74)53(54(68)40-11-13-43(58)14-12-40)42-33-44(59)35-48(34-42)67-29-27-66(28-30-67)47-17-15-45(16-18-47)64-84(77,78)50-19-20-51(52(36-50)83(75,76)57(60,61)62)63-46(37-81-49-9-6-5-7-10-49)23-26-65-24-21-41(22-25-65)56(69)79-31-8-32-80(70,71)72/h5-7,9-20,33-36,38,41,46,63-64H,8,21-32,37H2,1-4H3,(H2,70,71,72)/t46-/m1/s1",
                "source": "ChemAxon"
            },
            {
                "kind": "InChIKey",
                "value": "QIOCQCYXBYUYLH-YACUFSJGSA-N",
                "source": "ChemAxon"
            },
            {
                "kind": "Polar Surface Area (PSA)",
                "value": "224.96",
                "source": "ChemAxon"
            },
            {
                "kind": "Refractivity",
                "value": "324",
                "source": "ChemAxon"
            },
            {
                "kind": "Polarizability",
                "value": "129.6",
                "source": "ChemAxon"
            },
            {
                "kind": "Rotatable Bond Count",
                "value": "24",
                "source": "ChemAxon"
            },
            {
                "kind": "H Bond Acceptor Count",
                "value": "14",
                "source": "ChemAxon"
            },
            {
                "kind": "H Bond Donor Count",
                "value": "4",
                "source": "ChemAxon"
            },
            {
                "kind": "pKa (strongest acidic)",
                "value": "1.8",
                "source": "ChemAxon"
            },
            {
                "kind": "pKa (strongest basic)",
                "value": "7.75",
                "source": "ChemAxon"
            },
            {
                "kind": "Physiological Charge",
                "value": "0",
                "source": "ChemAxon"
            },
            {
                "kind": "Number of Rings",
                "value": "8",
                "source": "ChemAxon"
            },
            {
                "kind": "Bioavailability",
                "value": "0",
                "source": "ChemAxon"
            },
            {
                "kind": "Rule of Five",
                "value": "0",
                "source": "ChemAxon"
            },
            {
                "kind": "Ghose Filter",
                "value": "0",
                "source": "ChemAxon"
            },
            {
                "kind": "MDDR-Like Rule",
                "value": "1",
                "source": "ChemAxon"
            }
        ]
    },
    "experimental-properties": null,
    "external-identifiers": null,
    "external-links": null,
    "pathways": null,
    "reactions": null,
    "snp-effects": null,
    "snp-adverse-drug-reactions": null,
    "targets": null,
    "enzymes": null,
    "carriers": null,
    "transporters": null
}