{
    "type": "biotech",
    "created": "2020-12-17",
    "updated": "2020-12-20",
    "drugbank-id": [
        {
            "primary": true,
            "value": "DB16361"
        }
    ],
    "name": "Descartes-30",
    "description": "Descartes-30 is an RNA-engineered off-the-shelf allogeneic mesenchymal stem cell (MSC) product developed by Cartesian Therapeutics.[L27531] The RNA-engineering is performed with Cartesian Therapeutics’ proprietary RNA Armory which is a platform that activates and provides cells with mRNA-based therapeutics.",
    "cas-number": null,
    "unii": "4P8TSC4FR8",
    "groups": {
        "group": [
            "investigational"
        ]
    },
    "general-references": {
        "articles": null,
        "textbooks": null,
        "links": {
            "link": [
                {
                    "ref-id": "L27531",
                    "title": "Cartesian Therapeutics: Cartesian Therapeutics Initiates Clinical Trial of First RNA-Engineered Cell Therapy for Acute Respiratory Distress Syndrome and COVID-19",
                    "url": "https://www.cartesiantherapeutics.com/cartesian-therapeutics-initiates-clinical-trial-of-first-rna-engineered-cell-therapy-for-acute-respiratory-distress-syndrome-and-covid-19/"
                },
                {
                    "ref-id": "L27536",
                    "title": "Cartesian Therapeutics: Descartes-30 in ARDS",
                    "url": "https://www.cartesiantherapeutics.com/descartes-30-ards/"
                }
            ]
        },
        "attachments": null
    },
    "synthesis-reference": null,
    "indication": null,
    "pharmacodynamics": null,
    "mechanism-of-action": "Descartes-30 expresses a unique combination of DNases in patients and delivers a targeted treatment directly to the site of disease which eliminates neutrophil extracellular traps which are a key driver of inflammation and clotting in acute respiratory distress syndrome.[L27536, L27531] This cell therapy is currently being investigated against COVID-19.",
    "toxicity": null,
    "metabolism": null,
    "absorption": null,
    "half-life": null,
    "protein-binding": null,
    "route-of-elimination": null,
    "volume-of-distribution": null,
    "clearance": null,
    "salts": null,
    "synonyms": {
        "synonym": [
            {
                "language": "english",
                "coder": "",
                "value": "Descartes 30"
            }
        ]
    },
    "products": null,
    "international-brands": null,
    "mixtures": null,
    "packagers": null,
    "manufacturers": null,
    "prices": null,
    "categories": null,
    "affected-organisms": null,
    "dosages": null,
    "atc-codes": null,
    "ahfs-codes": null,
    "pdb-entries": null,
    "patents": null,
    "food-interactions": null,
    "drug-interactions": null,
    "sequences": null,
    "experimental-properties": null,
    "external-identifiers": null,
    "external-links": null,
    "pathways": null,
    "reactions": null,
    "snp-effects": null,
    "snp-adverse-drug-reactions": null,
    "targets": null,
    "enzymes": null,
    "carriers": null,
    "transporters": null
}