{
    "type": "small molecule",
    "created": "2020-12-15",
    "updated": "2020-12-20",
    "drugbank-id": [
        {
            "primary": true,
            "value": "DB16256"
        }
    ],
    "name": "Ningetinib",
    "description": "Ningetinib is under investigation in clinical trial NCT03758287 (Ningetinib (CT053PTSA) Plus Gefitinib in Stage IIIB or IV NSCLC Patients With EGFR Mutation and T790M Negative).",
    "cas-number": "1394820-69-9",
    "unii": "PW3Q92Z6A4",
    "average-mass": 556.594,
    "monoisotopic-mass": 556.212198213,
    "groups": {
        "group": [
            "investigational"
        ]
    },
    "general-references": {
        "articles": null,
        "textbooks": null,
        "links": null,
        "attachments": null
    },
    "synthesis-reference": null,
    "indication": null,
    "pharmacodynamics": null,
    "mechanism-of-action": null,
    "toxicity": null,
    "metabolism": null,
    "absorption": null,
    "half-life": null,
    "protein-binding": null,
    "route-of-elimination": null,
    "volume-of-distribution": null,
    "clearance": null,
    "salts": null,
    "synonyms": {
        "synonym": [
            {
                "language": "english",
                "coder": "",
                "value": "Ct-053 free base"
            },
            {
                "language": "english",
                "coder": "",
                "value": "Ct-053-ptsa free base"
            },
            {
                "language": "english",
                "coder": "",
                "value": "Ct053ptsa free base"
            }
        ]
    },
    "products": null,
    "international-brands": null,
    "mixtures": null,
    "packagers": null,
    "manufacturers": null,
    "prices": null,
    "categories": null,
    "affected-organisms": null,
    "dosages": null,
    "atc-codes": null,
    "ahfs-codes": null,
    "pdb-entries": null,
    "patents": null,
    "food-interactions": null,
    "drug-interactions": null,
    "calculated-properties": {
        "property": [
            {
                "kind": "logP",
                "value": "4.07",
                "source": "ALOGPS"
            },
            {
                "kind": "logS",
                "value": "-5.1",
                "source": "ALOGPS"
            },
            {
                "kind": "Water Solubility",
                "value": "4.08e-03 g/l",
                "source": "ALOGPS"
            },
            {
                "kind": "logP",
                "value": "3.89",
                "source": "ChemAxon"
            },
            {
                "kind": "IUPAC Name",
                "value": "N-(3-fluoro-4-{[7-(2-hydroxy-2-methylpropoxy)quinolin-4-yl]oxy}phenyl)-1,5-dimethyl-3-oxo-2-phenyl-2,3-dihydro-1H-pyrazole-4-carboxamide",
                "source": "ChemAxon"
            },
            {
                "kind": "Traditional IUPAC Name",
                "value": "5-({4-[2-(3-methoxyphenyl)-2-oxoethoxy]phenyl}methyl)-1,3-thiazolidine-2,4-dione",
                "source": "ChemAxon"
            },
            {
                "kind": "Molecular Weight",
                "value": "556.594",
                "source": "ChemAxon"
            },
            {
                "kind": "Monoisotopic Weight",
                "value": "556.212198213",
                "source": "ChemAxon"
            },
            {
                "kind": "SMILES",
                "value": "CN1N(C(=O)C(C(=O)NC2=CC(F)=C(OC3=CC=NC4=C3C=CC(OCC(C)(C)O)=C4)C=C2)=C1C)C1=CC=CC=C1",
                "source": "ChemAxon"
            },
            {
                "kind": "Molecular Formula",
                "value": "C31H29FN4O5",
                "source": "ChemAxon"
            },
            {
                "kind": "InChI",
                "value": "InChI=1S/C31H29FN4O5/c1-19-28(30(38)36(35(19)4)21-8-6-5-7-9-21)29(37)34-20-10-13-27(24(32)16-20)41-26-14-15-33-25-17-22(11-12-23(25)26)40-18-31(2,3)39/h5-17,39H,18H2,1-4H3,(H,34,37)",
                "source": "ChemAxon"
            },
            {
                "kind": "InChIKey",
                "value": "VQYYQSZNRVQLIS-UHFFFAOYSA-N",
                "source": "ChemAxon"
            },
            {
                "kind": "Polar Surface Area (PSA)",
                "value": "104.23",
                "source": "ChemAxon"
            },
            {
                "kind": "Refractivity",
                "value": "152.96",
                "source": "ChemAxon"
            },
            {
                "kind": "Polarizability",
                "value": "58.81",
                "source": "ChemAxon"
            },
            {
                "kind": "Rotatable Bond Count",
                "value": "8",
                "source": "ChemAxon"
            },
            {
                "kind": "H Bond Acceptor Count",
                "value": "6",
                "source": "ChemAxon"
            },
            {
                "kind": "H Bond Donor Count",
                "value": "2",
                "source": "ChemAxon"
            },
            {
                "kind": "pKa (strongest acidic)",
                "value": "12.96",
                "source": "ChemAxon"
            },
            {
                "kind": "pKa (strongest basic)",
                "value": "5.59",
                "source": "ChemAxon"
            },
            {
                "kind": "Physiological Charge",
                "value": "0",
                "source": "ChemAxon"
            },
            {
                "kind": "Number of Rings",
                "value": "5",
                "source": "ChemAxon"
            },
            {
                "kind": "Bioavailability",
                "value": "1",
                "source": "ChemAxon"
            },
            {
                "kind": "Rule of Five",
                "value": "0",
                "source": "ChemAxon"
            },
            {
                "kind": "Ghose Filter",
                "value": "0",
                "source": "ChemAxon"
            },
            {
                "kind": "MDDR-Like Rule",
                "value": "1",
                "source": "ChemAxon"
            }
        ]
    },
    "experimental-properties": null,
    "external-identifiers": {
        "external-identifier": [
            {
                "resource": "ChemSpider",
                "identifier": "61719564"
            },
            {
                "resource": "BindingDB",
                "identifier": "180270"
            },
            {
                "resource": "ChEMBL",
                "identifier": "CHEMBL3984441"
            },
            {
                "resource": "ZINC",
                "identifier": "ZINC000143426755"
            }
        ]
    },
    "external-links": null,
    "pathways": null,
    "reactions": null,
    "snp-effects": null,
    "snp-adverse-drug-reactions": null,
    "targets": null,
    "enzymes": null,
    "carriers": null,
    "transporters": null
}