{
    "type": "small molecule",
    "created": "2020-12-15",
    "updated": "2021-02-21",
    "drugbank-id": [
        {
            "primary": true,
            "value": "DB16119"
        }
    ],
    "name": "Carotegrast methyl",
    "description": "Carotegrast methyl is under investigation in clinical trial NCT03531892 (A Study to Evaluate the Safety and Efficacy of AJM300 in Participants With Active Ulcerative Colitis).",
    "cas-number": "401905-67-7",
    "unii": "OYK17DYO9M",
    "average-mass": 569.44,
    "monoisotopic-mass": 568.1280254,
    "groups": {
        "group": [
            "investigational"
        ]
    },
    "general-references": {
        "articles": null,
        "textbooks": null,
        "links": null,
        "attachments": null
    },
    "synthesis-reference": null,
    "indication": null,
    "pharmacodynamics": null,
    "mechanism-of-action": null,
    "toxicity": null,
    "metabolism": null,
    "absorption": null,
    "half-life": null,
    "protein-binding": null,
    "route-of-elimination": null,
    "volume-of-distribution": null,
    "clearance": null,
    "salts": null,
    "synonyms": {
        "synonym": [
            {
                "language": "english",
                "coder": "jan",
                "value": "Carotegrast methyl"
            }
        ]
    },
    "products": null,
    "international-brands": null,
    "mixtures": null,
    "packagers": null,
    "manufacturers": null,
    "prices": null,
    "categories": {
        "category": [
            {
                "category": "Amino Acids",
                "mesh-id": "D000596"
            },
            {
                "category": "Amino Acids, Aromatic",
                "mesh-id": "D024322"
            },
            {
                "category": "Amino Acids, Cyclic",
                "mesh-id": "D000598"
            },
            {
                "category": "Amino Acids, Essential",
                "mesh-id": "D000601"
            },
            {
                "category": "Amino Acids, Peptides, and Proteins",
                "mesh-id": "D000602"
            },
            {
                "category": "Heterocyclic Compounds, Fused-Ring",
                "mesh-id": "D000072471"
            },
            {
                "category": "Quinazolines",
                "mesh-id": "D011799"
            }
        ]
    },
    "affected-organisms": null,
    "dosages": null,
    "atc-codes": null,
    "ahfs-codes": null,
    "pdb-entries": null,
    "patents": null,
    "food-interactions": null,
    "drug-interactions": null,
    "calculated-properties": {
        "property": [
            {
                "kind": "logP",
                "value": "4.1",
                "source": "ALOGPS"
            },
            {
                "kind": "logS",
                "value": "-5.5",
                "source": "ALOGPS"
            },
            {
                "kind": "Water Solubility",
                "value": "1.65e-03 g/l",
                "source": "ALOGPS"
            },
            {
                "kind": "logP",
                "value": "4.73",
                "source": "ChemAxon"
            },
            {
                "kind": "IUPAC Name",
                "value": "methyl (2S)-2-[(2,6-dichlorophenyl)formamido]-3-{4-[6-(dimethylamino)-1-methyl-2,4-dioxo-1,2,3,4-tetrahydroquinazolin-3-yl]phenyl}propanoate",
                "source": "ChemAxon"
            },
            {
                "kind": "Traditional IUPAC Name",
                "value": "2-methoxy-4-[(1E)-3-[4-(nitrooxy)butoxy]-3-oxoprop-1-en-1-yl]phenyl (4R)-4-[(1R,3aS,3bR,4S,5aS,7R,9aS,9bS,11aR)-4,7-dihydroxy-9a,11a-dimethyl-tetradecahydro-1H-cyclopenta[a]phenanthren-1-yl]pentanoate",
                "source": "ChemAxon"
            },
            {
                "kind": "Molecular Weight",
                "value": "569.44",
                "source": "ChemAxon"
            },
            {
                "kind": "Monoisotopic Weight",
                "value": "568.1280254",
                "source": "ChemAxon"
            },
            {
                "kind": "SMILES",
                "value": "COC(=O)[C@H](CC1=CC=C(C=C1)N1C(=O)N(C)C2=C(C=C(C=C2)N(C)C)C1=O)NC(=O)C1=C(Cl)C=CC=C1Cl",
                "source": "ChemAxon"
            },
            {
                "kind": "Molecular Formula",
                "value": "C28H26Cl2N4O5",
                "source": "ChemAxon"
            },
            {
                "kind": "InChI",
                "value": "InChI=1S/C28H26Cl2N4O5/c1-32(2)18-12-13-23-19(15-18)26(36)34(28(38)33(23)3)17-10-8-16(9-11-17)14-22(27(37)39-4)31-25(35)24-20(29)6-5-7-21(24)30/h5-13,15,22H,14H2,1-4H3,(H,31,35)/t22-/m0/s1",
                "source": "ChemAxon"
            },
            {
                "kind": "InChIKey",
                "value": "MMHHPKCJJIFLBQ-QFIPXVFZSA-N",
                "source": "ChemAxon"
            },
            {
                "kind": "Polar Surface Area (PSA)",
                "value": "99.26",
                "source": "ChemAxon"
            },
            {
                "kind": "Refractivity",
                "value": "149.55",
                "source": "ChemAxon"
            },
            {
                "kind": "Polarizability",
                "value": "58.16",
                "source": "ChemAxon"
            },
            {
                "kind": "Rotatable Bond Count",
                "value": "8",
                "source": "ChemAxon"
            },
            {
                "kind": "H Bond Acceptor Count",
                "value": "5",
                "source": "ChemAxon"
            },
            {
                "kind": "H Bond Donor Count",
                "value": "1",
                "source": "ChemAxon"
            },
            {
                "kind": "pKa (strongest acidic)",
                "value": "12.53",
                "source": "ChemAxon"
            },
            {
                "kind": "pKa (strongest basic)",
                "value": "3.2",
                "source": "ChemAxon"
            },
            {
                "kind": "Physiological Charge",
                "value": "0",
                "source": "ChemAxon"
            },
            {
                "kind": "Number of Rings",
                "value": "4",
                "source": "ChemAxon"
            },
            {
                "kind": "Bioavailability",
                "value": "1",
                "source": "ChemAxon"
            },
            {
                "kind": "Rule of Five",
                "value": "0",
                "source": "ChemAxon"
            },
            {
                "kind": "Ghose Filter",
                "value": "0",
                "source": "ChemAxon"
            },
            {
                "kind": "MDDR-Like Rule",
                "value": "1",
                "source": "ChemAxon"
            }
        ]
    },
    "experimental-properties": null,
    "external-identifiers": {
        "external-identifier": [
            {
                "resource": "ChemSpider",
                "identifier": "8048469"
            },
            {
                "resource": "ZINC",
                "identifier": "ZINC000070647168"
            }
        ]
    },
    "external-links": null,
    "pathways": null,
    "reactions": null,
    "snp-effects": null,
    "snp-adverse-drug-reactions": null,
    "targets": null,
    "enzymes": null,
    "carriers": null,
    "transporters": null
}