{
    "type": "small molecule",
    "created": "2020-12-15",
    "updated": "2021-02-21",
    "drugbank-id": [
        {
            "primary": true,
            "value": "DB16123"
        }
    ],
    "name": "Ceralifimod",
    "description": "Ceralifimod is under investigation in clinical trial NCT01226745 (Phase 2 Extension Trial in Patients With Relapsing-remitting Multiple Sclerosis (RRMS)).",
    "cas-number": "891859-12-4",
    "unii": "BZ2O8A84A4",
    "average-mass": 435.564,
    "monoisotopic-mass": 435.240958547,
    "groups": {
        "group": [
            "investigational"
        ]
    },
    "general-references": {
        "articles": null,
        "textbooks": null,
        "links": null,
        "attachments": null
    },
    "synthesis-reference": null,
    "indication": null,
    "pharmacodynamics": null,
    "mechanism-of-action": null,
    "toxicity": null,
    "metabolism": null,
    "absorption": null,
    "half-life": null,
    "protein-binding": null,
    "route-of-elimination": null,
    "volume-of-distribution": null,
    "clearance": null,
    "salts": null,
    "synonyms": {
        "synonym": [
            {
                "language": "english",
                "coder": "inn",
                "value": "Ceralifimod"
            }
        ]
    },
    "products": null,
    "international-brands": null,
    "mixtures": null,
    "packagers": null,
    "manufacturers": null,
    "prices": null,
    "categories": {
        "category": [
            {
                "category": "Azetines",
                "mesh-id": "D001385"
            },
            {
                "category": "Immunologic Factors",
                "mesh-id": "D007155"
            },
            {
                "category": "Immunosuppressive Agents",
                "mesh-id": "D007166"
            },
            {
                "category": "Sphingosine 1 Phosphate Receptor Modulators",
                "mesh-id": "D000081243"
            }
        ]
    },
    "affected-organisms": null,
    "dosages": null,
    "atc-codes": null,
    "ahfs-codes": null,
    "pdb-entries": null,
    "patents": null,
    "food-interactions": null,
    "drug-interactions": null,
    "calculated-properties": {
        "property": [
            {
                "kind": "logP",
                "value": "4.7",
                "source": "ALOGPS"
            },
            {
                "kind": "logS",
                "value": "-5",
                "source": "ALOGPS"
            },
            {
                "kind": "Water Solubility",
                "value": "4.75e-03 g/l",
                "source": "ALOGPS"
            },
            {
                "kind": "logP",
                "value": "2.7",
                "source": "ChemAxon"
            },
            {
                "kind": "IUPAC Name",
                "value": "1-({6-[(2-methoxy-4-propylphenyl)methoxy]-1-methyl-3,4-dihydronaphthalen-2-yl}methyl)azetidine-3-carboxylic acid",
                "source": "ChemAxon"
            },
            {
                "kind": "Traditional IUPAC Name",
                "value": "2-methoxy-4-[(1E)-3-[4-(nitrooxy)butoxy]-3-oxoprop-1-en-1-yl]phenyl (4R)-4-[(1R,3aS,3bR,4S,5aS,7R,9aS,9bS,11aR)-4,7-dihydroxy-9a,11a-dimethyl-tetradecahydro-1H-cyclopenta[a]phenanthren-1-yl]pentanoate",
                "source": "ChemAxon"
            },
            {
                "kind": "Molecular Weight",
                "value": "435.564",
                "source": "ChemAxon"
            },
            {
                "kind": "Monoisotopic Weight",
                "value": "435.240958547",
                "source": "ChemAxon"
            },
            {
                "kind": "SMILES",
                "value": "CCCC1=CC=C(COC2=CC3=C(C=C2)C(C)=C(CN2CC(C2)C(O)=O)CC3)C(OC)=C1",
                "source": "ChemAxon"
            },
            {
                "kind": "Molecular Formula",
                "value": "C27H33NO4",
                "source": "ChemAxon"
            },
            {
                "kind": "InChI",
                "value": "InChI=1S/C27H33NO4/c1-4-5-19-6-7-22(26(12-19)31-3)17-32-24-10-11-25-18(2)21(9-8-20(25)13-24)14-28-15-23(16-28)27(29)30/h6-7,10-13,23H,4-5,8-9,14-17H2,1-3H3,(H,29,30)",
                "source": "ChemAxon"
            },
            {
                "kind": "InChIKey",
                "value": "QDDQIPUKAXBMBX-UHFFFAOYSA-N",
                "source": "ChemAxon"
            },
            {
                "kind": "Polar Surface Area (PSA)",
                "value": "59",
                "source": "ChemAxon"
            },
            {
                "kind": "Refractivity",
                "value": "127.38",
                "source": "ChemAxon"
            },
            {
                "kind": "Polarizability",
                "value": "51.03",
                "source": "ChemAxon"
            },
            {
                "kind": "Rotatable Bond Count",
                "value": "9",
                "source": "ChemAxon"
            },
            {
                "kind": "H Bond Acceptor Count",
                "value": "5",
                "source": "ChemAxon"
            },
            {
                "kind": "H Bond Donor Count",
                "value": "1",
                "source": "ChemAxon"
            },
            {
                "kind": "pKa (strongest acidic)",
                "value": "3.05",
                "source": "ChemAxon"
            },
            {
                "kind": "pKa (strongest basic)",
                "value": "8.66",
                "source": "ChemAxon"
            },
            {
                "kind": "Physiological Charge",
                "value": "0",
                "source": "ChemAxon"
            },
            {
                "kind": "Number of Rings",
                "value": "4",
                "source": "ChemAxon"
            },
            {
                "kind": "Bioavailability",
                "value": "1",
                "source": "ChemAxon"
            },
            {
                "kind": "Rule of Five",
                "value": "1",
                "source": "ChemAxon"
            },
            {
                "kind": "Ghose Filter",
                "value": "1",
                "source": "ChemAxon"
            },
            {
                "kind": "MDDR-Like Rule",
                "value": "1",
                "source": "ChemAxon"
            }
        ]
    },
    "experimental-properties": null,
    "external-identifiers": {
        "external-identifier": [
            {
                "resource": "ChemSpider",
                "identifier": "9677798"
            },
            {
                "resource": "BindingDB",
                "identifier": "50250631"
            },
            {
                "resource": "ChEMBL",
                "identifier": "CHEMBL4093489"
            },
            {
                "resource": "ZINC",
                "identifier": "ZINC000043130789"
            }
        ]
    },
    "external-links": null,
    "pathways": null,
    "reactions": null,
    "snp-effects": null,
    "snp-adverse-drug-reactions": null,
    "targets": null,
    "enzymes": null,
    "carriers": null,
    "transporters": null
}