{
    "type": "small molecule",
    "created": "2020-12-15",
    "updated": "2020-12-20",
    "drugbank-id": [
        {
            "primary": true,
            "value": "DB16106"
        }
    ],
    "name": "GSK2256098",
    "description": "GSK2256098 is under investigation in clinical trial NCT02523014 (Vismodegib and FAK Inhibitor GSK2256098 in Treating Patients With Progressive Meningiomas).",
    "cas-number": "1224887-10-8",
    "unii": "R7O0O4110G",
    "average-mass": 414.89,
    "monoisotopic-mass": 414.1571017,
    "groups": {
        "group": [
            "investigational"
        ]
    },
    "general-references": {
        "articles": null,
        "textbooks": null,
        "links": null,
        "attachments": null
    },
    "synthesis-reference": null,
    "indication": null,
    "pharmacodynamics": null,
    "mechanism-of-action": null,
    "toxicity": null,
    "metabolism": null,
    "absorption": null,
    "half-life": null,
    "protein-binding": null,
    "route-of-elimination": null,
    "volume-of-distribution": null,
    "clearance": null,
    "salts": null,
    "synonyms": null,
    "products": null,
    "international-brands": null,
    "mixtures": null,
    "packagers": null,
    "manufacturers": null,
    "prices": null,
    "categories": {
        "category": [
            {
                "category": "Amines",
                "mesh-id": "D000588"
            },
            {
                "category": "Hydroxy Acids",
                "mesh-id": "D006880"
            },
            {
                "category": "Hydroxylamines",
                "mesh-id": "D006898"
            },
            {
                "category": "Pyridines",
                "mesh-id": "D011725"
            }
        ]
    },
    "affected-organisms": null,
    "dosages": null,
    "atc-codes": null,
    "ahfs-codes": null,
    "pdb-entries": null,
    "patents": null,
    "food-interactions": null,
    "drug-interactions": null,
    "calculated-properties": {
        "property": [
            {
                "kind": "logP",
                "value": "4.29",
                "source": "ALOGPS"
            },
            {
                "kind": "logS",
                "value": "-4.1",
                "source": "ALOGPS"
            },
            {
                "kind": "Water Solubility",
                "value": "3.27e-02 g/l",
                "source": "ALOGPS"
            },
            {
                "kind": "logP",
                "value": "4.78",
                "source": "ChemAxon"
            },
            {
                "kind": "IUPAC Name",
                "value": "2-[(5-chloro-2-{[3-methyl-1-(propan-2-yl)-1H-pyrazol-5-yl]amino}pyridin-4-yl)amino]-N-methoxybenzamide",
                "source": "ChemAxon"
            },
            {
                "kind": "Traditional IUPAC Name",
                "value": "5-({4-[2-(3-methoxyphenyl)-2-oxoethoxy]phenyl}methyl)-1,3-thiazolidine-2,4-dione",
                "source": "ChemAxon"
            },
            {
                "kind": "Molecular Weight",
                "value": "414.89",
                "source": "ChemAxon"
            },
            {
                "kind": "Monoisotopic Weight",
                "value": "414.1571017",
                "source": "ChemAxon"
            },
            {
                "kind": "SMILES",
                "value": "CONC(=O)C1=CC=CC=C1NC1=CC(NC2=CC(C)=NN2C(C)C)=NC=C1Cl",
                "source": "ChemAxon"
            },
            {
                "kind": "Molecular Formula",
                "value": "C20H23ClN6O2",
                "source": "ChemAxon"
            },
            {
                "kind": "InChI",
                "value": "InChI=1S/C20H23ClN6O2/c1-12(2)27-19(9-13(3)25-27)24-18-10-17(15(21)11-22-18)23-16-8-6-5-7-14(16)20(28)26-29-4/h5-12H,1-4H3,(H,26,28)(H2,22,23,24)",
                "source": "ChemAxon"
            },
            {
                "kind": "InChIKey",
                "value": "BVAHPPKGOOJSPU-UHFFFAOYSA-N",
                "source": "ChemAxon"
            },
            {
                "kind": "Polar Surface Area (PSA)",
                "value": "93.1",
                "source": "ChemAxon"
            },
            {
                "kind": "Refractivity",
                "value": "123.23",
                "source": "ChemAxon"
            },
            {
                "kind": "Polarizability",
                "value": "43.94",
                "source": "ChemAxon"
            },
            {
                "kind": "Rotatable Bond Count",
                "value": "7",
                "source": "ChemAxon"
            },
            {
                "kind": "H Bond Acceptor Count",
                "value": "6",
                "source": "ChemAxon"
            },
            {
                "kind": "H Bond Donor Count",
                "value": "3",
                "source": "ChemAxon"
            },
            {
                "kind": "pKa (strongest acidic)",
                "value": "12.78",
                "source": "ChemAxon"
            },
            {
                "kind": "pKa (strongest basic)",
                "value": "6.36",
                "source": "ChemAxon"
            },
            {
                "kind": "Physiological Charge",
                "value": "0",
                "source": "ChemAxon"
            },
            {
                "kind": "Number of Rings",
                "value": "3",
                "source": "ChemAxon"
            },
            {
                "kind": "Bioavailability",
                "value": "1",
                "source": "ChemAxon"
            },
            {
                "kind": "Rule of Five",
                "value": "1",
                "source": "ChemAxon"
            },
            {
                "kind": "Ghose Filter",
                "value": "1",
                "source": "ChemAxon"
            },
            {
                "kind": "MDDR-Like Rule",
                "value": "1",
                "source": "ChemAxon"
            }
        ]
    },
    "experimental-properties": null,
    "external-identifiers": {
        "external-identifier": [
            {
                "resource": "ChemSpider",
                "identifier": "34980867"
            },
            {
                "resource": "ZINC",
                "identifier": "ZINC000114407258"
            }
        ]
    },
    "external-links": null,
    "pathways": null,
    "reactions": null,
    "snp-effects": null,
    "snp-adverse-drug-reactions": null,
    "targets": null,
    "enzymes": null,
    "carriers": null,
    "transporters": null
}