{
    "type": "small molecule",
    "created": "2020-12-15",
    "updated": "2020-12-20",
    "drugbank-id": [
        {
            "primary": true,
            "value": "DB16249"
        }
    ],
    "name": "Naphthoquine",
    "description": "Naphthoquine is under investigation in clinical trial NCT01930331 (Safety, Tolerability, Pharmacokinetics and Efficacy of ARCO).",
    "cas-number": "173531-57-2",
    "unii": "TRY8UD4E2H",
    "average-mass": 409.96,
    "monoisotopic-mass": 409.1920902,
    "groups": {
        "group": [
            "investigational"
        ]
    },
    "general-references": {
        "articles": null,
        "textbooks": null,
        "links": null,
        "attachments": null
    },
    "synthesis-reference": null,
    "indication": null,
    "pharmacodynamics": null,
    "mechanism-of-action": null,
    "toxicity": null,
    "metabolism": null,
    "absorption": null,
    "half-life": null,
    "protein-binding": null,
    "route-of-elimination": null,
    "volume-of-distribution": null,
    "clearance": null,
    "salts": null,
    "synonyms": null,
    "products": null,
    "international-brands": null,
    "mixtures": null,
    "packagers": null,
    "manufacturers": null,
    "prices": null,
    "categories": {
        "category": [
            {
                "category": "Amines",
                "mesh-id": "D000588"
            },
            {
                "category": "Antimalarials",
                "mesh-id": "D000962"
            },
            {
                "category": "Antiparasitic Products, Insecticides and Repellents",
                "mesh-id": null
            },
            {
                "category": "Antiprotozoals",
                "mesh-id": "D000981"
            },
            {
                "category": "Heterocyclic Compounds, Fused-Ring",
                "mesh-id": "D000072471"
            },
            {
                "category": "Naphthalenes",
                "mesh-id": "D009281"
            },
            {
                "category": "Quinolines",
                "mesh-id": "D011804"
            }
        ]
    },
    "affected-organisms": null,
    "dosages": null,
    "atc-codes": {
        "atc-code": [
            {
                "code": "P01BF08",
                "level": [
                    {
                        "code": "P01BF",
                        "value": "Artemisinin and derivatives, combinations"
                    },
                    {
                        "code": "P01B",
                        "value": "ANTIMALARIALS"
                    },
                    {
                        "code": "P01",
                        "value": "ANTIPROTOZOALS"
                    },
                    {
                        "code": "P",
                        "value": "ANTIPARASITIC PRODUCTS, INSECTICIDES AND REPELLENTS"
                    }
                ]
            }
        ]
    },
    "ahfs-codes": null,
    "pdb-entries": null,
    "patents": null,
    "food-interactions": null,
    "drug-interactions": null,
    "calculated-properties": {
        "property": [
            {
                "kind": "logP",
                "value": "5.72",
                "source": "ALOGPS"
            },
            {
                "kind": "logS",
                "value": "-5.3",
                "source": "ALOGPS"
            },
            {
                "kind": "Water Solubility",
                "value": "2.01e-03 g/l",
                "source": "ALOGPS"
            },
            {
                "kind": "logP",
                "value": "5.22",
                "source": "ChemAxon"
            },
            {
                "kind": "IUPAC Name",
                "value": "2-[(tert-butylamino)methyl]-4-[(7-chloroquinolin-4-yl)amino]-5,6,7,8-tetrahydronaphthalen-1-ol",
                "source": "ChemAxon"
            },
            {
                "kind": "Traditional IUPAC Name",
                "value": "2-methoxy-4-[(1E)-3-[4-(nitrooxy)butoxy]-3-oxoprop-1-en-1-yl]phenyl (4R)-4-[(1R,3aS,3bR,4S,5aS,7R,9aS,9bS,11aR)-4,7-dihydroxy-9a,11a-dimethyl-tetradecahydro-1H-cyclopenta[a]phenanthren-1-yl]pentanoate",
                "source": "ChemAxon"
            },
            {
                "kind": "Molecular Weight",
                "value": "409.96",
                "source": "ChemAxon"
            },
            {
                "kind": "Monoisotopic Weight",
                "value": "409.1920902",
                "source": "ChemAxon"
            },
            {
                "kind": "SMILES",
                "value": "CC(C)(C)NCC1=CC(NC2=CC=NC3=CC(Cl)=CC=C23)=C2CCCCC2=C1O",
                "source": "ChemAxon"
            },
            {
                "kind": "Molecular Formula",
                "value": "C24H28ClN3O",
                "source": "ChemAxon"
            },
            {
                "kind": "InChI",
                "value": "InChI=1S/C24H28ClN3O/c1-24(2,3)27-14-15-12-22(17-6-4-5-7-18(17)23(15)29)28-20-10-11-26-21-13-16(25)8-9-19(20)21/h8-13,27,29H,4-7,14H2,1-3H3,(H,26,28)",
                "source": "ChemAxon"
            },
            {
                "kind": "InChIKey",
                "value": "VEVMYTDOWUQLGI-UHFFFAOYSA-N",
                "source": "ChemAxon"
            },
            {
                "kind": "Polar Surface Area (PSA)",
                "value": "57.18",
                "source": "ChemAxon"
            },
            {
                "kind": "Refractivity",
                "value": "119.79",
                "source": "ChemAxon"
            },
            {
                "kind": "Polarizability",
                "value": "46.82",
                "source": "ChemAxon"
            },
            {
                "kind": "Rotatable Bond Count",
                "value": "5",
                "source": "ChemAxon"
            },
            {
                "kind": "H Bond Acceptor Count",
                "value": "4",
                "source": "ChemAxon"
            },
            {
                "kind": "H Bond Donor Count",
                "value": "3",
                "source": "ChemAxon"
            },
            {
                "kind": "pKa (strongest acidic)",
                "value": "9.51",
                "source": "ChemAxon"
            },
            {
                "kind": "pKa (strongest basic)",
                "value": "10.62",
                "source": "ChemAxon"
            },
            {
                "kind": "Physiological Charge",
                "value": "1",
                "source": "ChemAxon"
            },
            {
                "kind": "Number of Rings",
                "value": "4",
                "source": "ChemAxon"
            },
            {
                "kind": "Bioavailability",
                "value": "1",
                "source": "ChemAxon"
            },
            {
                "kind": "Rule of Five",
                "value": "0",
                "source": "ChemAxon"
            },
            {
                "kind": "Ghose Filter",
                "value": "1",
                "source": "ChemAxon"
            },
            {
                "kind": "MDDR-Like Rule",
                "value": "0",
                "source": "ChemAxon"
            }
        ]
    },
    "experimental-properties": null,
    "external-identifiers": {
        "external-identifier": [
            {
                "resource": "ChemSpider",
                "identifier": "8027488"
            },
            {
                "resource": "ZINC",
                "identifier": "ZINC000033991990"
            },
            {
                "resource": "RxCUI",
                "identifier": "1721293"
            }
        ]
    },
    "external-links": null,
    "pathways": null,
    "reactions": null,
    "snp-effects": null,
    "snp-adverse-drug-reactions": null,
    "targets": null,
    "enzymes": null,
    "carriers": null,
    "transporters": null
}