{
    "type": "small molecule",
    "created": "2020-12-15",
    "updated": "2020-12-20",
    "drugbank-id": [
        {
            "primary": true,
            "value": "DB16101"
        }
    ],
    "name": "Baicalein",
    "description": "Baicalein is under investigation in clinical trial NCT03830684 (A Randomized, Double-blind, Placebo-controlled, Multicenter and Phase ⅡA Clinical Trial for the Effectiveness and Safety of Baicalein Tablets in the Treatment of Improve Other Aspects of Healthy Adult With Influenza Fever).",
    "cas-number": "491-67-8",
    "unii": "49QAH60606",
    "average-mass": 270.24,
    "monoisotopic-mass": 270.052823422,
    "groups": {
        "group": [
            "investigational"
        ]
    },
    "general-references": {
        "articles": null,
        "textbooks": null,
        "links": null,
        "attachments": null
    },
    "synthesis-reference": null,
    "indication": null,
    "pharmacodynamics": null,
    "mechanism-of-action": null,
    "toxicity": null,
    "metabolism": null,
    "absorption": null,
    "half-life": null,
    "protein-binding": null,
    "route-of-elimination": null,
    "volume-of-distribution": null,
    "clearance": null,
    "salts": null,
    "synonyms": {
        "synonym": [
            {
                "language": "english",
                "coder": "",
                "value": "Noroxylin"
            }
        ]
    },
    "products": null,
    "international-brands": null,
    "mixtures": null,
    "packagers": null,
    "manufacturers": null,
    "prices": null,
    "categories": {
        "category": [
            {
                "category": "Antioxidants",
                "mesh-id": "D000975"
            },
            {
                "category": "Benzopyrans",
                "mesh-id": "D001578"
            },
            {
                "category": "Biological Factors",
                "mesh-id": "D001685"
            },
            {
                "category": "Chromones",
                "mesh-id": "D002867"
            },
            {
                "category": "Compounds used in a research, industrial, or household setting",
                "mesh-id": "D020313"
            },
            {
                "category": "Enzyme Inhibitors",
                "mesh-id": "D004791"
            },
            {
                "category": "Flavonoids",
                "mesh-id": "D005419"
            },
            {
                "category": "Heterocyclic Compounds, Fused-Ring",
                "mesh-id": "D000072471"
            },
            {
                "category": "Hormone Antagonists",
                "mesh-id": "D006727"
            },
            {
                "category": "Hormones, Hormone Substitutes, and Hormone Antagonists",
                "mesh-id": "D006730"
            },
            {
                "category": "Prostaglandin Antagonists",
                "mesh-id": "D011448"
            },
            {
                "category": "Protective Agents",
                "mesh-id": "D020011"
            },
            {
                "category": "Pyrans",
                "mesh-id": "D011714"
            }
        ]
    },
    "affected-organisms": null,
    "dosages": null,
    "atc-codes": null,
    "ahfs-codes": null,
    "pdb-entries": {
        "pdb-entry": [
            "4x2a",
            "6m2n",
            "8a0q"
        ]
    },
    "patents": null,
    "food-interactions": null,
    "drug-interactions": null,
    "calculated-properties": {
        "property": [
            {
                "kind": "logP",
                "value": "3.19",
                "source": "ALOGPS"
            },
            {
                "kind": "logS",
                "value": "-3.2",
                "source": "ALOGPS"
            },
            {
                "kind": "Water Solubility",
                "value": "1.53e-01 g/l",
                "source": "ALOGPS"
            },
            {
                "kind": "logP",
                "value": "2.71",
                "source": "ChemAxon"
            },
            {
                "kind": "IUPAC Name",
                "value": "5,6,7-trihydroxy-2-phenyl-4H-chromen-4-one",
                "source": "ChemAxon"
            },
            {
                "kind": "Traditional IUPAC Name",
                "value": "2-methoxy-4-[(1E)-3-[4-(nitrooxy)butoxy]-3-oxoprop-1-en-1-yl]phenyl (4R)-4-[(1R,3aS,3bR,4S,5aS,7R,9aS,9bS,11aR)-4,7-dihydroxy-9a,11a-dimethyl-tetradecahydro-1H-cyclopenta[a]phenanthren-1-yl]pentanoate",
                "source": "ChemAxon"
            },
            {
                "kind": "Molecular Weight",
                "value": "270.24",
                "source": "ChemAxon"
            },
            {
                "kind": "Monoisotopic Weight",
                "value": "270.052823422",
                "source": "ChemAxon"
            },
            {
                "kind": "SMILES",
                "value": "OC1=CC2=C(C(O)=C1O)C(=O)C=C(O2)C1=CC=CC=C1",
                "source": "ChemAxon"
            },
            {
                "kind": "Molecular Formula",
                "value": "C15H10O5",
                "source": "ChemAxon"
            },
            {
                "kind": "InChI",
                "value": "InChI=1S/C15H10O5/c16-9-6-11(8-4-2-1-3-5-8)20-12-7-10(17)14(18)15(19)13(9)12/h1-7,17-19H",
                "source": "ChemAxon"
            },
            {
                "kind": "InChIKey",
                "value": "FXNFHKRTJBSTCS-UHFFFAOYSA-N",
                "source": "ChemAxon"
            },
            {
                "kind": "Polar Surface Area (PSA)",
                "value": "86.99",
                "source": "ChemAxon"
            },
            {
                "kind": "Refractivity",
                "value": "72.91",
                "source": "ChemAxon"
            },
            {
                "kind": "Polarizability",
                "value": "26.66",
                "source": "ChemAxon"
            },
            {
                "kind": "Rotatable Bond Count",
                "value": "1",
                "source": "ChemAxon"
            },
            {
                "kind": "H Bond Acceptor Count",
                "value": "5",
                "source": "ChemAxon"
            },
            {
                "kind": "H Bond Donor Count",
                "value": "3",
                "source": "ChemAxon"
            },
            {
                "kind": "pKa (strongest acidic)",
                "value": "6.76",
                "source": "ChemAxon"
            },
            {
                "kind": "pKa (strongest basic)",
                "value": "-5.4",
                "source": "ChemAxon"
            },
            {
                "kind": "Physiological Charge",
                "value": "-1",
                "source": "ChemAxon"
            },
            {
                "kind": "Number of Rings",
                "value": "3",
                "source": "ChemAxon"
            },
            {
                "kind": "Bioavailability",
                "value": "1",
                "source": "ChemAxon"
            },
            {
                "kind": "Rule of Five",
                "value": "1",
                "source": "ChemAxon"
            },
            {
                "kind": "Ghose Filter",
                "value": "1",
                "source": "ChemAxon"
            },
            {
                "kind": "MDDR-Like Rule",
                "value": "0",
                "source": "ChemAxon"
            }
        ]
    },
    "experimental-properties": null,
    "external-identifiers": {
        "external-identifier": [
            {
                "resource": "ChEBI",
                "identifier": "2979"
            },
            {
                "resource": "KEGG Compound",
                "identifier": "C10023"
            },
            {
                "resource": "ChemSpider",
                "identifier": "4444924"
            },
            {
                "resource": "BindingDB",
                "identifier": "50009001"
            },
            {
                "resource": "PDB",
                "identifier": "3WL"
            },
            {
                "resource": "Wikipedia",
                "identifier": "Baicalein"
            },
            {
                "resource": "ChEMBL",
                "identifier": "CHEMBL8260"
            },
            {
                "resource": "ZINC",
                "identifier": "ZINC000003871633"
            },
            {
                "resource": "RxCUI",
                "identifier": "1592893"
            }
        ]
    },
    "external-links": null,
    "pathways": null,
    "reactions": null,
    "snp-effects": null,
    "snp-adverse-drug-reactions": null,
    "targets": null,
    "enzymes": null,
    "carriers": null,
    "transporters": null
}