{
    "type": "biotech",
    "created": "2020-12-23",
    "updated": "2021-01-20",
    "drugbank-id": [
        {
            "primary": true,
            "value": "DB16391"
        }
    ],
    "name": "Daxdilimab",
    "description": "Daxdilimab is under investigation in clinical trial NCT04526912 (Treatment and Prevention of Acute Lung Injury (ALI) in Patients With COVID-19 Infection).",
    "cas-number": "2245966-28-1",
    "unii": "CNI3N6QR71",
    "groups": {
        "group": [
            "investigational"
        ]
    },
    "general-references": {
        "articles": null,
        "textbooks": null,
        "links": {
            "link": [
                {
                    "ref-id": "L30713",
                    "title": "VIB7734 - Viela Bio",
                    "url": "https://vielabio.com/products-pipeline/in-development/vib7734/"
                }
            ]
        },
        "attachments": null
    },
    "synthesis-reference": null,
    "indication": null,
    "pharmacodynamics": null,
    "mechanism-of-action": "Daxdilimab is a novel drug designed to target and bind to ILT7, which is a cell surface molecule specific to the pDC type of dendritic cells. It is currently being investigated against autoimmune diseases and COVID-19.",
    "toxicity": null,
    "metabolism": null,
    "absorption": null,
    "half-life": null,
    "protein-binding": null,
    "route-of-elimination": null,
    "volume-of-distribution": null,
    "clearance": null,
    "classification": {
        "description": null,
        "direct-parent": "Peptides",
        "kingdom": "Organic Compounds",
        "superclass": "Organic Acids",
        "class": "Carboxylic Acids and Derivatives",
        "subclass": "Amino Acids, Peptides, and Analogues"
    },
    "salts": null,
    "synonyms": {
        "synonym": [
            {
                "language": "english",
                "coder": "inn/usan",
                "value": "Daxdilimab"
            }
        ]
    },
    "products": null,
    "international-brands": null,
    "mixtures": null,
    "packagers": null,
    "manufacturers": null,
    "prices": null,
    "categories": null,
    "affected-organisms": null,
    "dosages": null,
    "atc-codes": null,
    "ahfs-codes": null,
    "pdb-entries": null,
    "patents": null,
    "food-interactions": null,
    "drug-interactions": null,
    "sequences": null,
    "experimental-properties": null,
    "external-identifiers": null,
    "external-links": null,
    "pathways": null,
    "reactions": null,
    "snp-effects": null,
    "snp-adverse-drug-reactions": null,
    "targets": null,
    "enzymes": null,
    "carriers": null,
    "transporters": null
}