{
    "type": "biotech",
    "created": "2020-12-15",
    "updated": "2020-12-20",
    "drugbank-id": [
        {
            "primary": true,
            "value": "DB16210"
        }
    ],
    "name": "Kisspeptin-10",
    "description": "Kisspeptin-10 is under investigation in clinical trial NCT03771326 (KP-10 and Insulin Secretion in Men).",
    "cas-number": "374675-21-5",
    "unii": "FS1N52VS3S",
    "groups": {
        "group": [
            "investigational"
        ]
    },
    "general-references": {
        "articles": null,
        "textbooks": null,
        "links": null,
        "attachments": null
    },
    "synthesis-reference": null,
    "indication": null,
    "pharmacodynamics": null,
    "mechanism-of-action": null,
    "toxicity": null,
    "metabolism": null,
    "absorption": null,
    "half-life": null,
    "protein-binding": null,
    "route-of-elimination": null,
    "volume-of-distribution": null,
    "clearance": null,
    "salts": null,
    "synonyms": {
        "synonym": [
            {
                "language": "english",
                "coder": "",
                "value": "Human metastin 45-54"
            },
            {
                "language": "english",
                "coder": "",
                "value": "Kisspeptin-10 (human)"
            }
        ]
    },
    "products": null,
    "international-brands": null,
    "mixtures": null,
    "packagers": null,
    "manufacturers": null,
    "prices": null,
    "categories": {
        "category": [
            {
                "category": "Amino Acids, Peptides, and Proteins",
                "mesh-id": "D000602"
            },
            {
                "category": "Genes, Tumor Suppressor",
                "mesh-id": "D016147"
            },
            {
                "category": "Intercellular Signaling Peptides and Proteins",
                "mesh-id": "D036341"
            },
            {
                "category": "Neoplasm Proteins",
                "mesh-id": "D009363"
            },
            {
                "category": "Neuropeptides",
                "mesh-id": "D009479"
            },
            {
                "category": "Peptides",
                "mesh-id": "D010455"
            },
            {
                "category": "Proteins",
                "mesh-id": "D011506"
            },
            {
                "category": "Tumor Suppressor Proteins",
                "mesh-id": "D025521"
            }
        ]
    },
    "affected-organisms": null,
    "dosages": null,
    "atc-codes": null,
    "ahfs-codes": null,
    "pdb-entries": null,
    "patents": null,
    "food-interactions": null,
    "drug-interactions": null,
    "sequences": null,
    "experimental-properties": null,
    "external-identifiers": null,
    "external-links": null,
    "pathways": null,
    "reactions": null,
    "snp-effects": null,
    "snp-adverse-drug-reactions": null,
    "targets": null,
    "enzymes": null,
    "carriers": null,
    "transporters": null
}