{
    "type": "small molecule",
    "created": "2020-12-15",
    "updated": "2020-12-20",
    "drugbank-id": [
        {
            "primary": true,
            "value": "DB16129"
        }
    ],
    "name": "TZP-102",
    "description": "TZP-102 is under investigation in clinical trial NCT01452815 (Affects of Once-daily Oral Administration of TZP-102 on the Treatment of Symptoms Associated With Diabetic Gastroparesis).",
    "cas-number": "1008993-65-4",
    "unii": "9NFY3MS3SL",
    "average-mass": 500.684,
    "monoisotopic-mass": 500.336255913,
    "groups": {
        "group": [
            "investigational"
        ]
    },
    "general-references": {
        "articles": null,
        "textbooks": null,
        "links": null,
        "attachments": null
    },
    "synthesis-reference": null,
    "indication": null,
    "pharmacodynamics": null,
    "mechanism-of-action": null,
    "toxicity": null,
    "metabolism": null,
    "absorption": null,
    "half-life": null,
    "protein-binding": null,
    "route-of-elimination": null,
    "volume-of-distribution": null,
    "clearance": null,
    "salts": null,
    "synonyms": null,
    "products": null,
    "international-brands": null,
    "mixtures": null,
    "packagers": null,
    "manufacturers": null,
    "prices": null,
    "categories": null,
    "affected-organisms": null,
    "dosages": null,
    "atc-codes": null,
    "ahfs-codes": null,
    "pdb-entries": null,
    "patents": null,
    "food-interactions": null,
    "drug-interactions": null,
    "calculated-properties": {
        "property": [
            {
                "kind": "logP",
                "value": "2.7",
                "source": "ALOGPS"
            },
            {
                "kind": "logS",
                "value": "-4.4",
                "source": "ALOGPS"
            },
            {
                "kind": "Water Solubility",
                "value": "2.00e-02 g/l",
                "source": "ALOGPS"
            },
            {
                "kind": "logP",
                "value": "3.06",
                "source": "ChemAxon"
            },
            {
                "kind": "IUPAC Name",
                "value": "(2R,5S,8R,11R,14S)-5-cyclopropyl-2,7,8,14-tetramethyl-11-(2-methylpropyl)-3,4,5,6,7,8,9,10,11,12,13,14,15,16-tetradecahydro-2H-1,4,7,10,13-benzoxatetrazacyclooctadecine-6,9,12-trione",
                "source": "ChemAxon"
            },
            {
                "kind": "Traditional IUPAC Name",
                "value": "2-methoxy-4-[(1E)-3-[4-(nitrooxy)butoxy]-3-oxoprop-1-en-1-yl]phenyl (4R)-4-[(1R,3aS,3bR,4S,5aS,7R,9aS,9bS,11aR)-4,7-dihydroxy-9a,11a-dimethyl-tetradecahydro-1H-cyclopenta[a]phenanthren-1-yl]pentanoate",
                "source": "ChemAxon"
            },
            {
                "kind": "Molecular Weight",
                "value": "500.684",
                "source": "ChemAxon"
            },
            {
                "kind": "Monoisotopic Weight",
                "value": "500.336255913",
                "source": "ChemAxon"
            },
            {
                "kind": "SMILES",
                "value": "CC(C)C[C@H]1NC(=O)[C@@H](C)N(C)C(=O)[C@@H](NC[C@@H](C)OC2=C(CC[C@H](C)NC1=O)C=CC=C2)C1CC1",
                "source": "ChemAxon"
            },
            {
                "kind": "Molecular Formula",
                "value": "C28H44N4O4",
                "source": "ChemAxon"
            },
            {
                "kind": "InChI",
                "value": "InChI=1S/C28H44N4O4/c1-17(2)15-23-27(34)30-18(3)11-12-21-9-7-8-10-24(21)36-19(4)16-29-25(22-13-14-22)28(35)32(6)20(5)26(33)31-23/h7-10,17-20,22-23,25,29H,11-16H2,1-6H3,(H,30,34)(H,31,33)/t18-,19?,20+,23?,25?/m0/s1",
                "source": "ChemAxon"
            },
            {
                "kind": "InChIKey",
                "value": "HIIMPSTXUQUYOO-KRANKMRJSA-N",
                "source": "ChemAxon"
            },
            {
                "kind": "Polar Surface Area (PSA)",
                "value": "99.77",
                "source": "ChemAxon"
            },
            {
                "kind": "Refractivity",
                "value": "139.65",
                "source": "ChemAxon"
            },
            {
                "kind": "Polarizability",
                "value": "56.3",
                "source": "ChemAxon"
            },
            {
                "kind": "Rotatable Bond Count",
                "value": "3",
                "source": "ChemAxon"
            },
            {
                "kind": "H Bond Acceptor Count",
                "value": "5",
                "source": "ChemAxon"
            },
            {
                "kind": "H Bond Donor Count",
                "value": "3",
                "source": "ChemAxon"
            },
            {
                "kind": "pKa (strongest acidic)",
                "value": "11.46",
                "source": "ChemAxon"
            },
            {
                "kind": "pKa (strongest basic)",
                "value": "6.27",
                "source": "ChemAxon"
            },
            {
                "kind": "Physiological Charge",
                "value": "0",
                "source": "ChemAxon"
            },
            {
                "kind": "Number of Rings",
                "value": "3",
                "source": "ChemAxon"
            },
            {
                "kind": "Bioavailability",
                "value": "1",
                "source": "ChemAxon"
            },
            {
                "kind": "Rule of Five",
                "value": "0",
                "source": "ChemAxon"
            },
            {
                "kind": "Ghose Filter",
                "value": "0",
                "source": "ChemAxon"
            },
            {
                "kind": "MDDR-Like Rule",
                "value": "0",
                "source": "ChemAxon"
            }
        ]
    },
    "experimental-properties": null,
    "external-identifiers": null,
    "external-links": null,
    "pathways": null,
    "reactions": null,
    "snp-effects": null,
    "snp-adverse-drug-reactions": null,
    "targets": null,
    "enzymes": null,
    "carriers": null,
    "transporters": null
}