{
    "type": "biotech",
    "created": "2020-12-15",
    "updated": "2021-02-21",
    "drugbank-id": [
        {
            "primary": true,
            "value": "DB16149"
        }
    ],
    "name": "Efavaleukin alfa",
    "description": "Efavaleukin alfa is under investigation in clinical trial NCT03422627 (Safety and Efficacy of AMG 592 in Subjects With Steroid Refractory Chronic Graft Versus Host Disease).",
    "cas-number": "2049067-94-7",
    "unii": "YNH9K62UXU",
    "groups": {
        "group": [
            "investigational"
        ]
    },
    "general-references": {
        "articles": null,
        "textbooks": null,
        "links": null,
        "attachments": null
    },
    "synthesis-reference": null,
    "indication": null,
    "pharmacodynamics": null,
    "mechanism-of-action": null,
    "toxicity": null,
    "metabolism": null,
    "absorption": null,
    "half-life": null,
    "protein-binding": null,
    "route-of-elimination": null,
    "volume-of-distribution": null,
    "clearance": null,
    "salts": null,
    "synonyms": {
        "synonym": [
            {
                "language": "english",
                "coder": "inn/usan",
                "value": "Efavaleukin alfa"
            },
            {
                "language": "english",
                "coder": "",
                "value": "Fc il-2 mutein fusion protein (amg-592)"
            },
            {
                "language": "english",
                "coder": "",
                "value": "Immunoglobulin g1 (fc domain-containing fragment) fusion protein with peptide (synthetic linker) fusion protein with interleukin 2 (synthetic human mutein), dimer"
            }
        ]
    },
    "products": null,
    "international-brands": null,
    "mixtures": null,
    "packagers": null,
    "manufacturers": null,
    "prices": null,
    "categories": null,
    "affected-organisms": null,
    "dosages": null,
    "atc-codes": null,
    "ahfs-codes": null,
    "pdb-entries": null,
    "patents": null,
    "food-interactions": null,
    "drug-interactions": null,
    "sequences": null,
    "experimental-properties": null,
    "external-identifiers": null,
    "external-links": null,
    "pathways": null,
    "reactions": null,
    "snp-effects": null,
    "snp-adverse-drug-reactions": null,
    "targets": null,
    "enzymes": null,
    "carriers": null,
    "transporters": null
}