{
    "type": "small molecule",
    "created": "2020-12-15",
    "updated": "2021-05-22",
    "drugbank-id": [
        {
            "primary": true,
            "value": "DB16306"
        }
    ],
    "name": "Racemetyrosine",
    "description": "Racemetyrosine is under investigation in clinical trial NCT03512756 (A Randomized Phase 2/3 Multi-center Study of SM-88 in Patients With Metastatic Pancreatic Cancer).",
    "cas-number": "658-48-0",
    "unii": "X88TTO174Z",
    "average-mass": 195.218,
    "monoisotopic-mass": 195.089543283,
    "groups": {
        "group": [
            "investigational"
        ]
    },
    "general-references": {
        "articles": null,
        "textbooks": null,
        "links": null,
        "attachments": null
    },
    "synthesis-reference": null,
    "indication": null,
    "pharmacodynamics": null,
    "mechanism-of-action": null,
    "toxicity": null,
    "metabolism": null,
    "absorption": null,
    "half-life": null,
    "protein-binding": null,
    "route-of-elimination": null,
    "volume-of-distribution": null,
    "clearance": null,
    "salts": null,
    "synonyms": {
        "synonym": [
            {
                "language": "english",
                "coder": "",
                "value": "AMPT"
            },
            {
                "language": "english",
                "coder": "",
                "value": "D,L-metyrosine"
            },
            {
                "language": "english",
                "coder": "",
                "value": "DL-metyrosine"
            },
            {
                "language": "spanish",
                "coder": "inn",
                "value": "Racemetirosina"
            },
            {
                "language": "english",
                "coder": "",
                "value": "Racemetirosine"
            },
            {
                "language": "latin",
                "coder": "inn",
                "value": "Racemetirosinum"
            },
            {
                "language": "english",
                "coder": "usan",
                "value": "Racemetyrosine"
            },
            {
                "language": "english",
                "coder": "",
                "value": "Sm-88 component racemetyrosine"
            }
        ]
    },
    "products": null,
    "international-brands": null,
    "mixtures": null,
    "packagers": null,
    "manufacturers": null,
    "prices": null,
    "categories": {
        "category": [
            {
                "category": "Amino Acids",
                "mesh-id": "D000596"
            },
            {
                "category": "Amino Acids, Aromatic",
                "mesh-id": "D024322"
            },
            {
                "category": "Amino Acids, Cyclic",
                "mesh-id": "D000598"
            },
            {
                "category": "Amino Acids, Peptides, and Proteins",
                "mesh-id": "D000602"
            },
            {
                "category": "Enzyme Inhibitors",
                "mesh-id": "D004791"
            },
            {
                "category": "Methyltyrosines",
                "mesh-id": "D008781"
            }
        ]
    },
    "affected-organisms": null,
    "dosages": null,
    "atc-codes": null,
    "ahfs-codes": null,
    "pdb-entries": null,
    "patents": null,
    "food-interactions": null,
    "drug-interactions": null,
    "calculated-properties": {
        "property": [
            {
                "kind": "logP",
                "value": "-1.9",
                "source": "ALOGPS"
            },
            {
                "kind": "logS",
                "value": "-1.9",
                "source": "ALOGPS"
            },
            {
                "kind": "Water Solubility",
                "value": "2.48e+00 g/l",
                "source": "ALOGPS"
            },
            {
                "kind": "logP",
                "value": "-1.1",
                "source": "ChemAxon"
            },
            {
                "kind": "IUPAC Name",
                "value": "2-amino-3-(4-hydroxyphenyl)-2-methylpropanoic acid",
                "source": "ChemAxon"
            },
            {
                "kind": "Traditional IUPAC Name",
                "value": "adiphenine",
                "source": "ChemAxon"
            },
            {
                "kind": "Molecular Weight",
                "value": "195.218",
                "source": "ChemAxon"
            },
            {
                "kind": "Monoisotopic Weight",
                "value": "195.089543283",
                "source": "ChemAxon"
            },
            {
                "kind": "SMILES",
                "value": "CC(N)(CC1=CC=C(O)C=C1)C(O)=O",
                "source": "ChemAxon"
            },
            {
                "kind": "Molecular Formula",
                "value": "C10H13NO3",
                "source": "ChemAxon"
            },
            {
                "kind": "InChI",
                "value": "InChI=1S/C10H13NO3/c1-10(11,9(13)14)6-7-2-4-8(12)5-3-7/h2-5,12H,6,11H2,1H3,(H,13,14)",
                "source": "ChemAxon"
            },
            {
                "kind": "InChIKey",
                "value": "NHTGHBARYWONDQ-UHFFFAOYSA-N",
                "source": "ChemAxon"
            },
            {
                "kind": "Polar Surface Area (PSA)",
                "value": "83.55",
                "source": "ChemAxon"
            },
            {
                "kind": "Refractivity",
                "value": "51.81",
                "source": "ChemAxon"
            },
            {
                "kind": "Polarizability",
                "value": "19.85",
                "source": "ChemAxon"
            },
            {
                "kind": "Rotatable Bond Count",
                "value": "3",
                "source": "ChemAxon"
            },
            {
                "kind": "H Bond Acceptor Count",
                "value": "4",
                "source": "ChemAxon"
            },
            {
                "kind": "H Bond Donor Count",
                "value": "3",
                "source": "ChemAxon"
            },
            {
                "kind": "pKa (strongest acidic)",
                "value": "2.06",
                "source": "ChemAxon"
            },
            {
                "kind": "pKa (strongest basic)",
                "value": "9.93",
                "source": "ChemAxon"
            },
            {
                "kind": "Physiological Charge",
                "value": "0",
                "source": "ChemAxon"
            },
            {
                "kind": "Number of Rings",
                "value": "1",
                "source": "ChemAxon"
            },
            {
                "kind": "Bioavailability",
                "value": "1",
                "source": "ChemAxon"
            },
            {
                "kind": "Rule of Five",
                "value": "1",
                "source": "ChemAxon"
            },
            {
                "kind": "Ghose Filter",
                "value": "0",
                "source": "ChemAxon"
            },
            {
                "kind": "MDDR-Like Rule",
                "value": "0",
                "source": "ChemAxon"
            }
        ]
    },
    "experimental-properties": null,
    "external-identifiers": {
        "external-identifier": [
            {
                "resource": "ChemSpider",
                "identifier": "3013"
            },
            {
                "resource": "ChEMBL",
                "identifier": "CHEMBL1330596"
            }
        ]
    },
    "external-links": null,
    "pathways": null,
    "reactions": null,
    "snp-effects": null,
    "snp-adverse-drug-reactions": null,
    "targets": null,
    "enzymes": null,
    "carriers": null,
    "transporters": null
}