{
    "type": "small molecule",
    "created": "2020-12-23",
    "updated": "2020-12-23",
    "drugbank-id": [
        {
            "primary": true,
            "value": "DB16403"
        }
    ],
    "name": "Isoquercitrin",
    "description": "Isoquercitrin is under investigation in clinical trial NCT04622865 (Masitinib Combined With Isoquercetin and Best Supportive Care in Hospitalized Patients With Moderate and Severe COVID-19).",
    "cas-number": "21637-25-2",
    "unii": "0YX10VRV6J",
    "average-mass": 464.379,
    "monoisotopic-mass": 464.095476084,
    "groups": {
        "group": [
            "investigational"
        ]
    },
    "general-references": {
        "articles": null,
        "textbooks": null,
        "links": null,
        "attachments": null
    },
    "synthesis-reference": null,
    "indication": null,
    "pharmacodynamics": null,
    "mechanism-of-action": null,
    "toxicity": null,
    "metabolism": null,
    "absorption": null,
    "half-life": null,
    "protein-binding": null,
    "route-of-elimination": null,
    "volume-of-distribution": null,
    "clearance": null,
    "salts": null,
    "synonyms": {
        "synonym": [
            {
                "language": "english",
                "coder": "",
                "value": "Isoquercetin enzymatically modified"
            },
            {
                "language": "english",
                "coder": "",
                "value": "Isoquercitroside"
            },
            {
                "language": "english",
                "coder": "",
                "value": "Isotrifoliin"
            },
            {
                "language": "english",
                "coder": "",
                "value": "Isotrifolin"
            },
            {
                "language": "english",
                "coder": "",
                "value": "Quercetin 3-(beta-D-glucofuranoside)"
            }
        ]
    },
    "products": null,
    "international-brands": null,
    "mixtures": null,
    "packagers": null,
    "manufacturers": null,
    "prices": null,
    "categories": {
        "category": [
            {
                "category": "Benzopyrans",
                "mesh-id": "D001578"
            },
            {
                "category": "Chromones",
                "mesh-id": "D002867"
            },
            {
                "category": "Flavonoids",
                "mesh-id": "D005419"
            },
            {
                "category": "Flavonols",
                "mesh-id": "D044948"
            },
            {
                "category": "Heterocyclic Compounds, Fused-Ring",
                "mesh-id": "D000072471"
            },
            {
                "category": "Pyrans",
                "mesh-id": "D011714"
            }
        ]
    },
    "affected-organisms": null,
    "dosages": null,
    "atc-codes": null,
    "ahfs-codes": null,
    "pdb-entries": null,
    "patents": null,
    "food-interactions": null,
    "drug-interactions": null,
    "calculated-properties": {
        "property": [
            {
                "kind": "logP",
                "value": "0.57",
                "source": "ALOGPS"
            },
            {
                "kind": "logS",
                "value": "-2.4",
                "source": "ALOGPS"
            },
            {
                "kind": "Water Solubility",
                "value": "1.66e+00 g/l",
                "source": "ALOGPS"
            },
            {
                "kind": "logP",
                "value": "-0.14",
                "source": "ChemAxon"
            },
            {
                "kind": "IUPAC Name",
                "value": "3-{[(2S,3R,4R,5R)-5-[(1R)-1,2-dihydroxyethyl]-3,4-dihydroxyoxolan-2-yl]oxy}-2-(3,4-dihydroxyphenyl)-5,7-dihydroxy-4H-chromen-4-one",
                "source": "ChemAxon"
            },
            {
                "kind": "Traditional IUPAC Name",
                "value": "quercetin-3-glucoside",
                "source": "ChemAxon"
            },
            {
                "kind": "Molecular Weight",
                "value": "464.379",
                "source": "ChemAxon"
            },
            {
                "kind": "Monoisotopic Weight",
                "value": "464.095476084",
                "source": "ChemAxon"
            },
            {
                "kind": "SMILES",
                "value": "[H][C@@]1(O[C@@H](OC2=C(OC3=C(C(O)=CC(O)=C3)C2=O)C2=CC=C(O)C(O)=C2)[C@H](O)[C@H]1O)[C@H](O)CO",
                "source": "ChemAxon"
            },
            {
                "kind": "Molecular Formula",
                "value": "C21H20O12",
                "source": "ChemAxon"
            },
            {
                "kind": "InChI",
                "value": "InChI=1S/C21H20O12/c22-6-12(27)19-16(29)17(30)21(32-19)33-20-15(28)14-11(26)4-8(23)5-13(14)31-18(20)7-1-2-9(24)10(25)3-7/h1-5,12,16-17,19,21-27,29-30H,6H2/t12-,16-,17-,19-,21+/m1/s1",
                "source": "ChemAxon"
            },
            {
                "kind": "InChIKey",
                "value": "OPJZLUXFQFQYAI-GNPVFZCLSA-N",
                "source": "ChemAxon"
            },
            {
                "kind": "Polar Surface Area (PSA)",
                "value": "206.6",
                "source": "ChemAxon"
            },
            {
                "kind": "Refractivity",
                "value": "109.28",
                "source": "ChemAxon"
            },
            {
                "kind": "Polarizability",
                "value": "43.32",
                "source": "ChemAxon"
            },
            {
                "kind": "Rotatable Bond Count",
                "value": "5",
                "source": "ChemAxon"
            },
            {
                "kind": "H Bond Acceptor Count",
                "value": "12",
                "source": "ChemAxon"
            },
            {
                "kind": "H Bond Donor Count",
                "value": "8",
                "source": "ChemAxon"
            },
            {
                "kind": "pKa (strongest acidic)",
                "value": "6.37",
                "source": "ChemAxon"
            },
            {
                "kind": "pKa (strongest basic)",
                "value": "-3",
                "source": "ChemAxon"
            },
            {
                "kind": "Physiological Charge",
                "value": "-1",
                "source": "ChemAxon"
            },
            {
                "kind": "Number of Rings",
                "value": "4",
                "source": "ChemAxon"
            },
            {
                "kind": "Bioavailability",
                "value": "0",
                "source": "ChemAxon"
            },
            {
                "kind": "Rule of Five",
                "value": "0",
                "source": "ChemAxon"
            },
            {
                "kind": "Ghose Filter",
                "value": "1",
                "source": "ChemAxon"
            },
            {
                "kind": "MDDR-Like Rule",
                "value": "0",
                "source": "ChemAxon"
            }
        ]
    },
    "experimental-properties": null,
    "external-identifiers": {
        "external-identifier": [
            {
                "resource": "ChEBI",
                "identifier": "28299"
            },
            {
                "resource": "ChemSpider",
                "identifier": "4588355"
            },
            {
                "resource": "Wikipedia",
                "identifier": "Isoquercetin"
            },
            {
                "resource": "ZINC",
                "identifier": "ZINC000013827646"
            }
        ]
    },
    "external-links": null,
    "pathways": null,
    "reactions": null,
    "snp-effects": null,
    "snp-adverse-drug-reactions": null,
    "targets": null,
    "enzymes": null,
    "carriers": null,
    "transporters": null
}