{
    "type": "biotech",
    "created": "2020-12-17",
    "updated": "2021-05-05",
    "drugbank-id": [
        {
            "primary": true,
            "value": "DB16362"
        }
    ],
    "name": "Silver proteinate",
    "description": null,
    "cas-number": "9015-51-4",
    "unii": null,
    "groups": {
        "group": [
            "experimental"
        ]
    },
    "general-references": {
        "articles": null,
        "textbooks": null,
        "links": {
            "link": [
                {
                    "ref-id": "L28975",
                    "title": "AIFA Product Information: ARGENTO PROTEINATO ZETA (silver proteinate) nasal",
                    "url": "https://farmaci.agenziafarmaco.gov.it/aifa/servlet/PdfDownloadServlet?pdfFileName=footer_006685_031304_RCP.pdf&retry=0&sys=m0b1l3"
                }
            ]
        },
        "attachments": null
    },
    "synthesis-reference": null,
    "indication": null,
    "pharmacodynamics": null,
    "mechanism-of-action": null,
    "toxicity": null,
    "metabolism": null,
    "absorption": null,
    "half-life": null,
    "protein-binding": null,
    "route-of-elimination": null,
    "volume-of-distribution": null,
    "clearance": null,
    "salts": null,
    "synonyms": {
        "synonym": [
            {
                "language": "english",
                "coder": "",
                "value": "Argyrol"
            },
            {
                "language": "english",
                "coder": "",
                "value": "Proteinated silver"
            },
            {
                "language": "english",
                "coder": "",
                "value": "Silver protein"
            }
        ]
    },
    "products": null,
    "international-brands": {
        "international-brand": [
            {
                "name": "Protargol",
                "company": null
            }
        ]
    },
    "mixtures": null,
    "packagers": null,
    "manufacturers": null,
    "prices": null,
    "categories": {
        "category": [
            {
                "category": "Amino Acids, Peptides, and Proteins",
                "mesh-id": "D000602"
            },
            {
                "category": "Anti-Infective Agents",
                "mesh-id": "D000890"
            },
            {
                "category": "Anti-Infective Agents, Local",
                "mesh-id": "D000891"
            },
            {
                "category": "Proteins",
                "mesh-id": "D011506"
            }
        ]
    },
    "affected-organisms": null,
    "dosages": {
        "dosage": [
            {
                "form": "Solution / drops",
                "route": "Nasal",
                "strength": null
            },
            {
                "form": "Solution / drops",
                "route": "Nasal; Oral",
                "strength": null
            }
        ]
    },
    "atc-codes": null,
    "ahfs-codes": null,
    "pdb-entries": null,
    "patents": null,
    "food-interactions": null,
    "drug-interactions": null,
    "sequences": null,
    "experimental-properties": null,
    "external-identifiers": {
        "external-identifier": [
            {
                "resource": "Wikipedia",
                "identifier": "Silver_proteinate"
            }
        ]
    },
    "external-links": null,
    "pathways": null,
    "reactions": null,
    "snp-effects": null,
    "snp-adverse-drug-reactions": null,
    "targets": null,
    "enzymes": null,
    "carriers": null,
    "transporters": null
}