{
    "type": "biotech",
    "created": "2021-03-17",
    "updated": "2021-03-23",
    "drugbank-id": [
        {
            "primary": true,
            "value": "DB16639"
        }
    ],
    "name": "Juniper tar",
    "description": null,
    "cas-number": "8013-10-3",
    "unii": "1Q84T0P2G3",
    "groups": {
        "group": [
            "approved",
            "experimental"
        ]
    },
    "general-references": {
        "articles": null,
        "textbooks": null,
        "links": null,
        "attachments": null
    },
    "synthesis-reference": null,
    "indication": null,
    "pharmacodynamics": null,
    "mechanism-of-action": null,
    "toxicity": null,
    "metabolism": null,
    "absorption": null,
    "half-life": null,
    "protein-binding": null,
    "route-of-elimination": null,
    "volume-of-distribution": null,
    "clearance": null,
    "salts": null,
    "synonyms": {
        "synonym": [
            {
                "language": "english",
                "coder": "",
                "value": "Cade"
            },
            {
                "language": "english",
                "coder": "",
                "value": "Cade oil"
            },
            {
                "language": "english",
                "coder": "usp",
                "value": "Juniper tar"
            },
            {
                "language": "english",
                "coder": "",
                "value": "Juniper tar oil"
            },
            {
                "language": "english",
                "coder": "",
                "value": "Juniperus oxycedrus oil"
            },
            {
                "language": "english",
                "coder": "",
                "value": "Juniperus oxycedrus wood extract"
            },
            {
                "language": "english",
                "coder": "",
                "value": "Juniperus oxycedrus wood oil"
            },
            {
                "language": "english",
                "coder": "",
                "value": "Juniperus oxycedrus wood tar"
            },
            {
                "language": "english",
                "coder": "",
                "value": "Oil of cade"
            },
            {
                "language": "english",
                "coder": "",
                "value": "Oil of juniper tar"
            }
        ]
    },
    "products": {
        "product": [
            {
                "name": "Boil Ease Drawing Salve Ont",
                "labeller": "Commerce Pharmaceutics Inc.",
                "ndc-id": null,
                "ndc-product-code": null,
                "dpd-id": "00403504",
                "ema-product-code": null,
                "ema-ma-number": null,
                "started-marketing-on": "1981-12-31",
                "ended-marketing-on": "1999-08-05",
                "dosage-form": "Ointment",
                "strength": null,
                "route": "Topical",
                "fda-application-number": null,
                "generic": false,
                "over-the-counter": true,
                "approved": true,
                "country": "Canada",
                "source": "DPD"
            },
            {
                "name": "Herbal Multi-tar Plus Shampoo",
                "labeller": "Valeant Canada Lp Valeant Canada S.E.C.",
                "ndc-id": null,
                "ndc-product-code": null,
                "dpd-id": "00379727",
                "ema-product-code": null,
                "ema-ma-number": null,
                "started-marketing-on": "1983-12-31",
                "ended-marketing-on": "2014-07-30",
                "dosage-form": "Shampoo",
                "strength": null,
                "route": "Topical",
                "fda-application-number": null,
                "generic": false,
                "over-the-counter": true,
                "approved": true,
                "country": "Canada",
                "source": "DPD"
            },
            {
                "name": "Mild Multi-tar Plus Shampoo",
                "labeller": "Valeant Canada Lp Valeant Canada S.E.C.",
                "ndc-id": null,
                "ndc-product-code": null,
                "dpd-id": "00628042",
                "ema-product-code": null,
                "ema-ma-number": null,
                "started-marketing-on": "1985-12-31",
                "ended-marketing-on": "2014-07-30",
                "dosage-form": "Shampoo",
                "strength": null,
                "route": "Topical",
                "fda-application-number": null,
                "generic": false,
                "over-the-counter": true,
                "approved": true,
                "country": "Canada",
                "source": "DPD"
            },
            {
                "name": "Polytar",
                "labeller": "Glaxosmithkline Inc",
                "ndc-id": null,
                "ndc-product-code": null,
                "dpd-id": "00249866",
                "ema-product-code": null,
                "ema-ma-number": null,
                "started-marketing-on": "1966-12-31",
                "ended-marketing-on": "2015-11-03",
                "dosage-form": "Shampoo",
                "strength": null,
                "route": "Topical",
                "fda-application-number": null,
                "generic": false,
                "over-the-counter": true,
                "approved": true,
                "country": "Canada",
                "source": "DPD"
            },
            {
                "name": "Polytar Mild",
                "labeller": "Glaxosmithkline Inc",
                "ndc-id": null,
                "ndc-product-code": null,
                "dpd-id": "00419133",
                "ema-product-code": null,
                "ema-ma-number": null,
                "started-marketing-on": "1978-12-31",
                "ended-marketing-on": "2015-06-01",
                "dosage-form": "Shampoo",
                "strength": null,
                "route": "Topical",
                "fda-application-number": null,
                "generic": false,
                "over-the-counter": true,
                "approved": true,
                "country": "Canada",
                "source": "DPD"
            },
            {
                "name": "Pommade Parnel",
                "labeller": "Produits Francais Labs Inc.",
                "ndc-id": null,
                "ndc-product-code": null,
                "dpd-id": "00453110",
                "ema-product-code": null,
                "ema-ma-number": null,
                "started-marketing-on": "1983-12-31",
                "ended-marketing-on": "1997-05-30",
                "dosage-form": "Ointment",
                "strength": null,
                "route": "Topical",
                "fda-application-number": null,
                "generic": false,
                "over-the-counter": true,
                "approved": true,
                "country": "Canada",
                "source": "DPD"
            },
            {
                "name": "Regular Multi-tar Plus Shampoo",
                "labeller": "Valeant Canada Lp Valeant Canada S.E.C.",
                "ndc-id": null,
                "ndc-product-code": null,
                "dpd-id": "02240942",
                "ema-product-code": null,
                "ema-ma-number": null,
                "started-marketing-on": "1977-12-31",
                "ended-marketing-on": "2014-07-30",
                "dosage-form": "Shampoo",
                "strength": null,
                "route": "Topical",
                "fda-application-number": null,
                "generic": false,
                "over-the-counter": true,
                "approved": true,
                "country": "Canada",
                "source": "DPD"
            }
        ]
    },
    "international-brands": null,
    "mixtures": {
        "mixture": [
            {
                "name": "Polytar Mild",
                "ingredients": "Coal tar + Juniper tar + Pine tar"
            },
            {
                "name": "Mild Multi-tar Plus Shampoo",
                "ingredients": "Coal tar + Juniper tar + Pine tar + Pyrithione"
            },
            {
                "name": "Boil Ease Drawing Salve Ont",
                "ingredients": "Benzocaine + Camphor + Ichthammol + Juniper tar + Octasulfur + Phenol + Thymol + Zinc oxide"
            },
            {
                "name": "Regular Multi-tar Plus Shampoo",
                "ingredients": "Coal tar + Juniper tar + Pine tar + Pyrithione"
            },
            {
                "name": "Polytar",
                "ingredients": "Coal tar + Juniper tar + Pine tar"
            },
            {
                "name": "Pommade Parnel",
                "ingredients": "Benzoin resin + Coal tar + Juniper tar + Methyl salicylate + Octasulfur + Zinc oxide"
            },
            {
                "name": "Herbal Multi-tar Plus Shampoo",
                "ingredients": "Coal tar + Juniper tar + Pine tar + Pyrithione"
            }
        ]
    },
    "packagers": null,
    "manufacturers": null,
    "prices": null,
    "categories": {
        "category": [
            {
                "category": "Biological Products",
                "mesh-id": "D001688"
            },
            {
                "category": "Complex Mixtures",
                "mesh-id": "D045424"
            },
            {
                "category": "Pharmaceutical Preparations",
                "mesh-id": "D004364"
            },
            {
                "category": "Plant Preparations",
                "mesh-id": "D028321"
            },
            {
                "category": "Tars",
                "mesh-id": "D013638"
            }
        ]
    },
    "affected-organisms": null,
    "dosages": {
        "dosage": [
            {
                "form": "Ointment",
                "route": "Topical",
                "strength": null
            },
            {
                "form": "Shampoo",
                "route": "Topical",
                "strength": null
            }
        ]
    },
    "atc-codes": null,
    "ahfs-codes": null,
    "pdb-entries": null,
    "patents": null,
    "food-interactions": null,
    "drug-interactions": null,
    "sequences": null,
    "experimental-properties": null,
    "external-identifiers": {
        "external-identifier": [
            {
                "resource": "Drugs Product Database (DPD)",
                "identifier": "8712"
            },
            {
                "resource": "RxCUI",
                "identifier": "6086"
            }
        ]
    },
    "external-links": null,
    "pathways": null,
    "reactions": null,
    "snp-effects": null,
    "snp-adverse-drug-reactions": null,
    "targets": null,
    "enzymes": null,
    "carriers": null,
    "transporters": null
}