{
    "type": "biotech",
    "created": "2020-12-15",
    "updated": "2021-02-21",
    "drugbank-id": [
        {
            "primary": true,
            "value": "DB16131"
        }
    ],
    "name": "Dapirolizumab pegol",
    "description": "Dapirolizumab pegol is under investigation in clinical trial NCT02804763 (A Phase 2 Efficacy and Safety Study of Dapirolizumab Pegol (DZP) in Systemic Lupus Erythematosus).",
    "cas-number": "1416147-64-2",
    "unii": "N4606MB5HM",
    "groups": {
        "group": [
            "investigational"
        ]
    },
    "general-references": {
        "articles": null,
        "textbooks": null,
        "links": null,
        "attachments": null
    },
    "synthesis-reference": null,
    "indication": null,
    "pharmacodynamics": null,
    "mechanism-of-action": null,
    "toxicity": null,
    "metabolism": null,
    "absorption": null,
    "half-life": null,
    "protein-binding": null,
    "route-of-elimination": null,
    "volume-of-distribution": null,
    "clearance": null,
    "salts": null,
    "synonyms": {
        "synonym": [
            {
                "language": "english",
                "coder": "inn",
                "value": "Dapirolizumab pegol"
            },
            {
                "language": "english",
                "coder": "",
                "value": "Immunoglobulin fab' g1-kappa pegylated, anti-(homo sapiens cd40lg (cd40 ligand, cd40l, tumor necrosis factor ligand superfamily member 5, tnfsf5, tumor necrosis factor related activation protein, trap, cd154)), pegylated humanized monoclonal antibody"
            }
        ]
    },
    "products": null,
    "international-brands": null,
    "mixtures": null,
    "packagers": null,
    "manufacturers": null,
    "prices": null,
    "categories": {
        "category": [
            {
                "category": "Alcohols",
                "mesh-id": "D000438"
            },
            {
                "category": "Amino Acids, Peptides, and Proteins",
                "mesh-id": "D000602"
            },
            {
                "category": "Antibodies, Monoclonal",
                "mesh-id": "D000911"
            },
            {
                "category": "Antibodies, Monoclonal, Humanized",
                "mesh-id": "D061067"
            },
            {
                "category": "Blood Proteins",
                "mesh-id": "D001798"
            },
            {
                "category": "Ethylene Glycols",
                "mesh-id": "D005026"
            },
            {
                "category": "Globulins",
                "mesh-id": "D005916"
            },
            {
                "category": "Glycols",
                "mesh-id": "D006018"
            },
            {
                "category": "Immunoglobulin Fragments",
                "mesh-id": "D007128"
            },
            {
                "category": "Immunoglobulins",
                "mesh-id": "D007136"
            },
            {
                "category": "Immunoproteins",
                "mesh-id": "D007162"
            },
            {
                "category": "Macromolecular Substances",
                "mesh-id": "D046911"
            },
            {
                "category": "Peptide Fragments",
                "mesh-id": "D010446"
            },
            {
                "category": "Peptides",
                "mesh-id": "D010455"
            },
            {
                "category": "Polymers",
                "mesh-id": "D011108"
            },
            {
                "category": "Proteins",
                "mesh-id": "D011506"
            },
            {
                "category": "Serum Globulins",
                "mesh-id": "D012712"
            }
        ]
    },
    "affected-organisms": null,
    "dosages": null,
    "atc-codes": null,
    "ahfs-codes": null,
    "pdb-entries": null,
    "patents": null,
    "food-interactions": null,
    "drug-interactions": null,
    "sequences": null,
    "experimental-properties": null,
    "external-identifiers": null,
    "external-links": null,
    "pathways": null,
    "reactions": null,
    "snp-effects": null,
    "snp-adverse-drug-reactions": null,
    "targets": null,
    "enzymes": null,
    "carriers": null,
    "transporters": null
}