{
    "type": "small molecule",
    "created": "2020-12-15",
    "updated": "2021-02-21",
    "drugbank-id": [
        {
            "primary": true,
            "value": "DB16147"
        }
    ],
    "name": "Ebopiprant",
    "description": "Ebopiprant is under investigation in clinical trial NCT03369262 (Poc Study of OBE022 in Threatened Preterm Labour).",
    "cas-number": "2005486-31-5",
    "unii": "Z1AVZ44TEJ",
    "average-mass": 599.74,
    "monoisotopic-mass": 599.192391718,
    "groups": {
        "group": [
            "investigational"
        ]
    },
    "general-references": {
        "articles": null,
        "textbooks": null,
        "links": null,
        "attachments": null
    },
    "synthesis-reference": null,
    "indication": null,
    "pharmacodynamics": null,
    "mechanism-of-action": null,
    "toxicity": null,
    "metabolism": null,
    "absorption": null,
    "half-life": null,
    "protein-binding": null,
    "route-of-elimination": null,
    "volume-of-distribution": null,
    "clearance": null,
    "salts": null,
    "synonyms": {
        "synonym": [
            {
                "language": "english",
                "coder": "inn",
                "value": "Ebopiprant"
            }
        ]
    },
    "products": null,
    "international-brands": null,
    "mixtures": null,
    "packagers": null,
    "manufacturers": null,
    "prices": null,
    "categories": {
        "category": [
            {
                "category": "Sulfur Compounds",
                "mesh-id": "D013457"
            },
            {
                "category": "Thiazoles",
                "mesh-id": "D013844"
            }
        ]
    },
    "affected-organisms": null,
    "dosages": null,
    "atc-codes": null,
    "ahfs-codes": null,
    "pdb-entries": null,
    "patents": null,
    "food-interactions": null,
    "drug-interactions": null,
    "calculated-properties": {
        "property": [
            {
                "kind": "logP",
                "value": "3.64",
                "source": "ALOGPS"
            },
            {
                "kind": "logS",
                "value": "-6",
                "source": "ALOGPS"
            },
            {
                "kind": "Water Solubility",
                "value": "6.63e-04 g/l",
                "source": "ALOGPS"
            },
            {
                "kind": "logP",
                "value": "4.55",
                "source": "ChemAxon"
            },
            {
                "kind": "IUPAC Name",
                "value": "(3S)-3-{[(2S)-3-{[1,1'-biphenyl]-4-sulfonyl}-1,3-thiazolidin-2-yl]formamido}-3-(4-fluorophenyl)propyl (2S)-2-amino-3-methylbutanoate",
                "source": "ChemAxon"
            },
            {
                "kind": "Traditional IUPAC Name",
                "value": "2-methoxy-4-[(1E)-3-[4-(nitrooxy)butoxy]-3-oxoprop-1-en-1-yl]phenyl (4R)-4-[(1R,3aS,3bR,4S,5aS,7R,9aS,9bS,11aR)-4,7-dihydroxy-9a,11a-dimethyl-tetradecahydro-1H-cyclopenta[a]phenanthren-1-yl]pentanoate",
                "source": "ChemAxon"
            },
            {
                "kind": "Molecular Weight",
                "value": "599.74",
                "source": "ChemAxon"
            },
            {
                "kind": "Monoisotopic Weight",
                "value": "599.192391718",
                "source": "ChemAxon"
            },
            {
                "kind": "SMILES",
                "value": "CC(C)[C@H](N)C(=O)OCC[C@H](NC(=O)[C@@H]1SCCN1S(=O)(=O)C1=CC=C(C=C1)C1=CC=CC=C1)C1=CC=C(F)C=C1",
                "source": "ChemAxon"
            },
            {
                "kind": "Molecular Formula",
                "value": "C30H34FN3O5S2",
                "source": "ChemAxon"
            },
            {
                "kind": "InChI",
                "value": "InChI=1S/C30H34FN3O5S2/c1-20(2)27(32)30(36)39-18-16-26(23-8-12-24(31)13-9-23)33-28(35)29-34(17-19-40-29)41(37,38)25-14-10-22(11-15-25)21-6-4-3-5-7-21/h3-15,20,26-27,29H,16-19,32H2,1-2H3,(H,33,35)/t26-,27-,29-/m0/s1",
                "source": "ChemAxon"
            },
            {
                "kind": "InChIKey",
                "value": "UUIBKACUTXYSAK-YCVJPRETSA-N",
                "source": "ChemAxon"
            },
            {
                "kind": "Polar Surface Area (PSA)",
                "value": "118.8",
                "source": "ChemAxon"
            },
            {
                "kind": "Refractivity",
                "value": "157.82",
                "source": "ChemAxon"
            },
            {
                "kind": "Polarizability",
                "value": "61.26",
                "source": "ChemAxon"
            },
            {
                "kind": "Rotatable Bond Count",
                "value": "11",
                "source": "ChemAxon"
            },
            {
                "kind": "H Bond Acceptor Count",
                "value": "5",
                "source": "ChemAxon"
            },
            {
                "kind": "H Bond Donor Count",
                "value": "2",
                "source": "ChemAxon"
            },
            {
                "kind": "pKa (strongest acidic)",
                "value": "12.72",
                "source": "ChemAxon"
            },
            {
                "kind": "pKa (strongest basic)",
                "value": "7.48",
                "source": "ChemAxon"
            },
            {
                "kind": "Physiological Charge",
                "value": "1",
                "source": "ChemAxon"
            },
            {
                "kind": "Number of Rings",
                "value": "4",
                "source": "ChemAxon"
            },
            {
                "kind": "Bioavailability",
                "value": "0",
                "source": "ChemAxon"
            },
            {
                "kind": "Rule of Five",
                "value": "0",
                "source": "ChemAxon"
            },
            {
                "kind": "Ghose Filter",
                "value": "0",
                "source": "ChemAxon"
            },
            {
                "kind": "MDDR-Like Rule",
                "value": "1",
                "source": "ChemAxon"
            }
        ]
    },
    "experimental-properties": null,
    "external-identifiers": {
        "external-identifier": [
            {
                "resource": "ChemSpider",
                "identifier": "71117516"
            },
            {
                "resource": "ChEMBL",
                "identifier": "CHEMBL3975522"
            }
        ]
    },
    "external-links": null,
    "pathways": null,
    "reactions": null,
    "snp-effects": null,
    "snp-adverse-drug-reactions": null,
    "targets": null,
    "enzymes": null,
    "carriers": null,
    "transporters": null
}