{
    "type": "small molecule",
    "created": "2020-12-15",
    "updated": "2020-12-20",
    "drugbank-id": [
        {
            "primary": true,
            "value": "DB16117"
        }
    ],
    "name": "Buprenorphine hemiadipate",
    "description": "Buprenorphine hemiadipate is under investigation in clinical trial NCT01582347 (Transfer of Subjects From Subutex/suboxone to RBP-6300).",
    "cas-number": "951123-45-8",
    "unii": "968KUA5J54",
    "average-mass": 595.777,
    "monoisotopic-mass": 595.350902922,
    "groups": {
        "group": [
            "investigational"
        ]
    },
    "general-references": {
        "articles": null,
        "textbooks": null,
        "links": null,
        "attachments": null
    },
    "synthesis-reference": null,
    "indication": null,
    "pharmacodynamics": null,
    "mechanism-of-action": null,
    "toxicity": null,
    "metabolism": null,
    "absorption": null,
    "half-life": null,
    "protein-binding": null,
    "route-of-elimination": null,
    "volume-of-distribution": null,
    "clearance": null,
    "salts": null,
    "synonyms": {
        "synonym": [
            {
                "language": "english",
                "coder": "",
                "value": "Buprenorphine adipate ester"
            }
        ]
    },
    "products": null,
    "international-brands": null,
    "mixtures": null,
    "packagers": null,
    "manufacturers": null,
    "prices": null,
    "categories": null,
    "affected-organisms": null,
    "dosages": null,
    "atc-codes": null,
    "ahfs-codes": null,
    "pdb-entries": null,
    "patents": null,
    "food-interactions": null,
    "drug-interactions": null,
    "calculated-properties": {
        "property": [
            {
                "kind": "logP",
                "value": "4.88",
                "source": "ALOGPS"
            },
            {
                "kind": "logS",
                "value": "-5.3",
                "source": "ALOGPS"
            },
            {
                "kind": "Water Solubility",
                "value": "2.88e-03 g/l",
                "source": "ALOGPS"
            },
            {
                "kind": "logP",
                "value": "1.93",
                "source": "ChemAxon"
            },
            {
                "kind": "IUPAC Name",
                "value": "6-{[(1S,2R,6S,14R,15R,16R)-3-(cyclopropylmethyl)-16-[(2S)-2-hydroxy-3,3-dimethylbutan-2-yl]-15-methoxy-13-oxa-3-azahexacyclo[13.2.2.1^{2,8}.0^{1,6}.0^{6,14}.0^{7,12}]icosa-7(12),8,10-trien-11-yl]oxy}-6-oxohexanoic acid",
                "source": "ChemAxon"
            },
            {
                "kind": "Traditional IUPAC Name",
                "value": "5-({4-[2-(3-methoxyphenyl)-2-oxoethoxy]phenyl}methyl)-1,3-thiazolidine-2,4-dione",
                "source": "ChemAxon"
            },
            {
                "kind": "Molecular Weight",
                "value": "595.777",
                "source": "ChemAxon"
            },
            {
                "kind": "Monoisotopic Weight",
                "value": "595.350902922",
                "source": "ChemAxon"
            },
            {
                "kind": "SMILES",
                "value": "[H][C@@]12OC3=C4C(C[C@H]5N(CC6CC6)CC[C@@]14[C@@]51CC[C@@]2(OC)[C@]([H])(C1)[C@](C)(O)C(C)(C)C)=CC=C3OC(=O)CCCCC(O)=O",
                "source": "ChemAxon"
            },
            {
                "kind": "Molecular Formula",
                "value": "C35H49NO7",
                "source": "ChemAxon"
            },
            {
                "kind": "InChI",
                "value": "InChI=1S/C35H49NO7/c1-31(2,3)32(4,40)24-19-33-14-15-35(24,41-5)30-34(33)16-17-36(20-21-10-11-21)25(33)18-22-12-13-23(29(43-30)28(22)34)42-27(39)9-7-6-8-26(37)38/h12-13,21,24-25,30,40H,6-11,14-20H2,1-5H3,(H,37,38)/t24-,25-,30-,32+,33-,34+,35-/m1/s1",
                "source": "ChemAxon"
            },
            {
                "kind": "InChIKey",
                "value": "CVIJJOARNCQGON-XYQNZYJMSA-N",
                "source": "ChemAxon"
            },
            {
                "kind": "Polar Surface Area (PSA)",
                "value": "105.53",
                "source": "ChemAxon"
            },
            {
                "kind": "Refractivity",
                "value": "161.01",
                "source": "ChemAxon"
            },
            {
                "kind": "Polarizability",
                "value": "66.1",
                "source": "ChemAxon"
            },
            {
                "kind": "Rotatable Bond Count",
                "value": "12",
                "source": "ChemAxon"
            },
            {
                "kind": "H Bond Acceptor Count",
                "value": "7",
                "source": "ChemAxon"
            },
            {
                "kind": "H Bond Donor Count",
                "value": "2",
                "source": "ChemAxon"
            },
            {
                "kind": "pKa (strongest acidic)",
                "value": "3.3",
                "source": "ChemAxon"
            },
            {
                "kind": "pKa (strongest basic)",
                "value": "9.8",
                "source": "ChemAxon"
            },
            {
                "kind": "Physiological Charge",
                "value": "0",
                "source": "ChemAxon"
            },
            {
                "kind": "Number of Rings",
                "value": "7",
                "source": "ChemAxon"
            },
            {
                "kind": "Bioavailability",
                "value": "0",
                "source": "ChemAxon"
            },
            {
                "kind": "Rule of Five",
                "value": "0",
                "source": "ChemAxon"
            },
            {
                "kind": "Ghose Filter",
                "value": "0",
                "source": "ChemAxon"
            },
            {
                "kind": "MDDR-Like Rule",
                "value": "1",
                "source": "ChemAxon"
            }
        ]
    },
    "experimental-properties": null,
    "external-identifiers": {
        "external-identifier": [
            {
                "resource": "ChemSpider",
                "identifier": "32698730"
            }
        ]
    },
    "external-links": null,
    "pathways": null,
    "reactions": null,
    "snp-effects": null,
    "snp-adverse-drug-reactions": null,
    "targets": null,
    "enzymes": null,
    "carriers": null,
    "transporters": null
}