{
    "type": "small molecule",
    "created": "2020-12-15",
    "updated": "2021-02-21",
    "drugbank-id": [
        {
            "primary": true,
            "value": "DB16212"
        }
    ],
    "name": "Ladarixin",
    "description": "Ladarixin is under investigation in clinical trial NCT04628481 (A Study of Oral Ladarixin in New-onset Type 1 Diabetes and a Low Residual Β-Cell Function).",
    "cas-number": "849776-05-2",
    "unii": "DEH7Q6472O",
    "average-mass": 375.33,
    "monoisotopic-mass": 375.005813947,
    "groups": {
        "group": [
            "investigational"
        ]
    },
    "general-references": {
        "articles": null,
        "textbooks": null,
        "links": null,
        "attachments": null
    },
    "synthesis-reference": null,
    "indication": null,
    "pharmacodynamics": null,
    "mechanism-of-action": null,
    "toxicity": null,
    "metabolism": null,
    "absorption": null,
    "half-life": null,
    "protein-binding": null,
    "route-of-elimination": null,
    "volume-of-distribution": null,
    "clearance": null,
    "salts": null,
    "synonyms": {
        "synonym": [
            {
                "language": "english",
                "coder": "inn",
                "value": "Ladarixin"
            }
        ]
    },
    "products": null,
    "international-brands": null,
    "mixtures": null,
    "packagers": null,
    "manufacturers": null,
    "prices": null,
    "categories": {
        "category": [
            {
                "category": "Amides",
                "mesh-id": "D000577"
            },
            {
                "category": "Receptors, Interleukin-8A, antagonists & inhibitors",
                "mesh-id": null
            },
            {
                "category": "Sulfones",
                "mesh-id": "D013450"
            },
            {
                "category": "Sulfur Compounds",
                "mesh-id": "D013457"
            }
        ]
    },
    "affected-organisms": null,
    "dosages": null,
    "atc-codes": null,
    "ahfs-codes": null,
    "pdb-entries": null,
    "patents": null,
    "food-interactions": null,
    "drug-interactions": null,
    "calculated-properties": {
        "property": [
            {
                "kind": "logP",
                "value": "2.51",
                "source": "ALOGPS"
            },
            {
                "kind": "logS",
                "value": "-3.5",
                "source": "ALOGPS"
            },
            {
                "kind": "Water Solubility",
                "value": "1.21e-01 g/l",
                "source": "ALOGPS"
            },
            {
                "kind": "logP",
                "value": "2.04",
                "source": "ChemAxon"
            },
            {
                "kind": "IUPAC Name",
                "value": "4-[(1R)-1-(methanesulfonylcarbamoyl)ethyl]phenyl trifluoromethanesulfonate",
                "source": "ChemAxon"
            },
            {
                "kind": "Traditional IUPAC Name",
                "value": "2-methoxy-4-[(1E)-3-[4-(nitrooxy)butoxy]-3-oxoprop-1-en-1-yl]phenyl (4R)-4-[(1R,3aS,3bR,4S,5aS,7R,9aS,9bS,11aR)-4,7-dihydroxy-9a,11a-dimethyl-tetradecahydro-1H-cyclopenta[a]phenanthren-1-yl]pentanoate",
                "source": "ChemAxon"
            },
            {
                "kind": "Molecular Weight",
                "value": "375.33",
                "source": "ChemAxon"
            },
            {
                "kind": "Monoisotopic Weight",
                "value": "375.005813947",
                "source": "ChemAxon"
            },
            {
                "kind": "SMILES",
                "value": "C[C@@H](C(=O)NS(C)(=O)=O)C1=CC=C(OS(=O)(=O)C(F)(F)F)C=C1",
                "source": "ChemAxon"
            },
            {
                "kind": "Molecular Formula",
                "value": "C11H12F3NO6S2",
                "source": "ChemAxon"
            },
            {
                "kind": "InChI",
                "value": "InChI=1S/C11H12F3NO6S2/c1-7(10(16)15-22(2,17)18)8-3-5-9(6-4-8)21-23(19,20)11(12,13)14/h3-7H,1-2H3,(H,15,16)/t7-/m1/s1",
                "source": "ChemAxon"
            },
            {
                "kind": "InChIKey",
                "value": "DDLPYOCJHQSVSZ-SSDOTTSWSA-N",
                "source": "ChemAxon"
            },
            {
                "kind": "Polar Surface Area (PSA)",
                "value": "106.61",
                "source": "ChemAxon"
            },
            {
                "kind": "Refractivity",
                "value": "72.11",
                "source": "ChemAxon"
            },
            {
                "kind": "Polarizability",
                "value": "30.84",
                "source": "ChemAxon"
            },
            {
                "kind": "Rotatable Bond Count",
                "value": "5",
                "source": "ChemAxon"
            },
            {
                "kind": "H Bond Acceptor Count",
                "value": "5",
                "source": "ChemAxon"
            },
            {
                "kind": "H Bond Donor Count",
                "value": "1",
                "source": "ChemAxon"
            },
            {
                "kind": "pKa (strongest acidic)",
                "value": "4",
                "source": "ChemAxon"
            },
            {
                "kind": "Physiological Charge",
                "value": "-1",
                "source": "ChemAxon"
            },
            {
                "kind": "Number of Rings",
                "value": "1",
                "source": "ChemAxon"
            },
            {
                "kind": "Bioavailability",
                "value": "1",
                "source": "ChemAxon"
            },
            {
                "kind": "Rule of Five",
                "value": "1",
                "source": "ChemAxon"
            },
            {
                "kind": "Ghose Filter",
                "value": "1",
                "source": "ChemAxon"
            },
            {
                "kind": "MDDR-Like Rule",
                "value": "0",
                "source": "ChemAxon"
            }
        ]
    },
    "experimental-properties": null,
    "external-identifiers": {
        "external-identifier": [
            {
                "resource": "ChemSpider",
                "identifier": "9547187"
            },
            {
                "resource": "BindingDB",
                "identifier": "50475370"
            },
            {
                "resource": "ChEMBL",
                "identifier": "CHEMBL189475"
            }
        ]
    },
    "external-links": null,
    "pathways": null,
    "reactions": null,
    "snp-effects": null,
    "snp-adverse-drug-reactions": null,
    "targets": null,
    "enzymes": null,
    "carriers": null,
    "transporters": null
}