{
    "type": "biotech",
    "created": "2021-02-09",
    "updated": "2022-01-18",
    "drugbank-id": [
        {
            "primary": true,
            "value": "DB16581"
        }
    ],
    "name": "Darvadstrocel",
    "description": "Darvadstrocel is a suspension of expanded human allogeneic adipose-derived mesenchymal stem cells extracted from the subdermal adipose tissue of healthy donors via liposuction.[A244524] Darvadstrocel was first approved by the European Commission on March 23, 2018, under the brand name Alofisel. It is indicated for the treatment of complex perianal fistulas in adult patients with non-active or mildly active luminal Crohn’s disease when fistulas have shown an inadequate response to at least one conventional or biologic therapy.[L39759] It is the first mesenchymal stem cell therapy approved in Europe for this therapeutic indication. Perianal fistula is a common manifestation of Crohn’s disease and is often difficult to manage, as it may be associated with complex presentations and symptoms. Darvadstrocel exhibits immunomodulatory and anti-inflammatory effects: it aims to reduce local inflammation and enhance tissue repair in perianal fistulas.[A244524]",
    "cas-number": null,
    "unii": "31W7R94KYT",
    "groups": {
        "group": [
            "approved",
            "experimental"
        ]
    },
    "general-references": {
        "articles": {
            "article": [
                {
                    "ref-id": "A244524",
                    "pubmed-id": "30298387",
                    "citation": "Scott LJ: Darvadstrocel: A Review in Treatment-Refractory Complex Perianal Fistulas in Crohn's Disease. BioDrugs. 2018 Dec;32(6):627-634. doi: 10.1007/s40259-018-0311-4."
                },
                {
                    "ref-id": "A244529",
                    "pubmed-id": "32354239",
                    "citation": "Meng ZW, Baumgart DC: Darvadstrocel for the treatment of perianal fistulas in Crohn's disease. Expert Rev Gastroenterol Hepatol. 2020 Jun;14(6):405-410. doi: 10.1080/17474124.2020.1764349. Epub 2020 May 20."
                },
                {
                    "ref-id": "A244534",
                    "pubmed-id": "18626977",
                    "citation": "Bataille F, Rohrmeier C, Bates R, Weber A, Rieder F, Brenmoehl J, Strauch U, Farkas S, Furst A, Hofstadter F, Scholmerich J, Herfarth H, Rogler G: Evidence for a role of epithelial mesenchymal transition during pathogenesis of fistulae in Crohn's disease. Inflamm Bowel Dis. 2008 Nov;14(11):1514-27. doi: 10.1002/ibd.20590."
                },
                {
                    "ref-id": "A244539",
                    "pubmed-id": "19487818",
                    "citation": "Kalluri R, Weinberg RA: The basics of epithelial-mesenchymal transition. J Clin Invest. 2009 Jun;119(6):1420-8. doi: 10.1172/JCI39104."
                }
            ]
        },
        "textbooks": null,
        "links": {
            "link": [
                {
                    "ref-id": "L39759",
                    "title": "Summary of Product Characteristics: Alofisel (darvadstrocel) suspension for injection",
                    "url": "https://www.ema.europa.eu/en/documents/product-information/alofisel-epar-product-information_en.pdf"
                },
                {
                    "ref-id": "L39764",
                    "title": "European Medicines Agency: Alofisel (darvadstrocel)",
                    "url": "https://www.ema.europa.eu/en/medicines/human/EPAR/alofisel#product-information-section"
                }
            ]
        },
        "attachments": null
    },
    "synthesis-reference": null,
    "indication": "Darvadstrocel is indicated for the treatment of complex perianal fistulas in adult patients with non-active or mildly active luminal Crohn’s disease, when fistulas have shown an inadequate response to at least one conventional or biologic therapy. Darvadstrocel should be used only after conditioning of the fistulas.[L39759]",
    "pharmacodynamics": "Darvadstrocel mediates immunomodulatory and anti-inflammatory effects to allow the tissues around the fistula tract to heal. It works by promoting the secretion of anti-inflammatory molecules and sending paracrine signals to maintain local anti-inflammatory environment.[A244529] In clinical trials, administration of darvadstrocel into the tissue surrounding complex perianal fistulas was associated with an increased remission rate than placebo at 24 weeks: this effect was maintained at more than 50% of patients at 52 weeks.[A244524]",
    "mechanism-of-action": "Perianal fistula is a common manifestation of Crohn’s disease.[A244524] It typically presents as fissures penetrating the intestinal lumen and perianal skin surface and is accompanied by local inflammation, which bacterial infections and fecal contamination can exacerbate.[L39759] At the site of inflammation, there is increased infiltration of lymphocytes, increased release of inflammatory cytokines (e.g., interleukin (IL)-6, TNF-α, IL12), and upregulated matrix metalloproteinase (MMP) enzymes.[A244524,L39759] \r\n\r\nThe pathogenesis of perianal fistulas is unclear; however, there is evidence of epithelial-to-mesenchymal transition (EMT) involvement,[A244534] among other proposed mechanisms like altered immune response due to genetic predisposition [A244524] and overexpression of matrix remodelling enzymes.[A244529] EMT is a biologic process by which the epithelial characteristics of a cell are reprogrammed to adopt mesenchymal phenotype. Cells with a mesenchymal phenotype have increased invasion and metastasis potential. EMT is characterized by increased expression of MMPs, MMP-induced degradation of the extracellular matrix, and the loss of cell polarity and invasive ability.[A244539] Although EMT is a normal physiological response to restore intestinal barrier after epithelial damage, immunomediators such as TGF-β and IL-13 can aberrantly upregulate EMT so that it becomes a detrimental process.[A244529]\r\n\r\nDarvadstrocel contains expanded human allogeneic adipose-derived mesenchymal stem cells. Its main mode of therapeutic action comes from its immunomodulatory and anti-inflammatory effects, rather than an ability to stimulate tissue regeneration.[A244529] Upon direct injection into the site of tissue injury, inflammatory cytokines released by activated immune cells - such as IFN-γ - activate darvadstrocel, or expanded adipose stem cells.[L39759] Darvadstrocel suppresses T cell activation and proliferation; dendritic cell differentiation, maturation, and function; B-cell differentiation; and natural killer cell (NKC) proliferation. By reducing pro-inflammatory cytokine secretion by dendritic cells and NKCs, darvadstrocel induces a more anti-inflammatory microenvironment. Darvadstrocel also enhances the production of IL-10 and transforming growth factor-β, which are cytokines that promote  T<sub>reg</sub> differentiation and inhibit Th1 cell differentiation.[A244524,A244529] ",
    "toxicity": "There is no information on the LD<sub>50</sub> of darvadstrocel. No case of overdose has been reported.[L39759]",
    "metabolism": "Pharmacokinetic information is not applicable.",
    "absorption": "Pharmacokinetic information is not applicable.",
    "half-life": "Pharmacokinetic information is not applicable.",
    "protein-binding": "Pharmacokinetic information is not applicable.",
    "route-of-elimination": "Pharmacokinetic information is not applicable.",
    "volume-of-distribution": "In preclinical trials where human expanded adipose stem cells were administered via perianal and intrarectal injection in athymic rats, cells were detectable in the rectum and jejunum at the site of injection for at least 14 days and were undetectable after 3 months.[L39759]",
    "clearance": "Pharmacokinetic information is not applicable.",
    "salts": null,
    "synonyms": {
        "synonym": [
            {
                "language": "english",
                "coder": "inn/usan",
                "value": "Darvadstrocel"
            }
        ]
    },
    "products": {
        "product": [
            {
                "name": "Alofisel",
                "labeller": "Takeda Pharma A/S",
                "ndc-id": null,
                "ndc-product-code": null,
                "dpd-id": null,
                "ema-product-code": "EMEA/H/C/004258",
                "ema-ma-number": "EU/1/17/1261/001",
                "started-marketing-on": "2020-12-16",
                "ended-marketing-on": null,
                "dosage-form": "Injection, suspension",
                "strength": "5000000 cells/ml",
                "route": "Intralesional",
                "fda-application-number": null,
                "generic": false,
                "over-the-counter": false,
                "approved": true,
                "country": "EU",
                "source": "EMA"
            }
        ]
    },
    "international-brands": null,
    "mixtures": null,
    "packagers": null,
    "manufacturers": null,
    "prices": null,
    "categories": {
        "category": [
            {
                "category": "Antineoplastic and Immunomodulating Agents",
                "mesh-id": null
            },
            {
                "category": "Immunomodulatory Agents",
                "mesh-id": "D000091369"
            },
            {
                "category": "Immunosuppressive Agents",
                "mesh-id": "D007166"
            },
            {
                "category": "Stem Cells",
                "mesh-id": "D013234"
            }
        ]
    },
    "affected-organisms": {
        "affected-organism": [
            "Humans and other mammals"
        ]
    },
    "dosages": {
        "dosage": [
            {
                "form": "Injection, suspension",
                "route": "Intralesional",
                "strength": "5000000 cells/ml"
            }
        ]
    },
    "atc-codes": {
        "atc-code": [
            {
                "code": "L04AX08",
                "level": [
                    {
                        "code": "L04AX",
                        "value": "Other immunosuppressants"
                    },
                    {
                        "code": "L04A",
                        "value": "IMMUNOSUPPRESSANTS"
                    },
                    {
                        "code": "L04",
                        "value": "IMMUNOSUPPRESSANTS"
                    },
                    {
                        "code": "L",
                        "value": "ANTINEOPLASTIC AND IMMUNOMODULATING AGENTS"
                    }
                ]
            }
        ]
    },
    "ahfs-codes": null,
    "pdb-entries": null,
    "patents": null,
    "food-interactions": null,
    "drug-interactions": null,
    "sequences": null,
    "experimental-properties": null,
    "external-identifiers": {
        "external-identifier": [
            {
                "resource": "Wikipedia",
                "identifier": "Darvadstrocel"
            }
        ]
    },
    "external-links": null,
    "pathways": null,
    "reactions": null,
    "snp-effects": null,
    "snp-adverse-drug-reactions": null,
    "targets": null,
    "enzymes": null,
    "carriers": null,
    "transporters": null
}