{
    "type": "biotech",
    "created": "2020-12-15",
    "updated": "2021-02-21",
    "drugbank-id": [
        {
            "primary": true,
            "value": "DB16116"
        }
    ],
    "name": "Brivoligide",
    "description": "Brivoligide is under investigation in clinical trial NCT04104919 (Study to Evaluate a Preop Dose of Brivoligide Injection for Pain After Mastectomy in Patients With High PCS Scores).",
    "cas-number": "1803075-42-4",
    "unii": "O32A9ET2M7",
    "groups": {
        "group": [
            "investigational"
        ]
    },
    "general-references": {
        "articles": null,
        "textbooks": null,
        "links": null,
        "attachments": null
    },
    "synthesis-reference": null,
    "indication": null,
    "pharmacodynamics": null,
    "mechanism-of-action": null,
    "toxicity": null,
    "metabolism": null,
    "absorption": null,
    "half-life": null,
    "protein-binding": null,
    "route-of-elimination": null,
    "volume-of-distribution": null,
    "clearance": null,
    "salts": null,
    "synonyms": {
        "synonym": [
            {
                "language": "english",
                "coder": "inn/usan",
                "value": "Brivoligide"
            },
            {
                "language": "english",
                "coder": "",
                "value": "D(c-t-a-c-g-c-c-c-a-c-c-g-c-c-c-a-c-g-c-a-t-a-c), complex with dna d(g-t-a-t-g-c-g-t-g-g-g-c-g-g-t-g-g-g-c-g-t-a-g) (1:1)"
            },
            {
                "language": "english",
                "coder": "",
                "value": "Dna, d(c-t-a-c-g-c-c-c-a-c-c-g-c-c-c-a-c-g-c-a-t-a-c), complex with dna d(g-t-a-t-g-c-g-t-g-g-g-c-g-g-t-g-g-g-c-g-t-a-g) (1:1)"
            }
        ]
    },
    "products": null,
    "international-brands": null,
    "mixtures": null,
    "packagers": null,
    "manufacturers": null,
    "prices": null,
    "categories": null,
    "affected-organisms": null,
    "dosages": null,
    "atc-codes": null,
    "ahfs-codes": null,
    "pdb-entries": null,
    "patents": null,
    "food-interactions": null,
    "drug-interactions": null,
    "sequences": null,
    "experimental-properties": null,
    "external-identifiers": null,
    "external-links": null,
    "pathways": null,
    "reactions": null,
    "snp-effects": null,
    "snp-adverse-drug-reactions": null,
    "targets": null,
    "enzymes": null,
    "carriers": null,
    "transporters": null
}