{
    "type": "biotech",
    "created": "2021-02-04",
    "updated": "2021-05-05",
    "drugbank-id": [
        {
            "primary": true,
            "value": "DB16545"
        }
    ],
    "name": "Malpighia emarginata extract",
    "description": null,
    "cas-number": null,
    "unii": "XDD2WEC9L5",
    "groups": {
        "group": [
            "approved",
            "experimental"
        ]
    },
    "general-references": {
        "articles": null,
        "textbooks": null,
        "links": {
            "link": [
                {
                    "ref-id": "L33644",
                    "title": "FDA Thailand: Blackmores Bio C (Ascorbic Acid, Calcium Ascorbate, Citrus bioflavonoids, Hesperidin, Malpighia emarginata, Rosa canina Fruit, Rutin, Sodium Ascorbate) Oral Tablet",
                    "url": "http://pertento.fda.moph.go.th/FDA_SEARCH_DRUG/SEARCH_DRUG/pop-up_drug_ex.aspx?Newcode=U1DR2C1022400007011C"
                }
            ]
        },
        "attachments": null
    },
    "synthesis-reference": null,
    "indication": null,
    "pharmacodynamics": null,
    "mechanism-of-action": null,
    "toxicity": null,
    "metabolism": null,
    "absorption": null,
    "half-life": null,
    "protein-binding": null,
    "route-of-elimination": null,
    "volume-of-distribution": null,
    "clearance": null,
    "salts": null,
    "synonyms": {
        "synonym": [
            {
                "language": "english",
                "coder": "",
                "value": "Acerola"
            },
            {
                "language": "english",
                "coder": "",
                "value": "Barbados cherry"
            },
            {
                "language": "english",
                "coder": "",
                "value": "Malpighia punicifolia extract"
            }
        ]
    },
    "products": {
        "product": [
            {
                "name": "Osteomineral",
                "labeller": "Institut De Recherche Biologique Yves Ponroy Canada Inc.",
                "ndc-id": null,
                "ndc-product-code": null,
                "dpd-id": "02237030",
                "ema-product-code": null,
                "ema-ma-number": null,
                "started-marketing-on": "1998-10-20",
                "ended-marketing-on": "2000-08-03",
                "dosage-form": "Tablet",
                "strength": null,
                "route": "Oral",
                "fda-application-number": null,
                "generic": false,
                "over-the-counter": true,
                "approved": true,
                "country": "Canada",
                "source": "DPD"
            },
            {
                "name": "Osteomineral",
                "labeller": "Institut De Recherche Biologique Yves Ponroy Canada Inc.",
                "ndc-id": null,
                "ndc-product-code": null,
                "dpd-id": "02237030",
                "ema-product-code": null,
                "ema-ma-number": null,
                "started-marketing-on": "1998-10-20",
                "ended-marketing-on": "2000-08-03",
                "dosage-form": "Tablet",
                "strength": null,
                "route": "Oral",
                "fda-application-number": null,
                "generic": false,
                "over-the-counter": true,
                "approved": true,
                "country": "Canada",
                "source": "DPD"
            },
            {
                "name": "Professor Alpha's Chewable C Tab",
                "labeller": "Nutrilite, A Division Of Access Business Group, Llc",
                "ndc-id": null,
                "ndc-product-code": null,
                "dpd-id": "02028247",
                "ema-product-code": null,
                "ema-ma-number": null,
                "started-marketing-on": "1993-12-31",
                "ended-marketing-on": "2003-06-24",
                "dosage-form": "Tablet",
                "strength": "30 mg",
                "route": "Oral",
                "fda-application-number": null,
                "generic": false,
                "over-the-counter": true,
                "approved": true,
                "country": "Canada",
                "source": "DPD"
            }
        ]
    },
    "international-brands": null,
    "mixtures": {
        "mixture": [
            {
                "name": "Osteomineral",
                "ingredients": "Calcium carbonate + Magnesium oxide + Malpighia emarginata extract + Malpighia emarginata extract"
            },
            {
                "name": "Osteomineral",
                "ingredients": "Calcium carbonate + Magnesium oxide + Malpighia emarginata extract + Malpighia emarginata extract"
            }
        ]
    },
    "packagers": null,
    "manufacturers": null,
    "prices": null,
    "categories": null,
    "affected-organisms": null,
    "dosages": {
        "dosage": [
            {
                "form": "Tablet, film coated",
                "route": null,
                "strength": null
            },
            {
                "form": "Tablet",
                "route": "Oral",
                "strength": null
            },
            {
                "form": "Tablet",
                "route": "Oral",
                "strength": "30 mg"
            },
            {
                "form": "Tablet, extended release",
                "route": null,
                "strength": null
            }
        ]
    },
    "atc-codes": null,
    "ahfs-codes": null,
    "pdb-entries": null,
    "patents": null,
    "food-interactions": null,
    "drug-interactions": null,
    "sequences": null,
    "experimental-properties": null,
    "external-identifiers": {
        "external-identifier": [
            {
                "resource": "Drugs Product Database (DPD)",
                "identifier": "645"
            }
        ]
    },
    "external-links": null,
    "pathways": null,
    "reactions": null,
    "snp-effects": null,
    "snp-adverse-drug-reactions": null,
    "targets": null,
    "enzymes": null,
    "carriers": null,
    "transporters": null
}