{
    "type": "biotech",
    "created": "2021-02-16",
    "updated": "2021-02-18",
    "drugbank-id": [
        {
            "primary": true,
            "value": "DB16610"
        }
    ],
    "name": "Thyme oil",
    "description": null,
    "cas-number": "8007-46-3",
    "unii": "2UK410MY6B",
    "groups": {
        "group": [
            "experimental"
        ]
    },
    "general-references": {
        "articles": null,
        "textbooks": null,
        "links": null,
        "attachments": null
    },
    "synthesis-reference": null,
    "indication": null,
    "pharmacodynamics": null,
    "mechanism-of-action": null,
    "toxicity": null,
    "metabolism": null,
    "absorption": null,
    "half-life": null,
    "protein-binding": null,
    "route-of-elimination": null,
    "volume-of-distribution": null,
    "clearance": null,
    "salts": null,
    "synonyms": {
        "synonym": [
            {
                "language": "english",
                "coder": "",
                "value": "Oil of thyme"
            },
            {
                "language": "english",
                "coder": "",
                "value": "Thymi aetheroleum"
            },
            {
                "language": "english",
                "coder": "",
                "value": "Thymus vulgaris oil"
            }
        ]
    },
    "products": null,
    "international-brands": null,
    "mixtures": null,
    "packagers": null,
    "manufacturers": null,
    "prices": null,
    "categories": {
        "category": [
            {
                "category": "Angiosperms",
                "mesh-id": "D019684"
            },
            {
                "category": "Benzene Derivatives",
                "mesh-id": "D001555"
            },
            {
                "category": "Biological Products",
                "mesh-id": "D001688"
            },
            {
                "category": "Complex Mixtures",
                "mesh-id": "D045424"
            },
            {
                "category": "Embryophyta",
                "mesh-id": "D019669"
            },
            {
                "category": "Eukaryota",
                "mesh-id": "D056890"
            },
            {
                "category": "Lamiaceae",
                "mesh-id": "D019686"
            },
            {
                "category": "Lamiales",
                "mesh-id": "D000068378"
            },
            {
                "category": "Lipids",
                "mesh-id": "D008055"
            },
            {
                "category": "Monoterpenes",
                "mesh-id": "D039821"
            },
            {
                "category": "Oils",
                "mesh-id": "D009821"
            },
            {
                "category": "Phenols",
                "mesh-id": "D010636"
            },
            {
                "category": "Plant Preparations",
                "mesh-id": "D028321"
            },
            {
                "category": "Streptophyta",
                "mesh-id": "D057949"
            },
            {
                "category": "Terpenes",
                "mesh-id": "D013729"
            },
            {
                "category": "Tracheophyta",
                "mesh-id": "D064028"
            },
            {
                "category": "Viridiplantae",
                "mesh-id": "D057948"
            }
        ]
    },
    "affected-organisms": null,
    "dosages": {
        "dosage": [
            {
                "form": "Oil",
                "route": "Topical",
                "strength": null
            }
        ]
    },
    "atc-codes": null,
    "ahfs-codes": null,
    "pdb-entries": null,
    "patents": null,
    "food-interactions": null,
    "drug-interactions": null,
    "sequences": null,
    "experimental-properties": null,
    "external-identifiers": {
        "external-identifier": [
            {
                "resource": "Wikipedia",
                "identifier": "Thyme"
            },
            {
                "resource": "RxCUI",
                "identifier": "90950"
            }
        ]
    },
    "external-links": null,
    "pathways": null,
    "reactions": null,
    "snp-effects": null,
    "snp-adverse-drug-reactions": null,
    "targets": null,
    "enzymes": null,
    "carriers": null,
    "transporters": null
}