{
    "type": "biotech",
    "created": "2020-12-15",
    "updated": "2021-02-21",
    "drugbank-id": [
        {
            "primary": true,
            "value": "DB16207"
        }
    ],
    "name": "Itolizumab",
    "description": "Itolizumab is under investigation in clinical trial NCT04605926 (A Study to Evaluate the Efficacy and Safety of Itolizumab in Subjects Hospitalized With COVID-19).",
    "cas-number": "1116433-11-4",
    "unii": "XQQ2RHV14N",
    "groups": {
        "group": [
            "investigational"
        ]
    },
    "general-references": {
        "articles": {
            "article": [
                {
                    "ref-id": "A226090",
                    "pubmed-id": "25945063",
                    "citation": "Menon R, David BG: Itolizumab - a humanized anti-CD6 monoclonal antibody with a better side effects profile for the treatment of psoriasis. Clin Cosmet Investig Dermatol. 2015 Apr 17;8:215-22. doi: 10.2147/CCID.S47784. eCollection 2015."
                },
                {
                    "ref-id": "A226095",
                    "pubmed-id": "28064543",
                    "citation": "Dogra S, Uprety S, Suresh SH: Itolizumab, a novel anti-CD6 monoclonal antibody: a safe and efficacious biologic agent for management of psoriasis. Expert Opin Biol Ther. 2017 Mar;17(3):395-402. doi: 10.1080/14712598.2017.1279601. Epub 2017 Jan 25."
                },
                {
                    "ref-id": "A226100",
                    "pubmed-id": "29033818",
                    "citation": "Pai G, Pai AH: Itolizumab - A New Biologic for Management of Psoriasis and Psoriatic Arthritis. Case Rep Dermatol. 2017 Aug 23;9(2):141-145. doi: 10.1159/000475519. eCollection 2017 May-Aug."
                }
            ]
        },
        "textbooks": null,
        "links": null,
        "attachments": null
    },
    "synthesis-reference": null,
    "indication": null,
    "pharmacodynamics": null,
    "mechanism-of-action": "Itolizumab binds to CD6 which modulates T-lymphocyte activation and proliferation. It is an efficacious immunomodulatory compound investigated for treating psoriasis. Currently, the full mechanisms of action are still unclear.",
    "toxicity": null,
    "metabolism": null,
    "absorption": null,
    "half-life": null,
    "protein-binding": null,
    "route-of-elimination": null,
    "volume-of-distribution": null,
    "clearance": null,
    "salts": null,
    "synonyms": {
        "synonym": [
            {
                "language": "english",
                "coder": "inn",
                "value": "Itolizumab"
            }
        ]
    },
    "products": null,
    "international-brands": null,
    "mixtures": null,
    "packagers": null,
    "manufacturers": null,
    "prices": null,
    "categories": {
        "category": [
            {
                "category": "Amino Acids, Peptides, and Proteins",
                "mesh-id": "D000602"
            },
            {
                "category": "Antibodies",
                "mesh-id": "D000906"
            },
            {
                "category": "Antibodies, Monoclonal",
                "mesh-id": "D000911"
            },
            {
                "category": "Antibodies, Monoclonal, Humanized",
                "mesh-id": "D061067"
            },
            {
                "category": "Blood Proteins",
                "mesh-id": "D001798"
            },
            {
                "category": "Globulins",
                "mesh-id": "D005916"
            },
            {
                "category": "Immunoglobulins",
                "mesh-id": "D007136"
            },
            {
                "category": "Immunoproteins",
                "mesh-id": "D007162"
            },
            {
                "category": "Proteins",
                "mesh-id": "D011506"
            },
            {
                "category": "Serum Globulins",
                "mesh-id": "D012712"
            }
        ]
    },
    "affected-organisms": null,
    "dosages": null,
    "atc-codes": null,
    "ahfs-codes": null,
    "pdb-entries": null,
    "patents": null,
    "food-interactions": null,
    "drug-interactions": null,
    "sequences": null,
    "experimental-properties": null,
    "external-identifiers": {
        "external-identifier": [
            {
                "resource": "Wikipedia",
                "identifier": "Itolizumab"
            }
        ]
    },
    "external-links": null,
    "pathways": null,
    "reactions": null,
    "snp-effects": null,
    "snp-adverse-drug-reactions": null,
    "targets": null,
    "enzymes": null,
    "carriers": null,
    "transporters": null
}