{
    "type": "small molecule",
    "created": "2021-02-08",
    "updated": "2021-05-22",
    "drugbank-id": [
        {
            "primary": true,
            "value": "DB16560"
        }
    ],
    "name": "Ethyl nitrite",
    "description": null,
    "cas-number": "109-95-5",
    "unii": "8C7CJ279RV",
    "average-mass": 75.067,
    "monoisotopic-mass": 75.032028405,
    "groups": {
        "group": [
            "experimental"
        ]
    },
    "general-references": {
        "articles": null,
        "textbooks": null,
        "links": {
            "link": [
                {
                    "ref-id": "L33639",
                    "title": "FDA Thailand: Baby Cough Syrup (Ammonia, Ethyl Nitrate, Glycyrrhiza glabra, Tolu Balsam) Oral Syrup",
                    "url": "http://pertento.fda.moph.go.th/FDA_SEARCH_DRUG/SEARCH_DRUG/pop-up_drug_ex.aspx?Newcode=U1DR2A1022260007711C"
                }
            ]
        },
        "attachments": null
    },
    "synthesis-reference": null,
    "indication": null,
    "pharmacodynamics": null,
    "mechanism-of-action": null,
    "toxicity": null,
    "metabolism": null,
    "absorption": null,
    "half-life": null,
    "protein-binding": null,
    "route-of-elimination": null,
    "volume-of-distribution": null,
    "clearance": null,
    "salts": null,
    "synonyms": {
        "synonym": [
            {
                "language": "czech",
                "coder": "",
                "value": "Ethylester kyseliny dusite"
            },
            {
                "language": "english",
                "coder": "",
                "value": "Nitrous acid, ethyl ester"
            },
            {
                "language": "english",
                "coder": "",
                "value": "Nitrous ether spirit"
            },
            {
                "language": "english",
                "coder": "",
                "value": "Spirit of ethyl nitrite"
            }
        ]
    },
    "products": null,
    "international-brands": null,
    "mixtures": null,
    "packagers": null,
    "manufacturers": null,
    "prices": null,
    "categories": {
        "category": [
            {
                "category": "Anions",
                "mesh-id": "D000838"
            },
            {
                "category": "Electrolytes",
                "mesh-id": "D004573"
            },
            {
                "category": "Ions",
                "mesh-id": "D007477"
            },
            {
                "category": "Nitrogen Compounds",
                "mesh-id": "D017672"
            }
        ]
    },
    "affected-organisms": null,
    "dosages": {
        "dosage": [
            {
                "form": "Syrup",
                "route": null,
                "strength": null
            }
        ]
    },
    "atc-codes": null,
    "ahfs-codes": null,
    "pdb-entries": null,
    "patents": null,
    "food-interactions": null,
    "drug-interactions": null,
    "calculated-properties": {
        "property": [
            {
                "kind": "logP",
                "value": "0.42",
                "source": "ALOGPS"
            },
            {
                "kind": "logS",
                "value": "-0.17",
                "source": "ALOGPS"
            },
            {
                "kind": "Water Solubility",
                "value": "5.07e+01 g/l",
                "source": "ALOGPS"
            },
            {
                "kind": "logP",
                "value": "0.9",
                "source": "ChemAxon"
            },
            {
                "kind": "IUPAC Name",
                "value": "ethyl nitrite",
                "source": "ChemAxon"
            },
            {
                "kind": "Traditional IUPAC Name",
                "value": "adiphenine",
                "source": "ChemAxon"
            },
            {
                "kind": "Molecular Weight",
                "value": "75.067",
                "source": "ChemAxon"
            },
            {
                "kind": "Monoisotopic Weight",
                "value": "75.032028405",
                "source": "ChemAxon"
            },
            {
                "kind": "SMILES",
                "value": "CCON=O",
                "source": "ChemAxon"
            },
            {
                "kind": "Molecular Formula",
                "value": "C2H5NO2",
                "source": "ChemAxon"
            },
            {
                "kind": "InChI",
                "value": "InChI=1S/C2H5NO2/c1-2-5-3-4/h2H2,1H3",
                "source": "ChemAxon"
            },
            {
                "kind": "InChIKey",
                "value": "QQZWEECEMNQSTG-UHFFFAOYSA-N",
                "source": "ChemAxon"
            },
            {
                "kind": "Polar Surface Area (PSA)",
                "value": "38.66",
                "source": "ChemAxon"
            },
            {
                "kind": "Refractivity",
                "value": "17.95",
                "source": "ChemAxon"
            },
            {
                "kind": "Polarizability",
                "value": "6.79",
                "source": "ChemAxon"
            },
            {
                "kind": "Rotatable Bond Count",
                "value": "2",
                "source": "ChemAxon"
            },
            {
                "kind": "H Bond Acceptor Count",
                "value": "2",
                "source": "ChemAxon"
            },
            {
                "kind": "H Bond Donor Count",
                "value": "0",
                "source": "ChemAxon"
            },
            {
                "kind": "pKa (strongest basic)",
                "value": "-2.4",
                "source": "ChemAxon"
            },
            {
                "kind": "Physiological Charge",
                "value": "0",
                "source": "ChemAxon"
            },
            {
                "kind": "Number of Rings",
                "value": "0",
                "source": "ChemAxon"
            },
            {
                "kind": "Bioavailability",
                "value": "1",
                "source": "ChemAxon"
            },
            {
                "kind": "Rule of Five",
                "value": "1",
                "source": "ChemAxon"
            },
            {
                "kind": "Ghose Filter",
                "value": "0",
                "source": "ChemAxon"
            },
            {
                "kind": "MDDR-Like Rule",
                "value": "0",
                "source": "ChemAxon"
            }
        ]
    },
    "experimental-properties": null,
    "external-identifiers": {
        "external-identifier": [
            {
                "resource": "ChemSpider",
                "identifier": "7735"
            },
            {
                "resource": "Wikipedia",
                "identifier": "Ethyl_nitrite"
            },
            {
                "resource": "ChEMBL",
                "identifier": "CHEMBL1551365"
            },
            {
                "resource": "ZINC",
                "identifier": "ZINC000005650763"
            },
            {
                "resource": "RxCUI",
                "identifier": "1921585"
            }
        ]
    },
    "external-links": null,
    "pathways": null,
    "reactions": null,
    "snp-effects": null,
    "snp-adverse-drug-reactions": null,
    "targets": null,
    "enzymes": null,
    "carriers": null,
    "transporters": null
}