{
    "type": "biotech",
    "created": "2020-12-15",
    "updated": "2020-12-20",
    "drugbank-id": [
        {
            "primary": true,
            "value": "DB16283"
        }
    ],
    "name": "Pegylated synthetic human c-peptide",
    "description": null,
    "cas-number": "1350661-05-0",
    "unii": "IF95YG4W0P",
    "groups": {
        "group": [
            "investigational"
        ]
    },
    "general-references": {
        "articles": null,
        "textbooks": null,
        "links": null,
        "attachments": null
    },
    "synthesis-reference": null,
    "indication": null,
    "pharmacodynamics": null,
    "mechanism-of-action": null,
    "toxicity": null,
    "metabolism": null,
    "absorption": null,
    "half-life": null,
    "protein-binding": null,
    "route-of-elimination": null,
    "volume-of-distribution": null,
    "clearance": null,
    "salts": null,
    "synonyms": {
        "synonym": [
            {
                "language": "english",
                "coder": "",
                "value": "Ersatta"
            },
            {
                "language": "english",
                "coder": "",
                "value": "Pegylated human c-peptide"
            }
        ]
    },
    "products": null,
    "international-brands": null,
    "mixtures": null,
    "packagers": null,
    "manufacturers": null,
    "prices": null,
    "categories": {
        "category": [
            {
                "category": "Alcohols",
                "mesh-id": "D000438"
            },
            {
                "category": "Amino Acids, Peptides, and Proteins",
                "mesh-id": "D000602"
            },
            {
                "category": "Blood Glucose Lowering Agents",
                "mesh-id": "D007004"
            },
            {
                "category": "Ethylene Glycols",
                "mesh-id": "D005026"
            },
            {
                "category": "Glycols",
                "mesh-id": "D006018"
            },
            {
                "category": "Hormones",
                "mesh-id": "D006728"
            },
            {
                "category": "Hormones, Hormone Substitutes, and Hormone Antagonists",
                "mesh-id": "D006730"
            },
            {
                "category": "Insulin",
                "mesh-id": "D007328"
            },
            {
                "category": "Macromolecular Substances",
                "mesh-id": "D046911"
            },
            {
                "category": "Pancreatic Hormones",
                "mesh-id": "D010187"
            },
            {
                "category": "Peptide Hormones",
                "mesh-id": "D036361"
            },
            {
                "category": "Peptides",
                "mesh-id": "D010455"
            },
            {
                "category": "Polymers",
                "mesh-id": "D011108"
            }
        ]
    },
    "affected-organisms": null,
    "dosages": null,
    "atc-codes": null,
    "ahfs-codes": null,
    "pdb-entries": null,
    "patents": null,
    "food-interactions": null,
    "drug-interactions": null,
    "sequences": null,
    "experimental-properties": null,
    "external-identifiers": null,
    "external-links": null,
    "pathways": null,
    "reactions": null,
    "snp-effects": null,
    "snp-adverse-drug-reactions": null,
    "targets": null,
    "enzymes": null,
    "carriers": null,
    "transporters": null
}