{
    "type": "small molecule",
    "created": "2020-12-15",
    "updated": "2021-02-21",
    "drugbank-id": [
        {
            "primary": true,
            "value": "DB16191"
        }
    ],
    "name": "Ifidancitinib",
    "description": "Ifidancitinib is under investigation in clinical trial NCT03585296 (A Study of ATI-502 Topical Solution for the Treatment of Atopic Dermatitis).",
    "cas-number": "1236667-40-5",
    "unii": "R105E71J13",
    "average-mass": 395.394,
    "monoisotopic-mass": 395.139367623,
    "groups": {
        "group": [
            "investigational"
        ]
    },
    "general-references": {
        "articles": null,
        "textbooks": null,
        "links": null,
        "attachments": null
    },
    "synthesis-reference": null,
    "indication": null,
    "pharmacodynamics": null,
    "mechanism-of-action": null,
    "toxicity": null,
    "metabolism": null,
    "absorption": null,
    "half-life": null,
    "protein-binding": null,
    "route-of-elimination": null,
    "volume-of-distribution": null,
    "clearance": null,
    "salts": null,
    "synonyms": {
        "synonym": [
            {
                "language": "english",
                "coder": "inn",
                "value": "Ifidancitinib"
            }
        ]
    },
    "products": null,
    "international-brands": null,
    "mixtures": null,
    "packagers": null,
    "manufacturers": null,
    "prices": null,
    "categories": {
        "category": [
            {
                "category": "Adrenal Cortex Hormones",
                "mesh-id": "D000305"
            },
            {
                "category": "Contraceptive Agents, Female",
                "mesh-id": "D003271"
            },
            {
                "category": "Fused-Ring Compounds",
                "mesh-id": "D000072473"
            },
            {
                "category": "Hormonal Contraceptives for Systemic Use",
                "mesh-id": "D003270"
            },
            {
                "category": "Norpregnanes",
                "mesh-id": "D009650"
            },
            {
                "category": "Norpregnatrienes",
                "mesh-id": "D009651"
            },
            {
                "category": "Norsteroids",
                "mesh-id": "D009654"
            },
            {
                "category": "Reproductive Control Agents",
                "mesh-id": "D012102"
            },
            {
                "category": "Steroids",
                "mesh-id": "D013256"
            }
        ]
    },
    "affected-organisms": null,
    "dosages": null,
    "atc-codes": null,
    "ahfs-codes": null,
    "pdb-entries": null,
    "patents": null,
    "food-interactions": null,
    "drug-interactions": null,
    "calculated-properties": {
        "property": [
            {
                "kind": "logP",
                "value": "4.17",
                "source": "ALOGPS"
            },
            {
                "kind": "logS",
                "value": "-4.3",
                "source": "ALOGPS"
            },
            {
                "kind": "Water Solubility",
                "value": "2.06e-02 g/l",
                "source": "ALOGPS"
            },
            {
                "kind": "logP",
                "value": "4.57",
                "source": "ChemAxon"
            },
            {
                "kind": "IUPAC Name",
                "value": "5-({2-[(4-fluoro-3-methoxy-5-methylphenyl)amino]-5-methylpyrimidin-4-yl}amino)-2,3-dihydro-1,3-benzoxazol-2-one",
                "source": "ChemAxon"
            },
            {
                "kind": "Traditional IUPAC Name",
                "value": "2-methoxy-4-[(1E)-3-[4-(nitrooxy)butoxy]-3-oxoprop-1-en-1-yl]phenyl (4R)-4-[(1R,3aS,3bR,4S,5aS,7R,9aS,9bS,11aR)-4,7-dihydroxy-9a,11a-dimethyl-tetradecahydro-1H-cyclopenta[a]phenanthren-1-yl]pentanoate",
                "source": "ChemAxon"
            },
            {
                "kind": "Molecular Weight",
                "value": "395.394",
                "source": "ChemAxon"
            },
            {
                "kind": "Monoisotopic Weight",
                "value": "395.139367623",
                "source": "ChemAxon"
            },
            {
                "kind": "SMILES",
                "value": "COC1=C(F)C(C)=CC(NC2=NC=C(C)C(NC3=CC=C4OC(=O)NC4=C3)=N2)=C1",
                "source": "ChemAxon"
            },
            {
                "kind": "Molecular Formula",
                "value": "C20H18FN5O3",
                "source": "ChemAxon"
            },
            {
                "kind": "InChI",
                "value": "InChI=1S/C20H18FN5O3/c1-10-6-13(8-16(28-3)17(10)21)24-19-22-9-11(2)18(26-19)23-12-4-5-15-14(7-12)25-20(27)29-15/h4-9H,1-3H3,(H,25,27)(H2,22,23,24,26)",
                "source": "ChemAxon"
            },
            {
                "kind": "InChIKey",
                "value": "OYFMQDVLFYKOPZ-UHFFFAOYSA-N",
                "source": "ChemAxon"
            },
            {
                "kind": "Polar Surface Area (PSA)",
                "value": "97.4",
                "source": "ChemAxon"
            },
            {
                "kind": "Refractivity",
                "value": "106.92",
                "source": "ChemAxon"
            },
            {
                "kind": "Polarizability",
                "value": "40.38",
                "source": "ChemAxon"
            },
            {
                "kind": "Rotatable Bond Count",
                "value": "5",
                "source": "ChemAxon"
            },
            {
                "kind": "H Bond Acceptor Count",
                "value": "7",
                "source": "ChemAxon"
            },
            {
                "kind": "H Bond Donor Count",
                "value": "3",
                "source": "ChemAxon"
            },
            {
                "kind": "pKa (strongest acidic)",
                "value": "9.45",
                "source": "ChemAxon"
            },
            {
                "kind": "pKa (strongest basic)",
                "value": "4.48",
                "source": "ChemAxon"
            },
            {
                "kind": "Physiological Charge",
                "value": "0",
                "source": "ChemAxon"
            },
            {
                "kind": "Number of Rings",
                "value": "4",
                "source": "ChemAxon"
            },
            {
                "kind": "Bioavailability",
                "value": "1",
                "source": "ChemAxon"
            },
            {
                "kind": "Rule of Five",
                "value": "1",
                "source": "ChemAxon"
            },
            {
                "kind": "Ghose Filter",
                "value": "1",
                "source": "ChemAxon"
            },
            {
                "kind": "MDDR-Like Rule",
                "value": "0",
                "source": "ChemAxon"
            }
        ]
    },
    "experimental-properties": null,
    "external-identifiers": null,
    "external-links": null,
    "pathways": null,
    "reactions": null,
    "snp-effects": null,
    "snp-adverse-drug-reactions": null,
    "targets": null,
    "enzymes": null,
    "carriers": null,
    "transporters": null
}