{
    "type": "biotech",
    "created": "2021-01-14",
    "updated": "2021-01-16",
    "drugbank-id": [
        {
            "primary": true,
            "value": "DB16429"
        }
    ],
    "name": "CoVac-1",
    "description": "Sponsored by the University Hospital Tuebingen in Germany, CoVac-1 is a multi-peptide COVID-19 vaccine candidate created from HLA class I and HLA-DR T-cell epitopes of the S-protein[A226588]. It is being investigated in the clinical trial NCT04546841 (Safety and Immunogenicity Trial of Multi-peptide Vaccination to Prevent COVID-19 Infection in Adults (pVAC))[L30428] and aims to induce broad T-cell immunity[A226588].",
    "cas-number": null,
    "unii": null,
    "groups": {
        "group": [
            "investigational"
        ]
    },
    "general-references": {
        "articles": {
            "article": [
                {
                    "ref-id": "A226588",
                    "pubmed-id": "33421475",
                    "citation": "Pollet J, Chen WH, Strych U: Recombinant protein vaccines, a proven approach against coronavirus pandemics. Adv Drug Deliv Rev. 2021 Jan 6. pii: S0169-409X(21)00001-6. doi: 10.1016/j.addr.2021.01.001."
                }
            ]
        },
        "textbooks": null,
        "links": {
            "link": [
                {
                    "ref-id": "L30428",
                    "title": "ClinicalTrials.gov: Safety and Immunogenicity Trial of Multi-peptide Vaccination to Prevent COVID-19 Infection in Adults (pVAC)",
                    "url": "https://clinicaltrials.gov/ct2/show/NCT04546841"
                }
            ]
        },
        "attachments": null
    },
    "synthesis-reference": null,
    "indication": null,
    "pharmacodynamics": null,
    "mechanism-of-action": null,
    "toxicity": null,
    "metabolism": null,
    "absorption": null,
    "half-life": null,
    "protein-binding": null,
    "route-of-elimination": null,
    "volume-of-distribution": null,
    "clearance": null,
    "salts": null,
    "synonyms": {
        "synonym": [
            {
                "language": "english",
                "coder": "",
                "value": "Multi-peptide vaccination"
            },
            {
                "language": "english",
                "coder": "",
                "value": "Multipeptide cocktail"
            }
        ]
    },
    "products": null,
    "international-brands": null,
    "mixtures": null,
    "packagers": null,
    "manufacturers": null,
    "prices": null,
    "categories": null,
    "affected-organisms": null,
    "dosages": null,
    "atc-codes": null,
    "ahfs-codes": null,
    "pdb-entries": null,
    "patents": null,
    "food-interactions": null,
    "drug-interactions": null,
    "sequences": null,
    "experimental-properties": null,
    "external-identifiers": null,
    "external-links": null,
    "pathways": null,
    "reactions": null,
    "snp-effects": null,
    "snp-adverse-drug-reactions": null,
    "targets": null,
    "enzymes": null,
    "carriers": null,
    "transporters": null
}