{
    "type": "small molecule",
    "created": "2021-02-17",
    "updated": "2021-04-30",
    "drugbank-id": [
        {
            "primary": true,
            "value": "DB16617"
        }
    ],
    "name": "2-(p-Tolyl)ethyl nicotinate",
    "description": null,
    "cas-number": "14008-88-9",
    "unii": "V94EB48QDC",
    "groups": {
        "group": [
            "experimental"
        ]
    },
    "general-references": {
        "articles": null,
        "textbooks": null,
        "links": {
            "link": [
                {
                    "ref-id": "L33484",
                    "title": "BASG: Galle - Donau - Dragees (1-naphthaleneacetic Acid, 2-(p-Tolyl)ethyl Nicotinate) Oral Tablet",
                    "url": "https://aspregister.basg.gv.at/document/servlet?action=show&zulnr=10202&type=DOTC_FACH_INFO"
                }
            ]
        },
        "attachments": null
    },
    "synthesis-reference": null,
    "indication": null,
    "pharmacodynamics": null,
    "mechanism-of-action": null,
    "toxicity": null,
    "metabolism": null,
    "absorption": null,
    "half-life": null,
    "protein-binding": null,
    "route-of-elimination": null,
    "volume-of-distribution": null,
    "clearance": null,
    "salts": null,
    "synonyms": {
        "synonym": [
            {
                "language": "english",
                "coder": "",
                "value": "3-pyridinecarboxylic acid, 2-(4-methylphenyl)ethyl ester "
            },
            {
                "language": "english",
                "coder": "",
                "value": "p-tolylmethylcarbinol-nicotinic acid ester"
            }
        ]
    },
    "products": null,
    "international-brands": null,
    "mixtures": null,
    "packagers": null,
    "manufacturers": null,
    "prices": null,
    "categories": null,
    "affected-organisms": null,
    "dosages": {
        "dosage": [
            {
                "form": "Tablet, sugar coated",
                "route": "Oral",
                "strength": null
            }
        ]
    },
    "atc-codes": null,
    "ahfs-codes": null,
    "pdb-entries": null,
    "patents": null,
    "food-interactions": null,
    "drug-interactions": null,
    "calculated-properties": null,
    "experimental-properties": null,
    "external-identifiers": null,
    "external-links": null,
    "pathways": null,
    "reactions": null,
    "snp-effects": null,
    "snp-adverse-drug-reactions": null,
    "targets": null,
    "enzymes": null,
    "carriers": null,
    "transporters": null
}