{
    "type": "small molecule",
    "created": "2020-12-15",
    "updated": "2021-02-21",
    "drugbank-id": [
        {
            "primary": true,
            "value": "DB16228"
        }
    ],
    "name": "Mavelertinib",
    "description": "Mavelertinib is under investigation in clinical trial NCT02349633 (Study for Patients With NSCLC EGFR Mutations (Del 19 or L858R +/- T790M)).",
    "cas-number": "1776112-90-3",
    "unii": "YXX2180047",
    "average-mass": 415.433,
    "monoisotopic-mass": 415.188049147,
    "groups": {
        "group": [
            "investigational"
        ]
    },
    "general-references": {
        "articles": null,
        "textbooks": null,
        "links": null,
        "attachments": null
    },
    "synthesis-reference": null,
    "indication": null,
    "pharmacodynamics": null,
    "mechanism-of-action": null,
    "toxicity": null,
    "metabolism": null,
    "absorption": null,
    "half-life": null,
    "protein-binding": null,
    "route-of-elimination": null,
    "volume-of-distribution": null,
    "clearance": null,
    "salts": null,
    "synonyms": {
        "synonym": [
            {
                "language": "english",
                "coder": "",
                "value": "Egfr t790m inhibitor pf-06747775"
            },
            {
                "language": "english",
                "coder": "inn/usan",
                "value": "Mavelertinib"
            }
        ]
    },
    "products": null,
    "international-brands": null,
    "mixtures": null,
    "packagers": null,
    "manufacturers": null,
    "prices": null,
    "categories": null,
    "affected-organisms": null,
    "dosages": null,
    "atc-codes": null,
    "ahfs-codes": null,
    "pdb-entries": null,
    "patents": null,
    "food-interactions": null,
    "drug-interactions": null,
    "calculated-properties": {
        "property": [
            {
                "kind": "logP",
                "value": "1.82",
                "source": "ALOGPS"
            },
            {
                "kind": "logS",
                "value": "-2.7",
                "source": "ALOGPS"
            },
            {
                "kind": "Water Solubility",
                "value": "8.48e-01 g/l",
                "source": "ALOGPS"
            },
            {
                "kind": "logP",
                "value": "1.54",
                "source": "ChemAxon"
            },
            {
                "kind": "IUPAC Name",
                "value": "N-[(3R,4R)-4-fluoro-1-{6-[(3-methoxy-1-methyl-1H-pyrazol-4-yl)amino]-9-methyl-9H-purin-2-yl}pyrrolidin-3-yl]prop-2-enamide",
                "source": "ChemAxon"
            },
            {
                "kind": "Traditional IUPAC Name",
                "value": "2-methoxy-4-[(1E)-3-[4-(nitrooxy)butoxy]-3-oxoprop-1-en-1-yl]phenyl (4R)-4-[(1R,3aS,3bR,4S,5aS,7R,9aS,9bS,11aR)-4,7-dihydroxy-9a,11a-dimethyl-tetradecahydro-1H-cyclopenta[a]phenanthren-1-yl]pentanoate",
                "source": "ChemAxon"
            },
            {
                "kind": "Molecular Weight",
                "value": "415.433",
                "source": "ChemAxon"
            },
            {
                "kind": "Monoisotopic Weight",
                "value": "415.188049147",
                "source": "ChemAxon"
            },
            {
                "kind": "SMILES",
                "value": "COC1=NN(C)C=C1NC1=NC(=NC2=C1N=CN2C)N1C[C@@H](F)[C@@H](C1)NC(=O)C=C",
                "source": "ChemAxon"
            },
            {
                "kind": "Molecular Formula",
                "value": "C18H22FN9O2",
                "source": "ChemAxon"
            },
            {
                "kind": "InChI",
                "value": "InChI=1S/C18H22FN9O2/c1-5-13(29)21-11-8-28(6-10(11)19)18-23-15(14-16(24-18)26(2)9-20-14)22-12-7-27(3)25-17(12)30-4/h5,7,9-11H,1,6,8H2,2-4H3,(H,21,29)(H,22,23,24)/t10-,11-/m1/s1",
                "source": "ChemAxon"
            },
            {
                "kind": "InChIKey",
                "value": "JYIUNVOCEFIUIU-GHMZBOCLSA-N",
                "source": "ChemAxon"
            },
            {
                "kind": "Polar Surface Area (PSA)",
                "value": "115.02",
                "source": "ChemAxon"
            },
            {
                "kind": "Refractivity",
                "value": "119.35",
                "source": "ChemAxon"
            },
            {
                "kind": "Polarizability",
                "value": "42.01",
                "source": "ChemAxon"
            },
            {
                "kind": "Rotatable Bond Count",
                "value": "6",
                "source": "ChemAxon"
            },
            {
                "kind": "H Bond Acceptor Count",
                "value": "8",
                "source": "ChemAxon"
            },
            {
                "kind": "H Bond Donor Count",
                "value": "2",
                "source": "ChemAxon"
            },
            {
                "kind": "pKa (strongest acidic)",
                "value": "10.41",
                "source": "ChemAxon"
            },
            {
                "kind": "pKa (strongest basic)",
                "value": "2.29",
                "source": "ChemAxon"
            },
            {
                "kind": "Physiological Charge",
                "value": "0",
                "source": "ChemAxon"
            },
            {
                "kind": "Number of Rings",
                "value": "4",
                "source": "ChemAxon"
            },
            {
                "kind": "Bioavailability",
                "value": "1",
                "source": "ChemAxon"
            },
            {
                "kind": "Rule of Five",
                "value": "1",
                "source": "ChemAxon"
            },
            {
                "kind": "Ghose Filter",
                "value": "1",
                "source": "ChemAxon"
            },
            {
                "kind": "MDDR-Like Rule",
                "value": "1",
                "source": "ChemAxon"
            }
        ]
    },
    "experimental-properties": null,
    "external-identifiers": {
        "external-identifier": [
            {
                "resource": "ChemSpider",
                "identifier": "49070873"
            },
            {
                "resource": "BindingDB",
                "identifier": "50450870"
            },
            {
                "resource": "ChEMBL",
                "identifier": "CHEMBL3989970"
            },
            {
                "resource": "ZINC",
                "identifier": "ZINC000231225813"
            }
        ]
    },
    "external-links": null,
    "pathways": null,
    "reactions": null,
    "snp-effects": null,
    "snp-adverse-drug-reactions": null,
    "targets": null,
    "enzymes": null,
    "carriers": null,
    "transporters": null
}