{
    "type": "small molecule",
    "created": "2020-12-15",
    "updated": "2020-12-20",
    "drugbank-id": [
        {
            "primary": true,
            "value": "DB16312"
        }
    ],
    "name": "TNP-2092",
    "description": "TNP-2092 is under investigation in clinical trial NCT03964493 (TNP-2092 to Treat Acute Bacterial Skin and Skin Structure Infection).",
    "cas-number": "922717-97-3",
    "unii": "W2P7EF7O6O",
    "average-mass": 1205.388,
    "monoisotopic-mass": 1204.574394095,
    "groups": {
        "group": [
            "investigational"
        ]
    },
    "general-references": {
        "articles": null,
        "textbooks": null,
        "links": null,
        "attachments": null
    },
    "synthesis-reference": null,
    "indication": null,
    "pharmacodynamics": null,
    "mechanism-of-action": null,
    "toxicity": null,
    "metabolism": null,
    "absorption": null,
    "half-life": null,
    "protein-binding": null,
    "route-of-elimination": null,
    "volume-of-distribution": null,
    "clearance": null,
    "salts": null,
    "synonyms": null,
    "products": null,
    "international-brands": null,
    "mixtures": null,
    "packagers": null,
    "manufacturers": null,
    "prices": null,
    "categories": {
        "category": [
            {
                "category": "Heterocyclic Compounds, Fused-Ring",
                "mesh-id": "D000072471"
            },
            {
                "category": "Lactams, Macrocyclic",
                "mesh-id": "D047029"
            },
            {
                "category": "Quinolines",
                "mesh-id": "D011804"
            }
        ]
    },
    "affected-organisms": null,
    "dosages": null,
    "atc-codes": null,
    "ahfs-codes": null,
    "pdb-entries": null,
    "patents": null,
    "food-interactions": null,
    "drug-interactions": null,
    "calculated-properties": {
        "property": [
            {
                "kind": "logP",
                "value": "5.52",
                "source": "ALOGPS"
            },
            {
                "kind": "logS",
                "value": "-5",
                "source": "ALOGPS"
            },
            {
                "kind": "Water Solubility",
                "value": "1.34e-02 g/l",
                "source": "ALOGPS"
            },
            {
                "kind": "logP",
                "value": "2.38",
                "source": "ChemAxon"
            },
            {
                "kind": "IUPAC Name",
                "value": "8-[(3R)-3-[1-({1-[(E)-{[(7S,9E,11S,12S,13S,14S,15R,16R,17S,18S,19E)-13-(acetyloxy)-2,15,17,27,29-pentahydroxy-11-methoxy-3,7,12,14,16,18,22-heptamethyl-6,23-dioxo-8,30-dioxa-24-azatetracyclo[23.3.1.1^{4,7}.0^{5,28}]triaconta-1(28),2,4,9,19,21,25(29),26-octaen-26-yl]methylidene}amino]piperidin-4-yl}(methyl)amino)cyclopropyl]pyrrolidin-1-yl]-1-cyclopropyl-7-fluoro-9-methyl-4-oxo-4H-quinolizine-3-carboxylic acid",
                "source": "ChemAxon"
            },
            {
                "kind": "Traditional IUPAC Name",
                "value": "8-[(3R)-3-[1-({1-[(E)-{[(7S,9E,11S,12S,13S,14S,15R,16R,17S,18S,19E)-13-(acetyloxy)-2,15,17,27,29-pentahydroxy-11-methoxy-3,7,12,14,16,18,22-heptamethyl-6,23-dioxo-8,30-dioxa-24-azatetracyclo[23.3.1.1^{4,7}.0^{5,28}]triaconta-1(28),2,4,9,19,21,25(29),26-octaen-26-yl]methylidene}amino]piperidin-4-yl}(methyl)amino)cyclopropyl]pyrrolidin-1-yl]-1-cyclopropyl-7-fluoro-9-methyl-4-oxoquinolizine-3-carboxylic acid",
                "source": "ChemAxon"
            },
            {
                "kind": "Molecular Weight",
                "value": "1205.388",
                "source": "ChemAxon"
            },
            {
                "kind": "Monoisotopic Weight",
                "value": "1204.574394095",
                "source": "ChemAxon"
            },
            {
                "kind": "SMILES",
                "value": "CO[C@H]1C=CO[C@@]2(C)OC3=C(C2=O)C2=C(C(O)=C3C)C(O)=C(NC(=O)C(C)=C\\C=C/[C@H](C)[C@H](O)[C@@H](C)[C@@H](O)[C@H](C)[C@H](OC(C)=O)[C@H]1C)C(\\C=N\\N1CCC(CC1)N(C)C1(CC1)[C@@H]1CCN(C1)C1=C(C)C3=C(C=C(C(O)=O)C(=O)N3C=C1F)C1CC1)=C2O",
                "source": "ChemAxon"
            },
            {
                "kind": "Molecular Formula",
                "value": "C65H81FN6O15",
                "source": "ChemAxon"
            },
            {
                "kind": "InChI",
                "value": "InChI=1S/C65H81FN6O15/c1-31-13-12-14-32(2)61(80)68-50-44(56(77)47-48(57(50)78)55(76)37(7)59-49(47)60(79)64(9,87-59)85-26-20-46(84-11)33(3)58(86-38(8)73)36(6)54(75)35(5)53(31)74)28-67-71-24-18-41(19-25-71)69(10)65(21-22-65)40-17-23-70(29-40)52-34(4)51-42(39-15-16-39)27-43(63(82)83)62(81)72(51)30-45(52)66/h12-14,20,26-28,30-31,33,35-36,39-41,46,53-54,58,74-78H,15-19,21-25,29H2,1-11H3,(H,68,80)(H,82,83)/b13-12-,26-20-,32-14?,67-28+/t31-,33-,35+,36-,40+,46-,53-,54+,58+,64-/m0/s1",
                "source": "ChemAxon"
            },
            {
                "kind": "InChIKey",
                "value": "OPZFMLLAJBIKAN-JNEXSVMGSA-N",
                "source": "ChemAxon"
            },
            {
                "kind": "Polar Surface Area (PSA)",
                "value": "281",
                "source": "ChemAxon"
            },
            {
                "kind": "Refractivity",
                "value": "330.61",
                "source": "ChemAxon"
            },
            {
                "kind": "Polarizability",
                "value": "126.49",
                "source": "ChemAxon"
            },
            {
                "kind": "Rotatable Bond Count",
                "value": "11",
                "source": "ChemAxon"
            },
            {
                "kind": "H Bond Acceptor Count",
                "value": "18",
                "source": "ChemAxon"
            },
            {
                "kind": "H Bond Donor Count",
                "value": "7",
                "source": "ChemAxon"
            },
            {
                "kind": "pKa (strongest acidic)",
                "value": "3.63",
                "source": "ChemAxon"
            },
            {
                "kind": "pKa (strongest basic)",
                "value": "10.46",
                "source": "ChemAxon"
            },
            {
                "kind": "Physiological Charge",
                "value": "-1",
                "source": "ChemAxon"
            },
            {
                "kind": "Number of Rings",
                "value": "10",
                "source": "ChemAxon"
            },
            {
                "kind": "Bioavailability",
                "value": "0",
                "source": "ChemAxon"
            },
            {
                "kind": "Rule of Five",
                "value": "0",
                "source": "ChemAxon"
            },
            {
                "kind": "Ghose Filter",
                "value": "0",
                "source": "ChemAxon"
            },
            {
                "kind": "MDDR-Like Rule",
                "value": "1",
                "source": "ChemAxon"
            }
        ]
    },
    "experimental-properties": null,
    "external-identifiers": null,
    "external-links": null,
    "pathways": null,
    "reactions": null,
    "snp-effects": null,
    "snp-adverse-drug-reactions": null,
    "targets": null,
    "enzymes": null,
    "carriers": null,
    "transporters": null
}