{
    "type": "biotech",
    "created": "2021-02-08",
    "updated": "2021-02-21",
    "drugbank-id": [
        {
            "primary": true,
            "value": "DB16557"
        }
    ],
    "name": "Tosatoxumab",
    "description": "Tosatoxumab is a fully-human monoclonal antibody (IgG1λ) targeting the Staphylococcus aureus alpha-toxin or the S. aureus alpha-hemolysin[A191829, L31568, L31573] and thereby preserving human immune cells by protecting against destruction of host cells mediated by the toxin.[L31573]",
    "cas-number": "1374419-41-6",
    "unii": "6AA3OC17QR",
    "groups": {
        "group": [
            "investigational"
        ]
    },
    "general-references": {
        "articles": {
            "article": [
                {
                    "ref-id": "A191829",
                    "pubmed-id": "31847708",
                    "citation": "Kaplon H, Muralidharan M, Schneider Z, Reichert JM: Antibodies to watch in 2020. MAbs. 2020 Jan-Dec;12(1):1703531. doi: 10.1080/19420862.2019.1703531."
                }
            ]
        },
        "textbooks": null,
        "links": {
            "link": [
                {
                    "ref-id": "L31568",
                    "title": "PubMed Central (PMC): Passive Monoclonal and Polyclonal Antibody Therapies",
                    "url": "https://www.ncbi.nlm.nih.gov/pmc/articles/PMC7153350/"
                },
                {
                    "ref-id": "L31573",
                    "title": "Aridis Pharmaceuticals: AR-301: Fully Human mAb Against Staphylococcus aureus",
                    "url": "https://www.aridispharma.com/ar-301/"
                }
            ]
        },
        "attachments": null
    },
    "synthesis-reference": null,
    "indication": null,
    "pharmacodynamics": null,
    "mechanism-of-action": "Staphylococcus aureus alpha-toxin is a virulence factor secreted by methicillin-resistant S. aureus (MRSA) and methicillin-sensitive S. aureus (MSSA), with S. aureus being a leading cause of hospital-acquired lower respiratory tract infections and bloodstream, skin, soft tissue, and surgical site infections.[L31573] Tosatoxumab acts as a monoclonal antibody against infections caused by MRSA and MSSA[L31573] by targeting the S. aureus alpha-toxin[A191829, L31568, L31573], with its mode of action being independent of the antibiotic resistance profile of S. aureus.[L31573]",
    "toxicity": null,
    "metabolism": null,
    "absorption": null,
    "half-life": null,
    "protein-binding": null,
    "route-of-elimination": null,
    "volume-of-distribution": null,
    "clearance": null,
    "classification": {
        "description": null,
        "direct-parent": "Peptides",
        "kingdom": "Organic Compounds",
        "superclass": "Organic Acids",
        "class": "Carboxylic Acids and Derivatives",
        "subclass": "Amino Acids, Peptides, and Analogues"
    },
    "salts": null,
    "synonyms": {
        "synonym": [
            {
                "language": "english",
                "coder": "inn",
                "value": "Tosatoxumab"
            }
        ]
    },
    "products": null,
    "international-brands": {
        "international-brand": [
            {
                "name": "Salvecin",
                "company": "Aridis Pharmaceuticals"
            }
        ]
    },
    "mixtures": null,
    "packagers": null,
    "manufacturers": null,
    "prices": null,
    "categories": null,
    "affected-organisms": null,
    "dosages": null,
    "atc-codes": null,
    "ahfs-codes": null,
    "pdb-entries": null,
    "patents": null,
    "food-interactions": null,
    "drug-interactions": null,
    "sequences": null,
    "experimental-properties": null,
    "external-identifiers": null,
    "external-links": null,
    "pathways": null,
    "reactions": null,
    "snp-effects": null,
    "snp-adverse-drug-reactions": null,
    "targets": null,
    "enzymes": null,
    "carriers": null,
    "transporters": null
}