{
    "type": "biotech",
    "created": "2021-02-16",
    "updated": "2021-02-18",
    "drugbank-id": [
        {
            "primary": true,
            "value": "DB16598"
        }
    ],
    "name": "Citrus aurantium fruit",
    "description": null,
    "cas-number": null,
    "unii": "DQD16J2B5O",
    "groups": {
        "group": [
            "experimental"
        ]
    },
    "general-references": {
        "articles": null,
        "textbooks": null,
        "links": null,
        "attachments": null
    },
    "synthesis-reference": null,
    "indication": null,
    "pharmacodynamics": null,
    "mechanism-of-action": null,
    "toxicity": null,
    "metabolism": null,
    "absorption": null,
    "half-life": null,
    "protein-binding": null,
    "route-of-elimination": null,
    "volume-of-distribution": null,
    "clearance": null,
    "salts": null,
    "synonyms": {
        "synonym": [
            {
                "language": "english",
                "coder": "",
                "value": "Bitter orange"
            },
            {
                "language": "english",
                "coder": "",
                "value": "Bitter orange fruit"
            },
            {
                "language": "english",
                "coder": "",
                "value": "Citrus aurantium fruit extract"
            },
            {
                "language": "english",
                "coder": "",
                "value": "Sour orange fruit"
            },
            {
                "language": "english",
                "coder": "",
                "value": "Zhi ke"
            },
            {
                "language": "english",
                "coder": "",
                "value": "Zhiqiao"
            }
        ]
    },
    "products": {
        "product": [
            {
                "name": "Adelgadina",
                "labeller": "ProMex LLC",
                "ndc-id": null,
                "ndc-product-code": "58988-1820",
                "dpd-id": null,
                "ema-product-code": null,
                "ema-ma-number": null,
                "started-marketing-on": "1961-12-04",
                "ended-marketing-on": null,
                "dosage-form": "Tablet",
                "strength": null,
                "route": "Oral",
                "fda-application-number": null,
                "generic": false,
                "over-the-counter": false,
                "approved": false,
                "country": "US",
                "source": "FDA NDC"
            }
        ]
    },
    "international-brands": null,
    "mixtures": {
        "mixture": [
            {
                "name": "Adelgadina",
                "ingredients": "Chromium nicotinate + Citrus aurantium fruit + Garcinia gummi-gutta fruit"
            }
        ]
    },
    "packagers": null,
    "manufacturers": null,
    "prices": null,
    "categories": null,
    "affected-organisms": null,
    "dosages": {
        "dosage": [
            {
                "form": "Tablet",
                "route": "Oral",
                "strength": null
            }
        ]
    },
    "atc-codes": null,
    "ahfs-codes": null,
    "pdb-entries": null,
    "patents": null,
    "food-interactions": null,
    "drug-interactions": null,
    "sequences": null,
    "experimental-properties": null,
    "external-identifiers": {
        "external-identifier": [
            {
                "resource": "RxCUI",
                "identifier": "1311573"
            }
        ]
    },
    "external-links": null,
    "pathways": null,
    "reactions": null,
    "snp-effects": null,
    "snp-adverse-drug-reactions": null,
    "targets": null,
    "enzymes": null,
    "carriers": null,
    "transporters": null
}