{
    "type": "small molecule",
    "created": "2021-02-05",
    "updated": "2021-02-13",
    "drugbank-id": [
        {
            "primary": true,
            "value": "DB16552"
        }
    ],
    "name": "Zirconium dioxide",
    "description": null,
    "cas-number": "1314-23-4",
    "unii": "S38N85C5G0",
    "average-mass": 123.222,
    "monoisotopic-mass": 121.89453,
    "groups": {
        "group": [
            "experimental"
        ]
    },
    "general-references": {
        "articles": null,
        "textbooks": null,
        "links": null,
        "attachments": null
    },
    "synthesis-reference": null,
    "indication": null,
    "pharmacodynamics": null,
    "mechanism-of-action": null,
    "toxicity": null,
    "metabolism": null,
    "absorption": null,
    "half-life": null,
    "protein-binding": null,
    "route-of-elimination": null,
    "volume-of-distribution": null,
    "clearance": null,
    "salts": null,
    "synonyms": {
        "synonym": [
            {
                "language": "english",
                "coder": "",
                "value": "Zirconia"
            },
            {
                "language": "english",
                "coder": "",
                "value": "Zirconium oxide"
            },
            {
                "language": "english",
                "coder": "",
                "value": "ZrO2"
            }
        ]
    },
    "products": null,
    "international-brands": null,
    "mixtures": null,
    "packagers": null,
    "manufacturers": null,
    "prices": null,
    "categories": {
        "category": [
            {
                "category": "Compounds used in a research, industrial, or household setting",
                "mesh-id": "D020313"
            },
            {
                "category": "Dental Alloys",
                "mesh-id": "D003722"
            },
            {
                "category": "Dental Materials",
                "mesh-id": "D003764"
            },
            {
                "category": "Elements",
                "mesh-id": "D004602"
            },
            {
                "category": "Metals",
                "mesh-id": "D008670"
            },
            {
                "category": "Metals, Heavy",
                "mesh-id": "D019216"
            },
            {
                "category": "Transition Elements",
                "mesh-id": "D028561"
            }
        ]
    },
    "affected-organisms": null,
    "dosages": {
        "dosage": [
            {
                "form": "Bead",
                "route": null,
                "strength": null
            }
        ]
    },
    "atc-codes": null,
    "ahfs-codes": null,
    "pdb-entries": null,
    "patents": null,
    "food-interactions": null,
    "drug-interactions": null,
    "calculated-properties": {
        "property": [
            {
                "kind": "logP",
                "value": "-0.7",
                "source": "ChemAxon"
            },
            {
                "kind": "IUPAC Name",
                "value": "dioxozirconium",
                "source": "ChemAxon"
            },
            {
                "kind": "Traditional IUPAC Name",
                "value": "disodium dexamethasone phosphate(2-)",
                "source": "ChemAxon"
            },
            {
                "kind": "Molecular Weight",
                "value": "123.222",
                "source": "ChemAxon"
            },
            {
                "kind": "Monoisotopic Weight",
                "value": "121.89453",
                "source": "ChemAxon"
            },
            {
                "kind": "SMILES",
                "value": "O=[Zr]=O",
                "source": "ChemAxon"
            },
            {
                "kind": "Molecular Formula",
                "value": "O2Zr",
                "source": "ChemAxon"
            },
            {
                "kind": "InChI",
                "value": "InChI=1S/2O.Zr",
                "source": "ChemAxon"
            },
            {
                "kind": "InChIKey",
                "value": "MCMNRKCIXSYSNV-UHFFFAOYSA-N",
                "source": "ChemAxon"
            },
            {
                "kind": "Polar Surface Area (PSA)",
                "value": "34.14",
                "source": "ChemAxon"
            },
            {
                "kind": "Refractivity",
                "value": "2.89",
                "source": "ChemAxon"
            },
            {
                "kind": "Polarizability",
                "value": "4.19",
                "source": "ChemAxon"
            },
            {
                "kind": "Rotatable Bond Count",
                "value": "0",
                "source": "ChemAxon"
            },
            {
                "kind": "H Bond Acceptor Count",
                "value": "2",
                "source": "ChemAxon"
            },
            {
                "kind": "H Bond Donor Count",
                "value": "0",
                "source": "ChemAxon"
            },
            {
                "kind": "pKa (strongest basic)",
                "value": "-7.7",
                "source": "ChemAxon"
            },
            {
                "kind": "Physiological Charge",
                "value": "0",
                "source": "ChemAxon"
            },
            {
                "kind": "Number of Rings",
                "value": "0",
                "source": "ChemAxon"
            },
            {
                "kind": "Bioavailability",
                "value": "1",
                "source": "ChemAxon"
            },
            {
                "kind": "Rule of Five",
                "value": "1",
                "source": "ChemAxon"
            },
            {
                "kind": "Ghose Filter",
                "value": "0",
                "source": "ChemAxon"
            },
            {
                "kind": "MDDR-Like Rule",
                "value": "0",
                "source": "ChemAxon"
            }
        ]
    },
    "experimental-properties": null,
    "external-identifiers": {
        "external-identifier": [
            {
                "resource": "ChemSpider",
                "identifier": "56183"
            },
            {
                "resource": "Wikipedia",
                "identifier": "Zirconium_dioxide"
            },
            {
                "resource": "RxCUI",
                "identifier": "39972"
            }
        ]
    },
    "external-links": null,
    "pathways": null,
    "reactions": null,
    "snp-effects": null,
    "snp-adverse-drug-reactions": null,
    "targets": null,
    "enzymes": null,
    "carriers": null,
    "transporters": null
}