{
    "type": "small molecule",
    "created": "2021-03-05",
    "updated": "2021-03-08",
    "drugbank-id": [
        {
            "primary": true,
            "value": "DB16631"
        }
    ],
    "name": "1,3-Bis((1-methylethyl)amino)propan-2-ol",
    "description": null,
    "cas-number": "343785-33-1",
    "unii": "W10T5DVF8Q",
    "average-mass": 174.288,
    "monoisotopic-mass": 174.173213336,
    "groups": {
        "group": [
            "experimental"
        ]
    },
    "general-references": {
        "articles": null,
        "textbooks": null,
        "links": null,
        "attachments": null
    },
    "synthesis-reference": null,
    "indication": null,
    "pharmacodynamics": null,
    "mechanism-of-action": null,
    "toxicity": null,
    "metabolism": null,
    "absorption": null,
    "half-life": null,
    "protein-binding": null,
    "route-of-elimination": null,
    "volume-of-distribution": null,
    "clearance": null,
    "salts": null,
    "synonyms": null,
    "products": {
        "product": [
            {
                "name": "Hand Sanitizer",
                "labeller": "LMA Services Limited",
                "ndc-id": null,
                "ndc-product-code": "79402-150",
                "dpd-id": null,
                "ema-product-code": null,
                "ema-ma-number": null,
                "started-marketing-on": "2020-03-30",
                "ended-marketing-on": null,
                "dosage-form": "Aerosol, spray",
                "strength": null,
                "route": "Topical",
                "fda-application-number": "part333A",
                "generic": false,
                "over-the-counter": true,
                "approved": false,
                "country": "US",
                "source": "FDA NDC"
            }
        ]
    },
    "international-brands": null,
    "mixtures": {
        "mixture": [
            {
                "name": "Hand Sanitizer",
                "ingredients": "1,3-Bis((1-methylethyl)amino)propan-2-ol + Didecyldimethylammonium + Ethanol"
            }
        ]
    },
    "packagers": null,
    "manufacturers": null,
    "prices": null,
    "categories": null,
    "affected-organisms": null,
    "dosages": {
        "dosage": [
            {
                "form": "Aerosol, spray",
                "route": "Topical",
                "strength": null
            }
        ]
    },
    "atc-codes": null,
    "ahfs-codes": null,
    "pdb-entries": null,
    "patents": null,
    "food-interactions": null,
    "drug-interactions": null,
    "calculated-properties": {
        "property": [
            {
                "kind": "logP",
                "value": "0.36",
                "source": "ChemAxon"
            },
            {
                "kind": "IUPAC Name",
                "value": "{2-hydroxy-3-[(propan-2-yl)amino]propyl}(propan-2-yl)amine",
                "source": "ChemAxon"
            },
            {
                "kind": "Traditional IUPAC Name",
                "value": "disodium dexamethasone phosphate(2-)",
                "source": "ChemAxon"
            },
            {
                "kind": "Molecular Weight",
                "value": "174.288",
                "source": "ChemAxon"
            },
            {
                "kind": "Monoisotopic Weight",
                "value": "174.173213336",
                "source": "ChemAxon"
            },
            {
                "kind": "SMILES",
                "value": "CC(C)NCC(O)CNC(C)C",
                "source": "ChemAxon"
            },
            {
                "kind": "Molecular Formula",
                "value": "C9H22N2O",
                "source": "ChemAxon"
            },
            {
                "kind": "InChI",
                "value": "InChI=1S/C9H22N2O/c1-7(2)10-5-9(12)6-11-8(3)4/h7-12H,5-6H2,1-4H3",
                "source": "ChemAxon"
            },
            {
                "kind": "InChIKey",
                "value": "KUKNLWUAKYIWDI-UHFFFAOYSA-N",
                "source": "ChemAxon"
            },
            {
                "kind": "Polar Surface Area (PSA)",
                "value": "44.29",
                "source": "ChemAxon"
            },
            {
                "kind": "Refractivity",
                "value": "51.72",
                "source": "ChemAxon"
            },
            {
                "kind": "Polarizability",
                "value": "21.58",
                "source": "ChemAxon"
            },
            {
                "kind": "Rotatable Bond Count",
                "value": "6",
                "source": "ChemAxon"
            },
            {
                "kind": "H Bond Acceptor Count",
                "value": "3",
                "source": "ChemAxon"
            },
            {
                "kind": "H Bond Donor Count",
                "value": "3",
                "source": "ChemAxon"
            },
            {
                "kind": "pKa (strongest acidic)",
                "value": "14.53",
                "source": "ChemAxon"
            },
            {
                "kind": "pKa (strongest basic)",
                "value": "10.02",
                "source": "ChemAxon"
            },
            {
                "kind": "Physiological Charge",
                "value": "2",
                "source": "ChemAxon"
            },
            {
                "kind": "Number of Rings",
                "value": "0",
                "source": "ChemAxon"
            },
            {
                "kind": "Bioavailability",
                "value": "1",
                "source": "ChemAxon"
            },
            {
                "kind": "Rule of Five",
                "value": "1",
                "source": "ChemAxon"
            },
            {
                "kind": "Ghose Filter",
                "value": "1",
                "source": "ChemAxon"
            },
            {
                "kind": "MDDR-Like Rule",
                "value": "0",
                "source": "ChemAxon"
            }
        ]
    },
    "experimental-properties": null,
    "external-identifiers": {
        "external-identifier": [
            {
                "resource": "ChemSpider",
                "identifier": "240960"
            },
            {
                "resource": "ChEMBL",
                "identifier": "CHEMBL1193663"
            },
            {
                "resource": "ZINC",
                "identifier": "ZINC000001709078"
            },
            {
                "resource": "RxCUI",
                "identifier": "2385341"
            }
        ]
    },
    "external-links": null,
    "pathways": null,
    "reactions": null,
    "snp-effects": null,
    "snp-adverse-drug-reactions": null,
    "targets": null,
    "enzymes": null,
    "carriers": null,
    "transporters": null
}