{
    "type": "small molecule",
    "created": "2020-12-15",
    "updated": "2020-12-20",
    "drugbank-id": [
        {
            "primary": true,
            "value": "DB16339"
        }
    ],
    "name": "ABX-196",
    "description": "ABX-196 is under investigation in clinical trial NCT03897543 (ABX196 in Combination With Nivolumab in Patients With Hepatocellular Carcinoma).",
    "cas-number": "1161877-58-2",
    "unii": "SOI87F7GN2",
    "average-mass": 871.339,
    "monoisotopic-mass": 870.727232744,
    "groups": {
        "group": [
            "investigational"
        ]
    },
    "general-references": {
        "articles": null,
        "textbooks": null,
        "links": null,
        "attachments": null
    },
    "synthesis-reference": null,
    "indication": null,
    "pharmacodynamics": null,
    "mechanism-of-action": null,
    "toxicity": null,
    "metabolism": null,
    "absorption": null,
    "half-life": null,
    "protein-binding": null,
    "route-of-elimination": null,
    "volume-of-distribution": null,
    "clearance": null,
    "salts": null,
    "synonyms": null,
    "products": null,
    "international-brands": null,
    "mixtures": null,
    "packagers": null,
    "manufacturers": null,
    "prices": null,
    "categories": {
        "category": [
            {
                "category": "Amides",
                "mesh-id": "D000577"
            },
            {
                "category": "Carbohydrates",
                "mesh-id": "D002241"
            },
            {
                "category": "Ceramides",
                "mesh-id": "D002518"
            },
            {
                "category": "Cerebrosides",
                "mesh-id": "D002554"
            },
            {
                "category": "Glycoconjugates",
                "mesh-id": "D006001"
            },
            {
                "category": "Glycolipids",
                "mesh-id": "D006017"
            },
            {
                "category": "Glycosphingolipids",
                "mesh-id": "D006028"
            },
            {
                "category": "Lipids",
                "mesh-id": "D008055"
            },
            {
                "category": "Membrane Lipids",
                "mesh-id": "D008563"
            },
            {
                "category": "Neutral Glycosphingolipids",
                "mesh-id": "D020383"
            },
            {
                "category": "Sphingolipids",
                "mesh-id": "D013107"
            }
        ]
    },
    "affected-organisms": null,
    "dosages": null,
    "atc-codes": null,
    "ahfs-codes": null,
    "pdb-entries": null,
    "patents": null,
    "food-interactions": null,
    "drug-interactions": null,
    "calculated-properties": {
        "property": [
            {
                "kind": "logP",
                "value": "8.37",
                "source": "ALOGPS"
            },
            {
                "kind": "logS",
                "value": "-6.2",
                "source": "ALOGPS"
            },
            {
                "kind": "Water Solubility",
                "value": "4.97e-04 g/l",
                "source": "ALOGPS"
            },
            {
                "kind": "logP",
                "value": "11.49",
                "source": "ChemAxon"
            },
            {
                "kind": "IUPAC Name",
                "value": "N-[(2S,3S,4R)-1-{[(2S,3R,4S,5R,6R)-6-(acetamidomethyl)-3,4,5-trihydroxyoxan-2-yl]oxy}-3,4-dihydroxyoctadecan-2-yl]tetracosanamide",
                "source": "ChemAxon"
            },
            {
                "kind": "Traditional IUPAC Name",
                "value": "revaprazan",
                "source": "ChemAxon"
            },
            {
                "kind": "Molecular Weight",
                "value": "871.339",
                "source": "ChemAxon"
            },
            {
                "kind": "Monoisotopic Weight",
                "value": "870.727232744",
                "source": "ChemAxon"
            },
            {
                "kind": "SMILES",
                "value": "CCCCCCCCCCCCCCCCCCCCCCCC(=O)N[C@@H](CO[C@H]1O[C@H](CNC(C)=O)[C@H](O)[C@H](O)[C@H]1O)[C@H](O)[C@H](O)CCCCCCCCCCCCCC",
                "source": "ChemAxon"
            },
            {
                "kind": "Molecular Formula",
                "value": "C50H98N2O9",
                "source": "ChemAxon"
            },
            {
                "kind": "InChI",
                "value": "InChI=1S/C50H98N2O9/c1-4-6-8-10-12-14-16-18-19-20-21-22-23-24-25-26-28-30-32-34-36-38-45(55)52-42(40-60-50-49(59)48(58)47(57)44(61-50)39-51-41(3)53)46(56)43(54)37-35-33-31-29-27-17-15-13-11-9-7-5-2/h42-44,46-50,54,56-59H,4-40H2,1-3H3,(H,51,53)(H,52,55)/t42-,43+,44+,46-,47-,48-,49+,50-/m0/s1",
                "source": "ChemAxon"
            },
            {
                "kind": "InChIKey",
                "value": "VITDDUXZOHEQMU-BYSUZVQFSA-N",
                "source": "ChemAxon"
            },
            {
                "kind": "Polar Surface Area (PSA)",
                "value": "177.81",
                "source": "ChemAxon"
            },
            {
                "kind": "Refractivity",
                "value": "246.5",
                "source": "ChemAxon"
            },
            {
                "kind": "Polarizability",
                "value": "111.73",
                "source": "ChemAxon"
            },
            {
                "kind": "Rotatable Bond Count",
                "value": "43",
                "source": "ChemAxon"
            },
            {
                "kind": "H Bond Acceptor Count",
                "value": "9",
                "source": "ChemAxon"
            },
            {
                "kind": "H Bond Donor Count",
                "value": "7",
                "source": "ChemAxon"
            },
            {
                "kind": "pKa (strongest acidic)",
                "value": "12.16",
                "source": "ChemAxon"
            },
            {
                "kind": "pKa (strongest basic)",
                "value": "-1",
                "source": "ChemAxon"
            },
            {
                "kind": "Physiological Charge",
                "value": "0",
                "source": "ChemAxon"
            },
            {
                "kind": "Number of Rings",
                "value": "1",
                "source": "ChemAxon"
            },
            {
                "kind": "Bioavailability",
                "value": "0",
                "source": "ChemAxon"
            },
            {
                "kind": "Rule of Five",
                "value": "0",
                "source": "ChemAxon"
            },
            {
                "kind": "Ghose Filter",
                "value": "0",
                "source": "ChemAxon"
            },
            {
                "kind": "MDDR-Like Rule",
                "value": "0",
                "source": "ChemAxon"
            }
        ]
    },
    "experimental-properties": null,
    "external-identifiers": {
        "external-identifier": [
            {
                "resource": "ChemSpider",
                "identifier": "81368385"
            }
        ]
    },
    "external-links": null,
    "pathways": null,
    "reactions": null,
    "snp-effects": null,
    "snp-adverse-drug-reactions": null,
    "targets": null,
    "enzymes": null,
    "carriers": null,
    "transporters": null
}