{
    "type": "biotech",
    "created": "2020-12-15",
    "updated": "2021-02-21",
    "drugbank-id": [
        {
            "primary": true,
            "value": "DB16268"
        }
    ],
    "name": "Olvimulogene nanivacirepvec",
    "description": "Olvimulogene nanivacirepvec is under investigation in clinical trial NCT01443260 (A Study of GL-ONC1, an Oncolytic Vaccinia Virus, in Patients With Advanced Peritoneal Carcinomatosis).",
    "cas-number": "1473430-36-2",
    "unii": "CF19SF72O5",
    "groups": {
        "group": [
            "investigational"
        ]
    },
    "general-references": {
        "articles": null,
        "textbooks": null,
        "links": null,
        "attachments": null
    },
    "synthesis-reference": null,
    "indication": null,
    "pharmacodynamics": null,
    "mechanism-of-action": null,
    "toxicity": null,
    "metabolism": null,
    "absorption": null,
    "half-life": null,
    "protein-binding": null,
    "route-of-elimination": null,
    "volume-of-distribution": null,
    "clearance": null,
    "salts": null,
    "synonyms": {
        "synonym": [
            {
                "language": "english",
                "coder": "",
                "value": "Dna (recombinant vaccinia virus strain livp clone gl-onc1)"
            },
            {
                "language": "english",
                "coder": "",
                "value": "DNA (synthetic vaccinia virus oncolytic-strain GLV-1h68 (complete genome))"
            },
            {
                "language": "english",
                "coder": "inn/usan",
                "value": "Olvimulogene nanivacirepvec"
            }
        ]
    },
    "products": null,
    "international-brands": null,
    "mixtures": null,
    "packagers": null,
    "manufacturers": null,
    "prices": null,
    "categories": null,
    "affected-organisms": null,
    "dosages": null,
    "atc-codes": null,
    "ahfs-codes": null,
    "pdb-entries": null,
    "patents": null,
    "food-interactions": null,
    "drug-interactions": null,
    "sequences": null,
    "experimental-properties": null,
    "external-identifiers": null,
    "external-links": null,
    "pathways": null,
    "reactions": null,
    "snp-effects": null,
    "snp-adverse-drug-reactions": null,
    "targets": null,
    "enzymes": null,
    "carriers": null,
    "transporters": null
}