{
    "type": "biotech",
    "created": "2020-12-15",
    "updated": "2020-12-20",
    "drugbank-id": [
        {
            "primary": true,
            "value": "DB16278"
        }
    ],
    "name": "Parathyroid Hormone-Related Protein 1-36",
    "description": "Parathyroid Hormone-Related Protein 1-36 is under investigation in clinical trial NCT00853723 (Comparison Study of Pthrp and PTH to Treat Osteoporosis).",
    "cas-number": "172867-62-8",
    "unii": "42VQY191QQ",
    "groups": {
        "group": [
            "investigational"
        ]
    },
    "general-references": {
        "articles": null,
        "textbooks": null,
        "links": null,
        "attachments": null
    },
    "synthesis-reference": null,
    "indication": null,
    "pharmacodynamics": null,
    "mechanism-of-action": null,
    "toxicity": null,
    "metabolism": null,
    "absorption": null,
    "half-life": null,
    "protein-binding": null,
    "route-of-elimination": null,
    "volume-of-distribution": null,
    "clearance": null,
    "salts": null,
    "synonyms": {
        "synonym": [
            {
                "language": "english",
                "coder": "",
                "value": "1-36 hpthrp"
            },
            {
                "language": "english",
                "coder": "",
                "value": "1-36 human humoral hypercalcemic factor"
            },
            {
                "language": "english",
                "coder": "",
                "value": "1-36 human parathyroid hormone-related protein"
            },
            {
                "language": "english",
                "coder": "",
                "value": "Parathormone-related peptide (1-36) (human)"
            },
            {
                "language": "english",
                "coder": "",
                "value": "Parathyroid hormone related protein (1-36)"
            },
            {
                "language": "english",
                "coder": "",
                "value": "Parathyroid hormone related protein(1-36)"
            },
            {
                "language": "english",
                "coder": "",
                "value": "Parathyroid hormone-related protein 1-36"
            }
        ]
    },
    "products": null,
    "international-brands": null,
    "mixtures": null,
    "packagers": null,
    "manufacturers": null,
    "prices": null,
    "categories": {
        "category": [
            {
                "category": "Amino Acids, Peptides, and Proteins",
                "mesh-id": "D000602"
            },
            {
                "category": "Biological Factors",
                "mesh-id": "D001685"
            },
            {
                "category": "Hormones",
                "mesh-id": "D006728"
            },
            {
                "category": "Hormones, Hormone Substitutes, and Hormone Antagonists",
                "mesh-id": "D006730"
            },
            {
                "category": "Intercellular Signaling Peptides and Proteins",
                "mesh-id": "D036341"
            },
            {
                "category": "Peptide Hormones",
                "mesh-id": "D036361"
            },
            {
                "category": "Peptides",
                "mesh-id": "D010455"
            },
            {
                "category": "Proteins",
                "mesh-id": "D011506"
            },
            {
                "category": "Thyroid Products",
                "mesh-id": "D013972"
            }
        ]
    },
    "affected-organisms": null,
    "dosages": null,
    "atc-codes": null,
    "ahfs-codes": null,
    "pdb-entries": null,
    "patents": null,
    "food-interactions": null,
    "drug-interactions": null,
    "sequences": null,
    "experimental-properties": null,
    "external-identifiers": null,
    "external-links": null,
    "pathways": null,
    "reactions": null,
    "snp-effects": null,
    "snp-adverse-drug-reactions": null,
    "targets": null,
    "enzymes": null,
    "carriers": null,
    "transporters": null
}