{
    "type": "biotech",
    "created": "2021-01-15",
    "updated": "2021-01-16",
    "drugbank-id": [
        {
            "primary": true,
            "value": "DB16437"
        }
    ],
    "name": "V590",
    "description": "The V590 vaccine was developed on Merck’s recombinant vesicular stomatitis virus (rVSV) platform that was previously used to develop its Ebola Zaire virus vaccine, ERVEBO®[A226818, L30573, L30578]. By teaming up with IAVI, Merk developed a vaccine that does not require freezing, and only requires one dose[L30583]. Other features of this vaccine include potential activity with oral administration _via_ a swish-and-swallow protocol[L30583]. Merck is currently underway to begin Phase I trials for the vaccine through intramuscular administration (NCT04569786).",
    "cas-number": null,
    "unii": null,
    "groups": {
        "group": [
            "investigational"
        ]
    },
    "general-references": {
        "articles": {
            "article": [
                {
                    "ref-id": "A226818",
                    "pubmed-id": "32566261",
                    "citation": "Wolf J, Bruno S, Eichberg M, Jannat R, Rudo S, VanRheenen S, Coller BA: Applying lessons from the Ebola vaccine experience for SARS-CoV-2 and other epidemic pathogens. NPJ Vaccines. 2020 Jun 15;5:51. doi: 10.1038/s41541-020-0204-7. eCollection 2020."
                }
            ]
        },
        "textbooks": null,
        "links": {
            "link": [
                {
                    "ref-id": "L30573",
                    "title": "Genetic Engineering & Biotechnology News (GEN): Merck & Co. and IAVI – V590",
                    "url": "https://www.genengnews.com/covid-19-candidates/merck-co-and-iavi/"
                },
                {
                    "ref-id": "L30578",
                    "title": "MERCK: IAVI and Merck Collaborate to Develop Vaccine Against SARS-CoV-2",
                    "url": "https://www.merck.com/news/iavi-and-merck-collaborate-to-develop-vaccine-against-sars-cov-2/"
                },
                {
                    "ref-id": "L30583",
                    "title": "The Motley Fool: This Late-to-the-Party Coronavirus Vaccine Maker Could Be the Biggest Winner Over the Long Run",
                    "url": "https://www.fool.com/investing/2020/10/02/this-late-to-the-party-coronavirus-vaccine-maker-c/"
                }
            ]
        },
        "attachments": null
    },
    "synthesis-reference": null,
    "indication": null,
    "pharmacodynamics": null,
    "mechanism-of-action": null,
    "toxicity": null,
    "metabolism": null,
    "absorption": null,
    "half-life": null,
    "protein-binding": null,
    "route-of-elimination": null,
    "volume-of-distribution": null,
    "clearance": null,
    "salts": null,
    "synonyms": null,
    "products": null,
    "international-brands": null,
    "mixtures": null,
    "packagers": null,
    "manufacturers": null,
    "prices": null,
    "categories": null,
    "affected-organisms": null,
    "dosages": null,
    "atc-codes": null,
    "ahfs-codes": null,
    "pdb-entries": null,
    "patents": null,
    "food-interactions": null,
    "drug-interactions": null,
    "sequences": null,
    "experimental-properties": null,
    "external-identifiers": null,
    "external-links": null,
    "pathways": null,
    "reactions": null,
    "snp-effects": null,
    "snp-adverse-drug-reactions": null,
    "targets": null,
    "enzymes": null,
    "carriers": null,
    "transporters": null
}