{
    "type": "small molecule",
    "created": "2020-12-15",
    "updated": "2020-12-20",
    "drugbank-id": [
        {
            "primary": true,
            "value": "DB16136"
        }
    ],
    "name": "Dexisometheptene mucate",
    "description": "Dexisometheptene mucate is under investigation in clinical trial NCT02423408 (Safety and Efficacy Study of TNX-201 Capsules for Treatment of Single Tension-type Headache).",
    "cas-number": "1620401-56-0",
    "unii": "GOO8ZCK7RT",
    "average-mass": 141.258,
    "monoisotopic-mass": 141.151749616,
    "groups": {
        "group": [
            "investigational"
        ]
    },
    "general-references": {
        "articles": null,
        "textbooks": null,
        "links": null,
        "attachments": null
    },
    "synthesis-reference": null,
    "indication": null,
    "pharmacodynamics": null,
    "mechanism-of-action": null,
    "toxicity": null,
    "metabolism": null,
    "absorption": null,
    "half-life": null,
    "protein-binding": null,
    "route-of-elimination": null,
    "volume-of-distribution": null,
    "clearance": null,
    "salts": null,
    "synonyms": {
        "synonym": [
            {
                "language": "english",
                "coder": "",
                "value": "(R)-isometheptene"
            },
            {
                "language": "english",
                "coder": "",
                "value": "Dexisometheptene"
            },
            {
                "language": "english",
                "coder": "",
                "value": "Isometheptene, (r)-"
            }
        ]
    },
    "products": null,
    "international-brands": null,
    "mixtures": null,
    "packagers": null,
    "manufacturers": null,
    "prices": null,
    "categories": null,
    "affected-organisms": null,
    "dosages": null,
    "atc-codes": null,
    "ahfs-codes": null,
    "pdb-entries": null,
    "patents": null,
    "food-interactions": null,
    "drug-interactions": null,
    "calculated-properties": {
        "property": [
            {
                "kind": "logP",
                "value": "2.07",
                "source": "ALOGPS"
            },
            {
                "kind": "logS",
                "value": "-1.7",
                "source": "ALOGPS"
            },
            {
                "kind": "Water Solubility",
                "value": "3.06e+00 g/l",
                "source": "ALOGPS"
            },
            {
                "kind": "logP",
                "value": "2.32",
                "source": "ChemAxon"
            },
            {
                "kind": "IUPAC Name",
                "value": "methyl[(2R)-6-methylhept-5-en-2-yl]amine",
                "source": "ChemAxon"
            },
            {
                "kind": "Traditional IUPAC Name",
                "value": "2-methoxy-4-[(1E)-3-[4-(nitrooxy)butoxy]-3-oxoprop-1-en-1-yl]phenyl (4R)-4-[(1R,3aS,3bR,4S,5aS,7R,9aS,9bS,11aR)-4,7-dihydroxy-9a,11a-dimethyl-tetradecahydro-1H-cyclopenta[a]phenanthren-1-yl]pentanoate",
                "source": "ChemAxon"
            },
            {
                "kind": "Molecular Weight",
                "value": "141.258",
                "source": "ChemAxon"
            },
            {
                "kind": "Monoisotopic Weight",
                "value": "141.151749616",
                "source": "ChemAxon"
            },
            {
                "kind": "SMILES",
                "value": "CN[C@H](C)CCC=C(C)C",
                "source": "ChemAxon"
            },
            {
                "kind": "Molecular Formula",
                "value": "C9H19N",
                "source": "ChemAxon"
            },
            {
                "kind": "InChI",
                "value": "InChI=1S/C9H19N/c1-8(2)6-5-7-9(3)10-4/h6,9-10H,5,7H2,1-4H3/t9-/m1/s1",
                "source": "ChemAxon"
            },
            {
                "kind": "InChIKey",
                "value": "XVQUOJBERHHONY-SECBINFHSA-N",
                "source": "ChemAxon"
            },
            {
                "kind": "Polar Surface Area (PSA)",
                "value": "12.03",
                "source": "ChemAxon"
            },
            {
                "kind": "Refractivity",
                "value": "47.59",
                "source": "ChemAxon"
            },
            {
                "kind": "Polarizability",
                "value": "18.47",
                "source": "ChemAxon"
            },
            {
                "kind": "Rotatable Bond Count",
                "value": "4",
                "source": "ChemAxon"
            },
            {
                "kind": "H Bond Acceptor Count",
                "value": "1",
                "source": "ChemAxon"
            },
            {
                "kind": "H Bond Donor Count",
                "value": "1",
                "source": "ChemAxon"
            },
            {
                "kind": "pKa (strongest basic)",
                "value": "10.67",
                "source": "ChemAxon"
            },
            {
                "kind": "Physiological Charge",
                "value": "1",
                "source": "ChemAxon"
            },
            {
                "kind": "Number of Rings",
                "value": "0",
                "source": "ChemAxon"
            },
            {
                "kind": "Bioavailability",
                "value": "1",
                "source": "ChemAxon"
            },
            {
                "kind": "Rule of Five",
                "value": "1",
                "source": "ChemAxon"
            },
            {
                "kind": "Ghose Filter",
                "value": "0",
                "source": "ChemAxon"
            },
            {
                "kind": "MDDR-Like Rule",
                "value": "0",
                "source": "ChemAxon"
            }
        ]
    },
    "experimental-properties": null,
    "external-identifiers": {
        "external-identifier": [
            {
                "resource": "ChemSpider",
                "identifier": "26360629"
            },
            {
                "resource": "ChEMBL",
                "identifier": "CHEMBL1476245"
            },
            {
                "resource": "ZINC",
                "identifier": "ZINC000001683250"
            }
        ]
    },
    "external-links": null,
    "pathways": null,
    "reactions": null,
    "snp-effects": null,
    "snp-adverse-drug-reactions": null,
    "targets": null,
    "enzymes": null,
    "carriers": null,
    "transporters": null
}