{
    "type": "biotech",
    "created": "2020-12-18",
    "updated": "2021-03-03",
    "drugbank-id": [
        {
            "primary": true,
            "value": "DB16367"
        }
    ],
    "name": "Autologous peripheral blood-derived CD34+ cells",
    "description": "Autologous peripheral blood-derived CD34+ cells, or CLBS119 (a proprietary version being developed by Caladrius Biosciences, Inc.), are hematopoietic stem cells.[L27741] It is also a cell therapy being investigated by Caladrius Biosciences in the clinical trial NCT04522817 (CLBS119 for Repair of COVID-19 Induced Pulmonary Damage).",
    "cas-number": null,
    "unii": null,
    "groups": {
        "group": [
            "approved",
            "investigational"
        ]
    },
    "general-references": {
        "articles": null,
        "textbooks": null,
        "links": {
            "link": [
                {
                    "ref-id": "L27741",
                    "title": "Caladrius Biosciences: CLBS119",
                    "url": "https://www.caladrius.com/product-candidates/clbs119-for-repair-of-covid-19-induced-lung-damage/"
                }
            ]
        },
        "attachments": null
    },
    "synthesis-reference": null,
    "indication": null,
    "pharmacodynamics": null,
    "mechanism-of-action": "Autologous peripheral blood-derived CD34+ cells have potential tissue repair ability in part due to its anti-inflammatory function which were demonstrated in pre-clinical models, including one of lung inflammation.[L27741] Due to the pre-programmed tissue repair effects mediated by anti-inflammatory and pro-angiogenic functions of these cells, this cell therapy is currently being investigated against COVID-19-induced lung damage in recovered adult patients that still are experiencing hypoxia and require supplemental oxygen.",
    "toxicity": null,
    "metabolism": null,
    "absorption": null,
    "half-life": null,
    "protein-binding": null,
    "route-of-elimination": null,
    "volume-of-distribution": null,
    "clearance": null,
    "salts": null,
    "synonyms": {
        "synonym": [
            {
                "language": "english",
                "coder": "",
                "value": "CD34+ Cells"
            },
            {
                "language": "english",
                "coder": "",
                "value": "CLBS119"
            }
        ]
    },
    "products": {
        "product": [
            {
                "name": "Libmeldy",
                "labeller": "Orchard Therapeutics (Netherlands) Bv",
                "ndc-id": null,
                "ndc-product-code": null,
                "dpd-id": null,
                "ema-product-code": "EMEA/H/C/005321",
                "ema-ma-number": "EU/1/20/1493/001",
                "started-marketing-on": "2021-02-11",
                "ended-marketing-on": null,
                "dosage-form": null,
                "strength": "6000000 cells/mL",
                "route": "Intravenous",
                "fda-application-number": null,
                "generic": false,
                "over-the-counter": false,
                "approved": true,
                "country": "EU",
                "source": "EMA"
            },
            {
                "name": "Strimvells",
                "labeller": "Orchard Therapeutics (Netherlands) Bv",
                "ndc-id": null,
                "ndc-product-code": null,
                "dpd-id": null,
                "ema-product-code": "EMEA/H/C/003854",
                "ema-ma-number": "EU/1/16/1097/001",
                "started-marketing-on": "2020-12-20",
                "ended-marketing-on": null,
                "dosage-form": null,
                "strength": "5000000 cells/ml",
                "route": "Intravenous",
                "fda-application-number": null,
                "generic": false,
                "over-the-counter": false,
                "approved": true,
                "country": "EU",
                "source": "EMA"
            },
            {
                "name": "Zynteglo",
                "labeller": "Bluebird Bio (Netherlands) B.V.",
                "ndc-id": null,
                "ndc-product-code": null,
                "dpd-id": null,
                "ema-product-code": "EMEA/H/C/003691",
                "ema-ma-number": "EU/1/19/1367/001",
                "started-marketing-on": "2021-01-12",
                "ended-marketing-on": "2022-07-08",
                "dosage-form": null,
                "strength": "10600000 cells/mL",
                "route": "Intravenous",
                "fda-application-number": null,
                "generic": false,
                "over-the-counter": false,
                "approved": false,
                "country": "EU",
                "source": "EMA"
            }
        ]
    },
    "international-brands": null,
    "mixtures": {
        "mixture": [
            {
                "name": "Strimvells",
                "ingredients": "Autologous peripheral blood-derived CD34+ cells"
            },
            {
                "name": "Zynteglo",
                "ingredients": "Autologous peripheral blood-derived CD34+ cells"
            },
            {
                "name": "Libmeldy",
                "ingredients": "Autologous peripheral blood-derived CD34+ cells"
            }
        ]
    },
    "packagers": null,
    "manufacturers": null,
    "prices": null,
    "categories": null,
    "affected-organisms": null,
    "dosages": {
        "dosage": [
            {
                "form": null,
                "route": "Intravenous",
                "strength": "6000000 cells/mL"
            },
            {
                "form": null,
                "route": "Intravenous",
                "strength": "5000000 cells/ml"
            },
            {
                "form": null,
                "route": "Intravenous",
                "strength": "10600000 cells/mL"
            }
        ]
    },
    "atc-codes": null,
    "ahfs-codes": null,
    "pdb-entries": null,
    "patents": null,
    "food-interactions": null,
    "drug-interactions": null,
    "sequences": null,
    "experimental-properties": null,
    "external-identifiers": null,
    "external-links": null,
    "pathways": null,
    "reactions": null,
    "snp-effects": null,
    "snp-adverse-drug-reactions": null,
    "targets": null,
    "enzymes": null,
    "carriers": null,
    "transporters": null
}