{
    "type": "biotech",
    "created": "2021-02-01",
    "updated": "2021-02-13",
    "drugbank-id": [
        {
            "primary": true,
            "value": "DB16533"
        }
    ],
    "name": "OM85",
    "description": "OM-85, a bacterial extract, is an immunomodulator of interferon-β production and inflammasome activity.",
    "cas-number": null,
    "unii": null,
    "groups": {
        "group": [
            "investigational"
        ]
    },
    "general-references": {
        "articles": {
            "article": [
                {
                    "ref-id": "A227933",
                    "pubmed-id": "28262817",
                    "citation": "Dang AT, Pasquali C, Ludigs K, Guarda G: OM-85 is an immunomodulator of interferon-beta production and inflammasome activity. Sci Rep. 2017 Mar 6;7:43844. doi: 10.1038/srep43844."
                }
            ]
        },
        "textbooks": null,
        "links": null,
        "attachments": null
    },
    "synthesis-reference": null,
    "indication": null,
    "pharmacodynamics": null,
    "mechanism-of-action": "OM85 acts on Trif and MyDD8, and is a NLRP3 activator.",
    "toxicity": null,
    "metabolism": null,
    "absorption": null,
    "half-life": null,
    "protein-binding": null,
    "route-of-elimination": null,
    "volume-of-distribution": null,
    "clearance": null,
    "salts": null,
    "synonyms": {
        "synonym": [
            {
                "language": "english",
                "coder": "",
                "value": "Broncho-Vaxom"
            },
            {
                "language": "english",
                "coder": "",
                "value": "OM 85 BV"
            },
            {
                "language": "english",
                "coder": "",
                "value": "OM-85"
            },
            {
                "language": "english",
                "coder": "",
                "value": "OM-85 BV"
            }
        ]
    },
    "products": null,
    "international-brands": null,
    "mixtures": null,
    "packagers": null,
    "manufacturers": null,
    "prices": null,
    "categories": {
        "category": [
            {
                "category": "Adjuvants, Immunologic",
                "mesh-id": "D000276"
            },
            {
                "category": "Bacteria",
                "mesh-id": "D001419"
            },
            {
                "category": "Complex Mixtures",
                "mesh-id": "D045424"
            },
            {
                "category": "Immunologic Factors",
                "mesh-id": "D007155"
            },
            {
                "category": "Tissue Extracts",
                "mesh-id": "D014020"
            }
        ]
    },
    "affected-organisms": null,
    "dosages": null,
    "atc-codes": null,
    "ahfs-codes": null,
    "pdb-entries": null,
    "patents": null,
    "food-interactions": null,
    "drug-interactions": null,
    "sequences": null,
    "experimental-properties": null,
    "external-identifiers": null,
    "external-links": null,
    "pathways": null,
    "reactions": null,
    "snp-effects": null,
    "snp-adverse-drug-reactions": null,
    "targets": null,
    "enzymes": null,
    "carriers": null,
    "transporters": null
}