{
    "type": "small molecule",
    "created": "2020-12-15",
    "updated": "2020-12-20",
    "drugbank-id": [
        {
            "primary": true,
            "value": "DB16144"
        }
    ],
    "name": "Dopastatin",
    "description": "Dopastatin is under investigation in clinical trial NCT04335357 (TBR-760 in Adult Patients With Non-functioning Pituitary Adenomas).",
    "cas-number": "868562-36-1",
    "unii": "L32IM11DV4",
    "average-mass": 1694.21,
    "monoisotopic-mass": 1692.784147935,
    "groups": {
        "group": [
            "investigational"
        ]
    },
    "general-references": {
        "articles": null,
        "textbooks": null,
        "links": null,
        "attachments": null
    },
    "synthesis-reference": null,
    "indication": null,
    "pharmacodynamics": null,
    "mechanism-of-action": null,
    "toxicity": null,
    "metabolism": null,
    "absorption": null,
    "half-life": null,
    "protein-binding": null,
    "route-of-elimination": null,
    "volume-of-distribution": null,
    "clearance": null,
    "salts": null,
    "synonyms": null,
    "products": null,
    "international-brands": null,
    "mixtures": null,
    "packagers": null,
    "manufacturers": null,
    "prices": null,
    "categories": {
        "category": [
            {
                "category": "Amines",
                "mesh-id": "D000588"
            },
            {
                "category": "Amino Acids, Peptides, and Proteins",
                "mesh-id": "D000602"
            },
            {
                "category": "Benzene Derivatives",
                "mesh-id": "D001555"
            },
            {
                "category": "Biogenic Amines",
                "mesh-id": "D001679"
            },
            {
                "category": "Biogenic Monoamines",
                "mesh-id": "D015306"
            },
            {
                "category": "Catecholamines",
                "mesh-id": "D002395"
            },
            {
                "category": "Catechols",
                "mesh-id": "D002396"
            },
            {
                "category": "Hormones",
                "mesh-id": "D006728"
            },
            {
                "category": "Hormones, Hormone Substitutes, and Hormone Antagonists",
                "mesh-id": "D006730"
            },
            {
                "category": "Hypothalamic Hormones",
                "mesh-id": "D007028"
            },
            {
                "category": "Nerve Tissue Proteins",
                "mesh-id": "D009419"
            },
            {
                "category": "Neuropeptides",
                "mesh-id": "D009479"
            },
            {
                "category": "Pancreatic Hormones",
                "mesh-id": "D010187"
            },
            {
                "category": "Peptide Hormones",
                "mesh-id": "D036361"
            },
            {
                "category": "Peptides",
                "mesh-id": "D010455"
            },
            {
                "category": "Phenols",
                "mesh-id": "D010636"
            },
            {
                "category": "Pituitary Hormone Release Inhibiting Hormones",
                "mesh-id": "D010905"
            },
            {
                "category": "Proteins",
                "mesh-id": "D011506"
            }
        ]
    },
    "affected-organisms": null,
    "dosages": null,
    "atc-codes": null,
    "ahfs-codes": null,
    "pdb-entries": null,
    "patents": null,
    "food-interactions": null,
    "drug-interactions": null,
    "calculated-properties": {
        "property": [
            {
                "kind": "logP",
                "value": "4.88",
                "source": "ALOGPS"
            },
            {
                "kind": "logS",
                "value": "-5.8",
                "source": "ALOGPS"
            },
            {
                "kind": "Water Solubility",
                "value": "2.65e-03 g/l",
                "source": "ALOGPS"
            },
            {
                "kind": "logP",
                "value": "3.2",
                "source": "ChemAxon"
            },
            {
                "kind": "IUPAC Name",
                "value": "(2R)-N-[(4R,7S,10S,13R,16S,19R)-10-(4-aminobutyl)-4-{[(1S,2R)-1-carbamoyl-2-hydroxypropyl]carbamoyl}-7-ethyl-16-[(4-hydroxyphenyl)methyl]-13-[(1H-indol-3-yl)methyl]-6,9,12,15,18-pentaoxo-1,2-dithia-5,8,11,14,17-pentaazacycloicosan-19-yl]-2,6-bis[2-({[(2R,4R,7R)-6-propyl-6,11-diazatetracyclo[7.6.1.0^{2,7}.0^{12,16}]hexadeca-1(15),9,12(16),13-tetraen-4-yl]methyl}sulfanyl)acetamido]hexanamide",
                "source": "ChemAxon"
            },
            {
                "kind": "Traditional IUPAC Name",
                "value": "2-methoxy-4-[(1E)-3-[4-(nitrooxy)butoxy]-3-oxoprop-1-en-1-yl]phenyl (4R)-4-[(1R,3aS,3bR,4S,5aS,7R,9aS,9bS,11aR)-4,7-dihydroxy-9a,11a-dimethyl-tetradecahydro-1H-cyclopenta[a]phenanthren-1-yl]pentanoate",
                "source": "ChemAxon"
            },
            {
                "kind": "Molecular Weight",
                "value": "1694.21",
                "source": "ChemAxon"
            },
            {
                "kind": "Monoisotopic Weight",
                "value": "1692.784147935",
                "source": "ChemAxon"
            },
            {
                "kind": "SMILES",
                "value": "[H][C@@]12CC3=CNC4=C3C(=CC=C4)[C@@]1([H])C[C@@H](CSCC(=O)NCCCC[C@@H](NC(=O)CSC[C@H]1CN(CCC)[C@]3([H])CC4=CNC5=C4C(=CC=C5)[C@@]3([H])C1)C(=O)N[C@H]1CSSC[C@H](NC(=O)[C@H](CC)NC(=O)[C@H](CCCCN)NC(=O)[C@@H](CC3=CNC4=C3C=CC=C4)NC(=O)[C@H](CC3=CC=C(O)C=C3)NC1=O)C(=O)N[C@@H]([C@@H](C)O)C(N)=O)CN2CCC",
                "source": "ChemAxon"
            },
            {
                "kind": "Molecular Formula",
                "value": "C86H116N16O12S4",
                "source": "ChemAxon"
            },
            {
                "kind": "InChI",
                "value": "InChI=1S/C86H116N16O12S4/c1-5-30-101-41-51(32-60-58-17-14-22-64-76(58)54(39-91-64)36-72(60)101)43-115-47-74(105)89-29-13-11-21-66(93-75(106)48-116-44-52-33-61-59-18-15-23-65-77(59)55(40-92-65)37-73(61)102(42-52)31-6-2)81(109)99-70-45-117-118-46-71(86(114)100-78(49(4)103)79(88)107)98-80(108)62(7-3)94-82(110)67(20-10-12-28-87)95-84(112)69(35-53-38-90-63-19-9-8-16-57(53)63)97-83(111)68(96-85(70)113)34-50-24-26-56(104)27-25-50/h8-9,14-19,22-27,38-40,49,51-52,60-62,66-73,78,90-92,103-104H,5-7,10-13,20-21,28-37,41-48,87H2,1-4H3,(H2,88,107)(H,89,105)(H,93,106)(H,94,110)(H,95,112)(H,96,113)(H,97,111)(H,98,108)(H,99,109)(H,100,114)/t49-,51-,52-,60-,61-,62?,66-,67+,68?,69-,70?,71+,72-,73-,78+/m1/s1",
                "source": "ChemAxon"
            },
            {
                "kind": "InChIKey",
                "value": "WLBJBODHTIKYSL-RXHQQAJBSA-N",
                "source": "ChemAxon"
            },
            {
                "kind": "Polar Surface Area (PSA)",
                "value": "425.32",
                "source": "ChemAxon"
            },
            {
                "kind": "Refractivity",
                "value": "464.79",
                "source": "ChemAxon"
            },
            {
                "kind": "Polarizability",
                "value": "185.66",
                "source": "ChemAxon"
            },
            {
                "kind": "Rotatable Bond Count",
                "value": "33",
                "source": "ChemAxon"
            },
            {
                "kind": "H Bond Acceptor Count",
                "value": "15",
                "source": "ChemAxon"
            },
            {
                "kind": "H Bond Donor Count",
                "value": "16",
                "source": "ChemAxon"
            },
            {
                "kind": "pKa (strongest acidic)",
                "value": "9.81",
                "source": "ChemAxon"
            },
            {
                "kind": "pKa (strongest basic)",
                "value": "10.36",
                "source": "ChemAxon"
            },
            {
                "kind": "Physiological Charge",
                "value": "3",
                "source": "ChemAxon"
            },
            {
                "kind": "Number of Rings",
                "value": "12",
                "source": "ChemAxon"
            },
            {
                "kind": "Bioavailability",
                "value": "0",
                "source": "ChemAxon"
            },
            {
                "kind": "Rule of Five",
                "value": "0",
                "source": "ChemAxon"
            },
            {
                "kind": "Ghose Filter",
                "value": "0",
                "source": "ChemAxon"
            },
            {
                "kind": "MDDR-Like Rule",
                "value": "1",
                "source": "ChemAxon"
            }
        ]
    },
    "experimental-properties": null,
    "external-identifiers": null,
    "external-links": null,
    "pathways": null,
    "reactions": null,
    "snp-effects": null,
    "snp-adverse-drug-reactions": null,
    "targets": null,
    "enzymes": null,
    "carriers": null,
    "transporters": null
}