{
    "type": "small molecule",
    "created": "2020-12-15",
    "updated": "2021-02-21",
    "drugbank-id": [
        {
            "primary": true,
            "value": "DB16135"
        }
    ],
    "name": "Desidustat",
    "description": "Desidustat is under investigation in clinical trial NCT04012957 (Desidustat in the Treatment of Anemia in CKD).",
    "cas-number": "1616690-16-4",
    "unii": "Y962PQA4KS",
    "average-mass": 332.312,
    "monoisotopic-mass": 332.100836243,
    "groups": {
        "group": [
            "investigational"
        ]
    },
    "general-references": {
        "articles": {
            "article": [
                {
                    "ref-id": "A227023",
                    "pubmed-id": "31112954",
                    "citation": "Parmar DV, Kansagra KA, Patel JC, Joshi SN, Sharma NS, Shelat AD, Patel NB, Nakrani VB, Shaikh FA, Patel HV: Outcomes of Desidustat Treatment in People with Anemia and Chronic Kidney Disease: A Phase 2 Study. Am J Nephrol. 2019;49(6):470-478. doi: 10.1159/000500232. Epub 2019 May 21."
                },
                {
                    "ref-id": "A227028",
                    "pubmed-id": "30458168",
                    "citation": "Jain M, Joharapurkar A, Patel V, Kshirsagar S, Sutariya B, Patel M, Patel H, Patel PR: Pharmacological inhibition of prolyl hydroxylase protects against inflammation-induced anemia via efficient erythropoiesis and hepcidin downregulation. Eur J Pharmacol. 2019 Jan 15;843:113-120. doi: 10.1016/j.ejphar.2018.11.023. Epub 2018 Nov 17."
                }
            ]
        },
        "textbooks": null,
        "links": null,
        "attachments": null
    },
    "synthesis-reference": null,
    "indication": null,
    "pharmacodynamics": null,
    "mechanism-of-action": "The small molecule hypoxia-inducible factor, desidustat, inhibits the prolyl hydrozylase and stimulates erythropoiesis. It is currently being investigated against anemia of inflammation and COVID-19.",
    "toxicity": null,
    "metabolism": null,
    "absorption": null,
    "half-life": null,
    "protein-binding": null,
    "route-of-elimination": null,
    "volume-of-distribution": null,
    "clearance": null,
    "salts": null,
    "synonyms": {
        "synonym": [
            {
                "language": "english",
                "coder": "inn",
                "value": "Desidustat"
            }
        ]
    },
    "products": null,
    "international-brands": null,
    "mixtures": null,
    "packagers": null,
    "manufacturers": null,
    "prices": null,
    "categories": {
        "category": [
            {
                "category": "Heterocyclic Compounds, Fused-Ring",
                "mesh-id": "D000072471"
            },
            {
                "category": "Quinolines",
                "mesh-id": "D011804"
            }
        ]
    },
    "affected-organisms": null,
    "dosages": null,
    "atc-codes": null,
    "ahfs-codes": null,
    "pdb-entries": null,
    "patents": null,
    "food-interactions": null,
    "drug-interactions": null,
    "calculated-properties": {
        "property": [
            {
                "kind": "logP",
                "value": "0.57",
                "source": "ALOGPS"
            },
            {
                "kind": "logS",
                "value": "-3.3",
                "source": "ALOGPS"
            },
            {
                "kind": "Water Solubility",
                "value": "1.81e-01 g/l",
                "source": "ALOGPS"
            },
            {
                "kind": "logP",
                "value": "0.12",
                "source": "ChemAxon"
            },
            {
                "kind": "IUPAC Name",
                "value": "2-{[1-(cyclopropylmethoxy)-4-hydroxy-2-oxo-1,2-dihydroquinolin-3-yl]formamido}acetic acid",
                "source": "ChemAxon"
            },
            {
                "kind": "Traditional IUPAC Name",
                "value": "5-({4-[2-(3-methoxyphenyl)-2-oxoethoxy]phenyl}methyl)-1,3-thiazolidine-2,4-dione",
                "source": "ChemAxon"
            },
            {
                "kind": "Molecular Weight",
                "value": "332.312",
                "source": "ChemAxon"
            },
            {
                "kind": "Monoisotopic Weight",
                "value": "332.100836243",
                "source": "ChemAxon"
            },
            {
                "kind": "SMILES",
                "value": "OC(=O)CNC(=O)C1=C(O)C2=CC=CC=C2N(OCC2CC2)C1=O",
                "source": "ChemAxon"
            },
            {
                "kind": "Molecular Formula",
                "value": "C16H16N2O6",
                "source": "ChemAxon"
            },
            {
                "kind": "InChI",
                "value": "InChI=1S/C16H16N2O6/c19-12(20)7-17-15(22)13-14(21)10-3-1-2-4-11(10)18(16(13)23)24-8-9-5-6-9/h1-4,9,21H,5-8H2,(H,17,22)(H,19,20)",
                "source": "ChemAxon"
            },
            {
                "kind": "InChIKey",
                "value": "IKRKQQLJYBAPQT-UHFFFAOYSA-N",
                "source": "ChemAxon"
            },
            {
                "kind": "Polar Surface Area (PSA)",
                "value": "116.17",
                "source": "ChemAxon"
            },
            {
                "kind": "Refractivity",
                "value": "82.46",
                "source": "ChemAxon"
            },
            {
                "kind": "Polarizability",
                "value": "32.69",
                "source": "ChemAxon"
            },
            {
                "kind": "Rotatable Bond Count",
                "value": "6",
                "source": "ChemAxon"
            },
            {
                "kind": "H Bond Acceptor Count",
                "value": "6",
                "source": "ChemAxon"
            },
            {
                "kind": "H Bond Donor Count",
                "value": "3",
                "source": "ChemAxon"
            },
            {
                "kind": "pKa (strongest acidic)",
                "value": "3.17",
                "source": "ChemAxon"
            },
            {
                "kind": "pKa (strongest basic)",
                "value": "-2.3",
                "source": "ChemAxon"
            },
            {
                "kind": "Physiological Charge",
                "value": "-2",
                "source": "ChemAxon"
            },
            {
                "kind": "Number of Rings",
                "value": "3",
                "source": "ChemAxon"
            },
            {
                "kind": "Bioavailability",
                "value": "1",
                "source": "ChemAxon"
            },
            {
                "kind": "Rule of Five",
                "value": "1",
                "source": "ChemAxon"
            },
            {
                "kind": "Ghose Filter",
                "value": "1",
                "source": "ChemAxon"
            },
            {
                "kind": "MDDR-Like Rule",
                "value": "1",
                "source": "ChemAxon"
            }
        ]
    },
    "experimental-properties": null,
    "external-identifiers": {
        "external-identifier": [
            {
                "resource": "ChemSpider",
                "identifier": "64835241"
            },
            {
                "resource": "Wikipedia",
                "identifier": "Desidustat"
            }
        ]
    },
    "external-links": null,
    "pathways": null,
    "reactions": null,
    "snp-effects": null,
    "snp-adverse-drug-reactions": null,
    "targets": null,
    "enzymes": null,
    "carriers": null,
    "transporters": null
}