{
    "type": "small molecule",
    "created": "2020-12-15",
    "updated": "2020-12-20",
    "drugbank-id": [
        {
            "primary": true,
            "value": "DB16319"
        }
    ],
    "name": "GSK-2981278",
    "description": "GSK-2981278 is under investigation in clinical trial NCT03004846 (A Study of GSK2981278 Ointment in Subjects With Plaque Psoriasis).",
    "cas-number": "1474110-21-8",
    "unii": "L49V5G013I",
    "average-mass": 461.62,
    "monoisotopic-mass": 461.223594405,
    "groups": {
        "group": [
            "investigational"
        ]
    },
    "general-references": {
        "articles": null,
        "textbooks": null,
        "links": null,
        "attachments": null
    },
    "synthesis-reference": null,
    "indication": null,
    "pharmacodynamics": null,
    "mechanism-of-action": null,
    "toxicity": null,
    "metabolism": null,
    "absorption": null,
    "half-life": null,
    "protein-binding": null,
    "route-of-elimination": null,
    "volume-of-distribution": null,
    "clearance": null,
    "salts": null,
    "synonyms": {
        "synonym": [
            {
                "language": "english",
                "coder": "",
                "value": "Ror gama modulator 1"
            }
        ]
    },
    "products": null,
    "international-brands": null,
    "mixtures": null,
    "packagers": null,
    "manufacturers": null,
    "prices": null,
    "categories": {
        "category": [
            {
                "category": "Amides",
                "mesh-id": "D000577"
            },
            {
                "category": "Sulfones",
                "mesh-id": "D013450"
            },
            {
                "category": "Sulfur Compounds",
                "mesh-id": "D013457"
            }
        ]
    },
    "affected-organisms": null,
    "dosages": null,
    "atc-codes": null,
    "ahfs-codes": null,
    "pdb-entries": null,
    "patents": null,
    "food-interactions": null,
    "drug-interactions": null,
    "calculated-properties": {
        "property": [
            {
                "kind": "logP",
                "value": "4.24",
                "source": "ALOGPS"
            },
            {
                "kind": "logS",
                "value": "-5.7",
                "source": "ALOGPS"
            },
            {
                "kind": "Water Solubility",
                "value": "1.01e-03 g/l",
                "source": "ALOGPS"
            },
            {
                "kind": "logP",
                "value": "4.38",
                "source": "ChemAxon"
            },
            {
                "kind": "IUPAC Name",
                "value": "N-(4-ethylphenyl)-3-(hydroxymethyl)-N-(2-methylpropyl)-4-[(oxan-4-yl)methoxy]benzene-1-sulfonamide",
                "source": "ChemAxon"
            },
            {
                "kind": "Traditional IUPAC Name",
                "value": "revaprazan",
                "source": "ChemAxon"
            },
            {
                "kind": "Molecular Weight",
                "value": "461.62",
                "source": "ChemAxon"
            },
            {
                "kind": "Monoisotopic Weight",
                "value": "461.223594405",
                "source": "ChemAxon"
            },
            {
                "kind": "SMILES",
                "value": "CCC1=CC=C(C=C1)N(CC(C)C)S(=O)(=O)C1=CC(CO)=C(OCC2CCOCC2)C=C1",
                "source": "ChemAxon"
            },
            {
                "kind": "Molecular Formula",
                "value": "C25H35NO5S",
                "source": "ChemAxon"
            },
            {
                "kind": "InChI",
                "value": "InChI=1S/C25H35NO5S/c1-4-20-5-7-23(8-6-20)26(16-19(2)3)32(28,29)24-9-10-25(22(15-24)17-27)31-18-21-11-13-30-14-12-21/h5-10,15,19,21,27H,4,11-14,16-18H2,1-3H3",
                "source": "ChemAxon"
            },
            {
                "kind": "InChIKey",
                "value": "LZLBRISQTJVZNP-UHFFFAOYSA-N",
                "source": "ChemAxon"
            },
            {
                "kind": "Polar Surface Area (PSA)",
                "value": "76.07",
                "source": "ChemAxon"
            },
            {
                "kind": "Refractivity",
                "value": "127.75",
                "source": "ChemAxon"
            },
            {
                "kind": "Polarizability",
                "value": "51.66",
                "source": "ChemAxon"
            },
            {
                "kind": "Rotatable Bond Count",
                "value": "9",
                "source": "ChemAxon"
            },
            {
                "kind": "H Bond Acceptor Count",
                "value": "5",
                "source": "ChemAxon"
            },
            {
                "kind": "H Bond Donor Count",
                "value": "1",
                "source": "ChemAxon"
            },
            {
                "kind": "pKa (strongest acidic)",
                "value": "14.36",
                "source": "ChemAxon"
            },
            {
                "kind": "pKa (strongest basic)",
                "value": "-3.1",
                "source": "ChemAxon"
            },
            {
                "kind": "Physiological Charge",
                "value": "0",
                "source": "ChemAxon"
            },
            {
                "kind": "Number of Rings",
                "value": "3",
                "source": "ChemAxon"
            },
            {
                "kind": "Bioavailability",
                "value": "1",
                "source": "ChemAxon"
            },
            {
                "kind": "Rule of Five",
                "value": "1",
                "source": "ChemAxon"
            },
            {
                "kind": "Ghose Filter",
                "value": "1",
                "source": "ChemAxon"
            },
            {
                "kind": "MDDR-Like Rule",
                "value": "1",
                "source": "ChemAxon"
            }
        ]
    },
    "experimental-properties": null,
    "external-identifiers": {
        "external-identifier": [
            {
                "resource": "ChemSpider",
                "identifier": "39625826"
            },
            {
                "resource": "BindingDB",
                "identifier": "50461084"
            },
            {
                "resource": "ChEMBL",
                "identifier": "CHEMBL4225088"
            },
            {
                "resource": "ZINC",
                "identifier": "ZINC000142250256"
            }
        ]
    },
    "external-links": null,
    "pathways": null,
    "reactions": null,
    "snp-effects": null,
    "snp-adverse-drug-reactions": null,
    "targets": null,
    "enzymes": null,
    "carriers": null,
    "transporters": null
}