{
    "type": "biotech",
    "created": "2020-12-15",
    "updated": "2021-02-21",
    "drugbank-id": [
        {
            "primary": true,
            "value": "DB16313"
        }
    ],
    "name": "Rinucumab",
    "description": "Rinucumab is under investigation in clinical trial NCT02418754 (Study of Intravitreal REGN2176-3 in Participants With Neovascular (\"Wet\") Age-related Macular Degeneration (AMD)).",
    "cas-number": "1569263-06-4",
    "unii": "10E3O6YI4W",
    "groups": {
        "group": [
            "investigational"
        ]
    },
    "general-references": {
        "articles": null,
        "textbooks": null,
        "links": null,
        "attachments": null
    },
    "synthesis-reference": null,
    "indication": null,
    "pharmacodynamics": null,
    "mechanism-of-action": null,
    "toxicity": null,
    "metabolism": null,
    "absorption": null,
    "half-life": null,
    "protein-binding": null,
    "route-of-elimination": null,
    "volume-of-distribution": null,
    "clearance": null,
    "salts": null,
    "synonyms": {
        "synonym": [
            {
                "language": "english",
                "coder": "",
                "value": "Immunoglobulin g4, anti-(human platelet-derived growth factor receptor~) (human monoclonal regn2176 heavy chain), disulfide with human monoclonal regn2176 k-chain, dimer"
            },
            {
                "language": "english",
                "coder": "inn/usan",
                "value": "Rinucumab"
            }
        ]
    },
    "products": null,
    "international-brands": null,
    "mixtures": null,
    "packagers": null,
    "manufacturers": null,
    "prices": null,
    "categories": null,
    "affected-organisms": null,
    "dosages": null,
    "atc-codes": null,
    "ahfs-codes": null,
    "pdb-entries": null,
    "patents": null,
    "food-interactions": null,
    "drug-interactions": null,
    "sequences": null,
    "experimental-properties": null,
    "external-identifiers": {
        "external-identifier": [
            {
                "resource": "Wikipedia",
                "identifier": "Rinucumab"
            }
        ]
    },
    "external-links": null,
    "pathways": null,
    "reactions": null,
    "snp-effects": null,
    "snp-adverse-drug-reactions": null,
    "targets": null,
    "enzymes": null,
    "carriers": null,
    "transporters": null
}