{
    "type": "biotech",
    "created": "2021-01-18",
    "updated": "2021-01-20",
    "drugbank-id": [
        {
            "primary": true,
            "value": "DB16445"
        }
    ],
    "name": "ChulaCov19 mRNA vaccine",
    "description": "The ChulaCov19 vaccine is mRNA-based and was developed in Thailand’s Chulalongkorn University in collaboration with the University of Pennsylvania in the US[L30673, L30678]. Pre-clinical studies in mice and monkeys showed evidence that the vaccine facilitates an impressive generation of neutralizing antibodies[L30678]. The next phase of this study is for phase I and II clinical trials (NCT04566276) beginning in January 2021.",
    "cas-number": null,
    "unii": null,
    "groups": {
        "group": [
            "investigational"
        ]
    },
    "general-references": {
        "articles": null,
        "textbooks": null,
        "links": {
            "link": [
                {
                    "ref-id": "L30673",
                    "title": "Bangkok Post: COVID-19 Spurs Thailand’s Rise as Global Medical Hub",
                    "url": "https://www.bangkokpost.com/business/1993579/covid-19-spurs-thailands-rise-as-global-medical-hub"
                },
                {
                    "ref-id": "L30678",
                    "title": "China Daily: Thai researcher pins vaccine hopes on cooperation",
                    "url": "http://epaper.chinadaily.com.cn/a/202008/19/WS5f3c7375a3107831ec754645.html"
                }
            ]
        },
        "attachments": null
    },
    "synthesis-reference": null,
    "indication": null,
    "pharmacodynamics": null,
    "mechanism-of-action": null,
    "toxicity": null,
    "metabolism": null,
    "absorption": null,
    "half-life": null,
    "protein-binding": null,
    "route-of-elimination": null,
    "volume-of-distribution": null,
    "clearance": null,
    "salts": null,
    "synonyms": null,
    "products": null,
    "international-brands": null,
    "mixtures": null,
    "packagers": null,
    "manufacturers": null,
    "prices": null,
    "categories": null,
    "affected-organisms": null,
    "dosages": null,
    "atc-codes": null,
    "ahfs-codes": null,
    "pdb-entries": null,
    "patents": null,
    "food-interactions": null,
    "drug-interactions": null,
    "sequences": null,
    "experimental-properties": null,
    "external-identifiers": null,
    "external-links": null,
    "pathways": null,
    "reactions": null,
    "snp-effects": null,
    "snp-adverse-drug-reactions": null,
    "targets": null,
    "enzymes": null,
    "carriers": null,
    "transporters": null
}