{
    "type": "small molecule",
    "created": "2020-12-15",
    "updated": "2021-02-21",
    "drugbank-id": [
        {
            "primary": true,
            "value": "DB16272"
        }
    ],
    "name": "Orelabrutinib",
    "description": "Orelabrutinib is under investigation in clinical trial NCT04305197 (A Study of ICP-022 in Patients With Systemic Lupus Erythematosus (SLE)).",
    "cas-number": "1655504-04-3",
    "unii": "WJA5UO9E10",
    "average-mass": 427.504,
    "monoisotopic-mass": 427.189591677,
    "groups": {
        "group": [
            "investigational"
        ]
    },
    "general-references": {
        "articles": null,
        "textbooks": null,
        "links": null,
        "attachments": null
    },
    "synthesis-reference": null,
    "indication": null,
    "pharmacodynamics": null,
    "mechanism-of-action": null,
    "toxicity": null,
    "metabolism": null,
    "absorption": null,
    "half-life": null,
    "protein-binding": null,
    "route-of-elimination": null,
    "volume-of-distribution": null,
    "clearance": null,
    "salts": null,
    "synonyms": {
        "synonym": [
            {
                "language": "english",
                "coder": "inn",
                "value": "Orelabrutinib"
            }
        ]
    },
    "products": null,
    "international-brands": null,
    "mixtures": null,
    "packagers": null,
    "manufacturers": null,
    "prices": null,
    "categories": null,
    "affected-organisms": null,
    "dosages": null,
    "atc-codes": null,
    "ahfs-codes": null,
    "pdb-entries": null,
    "patents": null,
    "food-interactions": null,
    "drug-interactions": null,
    "calculated-properties": {
        "property": [
            {
                "kind": "logP",
                "value": "4.09",
                "source": "ALOGPS"
            },
            {
                "kind": "logS",
                "value": "-5.2",
                "source": "ALOGPS"
            },
            {
                "kind": "Water Solubility",
                "value": "2.39e-03 g/l",
                "source": "ALOGPS"
            },
            {
                "kind": "logP",
                "value": "3.74",
                "source": "ChemAxon"
            },
            {
                "kind": "IUPAC Name",
                "value": "2-(4-phenoxyphenyl)-6-[1-(prop-2-enoyl)piperidin-4-yl]pyridine-3-carboxamide",
                "source": "ChemAxon"
            },
            {
                "kind": "Traditional IUPAC Name",
                "value": "5-({4-[2-(3-methoxyphenyl)-2-oxoethoxy]phenyl}methyl)-1,3-thiazolidine-2,4-dione",
                "source": "ChemAxon"
            },
            {
                "kind": "Molecular Weight",
                "value": "427.504",
                "source": "ChemAxon"
            },
            {
                "kind": "Monoisotopic Weight",
                "value": "427.189591677",
                "source": "ChemAxon"
            },
            {
                "kind": "SMILES",
                "value": "NC(=O)C1=CC=C(N=C1C1=CC=C(OC2=CC=CC=C2)C=C1)C1CCN(CC1)C(=O)C=C",
                "source": "ChemAxon"
            },
            {
                "kind": "Molecular Formula",
                "value": "C26H25N3O3",
                "source": "ChemAxon"
            },
            {
                "kind": "InChI",
                "value": "InChI=1S/C26H25N3O3/c1-2-24(30)29-16-14-18(15-17-29)23-13-12-22(26(27)31)25(28-23)19-8-10-21(11-9-19)32-20-6-4-3-5-7-20/h2-13,18H,1,14-17H2,(H2,27,31)",
                "source": "ChemAxon"
            },
            {
                "kind": "InChIKey",
                "value": "MZPVEMOYADUARK-UHFFFAOYSA-N",
                "source": "ChemAxon"
            },
            {
                "kind": "Polar Surface Area (PSA)",
                "value": "85.52",
                "source": "ChemAxon"
            },
            {
                "kind": "Refractivity",
                "value": "123.22",
                "source": "ChemAxon"
            },
            {
                "kind": "Polarizability",
                "value": "46.22",
                "source": "ChemAxon"
            },
            {
                "kind": "Rotatable Bond Count",
                "value": "6",
                "source": "ChemAxon"
            },
            {
                "kind": "H Bond Acceptor Count",
                "value": "3",
                "source": "ChemAxon"
            },
            {
                "kind": "H Bond Donor Count",
                "value": "1",
                "source": "ChemAxon"
            },
            {
                "kind": "pKa (strongest acidic)",
                "value": "14.18",
                "source": "ChemAxon"
            },
            {
                "kind": "pKa (strongest basic)",
                "value": "2.83",
                "source": "ChemAxon"
            },
            {
                "kind": "Physiological Charge",
                "value": "0",
                "source": "ChemAxon"
            },
            {
                "kind": "Number of Rings",
                "value": "4",
                "source": "ChemAxon"
            },
            {
                "kind": "Bioavailability",
                "value": "1",
                "source": "ChemAxon"
            },
            {
                "kind": "Rule of Five",
                "value": "1",
                "source": "ChemAxon"
            },
            {
                "kind": "Ghose Filter",
                "value": "1",
                "source": "ChemAxon"
            },
            {
                "kind": "MDDR-Like Rule",
                "value": "1",
                "source": "ChemAxon"
            }
        ]
    },
    "experimental-properties": null,
    "external-identifiers": {
        "external-identifier": [
            {
                "resource": "ChemSpider",
                "identifier": "82956396"
            },
            {
                "resource": "BindingDB",
                "identifier": "389631"
            }
        ]
    },
    "external-links": null,
    "pathways": null,
    "reactions": null,
    "snp-effects": null,
    "snp-adverse-drug-reactions": null,
    "targets": null,
    "enzymes": null,
    "carriers": null,
    "transporters": null
}