{
    "type": "small molecule",
    "created": "2020-12-15",
    "updated": "2021-02-21",
    "drugbank-id": [
        {
            "primary": true,
            "value": "DB16153"
        }
    ],
    "name": "Eltanexor",
    "description": "Eltanexor is under investigation in clinical trial NCT02649790 (Study of the Safety, Tolerability and Efficacy of KPT-8602 in Patients With Relapsed/refractory Cancer Indications).",
    "cas-number": "1642300-52-4",
    "unii": "Q59IQJ9NTK",
    "average-mass": 428.298,
    "monoisotopic-mass": 428.082027944,
    "groups": {
        "group": [
            "investigational"
        ]
    },
    "general-references": {
        "articles": null,
        "textbooks": null,
        "links": null,
        "attachments": null
    },
    "synthesis-reference": null,
    "indication": null,
    "pharmacodynamics": null,
    "mechanism-of-action": null,
    "toxicity": null,
    "metabolism": null,
    "absorption": null,
    "half-life": null,
    "protein-binding": null,
    "route-of-elimination": null,
    "volume-of-distribution": null,
    "clearance": null,
    "salts": null,
    "synonyms": {
        "synonym": [
            {
                "language": "english",
                "coder": "inn/usan",
                "value": "Eltanexor"
            }
        ]
    },
    "products": null,
    "international-brands": null,
    "mixtures": null,
    "packagers": null,
    "manufacturers": null,
    "prices": null,
    "categories": null,
    "affected-organisms": null,
    "dosages": null,
    "atc-codes": null,
    "ahfs-codes": null,
    "pdb-entries": null,
    "patents": null,
    "food-interactions": null,
    "drug-interactions": null,
    "calculated-properties": {
        "property": [
            {
                "kind": "logP",
                "value": "2.43",
                "source": "ALOGPS"
            },
            {
                "kind": "logS",
                "value": "-4.9",
                "source": "ALOGPS"
            },
            {
                "kind": "Water Solubility",
                "value": "5.88e-03 g/l",
                "source": "ALOGPS"
            },
            {
                "kind": "logP",
                "value": "2.68",
                "source": "ChemAxon"
            },
            {
                "kind": "IUPAC Name",
                "value": "(2E)-3-{3-[3,5-bis(trifluoromethyl)phenyl]-1H-1,2,4-triazol-1-yl}-2-(pyrimidin-5-yl)prop-2-enamide",
                "source": "ChemAxon"
            },
            {
                "kind": "Traditional IUPAC Name",
                "value": "5-({4-[2-(3-methoxyphenyl)-2-oxoethoxy]phenyl}methyl)-1,3-thiazolidine-2,4-dione",
                "source": "ChemAxon"
            },
            {
                "kind": "Molecular Weight",
                "value": "428.298",
                "source": "ChemAxon"
            },
            {
                "kind": "Monoisotopic Weight",
                "value": "428.082027944",
                "source": "ChemAxon"
            },
            {
                "kind": "SMILES",
                "value": "NC(=O)C(=C\\N1C=NC(=N1)C1=CC(=CC(=C1)C(F)(F)F)C(F)(F)F)\\C1=CN=CN=C1",
                "source": "ChemAxon"
            },
            {
                "kind": "Molecular Formula",
                "value": "C17H10F6N6O",
                "source": "ChemAxon"
            },
            {
                "kind": "InChI",
                "value": "InChI=1S/C17H10F6N6O/c18-16(19,20)11-1-9(2-12(3-11)17(21,22)23)15-27-8-29(28-15)6-13(14(24)30)10-4-25-7-26-5-10/h1-8H,(H2,24,30)/b13-6+",
                "source": "ChemAxon"
            },
            {
                "kind": "InChIKey",
                "value": "JFBAVWVBLRIWHM-AWNIVKPZSA-N",
                "source": "ChemAxon"
            },
            {
                "kind": "Polar Surface Area (PSA)",
                "value": "99.58",
                "source": "ChemAxon"
            },
            {
                "kind": "Refractivity",
                "value": "115.44",
                "source": "ChemAxon"
            },
            {
                "kind": "Polarizability",
                "value": "33.96",
                "source": "ChemAxon"
            },
            {
                "kind": "Rotatable Bond Count",
                "value": "6",
                "source": "ChemAxon"
            },
            {
                "kind": "H Bond Acceptor Count",
                "value": "5",
                "source": "ChemAxon"
            },
            {
                "kind": "H Bond Donor Count",
                "value": "1",
                "source": "ChemAxon"
            },
            {
                "kind": "pKa (strongest acidic)",
                "value": "14.21",
                "source": "ChemAxon"
            },
            {
                "kind": "pKa (strongest basic)",
                "value": "1.08",
                "source": "ChemAxon"
            },
            {
                "kind": "Physiological Charge",
                "value": "0",
                "source": "ChemAxon"
            },
            {
                "kind": "Number of Rings",
                "value": "3",
                "source": "ChemAxon"
            },
            {
                "kind": "Bioavailability",
                "value": "1",
                "source": "ChemAxon"
            },
            {
                "kind": "Rule of Five",
                "value": "1",
                "source": "ChemAxon"
            },
            {
                "kind": "Ghose Filter",
                "value": "1",
                "source": "ChemAxon"
            },
            {
                "kind": "MDDR-Like Rule",
                "value": "1",
                "source": "ChemAxon"
            }
        ]
    },
    "experimental-properties": null,
    "external-identifiers": {
        "external-identifier": [
            {
                "resource": "ChemSpider",
                "identifier": "59718641"
            },
            {
                "resource": "ChEMBL",
                "identifier": "CHEMBL4297623"
            }
        ]
    },
    "external-links": null,
    "pathways": null,
    "reactions": null,
    "snp-effects": null,
    "snp-adverse-drug-reactions": null,
    "targets": null,
    "enzymes": null,
    "carriers": null,
    "transporters": null
}