{
    "type": "biotech",
    "created": "2020-12-23",
    "updated": "2021-02-21",
    "drugbank-id": [
        {
            "primary": true,
            "value": "DB16392"
        }
    ],
    "name": "Avdoralimab",
    "description": "Avdoralimab is under investigation in clinical trial NCT04333914 (Prospective Study in Patients With Advanced or Metastatic Cancer and Sars-cov-2 Infection).",
    "cas-number": "2226393-85-5",
    "unii": "DW4CE8MKS9",
    "groups": {
        "group": [
            "investigational"
        ]
    },
    "general-references": {
        "articles": null,
        "textbooks": null,
        "links": null,
        "attachments": null
    },
    "synthesis-reference": null,
    "indication": null,
    "pharmacodynamics": null,
    "mechanism-of-action": "Avdoralimab binds and inhibits C5a receptors (C5aR) expressed on myeloid-derived suppressor cells and neutrophils. C5a is often associated with tumors; by blocking the binding of C5a to C5aR, Advoralimab reduces the activation of MDSC and neutrophils in tumor microenvironments, thus exhibiting anti-tumor activity. ",
    "toxicity": null,
    "metabolism": null,
    "absorption": null,
    "half-life": null,
    "protein-binding": null,
    "route-of-elimination": null,
    "volume-of-distribution": null,
    "clearance": null,
    "classification": {
        "description": null,
        "direct-parent": "Peptides",
        "kingdom": "Organic Compounds",
        "superclass": "Organic Acids",
        "class": "Carboxylic Acids and Derivatives",
        "subclass": "Amino Acids, Peptides, and Analogues"
    },
    "salts": null,
    "synonyms": {
        "synonym": [
            {
                "language": "english",
                "coder": "inn",
                "value": "Avdoralimab"
            }
        ]
    },
    "products": null,
    "international-brands": null,
    "mixtures": null,
    "packagers": null,
    "manufacturers": null,
    "prices": null,
    "categories": {
        "category": [
            {
                "category": "Amino Acids, Peptides, and Proteins",
                "mesh-id": "D000602"
            },
            {
                "category": "Anti-Infective Agents",
                "mesh-id": "D000890"
            },
            {
                "category": "Anti-Inflammatory Agents",
                "mesh-id": "D000893"
            },
            {
                "category": "Antibodies",
                "mesh-id": "D000906"
            },
            {
                "category": "Antibodies, Monoclonal",
                "mesh-id": "D000911"
            },
            {
                "category": "Antiviral Agents",
                "mesh-id": "D000998"
            },
            {
                "category": "Blood Proteins",
                "mesh-id": "D001798"
            },
            {
                "category": "Globulins",
                "mesh-id": "D005916"
            },
            {
                "category": "Immunoglobulins",
                "mesh-id": "D007136"
            },
            {
                "category": "Immunoproteins",
                "mesh-id": "D007162"
            },
            {
                "category": "Proteins",
                "mesh-id": "D011506"
            },
            {
                "category": "Serum Globulins",
                "mesh-id": "D012712"
            }
        ]
    },
    "affected-organisms": null,
    "dosages": null,
    "atc-codes": null,
    "ahfs-codes": null,
    "pdb-entries": null,
    "patents": null,
    "food-interactions": null,
    "drug-interactions": null,
    "sequences": null,
    "experimental-properties": null,
    "external-identifiers": null,
    "external-links": null,
    "pathways": null,
    "reactions": null,
    "snp-effects": null,
    "snp-adverse-drug-reactions": null,
    "targets": null,
    "enzymes": null,
    "carriers": null,
    "transporters": null
}