{
    "type": "biotech",
    "created": "2021-01-15",
    "updated": "2021-01-16",
    "drugbank-id": [
        {
            "primary": true,
            "value": "DB16434"
        }
    ],
    "name": "IN01",
    "description": "The IN01 Vaccine, sponsored by the Instituto Oncologico Dr Rosell, IN3BIO, and PANGAEA, is a compound containing recombinant bacteria[L30543]. These cultures contain EGF-4-EGF with the cholera toxin B-subunit domain G33D sequence[L30543]. Administration of the vaccine stimulates the production of anti-epidermal growth factor (anti-EGF) neutralizing antibodies[L30543]. Of note, the IN01 vaccine is being tested in a Phase I clinical trial in patients with fibrosing interstitial lung disease resulting from SARS-CoV-2 infection (NCT04537130). The study will explore the effect of this vaccine on pulmonary function, oxygen saturation, quality of life, and fibrosing status in addition to biomarkers and molecular markers of the vaccine.",
    "cas-number": null,
    "unii": null,
    "groups": {
        "group": [
            "investigational"
        ]
    },
    "general-references": {
        "articles": null,
        "textbooks": null,
        "links": {
            "link": [
                {
                    "ref-id": "L30543",
                    "title": "Stanford Medicine: IN01 vaccine",
                    "url": "https://racetoacure.stanford.edu/development-leads/304"
                }
            ]
        },
        "attachments": null
    },
    "synthesis-reference": null,
    "indication": null,
    "pharmacodynamics": null,
    "mechanism-of-action": null,
    "toxicity": null,
    "metabolism": null,
    "absorption": null,
    "half-life": null,
    "protein-binding": null,
    "route-of-elimination": null,
    "volume-of-distribution": null,
    "clearance": null,
    "salts": null,
    "synonyms": null,
    "products": null,
    "international-brands": null,
    "mixtures": null,
    "packagers": null,
    "manufacturers": null,
    "prices": null,
    "categories": null,
    "affected-organisms": null,
    "dosages": null,
    "atc-codes": null,
    "ahfs-codes": null,
    "pdb-entries": null,
    "patents": null,
    "food-interactions": null,
    "drug-interactions": null,
    "sequences": null,
    "experimental-properties": null,
    "external-identifiers": null,
    "external-links": null,
    "pathways": null,
    "reactions": null,
    "snp-effects": null,
    "snp-adverse-drug-reactions": null,
    "targets": null,
    "enzymes": null,
    "carriers": null,
    "transporters": null
}