{
    "type": "biotech",
    "created": "2020-12-15",
    "updated": "2022-12-01",
    "drugbank-id": [
        {
            "primary": true,
            "value": "DB16197"
        }
    ],
    "name": "Iodine I-131 monoclonal antibody 81C6",
    "description": "Neuradiab is under investigation in clinical trial NCT00615186 (Glioblastoma Multiforme (GBM) Locoregional Agent Survival Study - Anti-tenascin Radiolabeled Antibody Therapy).",
    "cas-number": "1000874-23-6",
    "unii": "D4E1UP3RMV",
    "groups": {
        "group": [
            "investigational"
        ]
    },
    "general-references": {
        "articles": null,
        "textbooks": null,
        "links": null,
        "attachments": null
    },
    "synthesis-reference": null,
    "indication": null,
    "pharmacodynamics": null,
    "mechanism-of-action": null,
    "toxicity": null,
    "metabolism": null,
    "absorption": null,
    "half-life": null,
    "protein-binding": null,
    "route-of-elimination": null,
    "volume-of-distribution": null,
    "clearance": null,
    "salts": null,
    "synonyms": {
        "synonym": [
            {
                "language": "english",
                "coder": "",
                "value": "81c6, a murine igg2 anti-tenascin monoclonal antibody labeled with iodine 131 (I-131)"
            },
            {
                "language": "english",
                "coder": "",
                "value": "Anti-tenascin monoclonal antibody 81c6-I-131"
            },
            {
                "language": "english",
                "coder": "",
                "value": "Iodine i 131 moab 81c6"
            },
            {
                "language": "english",
                "coder": "",
                "value": "Iodine i 131 monoclonal antibody 81c6"
            },
            {
                "language": "english",
                "coder": "",
                "value": "Iodine I-131 monoclonal antibody 81c6"
            },
            {
                "language": "english",
                "coder": "",
                "value": "Moab, 81c6, murine, iodine-I-131 radiolabeled, to human glioma"
            },
            {
                "language": "english",
                "coder": "",
                "value": "Neuradiab"
            }
        ]
    },
    "products": null,
    "international-brands": null,
    "mixtures": null,
    "packagers": null,
    "manufacturers": null,
    "prices": null,
    "categories": null,
    "affected-organisms": null,
    "dosages": null,
    "atc-codes": null,
    "ahfs-codes": null,
    "pdb-entries": null,
    "patents": null,
    "food-interactions": null,
    "drug-interactions": null,
    "sequences": null,
    "experimental-properties": null,
    "external-identifiers": null,
    "external-links": null,
    "pathways": null,
    "reactions": null,
    "snp-effects": null,
    "snp-adverse-drug-reactions": null,
    "targets": null,
    "enzymes": null,
    "carriers": null,
    "transporters": null
}