{
    "type": "small molecule",
    "created": "2020-12-15",
    "updated": "2020-12-20",
    "drugbank-id": [
        {
            "primary": true,
            "value": "DB16297"
        }
    ],
    "name": "PMPBB3 F-18",
    "description": "PMPBB3 F-18 is under investigation in clinical trial NCT04305210 (Alzheimer's Disease: Clinical Investigation and Neuroimage Studies Including 18F-PM-PBB3 and 18f-florbetapir (AV-45) PET Examination).",
    "cas-number": "1565797-57-0",
    "unii": "51M993JIQ4",
    "average-mass": 384.46,
    "monoisotopic-mass": 384.128560737,
    "groups": {
        "group": [
            "investigational"
        ]
    },
    "general-references": {
        "articles": null,
        "textbooks": null,
        "links": null,
        "attachments": null
    },
    "synthesis-reference": null,
    "indication": null,
    "pharmacodynamics": null,
    "mechanism-of-action": null,
    "toxicity": null,
    "metabolism": null,
    "absorption": null,
    "half-life": null,
    "protein-binding": null,
    "route-of-elimination": null,
    "volume-of-distribution": null,
    "clearance": null,
    "salts": null,
    "synonyms": null,
    "products": null,
    "international-brands": null,
    "mixtures": null,
    "packagers": null,
    "manufacturers": null,
    "prices": null,
    "categories": null,
    "affected-organisms": null,
    "dosages": null,
    "atc-codes": null,
    "ahfs-codes": null,
    "pdb-entries": null,
    "patents": null,
    "food-interactions": null,
    "drug-interactions": null,
    "calculated-properties": {
        "property": [
            {
                "kind": "logP",
                "value": "4.24",
                "source": "ALOGPS"
            },
            {
                "kind": "logS",
                "value": "-5.3",
                "source": "ALOGPS"
            },
            {
                "kind": "Water Solubility",
                "value": "1.93e-03 g/l",
                "source": "ALOGPS"
            },
            {
                "kind": "logP",
                "value": "3.47",
                "source": "ChemAxon"
            },
            {
                "kind": "IUPAC Name",
                "value": "1-(¹⁸F)fluoro-3-({2-[(1E,3E)-4-[6-(methylamino)pyridin-3-yl]buta-1,3-dien-1-yl]-1,3-benzothiazol-6-yl}oxy)propan-2-ol",
                "source": "ChemAxon"
            },
            {
                "kind": "Traditional IUPAC Name",
                "value": "2-methoxy-4-[(1E)-3-[4-(nitrooxy)butoxy]-3-oxoprop-1-en-1-yl]phenyl (4R)-4-[(1R,3aS,3bR,4S,5aS,7R,9aS,9bS,11aR)-4,7-dihydroxy-9a,11a-dimethyl-tetradecahydro-1H-cyclopenta[a]phenanthren-1-yl]pentanoate",
                "source": "ChemAxon"
            },
            {
                "kind": "Molecular Weight",
                "value": "384.46",
                "source": "ChemAxon"
            },
            {
                "kind": "Monoisotopic Weight",
                "value": "384.128560737",
                "source": "ChemAxon"
            },
            {
                "kind": "SMILES",
                "value": "CNC1=CC=C(\\C=C\\C=C\\C2=NC3=C(S2)C=C(OCC(O)C[18F])C=C3)C=N1",
                "source": "ChemAxon"
            },
            {
                "kind": "Molecular Formula",
                "value": "C20H20FN3O2S",
                "source": "ChemAxon"
            },
            {
                "kind": "InChI",
                "value": "InChI=1S/C20H20FN3O2S/c1-22-19-9-6-14(12-23-19)4-2-3-5-20-24-17-8-7-16(10-18(17)27-20)26-13-15(25)11-21/h2-10,12,15,25H,11,13H2,1H3,(H,22,23)/b4-2+,5-3+/i21-1",
                "source": "ChemAxon"
            },
            {
                "kind": "InChIKey",
                "value": "XXNYLYXTRMQXJS-CDLXMPELSA-N",
                "source": "ChemAxon"
            },
            {
                "kind": "Polar Surface Area (PSA)",
                "value": "67.27",
                "source": "ChemAxon"
            },
            {
                "kind": "Refractivity",
                "value": "107.68",
                "source": "ChemAxon"
            },
            {
                "kind": "Polarizability",
                "value": "42.41",
                "source": "ChemAxon"
            },
            {
                "kind": "Rotatable Bond Count",
                "value": "8",
                "source": "ChemAxon"
            },
            {
                "kind": "H Bond Acceptor Count",
                "value": "5",
                "source": "ChemAxon"
            },
            {
                "kind": "H Bond Donor Count",
                "value": "2",
                "source": "ChemAxon"
            },
            {
                "kind": "pKa (strongest acidic)",
                "value": "13.35",
                "source": "ChemAxon"
            },
            {
                "kind": "pKa (strongest basic)",
                "value": "6.33",
                "source": "ChemAxon"
            },
            {
                "kind": "Physiological Charge",
                "value": "0",
                "source": "ChemAxon"
            },
            {
                "kind": "Number of Rings",
                "value": "3",
                "source": "ChemAxon"
            },
            {
                "kind": "Bioavailability",
                "value": "1",
                "source": "ChemAxon"
            },
            {
                "kind": "Rule of Five",
                "value": "1",
                "source": "ChemAxon"
            },
            {
                "kind": "Ghose Filter",
                "value": "1",
                "source": "ChemAxon"
            },
            {
                "kind": "MDDR-Like Rule",
                "value": "1",
                "source": "ChemAxon"
            }
        ]
    },
    "experimental-properties": null,
    "external-identifiers": {
        "external-identifier": [
            {
                "resource": "ChemSpider",
                "identifier": "81367183"
            }
        ]
    },
    "external-links": null,
    "pathways": null,
    "reactions": null,
    "snp-effects": null,
    "snp-adverse-drug-reactions": null,
    "targets": null,
    "enzymes": null,
    "carriers": null,
    "transporters": null
}