{
    "type": "small molecule",
    "created": "2021-02-24",
    "updated": "2021-04-30",
    "drugbank-id": [
        {
            "primary": true,
            "value": "DB16623"
        }
    ],
    "name": "Amidephrine",
    "description": null,
    "cas-number": "37571-84-9",
    "unii": "7E2P22546V",
    "average-mass": 244.31,
    "monoisotopic-mass": 244.088163557,
    "groups": {
        "group": [
            "experimental"
        ]
    },
    "general-references": {
        "articles": null,
        "textbooks": null,
        "links": {
            "link": [
                {
                    "ref-id": "L33434",
                    "title": "BASG: Fentrinol - Nasentropfen (Amidephrine) Nasal Drops",
                    "url": "https://aspregister.basg.gv.at/document/servlet?action=show&zulnr=14022&type=DOTC_FACH_INFO"
                }
            ]
        },
        "attachments": null
    },
    "synthesis-reference": null,
    "indication": null,
    "pharmacodynamics": null,
    "mechanism-of-action": null,
    "toxicity": null,
    "metabolism": null,
    "absorption": null,
    "half-life": null,
    "protein-binding": null,
    "route-of-elimination": null,
    "volume-of-distribution": null,
    "clearance": null,
    "salts": {
        "salt": [
            {
                "drugbank-id": [
                    {
                        "primary": true,
                        "value": "DBSALT003158"
                    }
                ],
                "name": "Amidephrine mesylate",
                "unii": "S3IG39T94B",
                "cas-number": "1421-68-7",
                "inchikey": "INSXAGGBFMXUIH-UHFFFAOYSA-N",
                "average-mass": 340.41,
                "monoisotopic-mass": 340.07627872
            }
        ]
    },
    "synonyms": {
        "synonym": [
            {
                "language": "english",
                "coder": "inn/ban",
                "value": "Amidefrine"
            },
            {
                "language": "english",
                "coder": "",
                "value": "Amidephrine"
            }
        ]
    },
    "products": null,
    "international-brands": null,
    "mixtures": null,
    "packagers": null,
    "manufacturers": null,
    "prices": null,
    "categories": {
        "category": [
            {
                "category": "Adrenergic Agents",
                "mesh-id": "D018663"
            },
            {
                "category": "Adrenergic Agonists",
                "mesh-id": "D000322"
            },
            {
                "category": "Adrenergic alpha-Agonists",
                "mesh-id": "D000316"
            },
            {
                "category": "Alcohols",
                "mesh-id": "D000438"
            },
            {
                "category": "Amines",
                "mesh-id": "D000588"
            },
            {
                "category": "Amino Alcohols",
                "mesh-id": "D000605"
            },
            {
                "category": "Neurotransmitter Agents",
                "mesh-id": "D018377"
            }
        ]
    },
    "affected-organisms": null,
    "dosages": {
        "dosage": [
            {
                "form": "Solution / drops; suspension / drops",
                "route": "Nasal",
                "strength": "1 mg/ml"
            }
        ]
    },
    "atc-codes": null,
    "ahfs-codes": null,
    "pdb-entries": null,
    "patents": null,
    "food-interactions": null,
    "drug-interactions": {
        "drug-interaction": [
            {
                "drugbank-id": {
                    "primary": false,
                    "value": "DB00895"
                },
                "name": "Benzylpenicilloyl polylysine",
                "description": "Amidephrine may decrease effectiveness of Benzylpenicilloyl polylysine as a diagnostic agent."
            },
            {
                "drugbank-id": {
                    "primary": false,
                    "value": "DB00421"
                },
                "name": "Spironolactone",
                "description": "The therapeutic efficacy of Amidephrine can be decreased when used in combination with Spironolactone."
            },
            {
                "drugbank-id": {
                    "primary": false,
                    "value": "DB00247"
                },
                "name": "Methysergide",
                "description": "Methysergide may increase the hypertensive and vasoconstricting activities of Amidephrine."
            },
            {
                "drugbank-id": {
                    "primary": false,
                    "value": "DB00248"
                },
                "name": "Cabergoline",
                "description": "Cabergoline may increase the hypertensive and vasoconstricting activities of Amidephrine."
            },
            {
                "drugbank-id": {
                    "primary": false,
                    "value": "DB00320"
                },
                "name": "Dihydroergotamine",
                "description": "Dihydroergotamine may increase the hypertensive and vasoconstricting activities of Amidephrine."
            },
            {
                "drugbank-id": {
                    "primary": false,
                    "value": "DB00353"
                },
                "name": "Methylergometrine",
                "description": "Methylergometrine may increase the hypertensive and vasoconstricting activities of Amidephrine."
            },
            {
                "drugbank-id": {
                    "primary": false,
                    "value": "DB00589"
                },
                "name": "Lisuride",
                "description": "Lisuride may increase the hypertensive and vasoconstricting activities of Amidephrine."
            },
            {
                "drugbank-id": {
                    "primary": false,
                    "value": "DB00696"
                },
                "name": "Ergotamine",
                "description": "Ergotamine may increase the hypertensive and vasoconstricting activities of Amidephrine."
            },
            {
                "drugbank-id": {
                    "primary": false,
                    "value": "DB00699"
                },
                "name": "Nicergoline",
                "description": "Nicergoline may increase the hypertensive and vasoconstricting activities of Amidephrine."
            },
            {
                "drugbank-id": {
                    "primary": false,
                    "value": "DB01049"
                },
                "name": "Ergoloid mesylate",
                "description": "Ergoloid mesylate may increase the hypertensive and vasoconstricting activities of Amidephrine."
            },
            {
                "drugbank-id": {
                    "primary": false,
                    "value": "DB01186"
                },
                "name": "Pergolide",
                "description": "Pergolide may increase the hypertensive and vasoconstricting activities of Amidephrine."
            },
            {
                "drugbank-id": {
                    "primary": false,
                    "value": "DB01200"
                },
                "name": "Bromocriptine",
                "description": "Bromocriptine may increase the hypertensive and vasoconstricting activities of Amidephrine."
            },
            {
                "drugbank-id": {
                    "primary": false,
                    "value": "DB01253"
                },
                "name": "Ergometrine",
                "description": "Ergometrine may increase the hypertensive and vasoconstricting activities of Amidephrine."
            },
            {
                "drugbank-id": {
                    "primary": false,
                    "value": "DB04829"
                },
                "name": "Lysergic acid diethylamide",
                "description": "Lysergic acid diethylamide may increase the hypertensive and vasoconstricting activities of Amidephrine."
            },
            {
                "drugbank-id": {
                    "primary": false,
                    "value": "DB11273"
                },
                "name": "Dihydroergocornine",
                "description": "Dihydroergocornine may increase the hypertensive and vasoconstricting activities of Amidephrine."
            },
            {
                "drugbank-id": {
                    "primary": false,
                    "value": "DB13345"
                },
                "name": "Dihydroergocristine",
                "description": "Dihydroergocristine may increase the hypertensive and vasoconstricting activities of Amidephrine."
            },
            {
                "drugbank-id": {
                    "primary": false,
                    "value": "DB13385"
                },
                "name": "Dihydroergocryptine",
                "description": "Dihydroergocryptine may increase the hypertensive and vasoconstricting activities of Amidephrine."
            },
            {
                "drugbank-id": {
                    "primary": false,
                    "value": "DB13399"
                },
                "name": "Terguride",
                "description": "Terguride may increase the hypertensive and vasoconstricting activities of Amidephrine."
            },
            {
                "drugbank-id": {
                    "primary": false,
                    "value": "DB13520"
                },
                "name": "Metergoline",
                "description": "Metergoline may increase the hypertensive and vasoconstricting activities of Amidephrine."
            },
            {
                "drugbank-id": {
                    "primary": false,
                    "value": "DB00285"
                },
                "name": "Venlafaxine",
                "description": "Venlafaxine may increase the tachycardic activities of Amidephrine."
            },
            {
                "drugbank-id": {
                    "primary": false,
                    "value": "DB00476"
                },
                "name": "Duloxetine",
                "description": "Duloxetine may increase the tachycardic activities of Amidephrine."
            },
            {
                "drugbank-id": {
                    "primary": false,
                    "value": "DB01105"
                },
                "name": "Sibutramine",
                "description": "Sibutramine may increase the tachycardic activities of Amidephrine."
            },
            {
                "drugbank-id": {
                    "primary": false,
                    "value": "DB01149"
                },
                "name": "Nefazodone",
                "description": "Nefazodone may increase the tachycardic activities of Amidephrine."
            },
            {
                "drugbank-id": {
                    "primary": false,
                    "value": "DB04896"
                },
                "name": "Milnacipran",
                "description": "Milnacipran may increase the tachycardic activities of Amidephrine."
            },
            {
                "drugbank-id": {
                    "primary": false,
                    "value": "DB06700"
                },
                "name": "Desvenlafaxine",
                "description": "Desvenlafaxine may increase the tachycardic activities of Amidephrine."
            },
            {
                "drugbank-id": {
                    "primary": false,
                    "value": "DB08918"
                },
                "name": "Levomilnacipran",
                "description": "Levomilnacipran may increase the tachycardic activities of Amidephrine."
            },
            {
                "drugbank-id": {
                    "primary": false,
                    "value": "DB00246"
                },
                "name": "Ziprasidone",
                "description": "The therapeutic efficacy of Amidephrine can be decreased when used in combination with Ziprasidone."
            },
            {
                "drugbank-id": {
                    "primary": false,
                    "value": "DB00321"
                },
                "name": "Amitriptyline",
                "description": "The therapeutic efficacy of Amidephrine can be decreased when used in combination with Amitriptyline."
            },
            {
                "drugbank-id": {
                    "primary": false,
                    "value": "DB00334"
                },
                "name": "Olanzapine",
                "description": "The therapeutic efficacy of Amidephrine can be decreased when used in combination with Olanzapine."
            },
            {
                "drugbank-id": {
                    "primary": false,
                    "value": "DB00346"
                },
                "name": "Alfuzosin",
                "description": "The therapeutic efficacy of Amidephrine can be decreased when used in combination with Alfuzosin."
            },
            {
                "drugbank-id": {
                    "primary": false,
                    "value": "DB00363"
                },
                "name": "Clozapine",
                "description": "The therapeutic efficacy of Amidephrine can be decreased when used in combination with Clozapine."
            },
            {
                "drugbank-id": {
                    "primary": false,
                    "value": "DB00420"
                },
                "name": "Promazine",
                "description": "The therapeutic efficacy of Amidephrine can be decreased when used in combination with Promazine."
            },
            {
                "drugbank-id": {
                    "primary": false,
                    "value": "DB00450"
                },
                "name": "Droperidol",
                "description": "The therapeutic efficacy of Amidephrine can be decreased when used in combination with Droperidol."
            },
            {
                "drugbank-id": {
                    "primary": false,
                    "value": "DB00457"
                },
                "name": "Prazosin",
                "description": "The therapeutic efficacy of Amidephrine can be decreased when used in combination with Prazosin."
            },
            {
                "drugbank-id": {
                    "primary": false,
                    "value": "DB00458"
                },
                "name": "Imipramine",
                "description": "The therapeutic efficacy of Amidephrine can be decreased when used in combination with Imipramine."
            },
            {
                "drugbank-id": {
                    "primary": false,
                    "value": "DB00477"
                },
                "name": "Chlorpromazine",
                "description": "The therapeutic efficacy of Amidephrine can be decreased when used in combination with Chlorpromazine."
            },
            {
                "drugbank-id": {
                    "primary": false,
                    "value": "DB00540"
                },
                "name": "Nortriptyline",
                "description": "The therapeutic efficacy of Amidephrine can be decreased when used in combination with Nortriptyline."
            },
            {
                "drugbank-id": {
                    "primary": false,
                    "value": "DB00543"
                },
                "name": "Amoxapine",
                "description": "The therapeutic efficacy of Amidephrine can be decreased when used in combination with Amoxapine."
            },
            {
                "drugbank-id": {
                    "primary": false,
                    "value": "DB00590"
                },
                "name": "Doxazosin",
                "description": "The therapeutic efficacy of Amidephrine can be decreased when used in combination with Doxazosin."
            },
            {
                "drugbank-id": {
                    "primary": false,
                    "value": "DB00622"
                },
                "name": "Nicardipine",
                "description": "The therapeutic efficacy of Amidephrine can be decreased when used in combination with Nicardipine."
            },
            {
                "drugbank-id": {
                    "primary": false,
                    "value": "DB00656"
                },
                "name": "Trazodone",
                "description": "The therapeutic efficacy of Amidephrine can be decreased when used in combination with Trazodone."
            },
            {
                "drugbank-id": {
                    "primary": false,
                    "value": "DB00661"
                },
                "name": "Verapamil",
                "description": "The therapeutic efficacy of Amidephrine can be decreased when used in combination with Verapamil."
            },
            {
                "drugbank-id": {
                    "primary": false,
                    "value": "DB00679"
                },
                "name": "Thioridazine",
                "description": "The therapeutic efficacy of Amidephrine can be decreased when used in combination with Thioridazine."
            },
            {
                "drugbank-id": {
                    "primary": false,
                    "value": "DB00692"
                },
                "name": "Phentolamine",
                "description": "The therapeutic efficacy of Amidephrine can be decreased when used in combination with Phentolamine."
            },
            {
                "drugbank-id": {
                    "primary": false,
                    "value": "DB00706"
                },
                "name": "Tamsulosin",
                "description": "The therapeutic efficacy of Amidephrine can be decreased when used in combination with Tamsulosin."
            },
            {
                "drugbank-id": {
                    "primary": false,
                    "value": "DB00726"
                },
                "name": "Trimipramine",
                "description": "The therapeutic efficacy of Amidephrine can be decreased when used in combination with Trimipramine."
            },
            {
                "drugbank-id": {
                    "primary": false,
                    "value": "DB00734"
                },
                "name": "Risperidone",
                "description": "The therapeutic efficacy of Amidephrine can be decreased when used in combination with Risperidone."
            },
            {
                "drugbank-id": {
                    "primary": false,
                    "value": "DB00777"
                },
                "name": "Propiomazine",
                "description": "The therapeutic efficacy of Amidephrine can be decreased when used in combination with Propiomazine."
            },
            {
                "drugbank-id": {
                    "primary": false,
                    "value": "DB00797"
                },
                "name": "Tolazoline",
                "description": "The therapeutic efficacy of Amidephrine can be decreased when used in combination with Tolazoline."
            },
            {
                "drugbank-id": {
                    "primary": false,
                    "value": "DB00831"
                },
                "name": "Trifluoperazine",
                "description": "The therapeutic efficacy of Amidephrine can be decreased when used in combination with Trifluoperazine."
            },
            {
                "drugbank-id": {
                    "primary": false,
                    "value": "DB00875"
                },
                "name": "Flupentixol",
                "description": "The therapeutic efficacy of Amidephrine can be decreased when used in combination with Flupentixol."
            },
            {
                "drugbank-id": {
                    "primary": false,
                    "value": "DB00908"
                },
                "name": "Quinidine",
                "description": "The therapeutic efficacy of Amidephrine can be decreased when used in combination with Quinidine."
            },
            {
                "drugbank-id": {
                    "primary": false,
                    "value": "DB00925"
                },
                "name": "Phenoxybenzamine",
                "description": "The therapeutic efficacy of Amidephrine can be decreased when used in combination with Phenoxybenzamine."
            },
            {
                "drugbank-id": {
                    "primary": false,
                    "value": "DB01142"
                },
                "name": "Doxepin",
                "description": "The therapeutic efficacy of Amidephrine can be decreased when used in combination with Doxepin."
            },
            {
                "drugbank-id": {
                    "primary": false,
                    "value": "DB01162"
                },
                "name": "Terazosin",
                "description": "The therapeutic efficacy of Amidephrine can be decreased when used in combination with Terazosin."
            },
            {
                "drugbank-id": {
                    "primary": false,
                    "value": "DB01224"
                },
                "name": "Quetiapine",
                "description": "The therapeutic efficacy of Amidephrine can be decreased when used in combination with Quetiapine."
            },
            {
                "drugbank-id": {
                    "primary": false,
                    "value": "DB01238"
                },
                "name": "Aripiprazole",
                "description": "The therapeutic efficacy of Amidephrine can be decreased when used in combination with Aripiprazole."
            },
            {
                "drugbank-id": {
                    "primary": false,
                    "value": "DB01267"
                },
                "name": "Paliperidone",
                "description": "The therapeutic efficacy of Amidephrine can be decreased when used in combination with Paliperidone."
            },
            {
                "drugbank-id": {
                    "primary": false,
                    "value": "DB01403"
                },
                "name": "Methotrimeprazine",
                "description": "The therapeutic efficacy of Amidephrine can be decreased when used in combination with Methotrimeprazine."
            },
            {
                "drugbank-id": {
                    "primary": false,
                    "value": "DB01608"
                },
                "name": "Periciazine",
                "description": "The therapeutic efficacy of Amidephrine can be decreased when used in combination with Periciazine."
            },
            {
                "drugbank-id": {
                    "primary": false,
                    "value": "DB01614"
                },
                "name": "Acepromazine",
                "description": "The therapeutic efficacy of Amidephrine can be decreased when used in combination with Acepromazine."
            },
            {
                "drugbank-id": {
                    "primary": false,
                    "value": "DB01622"
                },
                "name": "Thioproperazine",
                "description": "The therapeutic efficacy of Amidephrine can be decreased when used in combination with Thioproperazine."
            },
            {
                "drugbank-id": {
                    "primary": false,
                    "value": "DB01624"
                },
                "name": "Zuclopenthixol",
                "description": "The therapeutic efficacy of Amidephrine can be decreased when used in combination with Zuclopenthixol."
            },
            {
                "drugbank-id": {
                    "primary": false,
                    "value": "DB04855"
                },
                "name": "Dronedarone",
                "description": "The therapeutic efficacy of Amidephrine can be decreased when used in combination with Dronedarone."
            },
            {
                "drugbank-id": {
                    "primary": false,
                    "value": "DB04946"
                },
                "name": "Iloperidone",
                "description": "The therapeutic efficacy of Amidephrine can be decreased when used in combination with Iloperidone."
            },
            {
                "drugbank-id": {
                    "primary": false,
                    "value": "DB06153"
                },
                "name": "Pizotifen",
                "description": "The therapeutic efficacy of Amidephrine can be decreased when used in combination with Pizotifen."
            },
            {
                "drugbank-id": {
                    "primary": false,
                    "value": "DB06207"
                },
                "name": "Silodosin",
                "description": "The therapeutic efficacy of Amidephrine can be decreased when used in combination with Silodosin."
            },
            {
                "drugbank-id": {
                    "primary": false,
                    "value": "DB06216"
                },
                "name": "Asenapine",
                "description": "The therapeutic efficacy of Amidephrine can be decreased when used in combination with Asenapine."
            },
            {
                "drugbank-id": {
                    "primary": false,
                    "value": "DB08950"
                },
                "name": "Indoramin",
                "description": "The therapeutic efficacy of Amidephrine can be decreased when used in combination with Indoramin."
            },
            {
                "drugbank-id": {
                    "primary": false,
                    "value": "DB09128"
                },
                "name": "Brexpiprazole",
                "description": "The therapeutic efficacy of Amidephrine can be decreased when used in combination with Brexpiprazole."
            },
            {
                "drugbank-id": {
                    "primary": false,
                    "value": "DB09206"
                },
                "name": "Trimazosin",
                "description": "The therapeutic efficacy of Amidephrine can be decreased when used in combination with Trimazosin."
            },
            {
                "drugbank-id": {
                    "primary": false,
                    "value": "DB09239"
                },
                "name": "Niguldipine",
                "description": "The therapeutic efficacy of Amidephrine can be decreased when used in combination with Niguldipine."
            },
            {
                "drugbank-id": {
                    "primary": false,
                    "value": "DB12230"
                },
                "name": "Bunazosin",
                "description": "The therapeutic efficacy of Amidephrine can be decreased when used in combination with Bunazosin."
            },
            {
                "drugbank-id": {
                    "primary": false,
                    "value": "DB12278"
                },
                "name": "Propiverine",
                "description": "The therapeutic efficacy of Amidephrine can be decreased when used in combination with Propiverine."
            },
            {
                "drugbank-id": {
                    "primary": false,
                    "value": "DB12661"
                },
                "name": "Urapidil",
                "description": "The therapeutic efficacy of Amidephrine can be decreased when used in combination with Urapidil."
            },
            {
                "drugbank-id": {
                    "primary": false,
                    "value": "DB14185"
                },
                "name": "Aripiprazole lauroxil",
                "description": "The therapeutic efficacy of Amidephrine can be decreased when used in combination with Aripiprazole lauroxil."
            },
            {
                "drugbank-id": {
                    "primary": false,
                    "value": "DB00344"
                },
                "name": "Protriptyline",
                "description": "The risk or severity of hypertension can be increased when Protriptyline is combined with Amidephrine."
            },
            {
                "drugbank-id": {
                    "primary": false,
                    "value": "DB01151"
                },
                "name": "Desipramine",
                "description": "The risk or severity of hypertension can be increased when Desipramine is combined with Amidephrine."
            },
            {
                "drugbank-id": {
                    "primary": false,
                    "value": "DB01242"
                },
                "name": "Clomipramine",
                "description": "The risk or severity of hypertension can be increased when Clomipramine is combined with Amidephrine."
            },
            {
                "drugbank-id": {
                    "primary": false,
                    "value": "DB04836"
                },
                "name": "Amineptine",
                "description": "The risk or severity of hypertension can be increased when Amineptine is combined with Amidephrine."
            },
            {
                "drugbank-id": {
                    "primary": false,
                    "value": "DB08996"
                },
                "name": "Dimetacrine",
                "description": "The risk or severity of hypertension can be increased when Dimetacrine is combined with Amidephrine."
            },
            {
                "drugbank-id": {
                    "primary": false,
                    "value": "DB09016"
                },
                "name": "Butriptyline",
                "description": "The risk or severity of hypertension can be increased when Butriptyline is combined with Amidephrine."
            },
            {
                "drugbank-id": {
                    "primary": false,
                    "value": "DB09167"
                },
                "name": "Dosulepin",
                "description": "The risk or severity of hypertension can be increased when Dosulepin is combined with Amidephrine."
            },
            {
                "drugbank-id": {
                    "primary": false,
                    "value": "DB09289"
                },
                "name": "Tianeptine",
                "description": "The risk or severity of hypertension can be increased when Tianeptine is combined with Amidephrine."
            },
            {
                "drugbank-id": {
                    "primary": false,
                    "value": "DB09307"
                },
                "name": "Oxaprotiline",
                "description": "The risk or severity of hypertension can be increased when Oxaprotiline is combined with Amidephrine."
            },
            {
                "drugbank-id": {
                    "primary": false,
                    "value": "DB12930"
                },
                "name": "Opipramol",
                "description": "The risk or severity of hypertension can be increased when Opipramol is combined with Amidephrine."
            },
            {
                "drugbank-id": {
                    "primary": false,
                    "value": "DB13114"
                },
                "name": "Amitriptylinoxide",
                "description": "The risk or severity of hypertension can be increased when Amitriptylinoxide is combined with Amidephrine."
            },
            {
                "drugbank-id": {
                    "primary": false,
                    "value": "DB13225"
                },
                "name": "Dibenzepin",
                "description": "The risk or severity of hypertension can be increased when Dibenzepin is combined with Amidephrine."
            },
            {
                "drugbank-id": {
                    "primary": false,
                    "value": "DB13246"
                },
                "name": "Quinupramine",
                "description": "The risk or severity of hypertension can be increased when Quinupramine is combined with Amidephrine."
            },
            {
                "drugbank-id": {
                    "primary": false,
                    "value": "DB13384"
                },
                "name": "Melitracen",
                "description": "The risk or severity of hypertension can be increased when Melitracen is combined with Amidephrine."
            },
            {
                "drugbank-id": {
                    "primary": false,
                    "value": "DB13411"
                },
                "name": "Lofepramine",
                "description": "The risk or severity of hypertension can be increased when Lofepramine is combined with Amidephrine."
            },
            {
                "drugbank-id": {
                    "primary": false,
                    "value": "DB13496"
                },
                "name": "Iprindole",
                "description": "The risk or severity of hypertension can be increased when Iprindole is combined with Amidephrine."
            },
            {
                "drugbank-id": {
                    "primary": false,
                    "value": "DB13782"
                },
                "name": "Imipramine oxide",
                "description": "The risk or severity of hypertension can be increased when Imipramine oxide is combined with Amidephrine."
            },
            {
                "drugbank-id": {
                    "primary": false,
                    "value": "DB00598"
                },
                "name": "Labetalol",
                "description": "The therapeutic efficacy of Amidephrine can be decreased when used in combination with Labetalol."
            },
            {
                "drugbank-id": {
                    "primary": false,
                    "value": "DB01136"
                },
                "name": "Carvedilol",
                "description": "The therapeutic efficacy of Amidephrine can be decreased when used in combination with Carvedilol."
            },
            {
                "drugbank-id": {
                    "primary": false,
                    "value": "DB01295"
                },
                "name": "Bevantolol",
                "description": "The therapeutic efficacy of Amidephrine can be decreased when used in combination with Bevantolol."
            },
            {
                "drugbank-id": {
                    "primary": false,
                    "value": "DB12752"
                },
                "name": "Bucindolol",
                "description": "The therapeutic efficacy of Amidephrine can be decreased when used in combination with Bucindolol."
            },
            {
                "drugbank-id": {
                    "primary": false,
                    "value": "DB00187"
                },
                "name": "Esmolol",
                "description": "The therapeutic efficacy of Amidephrine can be decreased when used in combination with Esmolol."
            },
            {
                "drugbank-id": {
                    "primary": false,
                    "value": "DB00195"
                },
                "name": "Betaxolol",
                "description": "The therapeutic efficacy of Amidephrine can be decreased when used in combination with Betaxolol."
            },
            {
                "drugbank-id": {
                    "primary": false,
                    "value": "DB00264"
                },
                "name": "Metoprolol",
                "description": "The therapeutic efficacy of Amidephrine can be decreased when used in combination with Metoprolol."
            },
            {
                "drugbank-id": {
                    "primary": false,
                    "value": "DB00335"
                },
                "name": "Atenolol",
                "description": "The therapeutic efficacy of Amidephrine can be decreased when used in combination with Atenolol."
            },
            {
                "drugbank-id": {
                    "primary": false,
                    "value": "DB00373"
                },
                "name": "Timolol",
                "description": "The therapeutic efficacy of Amidephrine can be decreased when used in combination with Timolol."
            },
            {
                "drugbank-id": {
                    "primary": false,
                    "value": "DB00489"
                },
                "name": "Sotalol",
                "description": "The therapeutic efficacy of Amidephrine can be decreased when used in combination with Sotalol."
            },
            {
                "drugbank-id": {
                    "primary": false,
                    "value": "DB00571"
                },
                "name": "Propranolol",
                "description": "The therapeutic efficacy of Amidephrine can be decreased when used in combination with Propranolol."
            },
            {
                "drugbank-id": {
                    "primary": false,
                    "value": "DB00612"
                },
                "name": "Bisoprolol",
                "description": "The therapeutic efficacy of Amidephrine can be decreased when used in combination with Bisoprolol."
            },
            {
                "drugbank-id": {
                    "primary": false,
                    "value": "DB00866"
                },
                "name": "Alprenolol",
                "description": "The therapeutic efficacy of Amidephrine can be decreased when used in combination with Alprenolol."
            },
            {
                "drugbank-id": {
                    "primary": false,
                    "value": "DB00960"
                },
                "name": "Pindolol",
                "description": "The therapeutic efficacy of Amidephrine can be decreased when used in combination with Pindolol."
            },
            {
                "drugbank-id": {
                    "primary": false,
                    "value": "DB01182"
                },
                "name": "Propafenone",
                "description": "The therapeutic efficacy of Amidephrine can be decreased when used in combination with Propafenone."
            },
            {
                "drugbank-id": {
                    "primary": false,
                    "value": "DB01193"
                },
                "name": "Acebutolol",
                "description": "The therapeutic efficacy of Amidephrine can be decreased when used in combination with Acebutolol."
            },
            {
                "drugbank-id": {
                    "primary": false,
                    "value": "DB01203"
                },
                "name": "Nadolol",
                "description": "The therapeutic efficacy of Amidephrine can be decreased when used in combination with Nadolol."
            },
            {
                "drugbank-id": {
                    "primary": false,
                    "value": "DB01297"
                },
                "name": "Practolol",
                "description": "The therapeutic efficacy of Amidephrine can be decreased when used in combination with Practolol."
            },
            {
                "drugbank-id": {
                    "primary": false,
                    "value": "DB01359"
                },
                "name": "Penbutolol",
                "description": "The therapeutic efficacy of Amidephrine can be decreased when used in combination with Penbutolol."
            },
            {
                "drugbank-id": {
                    "primary": false,
                    "value": "DB01580"
                },
                "name": "Oxprenolol",
                "description": "The therapeutic efficacy of Amidephrine can be decreased when used in combination with Oxprenolol."
            },
            {
                "drugbank-id": {
                    "primary": false,
                    "value": "DB03322"
                },
                "name": "Dexpropranolol",
                "description": "The therapeutic efficacy of Amidephrine can be decreased when used in combination with Dexpropranolol."
            },
            {
                "drugbank-id": {
                    "primary": false,
                    "value": "DB04846"
                },
                "name": "Celiprolol",
                "description": "The therapeutic efficacy of Amidephrine can be decreased when used in combination with Celiprolol."
            },
            {
                "drugbank-id": {
                    "primary": false,
                    "value": "DB04861"
                },
                "name": "Nebivolol",
                "description": "The therapeutic efficacy of Amidephrine can be decreased when used in combination with Nebivolol."
            },
            {
                "drugbank-id": {
                    "primary": false,
                    "value": "DB06726"
                },
                "name": "Bufuralol",
                "description": "The therapeutic efficacy of Amidephrine can be decreased when used in combination with Bufuralol."
            },
            {
                "drugbank-id": {
                    "primary": false,
                    "value": "DB08807"
                },
                "name": "Bopindolol",
                "description": "The therapeutic efficacy of Amidephrine can be decreased when used in combination with Bopindolol."
            },
            {
                "drugbank-id": {
                    "primary": false,
                    "value": "DB08808"
                },
                "name": "Bupranolol",
                "description": "The therapeutic efficacy of Amidephrine can be decreased when used in combination with Bupranolol."
            },
            {
                "drugbank-id": {
                    "primary": false,
                    "value": "DB08952"
                },
                "name": "Indenolol",
                "description": "The therapeutic efficacy of Amidephrine can be decreased when used in combination with Indenolol."
            },
            {
                "drugbank-id": {
                    "primary": false,
                    "value": "DB09204"
                },
                "name": "Arotinolol",
                "description": "The therapeutic efficacy of Amidephrine can be decreased when used in combination with Arotinolol."
            },
            {
                "drugbank-id": {
                    "primary": false,
                    "value": "DB09351"
                },
                "name": "Levobetaxolol",
                "description": "The therapeutic efficacy of Amidephrine can be decreased when used in combination with Levobetaxolol."
            },
            {
                "drugbank-id": {
                    "primary": false,
                    "value": "DB11770"
                },
                "name": "Talinolol",
                "description": "The therapeutic efficacy of Amidephrine can be decreased when used in combination with Talinolol."
            },
            {
                "drugbank-id": {
                    "primary": false,
                    "value": "DB11785"
                },
                "name": "Anisodamine",
                "description": "The therapeutic efficacy of Amidephrine can be decreased when used in combination with Anisodamine."
            },
            {
                "drugbank-id": {
                    "primary": false,
                    "value": "DB12212"
                },
                "name": "Landiolol",
                "description": "The therapeutic efficacy of Amidephrine can be decreased when used in combination with Landiolol."
            },
            {
                "drugbank-id": {
                    "primary": false,
                    "value": "DB13443"
                },
                "name": "Esatenolol",
                "description": "The therapeutic efficacy of Amidephrine can be decreased when used in combination with Esatenolol."
            },
            {
                "drugbank-id": {
                    "primary": false,
                    "value": "DB13508"
                },
                "name": "Cloranolol",
                "description": "The therapeutic efficacy of Amidephrine can be decreased when used in combination with Cloranolol."
            },
            {
                "drugbank-id": {
                    "primary": false,
                    "value": "DB13530"
                },
                "name": "Mepindolol",
                "description": "The therapeutic efficacy of Amidephrine can be decreased when used in combination with Mepindolol."
            },
            {
                "drugbank-id": {
                    "primary": false,
                    "value": "DB13757"
                },
                "name": "Epanolol",
                "description": "The therapeutic efficacy of Amidephrine can be decreased when used in combination with Epanolol."
            },
            {
                "drugbank-id": {
                    "primary": false,
                    "value": "DB13775"
                },
                "name": "Tertatolol",
                "description": "The therapeutic efficacy of Amidephrine can be decreased when used in combination with Tertatolol."
            },
            {
                "drugbank-id": {
                    "primary": false,
                    "value": "DB00226"
                },
                "name": "Guanadrel",
                "description": "The therapeutic efficacy of Amidephrine can be decreased when used in combination with Guanadrel."
            },
            {
                "drugbank-id": {
                    "primary": false,
                    "value": "DB00370"
                },
                "name": "Mirtazapine",
                "description": "The therapeutic efficacy of Amidephrine can be decreased when used in combination with Mirtazapine."
            },
            {
                "drugbank-id": {
                    "primary": false,
                    "value": "DB00392"
                },
                "name": "Profenamine",
                "description": "The therapeutic efficacy of Amidephrine can be decreased when used in combination with Profenamine."
            },
            {
                "drugbank-id": {
                    "primary": false,
                    "value": "DB01126"
                },
                "name": "Dutasteride",
                "description": "The therapeutic efficacy of Amidephrine can be decreased when used in combination with Dutasteride."
            },
            {
                "drugbank-id": {
                    "primary": false,
                    "value": "DB01158"
                },
                "name": "Bretylium",
                "description": "The therapeutic efficacy of Amidephrine can be decreased when used in combination with Bretylium."
            },
            {
                "drugbank-id": {
                    "primary": false,
                    "value": "DB01170"
                },
                "name": "Guanethidine",
                "description": "The therapeutic efficacy of Amidephrine can be decreased when used in combination with Guanethidine."
            },
            {
                "drugbank-id": {
                    "primary": false,
                    "value": "DB01392"
                },
                "name": "Yohimbine",
                "description": "The therapeutic efficacy of Amidephrine can be decreased when used in combination with Yohimbine."
            },
            {
                "drugbank-id": {
                    "primary": false,
                    "value": "DB04581"
                },
                "name": "1-benzylimidazole",
                "description": "The therapeutic efficacy of Amidephrine can be decreased when used in combination with 1-benzylimidazole."
            },
            {
                "drugbank-id": {
                    "primary": false,
                    "value": "DB06678"
                },
                "name": "Esmirtazapine",
                "description": "The therapeutic efficacy of Amidephrine can be decreased when used in combination with Esmirtazapine."
            },
            {
                "drugbank-id": {
                    "primary": false,
                    "value": "DB08815"
                },
                "name": "Lurasidone",
                "description": "The therapeutic efficacy of Amidephrine can be decreased when used in combination with Lurasidone."
            },
            {
                "drugbank-id": {
                    "primary": false,
                    "value": "DB08954"
                },
                "name": "Ifenprodil",
                "description": "The therapeutic efficacy of Amidephrine can be decreased when used in combination with Ifenprodil."
            },
            {
                "drugbank-id": {
                    "primary": false,
                    "value": "DB09205"
                },
                "name": "Moxisylyte",
                "description": "The therapeutic efficacy of Amidephrine can be decreased when used in combination with Moxisylyte."
            },
            {
                "drugbank-id": {
                    "primary": false,
                    "value": "DB11481"
                },
                "name": "Atipamezole",
                "description": "The therapeutic efficacy of Amidephrine can be decreased when used in combination with Atipamezole."
            },
            {
                "drugbank-id": {
                    "primary": false,
                    "value": "DB12057"
                },
                "name": "ORM-12741",
                "description": "The therapeutic efficacy of Amidephrine can be decreased when used in combination with ORM-12741."
            },
            {
                "drugbank-id": {
                    "primary": false,
                    "value": "DB12092"
                },
                "name": "Naftopidil",
                "description": "The therapeutic efficacy of Amidephrine can be decreased when used in combination with Naftopidil."
            },
            {
                "drugbank-id": {
                    "primary": false,
                    "value": "DB12551"
                },
                "name": "Idazoxan",
                "description": "The therapeutic efficacy of Amidephrine can be decreased when used in combination with Idazoxan."
            },
            {
                "drugbank-id": {
                    "primary": false,
                    "value": "DB13510"
                },
                "name": "Buflomedil",
                "description": "The therapeutic efficacy of Amidephrine can be decreased when used in combination with Buflomedil."
            },
            {
                "drugbank-id": {
                    "primary": false,
                    "value": "DB00983"
                },
                "name": "Formoterol",
                "description": "Amidephrine may increase the sympathomimetic activities of Formoterol."
            }
        ]
    },
    "calculated-properties": {
        "property": [
            {
                "kind": "logP",
                "value": "-1.2",
                "source": "ChemAxon"
            },
            {
                "kind": "IUPAC Name",
                "value": "N-{3-[1-hydroxy-2-(methylamino)ethyl]phenyl}methanesulfonamide",
                "source": "ChemAxon"
            },
            {
                "kind": "Traditional IUPAC Name",
                "value": "disodium dexamethasone phosphate(2-)",
                "source": "ChemAxon"
            },
            {
                "kind": "Molecular Weight",
                "value": "244.31",
                "source": "ChemAxon"
            },
            {
                "kind": "Monoisotopic Weight",
                "value": "244.088163557",
                "source": "ChemAxon"
            },
            {
                "kind": "SMILES",
                "value": "CNCC(O)C1=CC(NS(C)(=O)=O)=CC=C1",
                "source": "ChemAxon"
            },
            {
                "kind": "Molecular Formula",
                "value": "C10H16N2O3S",
                "source": "ChemAxon"
            },
            {
                "kind": "InChI",
                "value": "InChI=1S/C10H16N2O3S/c1-11-7-10(13)8-4-3-5-9(6-8)12-16(2,14)15/h3-6,10-13H,7H2,1-2H3",
                "source": "ChemAxon"
            },
            {
                "kind": "InChIKey",
                "value": "ZHOWHMXTJFZXRB-UHFFFAOYSA-N",
                "source": "ChemAxon"
            },
            {
                "kind": "Polar Surface Area (PSA)",
                "value": "78.43",
                "source": "ChemAxon"
            },
            {
                "kind": "Refractivity",
                "value": "61.95",
                "source": "ChemAxon"
            },
            {
                "kind": "Polarizability",
                "value": "25.2",
                "source": "ChemAxon"
            },
            {
                "kind": "Rotatable Bond Count",
                "value": "4",
                "source": "ChemAxon"
            },
            {
                "kind": "H Bond Acceptor Count",
                "value": "4",
                "source": "ChemAxon"
            },
            {
                "kind": "H Bond Donor Count",
                "value": "3",
                "source": "ChemAxon"
            },
            {
                "kind": "pKa (strongest acidic)",
                "value": "9.91",
                "source": "ChemAxon"
            },
            {
                "kind": "pKa (strongest basic)",
                "value": "9.25",
                "source": "ChemAxon"
            },
            {
                "kind": "Physiological Charge",
                "value": "1",
                "source": "ChemAxon"
            },
            {
                "kind": "Number of Rings",
                "value": "1",
                "source": "ChemAxon"
            },
            {
                "kind": "Bioavailability",
                "value": "1",
                "source": "ChemAxon"
            },
            {
                "kind": "Rule of Five",
                "value": "1",
                "source": "ChemAxon"
            },
            {
                "kind": "Ghose Filter",
                "value": "0",
                "source": "ChemAxon"
            },
            {
                "kind": "MDDR-Like Rule",
                "value": "0",
                "source": "ChemAxon"
            }
        ]
    },
    "experimental-properties": null,
    "external-identifiers": {
        "external-identifier": [
            {
                "resource": "ChEBI",
                "identifier": "134994"
            },
            {
                "resource": "ChemSpider",
                "identifier": "14288"
            },
            {
                "resource": "Wikipedia",
                "identifier": "Amidephrine"
            },
            {
                "resource": "ChEMBL",
                "identifier": "CHEMBL146408"
            }
        ]
    },
    "external-links": null,
    "pathways": null,
    "reactions": null,
    "snp-effects": null,
    "snp-adverse-drug-reactions": null,
    "targets": null,
    "enzymes": null,
    "carriers": null,
    "transporters": null
}