{
    "type": "small molecule",
    "created": "2020-12-15",
    "updated": "2020-12-20",
    "drugbank-id": [
        {
            "primary": true,
            "value": "DB16204"
        }
    ],
    "name": "Isoquinoline, 7-(2-(3,6-dihydro-4-(3-(trifluoromethyl)phenyl)-1(2h)-pyridinyl)ethyl)-",
    "description": "Isoquinoline, 7-(2-(3,6-dihydro-4-(3-(trifluoromethyl)phenyl)-1(2h)-pyridinyl)ethyl)- is under investigation in clinical trial NCT00545454 (Activity and Safety of Oral Administration of SSR150106XB for the Reduction of Inflammation in Patients With Active Rheumatoid Arthritis).",
    "cas-number": "335267-09-9",
    "unii": "5WX0OAF07I",
    "average-mass": 382.43,
    "monoisotopic-mass": 382.165683173,
    "groups": {
        "group": [
            "investigational"
        ]
    },
    "general-references": {
        "articles": null,
        "textbooks": null,
        "links": null,
        "attachments": null
    },
    "synthesis-reference": null,
    "indication": null,
    "pharmacodynamics": null,
    "mechanism-of-action": null,
    "toxicity": null,
    "metabolism": null,
    "absorption": null,
    "half-life": null,
    "protein-binding": null,
    "route-of-elimination": null,
    "volume-of-distribution": null,
    "clearance": null,
    "salts": null,
    "synonyms": null,
    "products": null,
    "international-brands": null,
    "mixtures": null,
    "packagers": null,
    "manufacturers": null,
    "prices": null,
    "categories": null,
    "affected-organisms": null,
    "dosages": null,
    "atc-codes": null,
    "ahfs-codes": null,
    "pdb-entries": null,
    "patents": null,
    "food-interactions": null,
    "drug-interactions": null,
    "calculated-properties": {
        "property": [
            {
                "kind": "logP",
                "value": "5.02",
                "source": "ALOGPS"
            },
            {
                "kind": "logS",
                "value": "-5.6",
                "source": "ALOGPS"
            },
            {
                "kind": "Water Solubility",
                "value": "1.06e-03 g/l",
                "source": "ALOGPS"
            },
            {
                "kind": "logP",
                "value": "5.01",
                "source": "ChemAxon"
            },
            {
                "kind": "IUPAC Name",
                "value": "7-(2-{4-[3-(trifluoromethyl)phenyl]-1,2,3,6-tetrahydropyridin-1-yl}ethyl)isoquinoline",
                "source": "ChemAxon"
            },
            {
                "kind": "Traditional IUPAC Name",
                "value": "2-methoxy-4-[(1E)-3-[4-(nitrooxy)butoxy]-3-oxoprop-1-en-1-yl]phenyl (4R)-4-[(1R,3aS,3bR,4S,5aS,7R,9aS,9bS,11aR)-4,7-dihydroxy-9a,11a-dimethyl-tetradecahydro-1H-cyclopenta[a]phenanthren-1-yl]pentanoate",
                "source": "ChemAxon"
            },
            {
                "kind": "Molecular Weight",
                "value": "382.43",
                "source": "ChemAxon"
            },
            {
                "kind": "Monoisotopic Weight",
                "value": "382.165683173",
                "source": "ChemAxon"
            },
            {
                "kind": "SMILES",
                "value": "FC(F)(F)C1=CC(=CC=C1)C1=CCN(CCC2=CC3=C(C=CN=C3)C=C2)CC1",
                "source": "ChemAxon"
            },
            {
                "kind": "Molecular Formula",
                "value": "C23H21F3N2",
                "source": "ChemAxon"
            },
            {
                "kind": "InChI",
                "value": "InChI=1S/C23H21F3N2/c24-23(25,26)22-3-1-2-20(15-22)19-8-12-28(13-9-19)11-7-17-4-5-18-6-10-27-16-21(18)14-17/h1-6,8,10,14-16H,7,9,11-13H2",
                "source": "ChemAxon"
            },
            {
                "kind": "InChIKey",
                "value": "ZXXHOPNSTZKWRI-UHFFFAOYSA-N",
                "source": "ChemAxon"
            },
            {
                "kind": "Polar Surface Area (PSA)",
                "value": "16.13",
                "source": "ChemAxon"
            },
            {
                "kind": "Refractivity",
                "value": "107.1",
                "source": "ChemAxon"
            },
            {
                "kind": "Polarizability",
                "value": "38.97",
                "source": "ChemAxon"
            },
            {
                "kind": "Rotatable Bond Count",
                "value": "5",
                "source": "ChemAxon"
            },
            {
                "kind": "H Bond Acceptor Count",
                "value": "2",
                "source": "ChemAxon"
            },
            {
                "kind": "H Bond Donor Count",
                "value": "0",
                "source": "ChemAxon"
            },
            {
                "kind": "pKa (strongest basic)",
                "value": "8.87",
                "source": "ChemAxon"
            },
            {
                "kind": "Physiological Charge",
                "value": "1",
                "source": "ChemAxon"
            },
            {
                "kind": "Number of Rings",
                "value": "4",
                "source": "ChemAxon"
            },
            {
                "kind": "Bioavailability",
                "value": "1",
                "source": "ChemAxon"
            },
            {
                "kind": "Rule of Five",
                "value": "0",
                "source": "ChemAxon"
            },
            {
                "kind": "Ghose Filter",
                "value": "1",
                "source": "ChemAxon"
            },
            {
                "kind": "MDDR-Like Rule",
                "value": "0",
                "source": "ChemAxon"
            }
        ]
    },
    "experimental-properties": null,
    "external-identifiers": {
        "external-identifier": [
            {
                "resource": "ChemSpider",
                "identifier": "8018660"
            },
            {
                "resource": "ChEMBL",
                "identifier": "CHEMBL4297498"
            }
        ]
    },
    "external-links": null,
    "pathways": null,
    "reactions": null,
    "snp-effects": null,
    "snp-adverse-drug-reactions": null,
    "targets": null,
    "enzymes": null,
    "carriers": null,
    "transporters": null
}