{
    "type": "biotech",
    "created": "2020-12-15",
    "updated": "2020-12-20",
    "drugbank-id": [
        {
            "primary": true,
            "value": "DB16307"
        }
    ],
    "name": "A-dmDT390-bisFv(UCHT1)",
    "description": "A-dmDT390-bisFv(UCHT1) is under investigation in clinical trial NCT02943642 (Safety and Effectiveness of A-dmdt390-bisfv(ucht1) Fusion Protein in Subjects With Mycosis Fungoides).",
    "cas-number": "1470038-56-2",
    "unii": "P7MQ9ZOQ82",
    "groups": {
        "group": [
            "investigational"
        ]
    },
    "general-references": {
        "articles": null,
        "textbooks": null,
        "links": null,
        "attachments": null
    },
    "synthesis-reference": null,
    "indication": null,
    "pharmacodynamics": null,
    "mechanism-of-action": null,
    "toxicity": null,
    "metabolism": null,
    "absorption": null,
    "half-life": null,
    "protein-binding": null,
    "route-of-elimination": null,
    "volume-of-distribution": null,
    "clearance": null,
    "salts": null,
    "synonyms": {
        "synonym": [
            {
                "language": "english",
                "coder": "",
                "value": "Anti-cd3 immunotoxin a-dmdt390-bisfv(ucht1)"
            },
            {
                "language": "english",
                "coder": "",
                "value": "Recombinant anti-cdr-bi-single-chain-fv-diphtheria toxin fusion protein"
            },
            {
                "language": "english",
                "coder": "",
                "value": "Recombinant anti-cdr-bi-single-chain-fv-diptheria toxin fusion protein"
            },
            {
                "language": "english",
                "coder": "",
                "value": "Resimmune"
            }
        ]
    },
    "products": null,
    "international-brands": null,
    "mixtures": null,
    "packagers": null,
    "manufacturers": null,
    "prices": null,
    "categories": null,
    "affected-organisms": null,
    "dosages": null,
    "atc-codes": null,
    "ahfs-codes": null,
    "pdb-entries": null,
    "patents": null,
    "food-interactions": null,
    "drug-interactions": null,
    "sequences": null,
    "experimental-properties": null,
    "external-identifiers": null,
    "external-links": null,
    "pathways": null,
    "reactions": null,
    "snp-effects": null,
    "snp-adverse-drug-reactions": null,
    "targets": null,
    "enzymes": null,
    "carriers": null,
    "transporters": null
}