{
    "type": "biotech",
    "created": "2020-12-15",
    "updated": "2021-02-21",
    "drugbank-id": [
        {
            "primary": true,
            "value": "DB16352"
        }
    ],
    "name": "Vonlerolizumab",
    "description": "Vonlerolizumab is under investigation in clinical trial NCT03029832 (A Study of MOXR0916 in Combination With Atezolizumab Versus Atezolizumab Alone in Participants With Untreated Locally Advanced or Metastatic Urothelial Carcinoma Who Are Ineligible for Cisplatin-based Therapy).",
    "cas-number": "1638935-72-4",
    "unii": "C78148TF1D",
    "groups": {
        "group": [
            "investigational"
        ]
    },
    "general-references": {
        "articles": null,
        "textbooks": null,
        "links": null,
        "attachments": null
    },
    "synthesis-reference": null,
    "indication": null,
    "pharmacodynamics": null,
    "mechanism-of-action": null,
    "toxicity": null,
    "metabolism": null,
    "absorption": null,
    "half-life": null,
    "protein-binding": null,
    "route-of-elimination": null,
    "volume-of-distribution": null,
    "clearance": null,
    "salts": null,
    "synonyms": {
        "synonym": [
            {
                "language": "english",
                "coder": "",
                "value": "Immunoglobulin g1-kappa, anti-(homo sapiens tnfrsf4(tumor necrosis factor receptor (tnfr) superfamily member 4, act35, ox40, cd134)), humanized monoclonal antibody"
            },
            {
                "language": "english",
                "coder": "",
                "value": "Immunoglobulin g1-kappa, anti-(human tumor necrosis factor receptor superfamily member 4 (act35 antigen, ox40l receptor, cd134 antigen))humanized mouse monoclonal antibody: .gamma.1 heavy chain (1-447) (humanized mouse vh (homo sapiens ighv1-46*01 (81%)"
            },
            {
                "language": "english",
                "coder": "",
                "value": "Pogalizumab"
            },
            {
                "language": "english",
                "coder": "inn/usan",
                "value": "Vonlerolizumab"
            }
        ]
    },
    "products": null,
    "international-brands": null,
    "mixtures": null,
    "packagers": null,
    "manufacturers": null,
    "prices": null,
    "categories": {
        "category": [
            {
                "category": "Amino Acids, Peptides, and Proteins",
                "mesh-id": "D000602"
            },
            {
                "category": "Antibodies, Monoclonal",
                "mesh-id": "D000911"
            },
            {
                "category": "Antibodies, Monoclonal, Humanized",
                "mesh-id": "D061067"
            },
            {
                "category": "Blood Proteins",
                "mesh-id": "D001798"
            },
            {
                "category": "Immunoglobulins",
                "mesh-id": "D007136"
            },
            {
                "category": "Proteins",
                "mesh-id": "D011506"
            },
            {
                "category": "Serum Globulins",
                "mesh-id": "D012712"
            }
        ]
    },
    "affected-organisms": null,
    "dosages": null,
    "atc-codes": null,
    "ahfs-codes": null,
    "pdb-entries": null,
    "patents": null,
    "food-interactions": null,
    "drug-interactions": null,
    "sequences": null,
    "experimental-properties": null,
    "external-identifiers": null,
    "external-links": null,
    "pathways": null,
    "reactions": null,
    "snp-effects": null,
    "snp-adverse-drug-reactions": null,
    "targets": null,
    "enzymes": null,
    "carriers": null,
    "transporters": null
}