{
    "type": "small molecule",
    "created": "2020-12-15",
    "updated": "2020-12-20",
    "drugbank-id": [
        {
            "primary": true,
            "value": "DB16292"
        }
    ],
    "name": "Perfluorodecalin",
    "description": "Perfluorodecalin is under investigation in clinical trial NCT03668665 (Influencing Wound Healing Through the Application of Hyaluronic Acid With Perfluorodecalin and Physalis Angulata Extract After Split Skin Removal From the Thigh - a Study in \"Split Wound Design\").",
    "cas-number": "306-94-5",
    "unii": "54A06VV62N",
    "average-mass": 462.081,
    "monoisotopic-mass": 461.971256934,
    "groups": {
        "group": [
            "investigational"
        ]
    },
    "general-references": {
        "articles": null,
        "textbooks": null,
        "links": null,
        "attachments": null
    },
    "synthesis-reference": null,
    "indication": null,
    "pharmacodynamics": null,
    "mechanism-of-action": null,
    "toxicity": null,
    "metabolism": null,
    "absorption": null,
    "half-life": null,
    "protein-binding": null,
    "route-of-elimination": null,
    "volume-of-distribution": null,
    "clearance": null,
    "salts": null,
    "synonyms": {
        "synonym": [
            {
                "language": "english",
                "coder": "",
                "value": "Acri-deca"
            },
            {
                "language": "english",
                "coder": "",
                "value": "Fluosol da perfluorodecalin"
            },
            {
                "language": "english",
                "coder": "",
                "value": "Octadecafluorodecahydronaphthalene"
            },
            {
                "language": "english",
                "coder": "",
                "value": "Perflunafene"
            },
            {
                "language": "english",
                "coder": "",
                "value": "Perfluorodecalin"
            },
            {
                "language": "english",
                "coder": "",
                "value": "Perftoran component perfluorodecalin"
            }
        ]
    },
    "products": null,
    "international-brands": null,
    "mixtures": null,
    "packagers": null,
    "manufacturers": null,
    "prices": null,
    "categories": {
        "category": [
            {
                "category": "Blood Substitutes",
                "mesh-id": "D001802"
            },
            {
                "category": "Hydrocarbons, Fluorinated",
                "mesh-id": "D006845"
            },
            {
                "category": "Hydrocarbons, Halogenated",
                "mesh-id": "D006846"
            },
            {
                "category": "Plasma Substitutes",
                "mesh-id": "D010952"
            }
        ]
    },
    "affected-organisms": null,
    "dosages": null,
    "atc-codes": null,
    "ahfs-codes": null,
    "pdb-entries": null,
    "patents": null,
    "food-interactions": null,
    "drug-interactions": null,
    "calculated-properties": {
        "property": [
            {
                "kind": "logP",
                "value": "4.27",
                "source": "ALOGPS"
            },
            {
                "kind": "logS",
                "value": "-3.9",
                "source": "ALOGPS"
            },
            {
                "kind": "Water Solubility",
                "value": "5.64e-02 g/l",
                "source": "ALOGPS"
            },
            {
                "kind": "logP",
                "value": "5.8",
                "source": "ChemAxon"
            },
            {
                "kind": "IUPAC Name",
                "value": "octadecafluoro-decahydronaphthalene",
                "source": "ChemAxon"
            },
            {
                "kind": "Traditional IUPAC Name",
                "value": "2-methoxy-4-[(1E)-3-[4-(nitrooxy)butoxy]-3-oxoprop-1-en-1-yl]phenyl (4R)-4-[(1R,3aS,3bR,4S,5aS,7R,9aS,9bS,11aR)-4,7-dihydroxy-9a,11a-dimethyl-tetradecahydro-1H-cyclopenta[a]phenanthren-1-yl]pentanoate",
                "source": "ChemAxon"
            },
            {
                "kind": "Molecular Weight",
                "value": "462.081",
                "source": "ChemAxon"
            },
            {
                "kind": "Monoisotopic Weight",
                "value": "461.971256934",
                "source": "ChemAxon"
            },
            {
                "kind": "SMILES",
                "value": "FC1(F)C(F)(F)C(F)(F)C2(F)C(F)(F)C(F)(F)C(F)(F)C(F)(F)C2(F)C1(F)F",
                "source": "ChemAxon"
            },
            {
                "kind": "Molecular Formula",
                "value": "C10F18",
                "source": "ChemAxon"
            },
            {
                "kind": "InChI",
                "value": "InChI=1S/C10F18/c11-1-2(12,5(17,18)9(25,26)7(21,22)3(1,13)14)6(19,20)10(27,28)8(23,24)4(1,15)16",
                "source": "ChemAxon"
            },
            {
                "kind": "InChIKey",
                "value": "UWEYRJFJVCLAGH-UHFFFAOYSA-N",
                "source": "ChemAxon"
            },
            {
                "kind": "Polar Surface Area (PSA)",
                "value": "0",
                "source": "ChemAxon"
            },
            {
                "kind": "Refractivity",
                "value": "43.7",
                "source": "ChemAxon"
            },
            {
                "kind": "Polarizability",
                "value": "19.62",
                "source": "ChemAxon"
            },
            {
                "kind": "Rotatable Bond Count",
                "value": "0",
                "source": "ChemAxon"
            },
            {
                "kind": "H Bond Acceptor Count",
                "value": "0",
                "source": "ChemAxon"
            },
            {
                "kind": "H Bond Donor Count",
                "value": "0",
                "source": "ChemAxon"
            },
            {
                "kind": "Physiological Charge",
                "value": "0",
                "source": "ChemAxon"
            },
            {
                "kind": "Number of Rings",
                "value": "2",
                "source": "ChemAxon"
            },
            {
                "kind": "Bioavailability",
                "value": "1",
                "source": "ChemAxon"
            },
            {
                "kind": "Rule of Five",
                "value": "0",
                "source": "ChemAxon"
            },
            {
                "kind": "Ghose Filter",
                "value": "0",
                "source": "ChemAxon"
            },
            {
                "kind": "MDDR-Like Rule",
                "value": "0",
                "source": "ChemAxon"
            }
        ]
    },
    "experimental-properties": null,
    "external-identifiers": {
        "external-identifier": [
            {
                "resource": "ChEBI",
                "identifier": "38848"
            },
            {
                "resource": "ChemSpider",
                "identifier": "13888074"
            },
            {
                "resource": "Wikipedia",
                "identifier": "Perfluorodecalin"
            },
            {
                "resource": "ChEMBL",
                "identifier": "CHEMBL1371129"
            },
            {
                "resource": "ZINC",
                "identifier": "ZINC000006827619"
            },
            {
                "resource": "RxCUI",
                "identifier": "2462501"
            }
        ]
    },
    "external-links": null,
    "pathways": null,
    "reactions": null,
    "snp-effects": null,
    "snp-adverse-drug-reactions": null,
    "targets": null,
    "enzymes": null,
    "carriers": null,
    "transporters": null
}