{
    "type": "small molecule",
    "created": "2020-12-15",
    "updated": "2020-12-20",
    "drugbank-id": [
        {
            "primary": true,
            "value": "DB16182"
        }
    ],
    "name": "CXD101",
    "description": "CXD101 is under investigation in clinical trial NCT03873025 (A Study of CXD101 in Combination With Pembrolizumab for Relapsed or Refractory Diffuse Large B-cell Lymphoma).",
    "cas-number": "934828-12-3",
    "unii": "5TNV87ICD2",
    "average-mass": 403.53,
    "monoisotopic-mass": 403.237210574,
    "groups": {
        "group": [
            "investigational"
        ]
    },
    "general-references": {
        "articles": null,
        "textbooks": null,
        "links": null,
        "attachments": null
    },
    "synthesis-reference": null,
    "indication": null,
    "pharmacodynamics": null,
    "mechanism-of-action": null,
    "toxicity": null,
    "metabolism": null,
    "absorption": null,
    "half-life": null,
    "protein-binding": null,
    "route-of-elimination": null,
    "volume-of-distribution": null,
    "clearance": null,
    "salts": null,
    "synonyms": {
        "synonym": [
            {
                "language": "english",
                "coder": "",
                "value": "Hdac inhibitor cxd101"
            },
            {
                "language": "english",
                "coder": "",
                "value": "Hdac-in-4"
            }
        ]
    },
    "products": null,
    "international-brands": null,
    "mixtures": null,
    "packagers": null,
    "manufacturers": null,
    "prices": null,
    "categories": null,
    "affected-organisms": null,
    "dosages": null,
    "atc-codes": null,
    "ahfs-codes": null,
    "pdb-entries": null,
    "patents": null,
    "food-interactions": null,
    "drug-interactions": null,
    "calculated-properties": {
        "property": [
            {
                "kind": "logP",
                "value": "3.56",
                "source": "ALOGPS"
            },
            {
                "kind": "logS",
                "value": "-4.4",
                "source": "ALOGPS"
            },
            {
                "kind": "Water Solubility",
                "value": "1.44e-02 g/l",
                "source": "ALOGPS"
            },
            {
                "kind": "logP",
                "value": "3.01",
                "source": "ChemAxon"
            },
            {
                "kind": "IUPAC Name",
                "value": "N-(2-aminophenyl)-4-{1-[(1,3-dimethyl-1H-pyrazol-4-yl)methyl]piperidin-4-yl}benzamide",
                "source": "ChemAxon"
            },
            {
                "kind": "Traditional IUPAC Name",
                "value": "2-methoxy-4-[(1E)-3-[4-(nitrooxy)butoxy]-3-oxoprop-1-en-1-yl]phenyl (4R)-4-[(1R,3aS,3bR,4S,5aS,7R,9aS,9bS,11aR)-4,7-dihydroxy-9a,11a-dimethyl-tetradecahydro-1H-cyclopenta[a]phenanthren-1-yl]pentanoate",
                "source": "ChemAxon"
            },
            {
                "kind": "Molecular Weight",
                "value": "403.53",
                "source": "ChemAxon"
            },
            {
                "kind": "Monoisotopic Weight",
                "value": "403.237210574",
                "source": "ChemAxon"
            },
            {
                "kind": "SMILES",
                "value": "CN1C=C(CN2CCC(CC2)C2=CC=C(C=C2)C(=O)NC2=CC=CC=C2N)C(C)=N1",
                "source": "ChemAxon"
            },
            {
                "kind": "Molecular Formula",
                "value": "C24H29N5O",
                "source": "ChemAxon"
            },
            {
                "kind": "InChI",
                "value": "InChI=1S/C24H29N5O/c1-17-21(15-28(2)27-17)16-29-13-11-19(12-14-29)18-7-9-20(10-8-18)24(30)26-23-6-4-3-5-22(23)25/h3-10,15,19H,11-14,16,25H2,1-2H3,(H,26,30)",
                "source": "ChemAxon"
            },
            {
                "kind": "InChIKey",
                "value": "JHDZMASHNBKTPS-UHFFFAOYSA-N",
                "source": "ChemAxon"
            },
            {
                "kind": "Polar Surface Area (PSA)",
                "value": "76.18",
                "source": "ChemAxon"
            },
            {
                "kind": "Refractivity",
                "value": "135.12",
                "source": "ChemAxon"
            },
            {
                "kind": "Polarizability",
                "value": "47.29",
                "source": "ChemAxon"
            },
            {
                "kind": "Rotatable Bond Count",
                "value": "5",
                "source": "ChemAxon"
            },
            {
                "kind": "H Bond Acceptor Count",
                "value": "4",
                "source": "ChemAxon"
            },
            {
                "kind": "H Bond Donor Count",
                "value": "2",
                "source": "ChemAxon"
            },
            {
                "kind": "pKa (strongest acidic)",
                "value": "15.94",
                "source": "ChemAxon"
            },
            {
                "kind": "pKa (strongest basic)",
                "value": "8.3",
                "source": "ChemAxon"
            },
            {
                "kind": "Physiological Charge",
                "value": "1",
                "source": "ChemAxon"
            },
            {
                "kind": "Number of Rings",
                "value": "4",
                "source": "ChemAxon"
            },
            {
                "kind": "Bioavailability",
                "value": "1",
                "source": "ChemAxon"
            },
            {
                "kind": "Rule of Five",
                "value": "1",
                "source": "ChemAxon"
            },
            {
                "kind": "Ghose Filter",
                "value": "0",
                "source": "ChemAxon"
            },
            {
                "kind": "MDDR-Like Rule",
                "value": "0",
                "source": "ChemAxon"
            }
        ]
    },
    "experimental-properties": null,
    "external-identifiers": {
        "external-identifier": [
            {
                "resource": "ChemSpider",
                "identifier": "17352606"
            },
            {
                "resource": "ChEMBL",
                "identifier": "CHEMBL4297489"
            },
            {
                "resource": "ZINC",
                "identifier": "ZINC000060328762"
            }
        ]
    },
    "external-links": null,
    "pathways": null,
    "reactions": null,
    "snp-effects": null,
    "snp-adverse-drug-reactions": null,
    "targets": null,
    "enzymes": null,
    "carriers": null,
    "transporters": null
}