{
    "type": "small molecule",
    "created": "2020-12-15",
    "updated": "2020-12-20",
    "drugbank-id": [
        {
            "primary": true,
            "value": "DB16203"
        }
    ],
    "name": "Isopentane",
    "description": "Isopentane is under investigation in clinical trial NCT00752089 (Experimental Dentifrice Remineralization/fluoride Uptake in an in Situ Model).",
    "cas-number": "78-78-4",
    "unii": "ZH67814I0O",
    "average-mass": 72.151,
    "monoisotopic-mass": 72.093900386,
    "groups": {
        "group": [
            "investigational"
        ]
    },
    "general-references": {
        "articles": null,
        "textbooks": null,
        "links": null,
        "attachments": null
    },
    "synthesis-reference": null,
    "indication": null,
    "pharmacodynamics": null,
    "mechanism-of-action": null,
    "toxicity": null,
    "metabolism": null,
    "absorption": null,
    "half-life": null,
    "protein-binding": null,
    "route-of-elimination": null,
    "volume-of-distribution": null,
    "clearance": null,
    "salts": null,
    "synonyms": {
        "synonym": [
            {
                "language": "english",
                "coder": "",
                "value": "Methylbutane"
            }
        ]
    },
    "products": null,
    "international-brands": null,
    "mixtures": null,
    "packagers": null,
    "manufacturers": null,
    "prices": null,
    "categories": {
        "category": [
            {
                "category": "Alkanes",
                "mesh-id": "D000473"
            },
            {
                "category": "Hydrocarbons, Acyclic",
                "mesh-id": "D006839"
            }
        ]
    },
    "affected-organisms": null,
    "dosages": null,
    "atc-codes": null,
    "ahfs-codes": null,
    "pdb-entries": null,
    "patents": null,
    "food-interactions": null,
    "drug-interactions": null,
    "calculated-properties": {
        "property": [
            {
                "kind": "logP",
                "value": "3.12",
                "source": "ALOGPS"
            },
            {
                "kind": "logS",
                "value": "-2.6",
                "source": "ALOGPS"
            },
            {
                "kind": "Water Solubility",
                "value": "1.73e-01 g/l",
                "source": "ALOGPS"
            },
            {
                "kind": "logP",
                "value": "2.53",
                "source": "ChemAxon"
            },
            {
                "kind": "IUPAC Name",
                "value": "2-methylbutane",
                "source": "ChemAxon"
            },
            {
                "kind": "Traditional IUPAC Name",
                "value": "5-({4-[2-(3-methoxyphenyl)-2-oxoethoxy]phenyl}methyl)-1,3-thiazolidine-2,4-dione",
                "source": "ChemAxon"
            },
            {
                "kind": "Molecular Weight",
                "value": "72.151",
                "source": "ChemAxon"
            },
            {
                "kind": "Monoisotopic Weight",
                "value": "72.093900386",
                "source": "ChemAxon"
            },
            {
                "kind": "SMILES",
                "value": "CCC(C)C",
                "source": "ChemAxon"
            },
            {
                "kind": "Molecular Formula",
                "value": "C5H12",
                "source": "ChemAxon"
            },
            {
                "kind": "InChI",
                "value": "InChI=1S/C5H12/c1-4-5(2)3/h5H,4H2,1-3H3",
                "source": "ChemAxon"
            },
            {
                "kind": "InChIKey",
                "value": "QWTDNUCVQCZILF-UHFFFAOYSA-N",
                "source": "ChemAxon"
            },
            {
                "kind": "Polar Surface Area (PSA)",
                "value": "0",
                "source": "ChemAxon"
            },
            {
                "kind": "Refractivity",
                "value": "24.75",
                "source": "ChemAxon"
            },
            {
                "kind": "Polarizability",
                "value": "10.09",
                "source": "ChemAxon"
            },
            {
                "kind": "Rotatable Bond Count",
                "value": "1",
                "source": "ChemAxon"
            },
            {
                "kind": "H Bond Acceptor Count",
                "value": "0",
                "source": "ChemAxon"
            },
            {
                "kind": "H Bond Donor Count",
                "value": "0",
                "source": "ChemAxon"
            },
            {
                "kind": "Physiological Charge",
                "value": "0",
                "source": "ChemAxon"
            },
            {
                "kind": "Number of Rings",
                "value": "0",
                "source": "ChemAxon"
            },
            {
                "kind": "Bioavailability",
                "value": "1",
                "source": "ChemAxon"
            },
            {
                "kind": "Rule of Five",
                "value": "1",
                "source": "ChemAxon"
            },
            {
                "kind": "Ghose Filter",
                "value": "0",
                "source": "ChemAxon"
            },
            {
                "kind": "MDDR-Like Rule",
                "value": "0",
                "source": "ChemAxon"
            }
        ]
    },
    "experimental-properties": null,
    "external-identifiers": {
        "external-identifier": [
            {
                "resource": "ChEBI",
                "identifier": "30362"
            },
            {
                "resource": "ChemSpider",
                "identifier": "6308"
            },
            {
                "resource": "Wikipedia",
                "identifier": "Isopentane"
            },
            {
                "resource": "ChEMBL",
                "identifier": "CHEMBL1797287"
            },
            {
                "resource": "ZINC",
                "identifier": "ZINC000001709041"
            },
            {
                "resource": "RxCUI",
                "identifier": "1368703"
            }
        ]
    },
    "external-links": null,
    "pathways": null,
    "reactions": null,
    "snp-effects": null,
    "snp-adverse-drug-reactions": null,
    "targets": null,
    "enzymes": null,
    "carriers": null,
    "transporters": null
}