{
    "type": "small molecule",
    "created": "2020-12-15",
    "updated": "2021-02-21",
    "drugbank-id": [
        {
            "primary": true,
            "value": "DB16238"
        }
    ],
    "name": "Modithromycin",
    "description": "Modithromycin is under investigation in clinical trial NCT00270517 (Comparative Study of EDP-420 Versus Another Antibiotic in the Treatment of Community Acquired Pneumonia).",
    "cas-number": "736992-12-4",
    "unii": "9MAY4E090U",
    "average-mass": 841.016,
    "monoisotopic-mass": 840.463306905,
    "groups": {
        "group": [
            "investigational"
        ]
    },
    "general-references": {
        "articles": null,
        "textbooks": null,
        "links": null,
        "attachments": null
    },
    "synthesis-reference": null,
    "indication": null,
    "pharmacodynamics": null,
    "mechanism-of-action": null,
    "toxicity": null,
    "metabolism": null,
    "absorption": null,
    "half-life": null,
    "protein-binding": null,
    "route-of-elimination": null,
    "volume-of-distribution": null,
    "clearance": null,
    "salts": null,
    "synonyms": {
        "synonym": [
            {
                "language": "english",
                "coder": "inn/usan",
                "value": "Modithromycin"
            }
        ]
    },
    "products": null,
    "international-brands": null,
    "mixtures": null,
    "packagers": null,
    "manufacturers": null,
    "prices": null,
    "categories": {
        "category": [
            {
                "category": "Lactones",
                "mesh-id": "D007783"
            },
            {
                "category": "Polyketides",
                "mesh-id": "D061065"
            }
        ]
    },
    "affected-organisms": null,
    "dosages": null,
    "atc-codes": null,
    "ahfs-codes": null,
    "pdb-entries": null,
    "patents": null,
    "food-interactions": null,
    "drug-interactions": null,
    "calculated-properties": {
        "property": [
            {
                "kind": "logP",
                "value": "3.52",
                "source": "ALOGPS"
            },
            {
                "kind": "logS",
                "value": "-4",
                "source": "ALOGPS"
            },
            {
                "kind": "Water Solubility",
                "value": "8.95e-02 g/l",
                "source": "ALOGPS"
            },
            {
                "kind": "logP",
                "value": "3.65",
                "source": "ChemAxon"
            },
            {
                "kind": "IUPAC Name",
                "value": "N-[(1R,2R,3R,6R,8R,9R,10R,13E,16S,17E,18R)-9-{[(2S,3R,4S,6R)-4-(dimethylamino)-3-hydroxy-6-methyloxan-2-yl]oxy}-3-ethyl-2-hydroxy-2,6,8,10,16,18-hexamethyl-5,7-dioxo-13-({[6-(1H-pyrazol-1-yl)pyridin-3-yl]methoxy}imino)-4,11,15-trioxabicyclo[8.5.4]nonadecan-17-ylidene]acetamide",
                "source": "ChemAxon"
            },
            {
                "kind": "Traditional IUPAC Name",
                "value": "2-methoxy-4-[(1E)-3-[4-(nitrooxy)butoxy]-3-oxoprop-1-en-1-yl]phenyl (4R)-4-[(1R,3aS,3bR,4S,5aS,7R,9aS,9bS,11aR)-4,7-dihydroxy-9a,11a-dimethyl-tetradecahydro-1H-cyclopenta[a]phenanthren-1-yl]pentanoate",
                "source": "ChemAxon"
            },
            {
                "kind": "Molecular Weight",
                "value": "841.016",
                "source": "ChemAxon"
            },
            {
                "kind": "Monoisotopic Weight",
                "value": "840.463306905",
                "source": "ChemAxon"
            },
            {
                "kind": "SMILES",
                "value": "[H][C@@]1(O[C@@H]2O[C@H](C)C[C@@H]([C@H]2O)N(C)C)[C@@H](C)C(=O)[C@@H](C)C(=O)O[C@H](CC)[C@@](C)(O)[C@@H]2OC\\C(CO[C@]1(C)C[C@@H](C)\\C(=N/C(C)=O)[C@@H]2C)=N/OCC1=CN=C(C=C1)N1C=CC=N1",
                "source": "ChemAxon"
            },
            {
                "kind": "Molecular Formula",
                "value": "C43H64N6O11",
                "source": "ChemAxon"
            },
            {
                "kind": "InChI",
                "value": "InChI=1S/C43H64N6O11/c1-12-33-43(9,54)39-26(4)35(46-29(7)50)24(2)19-42(8,56-23-31(22-55-39)47-57-21-30-14-15-34(44-20-30)49-17-13-16-45-49)38(27(5)36(51)28(6)40(53)59-33)60-41-37(52)32(48(10)11)18-25(3)58-41/h13-17,20,24-28,32-33,37-39,41,52,54H,12,18-19,21-23H2,1-11H3/b46-35+,47-31+/t24-,25-,26+,27+,28-,32+,33-,37-,38-,39-,41+,42-,43-/m1/s1",
                "source": "ChemAxon"
            },
            {
                "kind": "InChIKey",
                "value": "WLGSYOKBEDVHQB-XSKCQLPHSA-N",
                "source": "ChemAxon"
            },
            {
                "kind": "Polar Surface Area (PSA)",
                "value": "205.72",
                "source": "ChemAxon"
            },
            {
                "kind": "Refractivity",
                "value": "219.95",
                "source": "ChemAxon"
            },
            {
                "kind": "Polarizability",
                "value": "89.85",
                "source": "ChemAxon"
            },
            {
                "kind": "Rotatable Bond Count",
                "value": "8",
                "source": "ChemAxon"
            },
            {
                "kind": "H Bond Acceptor Count",
                "value": "15",
                "source": "ChemAxon"
            },
            {
                "kind": "H Bond Donor Count",
                "value": "2",
                "source": "ChemAxon"
            },
            {
                "kind": "pKa (strongest acidic)",
                "value": "8.65",
                "source": "ChemAxon"
            },
            {
                "kind": "pKa (strongest basic)",
                "value": "9.25",
                "source": "ChemAxon"
            },
            {
                "kind": "Physiological Charge",
                "value": "1",
                "source": "ChemAxon"
            },
            {
                "kind": "Number of Rings",
                "value": "5",
                "source": "ChemAxon"
            },
            {
                "kind": "Bioavailability",
                "value": "0",
                "source": "ChemAxon"
            },
            {
                "kind": "Rule of Five",
                "value": "0",
                "source": "ChemAxon"
            },
            {
                "kind": "Ghose Filter",
                "value": "0",
                "source": "ChemAxon"
            },
            {
                "kind": "MDDR-Like Rule",
                "value": "1",
                "source": "ChemAxon"
            }
        ]
    },
    "experimental-properties": null,
    "external-identifiers": {
        "external-identifier": [
            {
                "resource": "ChemSpider",
                "identifier": "23319871"
            },
            {
                "resource": "ChEMBL",
                "identifier": "CHEMBL263886"
            },
            {
                "resource": "ZINC",
                "identifier": "ZINC000169360219"
            }
        ]
    },
    "external-links": null,
    "pathways": null,
    "reactions": null,
    "snp-effects": null,
    "snp-adverse-drug-reactions": null,
    "targets": null,
    "enzymes": null,
    "carriers": null,
    "transporters": null
}