{
    "type": "biotech",
    "created": "2021-02-08",
    "updated": "2021-05-05",
    "drugbank-id": [
        {
            "primary": true,
            "value": "DB16566"
        }
    ],
    "name": "Gentiana lutea extract",
    "description": null,
    "cas-number": null,
    "unii": "S72O3284MS",
    "groups": {
        "group": [
            "experimental"
        ]
    },
    "general-references": {
        "articles": null,
        "textbooks": null,
        "links": {
            "link": [
                {
                    "ref-id": "L33614",
                    "title": "FDA Thailand: Carminative Sahakarn (Camphor, Capsicum, Gneiana lutea Extract, Ginger) Solution",
                    "url": "http://pertento.fda.moph.go.th/FDA_SEARCH_DRUG/SEARCH_DRUG/pop-up_drug_ex.aspx?Newcode=U1DR2A1022450000311C"
                }
            ]
        },
        "attachments": null
    },
    "synthesis-reference": null,
    "indication": null,
    "pharmacodynamics": null,
    "mechanism-of-action": null,
    "toxicity": null,
    "metabolism": null,
    "absorption": null,
    "half-life": null,
    "protein-binding": null,
    "route-of-elimination": null,
    "volume-of-distribution": null,
    "clearance": null,
    "salts": null,
    "synonyms": {
        "synonym": [
            {
                "language": "english",
                "coder": "",
                "value": "Gentian root"
            },
            {
                "language": "english",
                "coder": "",
                "value": "Gentiana lutea root"
            },
            {
                "language": "english",
                "coder": "",
                "value": "Yellow gentian extract"
            }
        ]
    },
    "products": null,
    "international-brands": null,
    "mixtures": null,
    "packagers": null,
    "manufacturers": null,
    "prices": null,
    "categories": {
        "category": [
            {
                "category": "Angiosperms",
                "mesh-id": "D019684"
            },
            {
                "category": "Biological Products",
                "mesh-id": "D001688"
            },
            {
                "category": "Complex Mixtures",
                "mesh-id": "D045424"
            },
            {
                "category": "Embryophyta",
                "mesh-id": "D019669"
            },
            {
                "category": "Eukaryota",
                "mesh-id": "D056890"
            },
            {
                "category": "Gentianaceae",
                "mesh-id": "D029965"
            },
            {
                "category": "Gentianales",
                "mesh-id": "D000070677"
            },
            {
                "category": "Pharmaceutical Preparations",
                "mesh-id": "D004364"
            },
            {
                "category": "Plant Preparations",
                "mesh-id": "D028321"
            },
            {
                "category": "Streptophyta",
                "mesh-id": "D057949"
            },
            {
                "category": "Tracheophyta",
                "mesh-id": "D064028"
            },
            {
                "category": "Viridiplantae",
                "mesh-id": "D057948"
            }
        ]
    },
    "affected-organisms": null,
    "dosages": {
        "dosage": [
            {
                "form": "Solution",
                "route": null,
                "strength": null
            }
        ]
    },
    "atc-codes": null,
    "ahfs-codes": null,
    "pdb-entries": null,
    "patents": null,
    "food-interactions": null,
    "drug-interactions": null,
    "sequences": null,
    "experimental-properties": null,
    "external-identifiers": {
        "external-identifier": [
            {
                "resource": "RxCUI",
                "identifier": "1307945"
            }
        ]
    },
    "external-links": null,
    "pathways": null,
    "reactions": null,
    "snp-effects": null,
    "snp-adverse-drug-reactions": null,
    "targets": null,
    "enzymes": null,
    "carriers": null,
    "transporters": null
}