{
    "type": "small molecule",
    "created": "2020-12-16",
    "updated": "2021-05-22",
    "drugbank-id": [
        {
            "primary": true,
            "value": "DB16354"
        }
    ],
    "name": "Avasopasem manganese",
    "description": "Avasopasem manganese, also known as GC4419, is a highly-selective small molecule mimetic of superoxide dismutase (SOD) being investigated for the reduction of radiation-induced severe oral mucositis.[L27246, L27256] This drug has potential application for radiation-induced esophagitis and oral mucositis, in addition to being currently tested against COVID-19.",
    "cas-number": "435327-40-5",
    "unii": "EY1WA413UL",
    "average-mass": 518.83,
    "monoisotopic-mass": 517.134397,
    "groups": {
        "group": [
            "investigational"
        ]
    },
    "general-references": {
        "articles": null,
        "textbooks": null,
        "links": {
            "link": [
                {
                    "ref-id": "L27246",
                    "title": "GlobeNewswire: Galera Therapeutics Announces Avasopasem Manganese Improved Markers of Chronic Kidney Disease in Patients Receiving Cisplatin",
                    "url": "https://www.globenewswire.com/news-release/2020/05/29/2040873/0/en/Galera-Therapeutics-Announces-Avasopasem-Manganese-Improved-Markers-of-Chronic-Kidney-Disease-in-Patients-Receiving-Cisplatin.html"
                },
                {
                    "ref-id": "L27256",
                    "title": "Galera Therapeutics: AVASOPASEM (GC4419)",
                    "url": "https://www.galeratx.com/our-pipeline/gc4419/"
                }
            ]
        },
        "attachments": null
    },
    "synthesis-reference": null,
    "indication": null,
    "pharmacodynamics": null,
    "mechanism-of-action": "Avasopasem manganese is a superoxide dismutase mimetic that rapidly and selectively converts superoxide to hydrogen peroxide and oxygen in order to protect normal tissue from radiation therapy-induced damage.[L27246] This drug is currently being investigated against oral mucositis, esophagitis, and COVID-19.",
    "toxicity": null,
    "metabolism": null,
    "absorption": null,
    "half-life": null,
    "protein-binding": null,
    "route-of-elimination": null,
    "volume-of-distribution": null,
    "clearance": null,
    "salts": {
        "salt": [
            {
                "drugbank-id": [
                    {
                        "primary": true,
                        "value": "DBSALT003181"
                    }
                ],
                "name": "Avasopasem manganese",
                "unii": null,
                "cas-number": null,
                "inchikey": null
            }
        ]
    },
    "synonyms": {
        "synonym": [
            {
                "language": "english",
                "coder": "inn/usan",
                "value": "Avasopasem manganese"
            }
        ]
    },
    "products": null,
    "international-brands": null,
    "mixtures": null,
    "packagers": null,
    "manufacturers": null,
    "prices": null,
    "categories": {
        "category": [
            {
                "category": "Antioxidants",
                "mesh-id": "D000975"
            },
            {
                "category": "Free Radical Scavengers",
                "mesh-id": "D016166"
            }
        ]
    },
    "affected-organisms": null,
    "dosages": null,
    "atc-codes": null,
    "ahfs-codes": null,
    "pdb-entries": null,
    "patents": null,
    "food-interactions": null,
    "drug-interactions": null,
    "calculated-properties": {
        "property": [
            {
                "kind": "logP",
                "value": "0.9",
                "source": "ALOGPS"
            },
            {
                "kind": "logS",
                "value": "-4.5",
                "source": "ALOGPS"
            },
            {
                "kind": "Water Solubility",
                "value": "1.24e-02 g/l",
                "source": "ALOGPS"
            },
            {
                "kind": "Traditional IUPAC Name",
                "value": "aluminium(3+) sodium sorbo hydroxide carbonate",
                "source": "ChemAxon"
            },
            {
                "kind": "Molecular Weight",
                "value": "518.83",
                "source": "ChemAxon"
            },
            {
                "kind": "Monoisotopic Weight",
                "value": "517.134397",
                "source": "ChemAxon"
            },
            {
                "kind": "SMILES",
                "value": "[Cl-].[Cl-].[Mn++].C1CC[C@@H]2NCC3=CC=CC(CN[C@H]4CCCC[C@@H]4NCCN[C@H]2C1)=N3",
                "source": "ChemAxon"
            },
            {
                "kind": "Molecular Formula",
                "value": "C21H35Cl3MnN5",
                "source": "ChemAxon"
            },
            {
                "kind": "InChI",
                "value": "InChI=1S/C21H35N5.2ClH.Mn/c1-3-10-20-18(8-1)22-12-13-23-19-9-2-4-11-21(19)25-15-17-7-5-6-16(26-17)14-24-20;;;/h5-7,18-25H,1-4,8-15H2;2*1H;/q;;;+2/p-2/t18-,19-,20-,21-;;;/m0.../s1",
                "source": "ChemAxon"
            },
            {
                "kind": "InChIKey",
                "value": "WXEMWBBXVXHEPU-NDOCQCNASA-L",
                "source": "ChemAxon"
            },
            {
                "kind": "Rule of Five",
                "value": "0",
                "source": "ChemAxon"
            },
            {
                "kind": "Ghose Filter",
                "value": "0",
                "source": "ChemAxon"
            }
        ]
    },
    "experimental-properties": null,
    "external-identifiers": {
        "external-identifier": [
            {
                "resource": "ChemSpider",
                "identifier": "32699517"
            }
        ]
    },
    "external-links": null,
    "pathways": null,
    "reactions": null,
    "snp-effects": null,
    "snp-adverse-drug-reactions": null,
    "targets": null,
    "enzymes": null,
    "carriers": null,
    "transporters": null
}