{
    "type": "small molecule",
    "created": "2020-12-15",
    "updated": "2020-12-20",
    "drugbank-id": [
        {
            "primary": true,
            "value": "DB16120"
        }
    ],
    "name": "Epigallo Catechin Gallate",
    "description": "Epigallo Catechin Gallate is under investigation in clinical trial NCT00799890 (Sunphenon in Progressive Forms of Multiple Sclerosis).",
    "cas-number": "25615-05-8",
    "unii": "78OW2GLG8Q",
    "average-mass": 442.376,
    "monoisotopic-mass": 442.08999678,
    "groups": {
        "group": [
            "investigational"
        ]
    },
    "general-references": {
        "articles": null,
        "textbooks": null,
        "links": null,
        "attachments": null
    },
    "synthesis-reference": null,
    "indication": null,
    "pharmacodynamics": null,
    "mechanism-of-action": null,
    "toxicity": null,
    "metabolism": null,
    "absorption": null,
    "half-life": null,
    "protein-binding": null,
    "route-of-elimination": null,
    "volume-of-distribution": null,
    "clearance": null,
    "salts": null,
    "synonyms": {
        "synonym": [
            {
                "language": "english",
                "coder": "",
                "value": "(+)-catechin 3-gallate"
            },
            {
                "language": "english",
                "coder": "",
                "value": "(+)-catechin gallate"
            },
            {
                "language": "english",
                "coder": "",
                "value": "Catechin Gallate"
            },
            {
                "language": "english",
                "coder": "",
                "value": "Catechin gallate, (+)-"
            }
        ]
    },
    "products": null,
    "international-brands": null,
    "mixtures": null,
    "packagers": null,
    "manufacturers": null,
    "prices": null,
    "categories": {
        "category": [
            {
                "category": "Benzopyrans",
                "mesh-id": "D001578"
            },
            {
                "category": "Chromans",
                "mesh-id": "D002839"
            },
            {
                "category": "Chromones",
                "mesh-id": "D002867"
            },
            {
                "category": "Flavonoids",
                "mesh-id": "D005419"
            },
            {
                "category": "Heterocyclic Compounds, Fused-Ring",
                "mesh-id": "D000072471"
            },
            {
                "category": "Pyrans",
                "mesh-id": "D011714"
            }
        ]
    },
    "affected-organisms": null,
    "dosages": null,
    "atc-codes": null,
    "ahfs-codes": null,
    "pdb-entries": {
        "pdb-entry": [
            "6dhl",
            "6qcj"
        ]
    },
    "patents": null,
    "food-interactions": null,
    "drug-interactions": null,
    "calculated-properties": {
        "property": [
            {
                "kind": "logP",
                "value": "2.55",
                "source": "ALOGPS"
            },
            {
                "kind": "logS",
                "value": "-4",
                "source": "ALOGPS"
            },
            {
                "kind": "Water Solubility",
                "value": "4.43e-02 g/l",
                "source": "ALOGPS"
            },
            {
                "kind": "logP",
                "value": "3.38",
                "source": "ChemAxon"
            },
            {
                "kind": "IUPAC Name",
                "value": "(2R,3S)-2-(3,4-dihydroxyphenyl)-5,7-dihydroxy-3,4-dihydro-2H-1-benzopyran-3-yl 3,4,5-trihydroxybenzoate",
                "source": "ChemAxon"
            },
            {
                "kind": "Traditional IUPAC Name",
                "value": "5-({4-[2-(3-methoxyphenyl)-2-oxoethoxy]phenyl}methyl)-1,3-thiazolidine-2,4-dione",
                "source": "ChemAxon"
            },
            {
                "kind": "Molecular Weight",
                "value": "442.376",
                "source": "ChemAxon"
            },
            {
                "kind": "Monoisotopic Weight",
                "value": "442.08999678",
                "source": "ChemAxon"
            },
            {
                "kind": "SMILES",
                "value": "OC1=CC2=C(C[C@H](OC(=O)C3=CC(O)=C(O)C(O)=C3)[C@H](O2)C2=CC(O)=C(O)C=C2)C(O)=C1",
                "source": "ChemAxon"
            },
            {
                "kind": "Molecular Formula",
                "value": "C22H18O10",
                "source": "ChemAxon"
            },
            {
                "kind": "InChI",
                "value": "InChI=1S/C22H18O10/c23-11-6-14(25)12-8-19(32-22(30)10-4-16(27)20(29)17(28)5-10)21(31-18(12)7-11)9-1-2-13(24)15(26)3-9/h1-7,19,21,23-29H,8H2/t19-,21+/m0/s1",
                "source": "ChemAxon"
            },
            {
                "kind": "InChIKey",
                "value": "LSHVYAFMTMFKBA-PZJWPPBQSA-N",
                "source": "ChemAxon"
            },
            {
                "kind": "Polar Surface Area (PSA)",
                "value": "177.14",
                "source": "ChemAxon"
            },
            {
                "kind": "Refractivity",
                "value": "109.76",
                "source": "ChemAxon"
            },
            {
                "kind": "Polarizability",
                "value": "42.06",
                "source": "ChemAxon"
            },
            {
                "kind": "Rotatable Bond Count",
                "value": "4",
                "source": "ChemAxon"
            },
            {
                "kind": "H Bond Acceptor Count",
                "value": "9",
                "source": "ChemAxon"
            },
            {
                "kind": "H Bond Donor Count",
                "value": "7",
                "source": "ChemAxon"
            },
            {
                "kind": "pKa (strongest acidic)",
                "value": "8.03",
                "source": "ChemAxon"
            },
            {
                "kind": "pKa (strongest basic)",
                "value": "-4.9",
                "source": "ChemAxon"
            },
            {
                "kind": "Physiological Charge",
                "value": "0",
                "source": "ChemAxon"
            },
            {
                "kind": "Number of Rings",
                "value": "4",
                "source": "ChemAxon"
            },
            {
                "kind": "Bioavailability",
                "value": "1",
                "source": "ChemAxon"
            },
            {
                "kind": "Rule of Five",
                "value": "0",
                "source": "ChemAxon"
            },
            {
                "kind": "Ghose Filter",
                "value": "1",
                "source": "ChemAxon"
            },
            {
                "kind": "MDDR-Like Rule",
                "value": "0",
                "source": "ChemAxon"
            }
        ]
    },
    "experimental-properties": null,
    "external-identifiers": {
        "external-identifier": [
            {
                "resource": "ChEBI",
                "identifier": "76132"
            },
            {
                "resource": "ChemSpider",
                "identifier": "4440417"
            },
            {
                "resource": "BindingDB",
                "identifier": "50487717"
            },
            {
                "resource": "PDB",
                "identifier": "XEG"
            },
            {
                "resource": "ChEMBL",
                "identifier": "CHEMBL483083"
            },
            {
                "resource": "ZINC",
                "identifier": "ZINC000004534390"
            }
        ]
    },
    "external-links": null,
    "pathways": null,
    "reactions": null,
    "snp-effects": null,
    "snp-adverse-drug-reactions": null,
    "targets": null,
    "enzymes": null,
    "carriers": null,
    "transporters": null
}