{
    "type": "small molecule",
    "created": "2020-12-15",
    "updated": "2021-02-21",
    "drugbank-id": [
        {
            "primary": true,
            "value": "DB16331"
        }
    ],
    "name": "Siremadlin",
    "description": null,
    "cas-number": "1448867-41-1",
    "unii": "0282IF4JC8",
    "average-mass": 555.42,
    "monoisotopic-mass": 554.1236087,
    "groups": {
        "group": [
            "investigational"
        ]
    },
    "general-references": {
        "articles": null,
        "textbooks": null,
        "links": null,
        "attachments": null
    },
    "synthesis-reference": null,
    "indication": null,
    "pharmacodynamics": null,
    "mechanism-of-action": null,
    "toxicity": null,
    "metabolism": null,
    "absorption": null,
    "half-life": null,
    "protein-binding": null,
    "route-of-elimination": null,
    "volume-of-distribution": null,
    "clearance": null,
    "salts": null,
    "synonyms": {
        "synonym": [
            {
                "language": "english",
                "coder": "inn",
                "value": "Siremadlin"
            }
        ]
    },
    "products": null,
    "international-brands": null,
    "mixtures": null,
    "packagers": null,
    "manufacturers": null,
    "prices": null,
    "categories": null,
    "affected-organisms": null,
    "dosages": null,
    "atc-codes": null,
    "ahfs-codes": null,
    "pdb-entries": {
        "pdb-entry": [
            "5oc8"
        ]
    },
    "patents": null,
    "food-interactions": null,
    "drug-interactions": null,
    "calculated-properties": {
        "property": [
            {
                "kind": "logP",
                "value": "4.19",
                "source": "ALOGPS"
            },
            {
                "kind": "logS",
                "value": "-4.8",
                "source": "ALOGPS"
            },
            {
                "kind": "Water Solubility",
                "value": "9.72e-03 g/l",
                "source": "ALOGPS"
            },
            {
                "kind": "logP",
                "value": "4.14",
                "source": "ChemAxon"
            },
            {
                "kind": "IUPAC Name",
                "value": "5-chloro-3-[(6S)-6-(4-chlorophenyl)-2-(2,4-dimethoxypyrimidin-5-yl)-4-oxo-1-(propan-2-yl)-1H,4H,5H,6H-pyrrolo[3,4-d]imidazol-5-yl]-1-methyl-1,2-dihydropyridin-2-one",
                "source": "ChemAxon"
            },
            {
                "kind": "Traditional IUPAC Name",
                "value": "revaprazan",
                "source": "ChemAxon"
            },
            {
                "kind": "Molecular Weight",
                "value": "555.42",
                "source": "ChemAxon"
            },
            {
                "kind": "Monoisotopic Weight",
                "value": "554.1236087",
                "source": "ChemAxon"
            },
            {
                "kind": "SMILES",
                "value": "COC1=NC(OC)=C(C=N1)C1=NC2=C([C@@H](N(C2=O)C2=CC(Cl)=CN(C)C2=O)C2=CC=C(Cl)C=C2)N1C(C)C",
                "source": "ChemAxon"
            },
            {
                "kind": "Molecular Formula",
                "value": "C26H24Cl2N6O4",
                "source": "ChemAxon"
            },
            {
                "kind": "InChI",
                "value": "InChI=1S/C26H24Cl2N6O4/c1-13(2)33-21-19(30-22(33)17-11-29-26(38-5)31-23(17)37-4)25(36)34(18-10-16(28)12-32(3)24(18)35)20(21)14-6-8-15(27)9-7-14/h6-13,20H,1-5H3/t20-/m0/s1",
                "source": "ChemAxon"
            },
            {
                "kind": "InChIKey",
                "value": "AGBSXNCBIWWLHD-FQEVSTJZSA-N",
                "source": "ChemAxon"
            },
            {
                "kind": "Polar Surface Area (PSA)",
                "value": "102.68",
                "source": "ChemAxon"
            },
            {
                "kind": "Refractivity",
                "value": "155.41",
                "source": "ChemAxon"
            },
            {
                "kind": "Polarizability",
                "value": "56",
                "source": "ChemAxon"
            },
            {
                "kind": "Rotatable Bond Count",
                "value": "6",
                "source": "ChemAxon"
            },
            {
                "kind": "H Bond Acceptor Count",
                "value": "7",
                "source": "ChemAxon"
            },
            {
                "kind": "H Bond Donor Count",
                "value": "0",
                "source": "ChemAxon"
            },
            {
                "kind": "pKa (strongest acidic)",
                "value": "11.77",
                "source": "ChemAxon"
            },
            {
                "kind": "pKa (strongest basic)",
                "value": "2.52",
                "source": "ChemAxon"
            },
            {
                "kind": "Physiological Charge",
                "value": "0",
                "source": "ChemAxon"
            },
            {
                "kind": "Number of Rings",
                "value": "5",
                "source": "ChemAxon"
            },
            {
                "kind": "Bioavailability",
                "value": "1",
                "source": "ChemAxon"
            },
            {
                "kind": "Rule of Five",
                "value": "0",
                "source": "ChemAxon"
            },
            {
                "kind": "Ghose Filter",
                "value": "0",
                "source": "ChemAxon"
            },
            {
                "kind": "MDDR-Like Rule",
                "value": "1",
                "source": "ChemAxon"
            }
        ]
    },
    "experimental-properties": null,
    "external-identifiers": {
        "external-identifier": [
            {
                "resource": "ChemSpider",
                "identifier": "58791434"
            },
            {
                "resource": "PDB",
                "identifier": "9QW"
            },
            {
                "resource": "ChEMBL",
                "identifier": "CHEMBL3653256"
            }
        ]
    },
    "external-links": null,
    "pathways": null,
    "reactions": null,
    "snp-effects": null,
    "snp-adverse-drug-reactions": null,
    "targets": null,
    "enzymes": null,
    "carriers": null,
    "transporters": null
}