{
    "type": "biotech",
    "created": "2020-12-15",
    "updated": "2021-02-21",
    "drugbank-id": [
        {
            "primary": true,
            "value": "DB16342"
        }
    ],
    "name": "Trastuzumab duocarmazine",
    "description": "Trastuzumab duocarmazine is under investigation in clinical trial NCT03262935 (SYD985 vs. Physician's Choice in Participants With Her2-positive Locally Advanced or Metastatic Breast Cancer).",
    "cas-number": "1642152-40-6",
    "unii": "XCR2BZ80N7",
    "groups": {
        "group": [
            "investigational"
        ]
    },
    "general-references": {
        "articles": null,
        "textbooks": null,
        "links": null,
        "attachments": null
    },
    "synthesis-reference": null,
    "indication": null,
    "pharmacodynamics": null,
    "mechanism-of-action": null,
    "toxicity": null,
    "metabolism": null,
    "absorption": null,
    "half-life": null,
    "protein-binding": null,
    "route-of-elimination": null,
    "volume-of-distribution": null,
    "clearance": null,
    "salts": null,
    "synonyms": {
        "synonym": [
            {
                "language": "english",
                "coder": "",
                "value": "Immunoglobulin g1-kappa, anti-(homo sapiens erbb2 (epidermal growth factor receptor 2, receptor tyrosineprotein kinase erbb-2, egfr2, her2, her-2, p185cerbb2, neu, cd340)), humanized monoclonal antibody conjugated to the pro-drug seco-duocarmycinhydroxyb"
            },
            {
                "language": "english",
                "coder": "inn/usan",
                "value": "Trastuzumab duocarmazine"
            }
        ]
    },
    "products": null,
    "international-brands": null,
    "mixtures": null,
    "packagers": null,
    "manufacturers": null,
    "prices": null,
    "categories": {
        "category": [
            {
                "category": "Amino Acids, Peptides, and Proteins",
                "mesh-id": "D000602"
            },
            {
                "category": "Antibodies",
                "mesh-id": "D000906"
            },
            {
                "category": "Antibodies, Monoclonal",
                "mesh-id": "D000911"
            },
            {
                "category": "Antibodies, Monoclonal, Humanized",
                "mesh-id": "D061067"
            },
            {
                "category": "Antineoplastic Agents",
                "mesh-id": "D000970"
            },
            {
                "category": "Antineoplastic and Immunomodulating Agents",
                "mesh-id": null
            },
            {
                "category": "Blood Proteins",
                "mesh-id": "D001798"
            },
            {
                "category": "Globulins",
                "mesh-id": "D005916"
            },
            {
                "category": "HER2 (Human Epidermal Growth Factor Receptor 2) inhibitors",
                "mesh-id": null
            },
            {
                "category": "Immunoglobulins",
                "mesh-id": "D007136"
            },
            {
                "category": "Immunoproteins",
                "mesh-id": "D007162"
            },
            {
                "category": "MONOCLONAL ANTIBODIES AND ANTIBODY DRUG CONJUGATES",
                "mesh-id": null
            },
            {
                "category": "Proteins",
                "mesh-id": "D011506"
            },
            {
                "category": "Serum Globulins",
                "mesh-id": "D012712"
            }
        ]
    },
    "affected-organisms": null,
    "dosages": null,
    "atc-codes": {
        "atc-code": [
            {
                "code": "L01FD05",
                "level": [
                    {
                        "code": "L01FD",
                        "value": "HER2 (Human Epidermal Growth Factor Receptor 2) inhibitors"
                    },
                    {
                        "code": "L01F",
                        "value": "MONOCLONAL ANTIBODIES AND ANTIBODY DRUG CONJUGATES"
                    },
                    {
                        "code": "L01",
                        "value": "ANTINEOPLASTIC AGENTS"
                    },
                    {
                        "code": "L",
                        "value": "ANTINEOPLASTIC AND IMMUNOMODULATING AGENTS"
                    }
                ]
            }
        ]
    },
    "ahfs-codes": null,
    "pdb-entries": null,
    "patents": null,
    "food-interactions": null,
    "drug-interactions": null,
    "sequences": null,
    "experimental-properties": null,
    "external-identifiers": null,
    "external-links": null,
    "pathways": null,
    "reactions": null,
    "snp-effects": null,
    "snp-adverse-drug-reactions": null,
    "targets": null,
    "enzymes": null,
    "carriers": null,
    "transporters": null
}