{
    "type": "small molecule",
    "created": "2021-01-13",
    "updated": "2021-01-14",
    "drugbank-id": [
        {
            "primary": true,
            "value": "DB16426"
        }
    ],
    "name": "Sulfur dioxide",
    "description": null,
    "cas-number": "7446-09-5",
    "unii": "0UZA3422Q4",
    "average-mass": 64.06,
    "monoisotopic-mass": 63.961900414,
    "groups": {
        "group": [
            "experimental"
        ]
    },
    "general-references": {
        "articles": null,
        "textbooks": null,
        "links": null,
        "attachments": null
    },
    "synthesis-reference": null,
    "indication": null,
    "pharmacodynamics": null,
    "mechanism-of-action": null,
    "toxicity": null,
    "metabolism": null,
    "absorption": null,
    "half-life": null,
    "protein-binding": null,
    "route-of-elimination": null,
    "volume-of-distribution": null,
    "clearance": null,
    "salts": null,
    "synonyms": {
        "synonym": [
            {
                "language": "german",
                "coder": "",
                "value": "Schwefeldioxyd"
            },
            {
                "language": "polish",
                "coder": "",
                "value": "Siarki dwutlenek"
            },
            {
                "language": "english",
                "coder": "",
                "value": "Sulfurous oxide"
            },
            {
                "language": "english",
                "coder": "",
                "value": "Sulfuroxide"
            }
        ]
    },
    "products": null,
    "international-brands": null,
    "mixtures": null,
    "packagers": null,
    "manufacturers": null,
    "prices": null,
    "categories": {
        "category": [
            {
                "category": "Air Pollutants",
                "mesh-id": "D000393"
            },
            {
                "category": "Environmental Pollutants",
                "mesh-id": "D004785"
            },
            {
                "category": "Gases",
                "mesh-id": "D005740"
            },
            {
                "category": "Oxides",
                "mesh-id": "D010087"
            },
            {
                "category": "Oxygen Compounds",
                "mesh-id": "D017601"
            },
            {
                "category": "Sulfur Compounds",
                "mesh-id": "D013457"
            },
            {
                "category": "Sulfur Oxides",
                "mesh-id": "D013461"
            },
            {
                "category": "Toxic Actions",
                "mesh-id": "D004786"
            }
        ]
    },
    "affected-organisms": null,
    "dosages": null,
    "atc-codes": null,
    "ahfs-codes": null,
    "pdb-entries": {
        "pdb-entry": [
            "1aof",
            "1d4x",
            "1ekk",
            "1nlv",
            "1nm1",
            "1nmd",
            "1oms",
            "2dmr",
            "2fpe",
            "2fzm",
            "2hz1",
            "2hz3",
            "2x5x",
            "4rkm",
            "7c0l",
            "7c66",
            "7c67",
            "7c68",
            "7c6i",
            "7c6j",
            "7c6w",
            "7c6z",
            "7c70",
            "7c71",
            "7f6o",
            "7f6q"
        ]
    },
    "patents": null,
    "food-interactions": null,
    "drug-interactions": null,
    "calculated-properties": {
        "property": [
            {
                "kind": "logP",
                "value": "0.32",
                "source": "ChemAxon"
            },
            {
                "kind": "IUPAC Name",
                "value": "(oxo-lambda4-sulfanylidene)oxidane",
                "source": "ChemAxon"
            },
            {
                "kind": "Traditional IUPAC Name",
                "value": "N-demethyldiltiazem",
                "source": "ChemAxon"
            },
            {
                "kind": "Molecular Weight",
                "value": "64.06",
                "source": "ChemAxon"
            },
            {
                "kind": "Monoisotopic Weight",
                "value": "63.961900414",
                "source": "ChemAxon"
            },
            {
                "kind": "SMILES",
                "value": "O=S=O",
                "source": "ChemAxon"
            },
            {
                "kind": "Molecular Formula",
                "value": "O2S",
                "source": "ChemAxon"
            },
            {
                "kind": "InChI",
                "value": "InChI=1S/O2S/c1-3-2",
                "source": "ChemAxon"
            },
            {
                "kind": "InChIKey",
                "value": "RAHZWNYVWXNFOC-UHFFFAOYSA-N",
                "source": "ChemAxon"
            },
            {
                "kind": "Polar Surface Area (PSA)",
                "value": "34.14",
                "source": "ChemAxon"
            },
            {
                "kind": "Refractivity",
                "value": "8.64",
                "source": "ChemAxon"
            },
            {
                "kind": "Polarizability",
                "value": "4.25",
                "source": "ChemAxon"
            },
            {
                "kind": "Rotatable Bond Count",
                "value": "0",
                "source": "ChemAxon"
            },
            {
                "kind": "H Bond Acceptor Count",
                "value": "2",
                "source": "ChemAxon"
            },
            {
                "kind": "H Bond Donor Count",
                "value": "0",
                "source": "ChemAxon"
            },
            {
                "kind": "Physiological Charge",
                "value": "0",
                "source": "ChemAxon"
            },
            {
                "kind": "Number of Rings",
                "value": "0",
                "source": "ChemAxon"
            },
            {
                "kind": "Bioavailability",
                "value": "1",
                "source": "ChemAxon"
            },
            {
                "kind": "Rule of Five",
                "value": "1",
                "source": "ChemAxon"
            },
            {
                "kind": "Ghose Filter",
                "value": "0",
                "source": "ChemAxon"
            },
            {
                "kind": "MDDR-Like Rule",
                "value": "0",
                "source": "ChemAxon"
            }
        ]
    },
    "experimental-properties": null,
    "external-identifiers": {
        "external-identifier": [
            {
                "resource": "ChEBI",
                "identifier": "18422"
            },
            {
                "resource": "KEGG Compound",
                "identifier": "C09306"
            },
            {
                "resource": "ChemSpider",
                "identifier": "1087"
            },
            {
                "resource": "PDB",
                "identifier": "SO2"
            },
            {
                "resource": "Wikipedia",
                "identifier": "Sulfur_dioxide"
            },
            {
                "resource": "ChEMBL",
                "identifier": "CHEMBL1235997"
            },
            {
                "resource": "RxCUI",
                "identifier": "1362879"
            }
        ]
    },
    "external-links": null,
    "pathways": null,
    "reactions": null,
    "snp-effects": null,
    "snp-adverse-drug-reactions": null,
    "targets": null,
    "enzymes": null,
    "carriers": null,
    "transporters": null
}