{
    "type": "small molecule",
    "created": "2020-12-15",
    "updated": "2021-02-21",
    "drugbank-id": [
        {
            "primary": true,
            "value": "DB16126"
        }
    ],
    "name": "Cinaciguat",
    "description": "Cinaciguat is under investigation in clinical trial NCT01067859 (A Phase Iib Study to Investigate the Efficacy and Tolerability of Lower Doses Cinaciguat (25 ΜG/h, 10 ΜG/h) Given Intravenously to Patients With Acute Decompensated Chronic Congestive Heart Failure (ADHF)).",
    "cas-number": "329773-35-5",
    "unii": "59K0Y58UAD",
    "average-mass": 565.71,
    "monoisotopic-mass": 565.28282336,
    "groups": {
        "group": [
            "investigational"
        ]
    },
    "general-references": {
        "articles": null,
        "textbooks": null,
        "links": null,
        "attachments": null
    },
    "synthesis-reference": null,
    "indication": null,
    "pharmacodynamics": null,
    "mechanism-of-action": null,
    "toxicity": null,
    "metabolism": null,
    "absorption": null,
    "half-life": null,
    "protein-binding": null,
    "route-of-elimination": null,
    "volume-of-distribution": null,
    "clearance": null,
    "salts": null,
    "synonyms": {
        "synonym": [
            {
                "language": "english",
                "coder": "inn/jan",
                "value": "Cinaciguat"
            }
        ]
    },
    "products": null,
    "international-brands": null,
    "mixtures": null,
    "packagers": null,
    "manufacturers": null,
    "prices": null,
    "categories": {
        "category": [
            {
                "category": "Acids, Carbocyclic",
                "mesh-id": "D000146"
            },
            {
                "category": "Benzene Derivatives",
                "mesh-id": "D001555"
            },
            {
                "category": "Guanylate Cyclase",
                "mesh-id": "D006162"
            }
        ]
    },
    "affected-organisms": null,
    "dosages": null,
    "atc-codes": null,
    "ahfs-codes": null,
    "pdb-entries": {
        "pdb-entry": [
            "3l6j",
            "5mnw",
            "7d9t",
            "7d9u"
        ]
    },
    "patents": null,
    "food-interactions": null,
    "drug-interactions": null,
    "calculated-properties": {
        "property": [
            {
                "kind": "logP",
                "value": "5.72",
                "source": "ALOGPS"
            },
            {
                "kind": "logS",
                "value": "-7",
                "source": "ALOGPS"
            },
            {
                "kind": "Water Solubility",
                "value": "6.28e-05 g/l",
                "source": "ALOGPS"
            },
            {
                "kind": "logP",
                "value": "5.18",
                "source": "ChemAxon"
            },
            {
                "kind": "IUPAC Name",
                "value": "4-{[(4-carboxybutyl)[2-(2-{[4-(2-phenylethyl)phenyl]methoxy}phenyl)ethyl]amino]methyl}benzoic acid",
                "source": "ChemAxon"
            },
            {
                "kind": "Traditional IUPAC Name",
                "value": "2-methoxy-4-[(1E)-3-[4-(nitrooxy)butoxy]-3-oxoprop-1-en-1-yl]phenyl (4R)-4-[(1R,3aS,3bR,4S,5aS,7R,9aS,9bS,11aR)-4,7-dihydroxy-9a,11a-dimethyl-tetradecahydro-1H-cyclopenta[a]phenanthren-1-yl]pentanoate",
                "source": "ChemAxon"
            },
            {
                "kind": "Molecular Weight",
                "value": "565.71",
                "source": "ChemAxon"
            },
            {
                "kind": "Monoisotopic Weight",
                "value": "565.28282336",
                "source": "ChemAxon"
            },
            {
                "kind": "SMILES",
                "value": "OC(=O)CCCCN(CCC1=C(OCC2=CC=C(CCC3=CC=CC=C3)C=C2)C=CC=C1)CC1=CC=C(C=C1)C(O)=O",
                "source": "ChemAxon"
            },
            {
                "kind": "Molecular Formula",
                "value": "C36H39NO5",
                "source": "ChemAxon"
            },
            {
                "kind": "InChI",
                "value": "InChI=1S/C36H39NO5/c38-35(39)12-6-7-24-37(26-30-19-21-33(22-20-30)36(40)41)25-23-32-10-4-5-11-34(32)42-27-31-17-15-29(16-18-31)14-13-28-8-2-1-3-9-28/h1-5,8-11,15-22H,6-7,12-14,23-27H2,(H,38,39)(H,40,41)",
                "source": "ChemAxon"
            },
            {
                "kind": "InChIKey",
                "value": "WPYWMXNXEZFMAK-UHFFFAOYSA-N",
                "source": "ChemAxon"
            },
            {
                "kind": "Polar Surface Area (PSA)",
                "value": "87.07",
                "source": "ChemAxon"
            },
            {
                "kind": "Refractivity",
                "value": "166.78",
                "source": "ChemAxon"
            },
            {
                "kind": "Polarizability",
                "value": "64.96",
                "source": "ChemAxon"
            },
            {
                "kind": "Rotatable Bond Count",
                "value": "17",
                "source": "ChemAxon"
            },
            {
                "kind": "H Bond Acceptor Count",
                "value": "6",
                "source": "ChemAxon"
            },
            {
                "kind": "H Bond Donor Count",
                "value": "2",
                "source": "ChemAxon"
            },
            {
                "kind": "pKa (strongest acidic)",
                "value": "3.47",
                "source": "ChemAxon"
            },
            {
                "kind": "pKa (strongest basic)",
                "value": "9.78",
                "source": "ChemAxon"
            },
            {
                "kind": "Physiological Charge",
                "value": "-1",
                "source": "ChemAxon"
            },
            {
                "kind": "Number of Rings",
                "value": "4",
                "source": "ChemAxon"
            },
            {
                "kind": "Bioavailability",
                "value": "0",
                "source": "ChemAxon"
            },
            {
                "kind": "Rule of Five",
                "value": "0",
                "source": "ChemAxon"
            },
            {
                "kind": "Ghose Filter",
                "value": "0",
                "source": "ChemAxon"
            },
            {
                "kind": "MDDR-Like Rule",
                "value": "1",
                "source": "ChemAxon"
            }
        ]
    },
    "experimental-properties": null,
    "external-identifiers": {
        "external-identifier": [
            {
                "resource": "ChEBI",
                "identifier": "142433"
            },
            {
                "resource": "ChemSpider",
                "identifier": "7983781"
            },
            {
                "resource": "PDB",
                "identifier": "Z90"
            },
            {
                "resource": "Wikipedia",
                "identifier": "Cinaciguat"
            },
            {
                "resource": "ChEMBL",
                "identifier": "CHEMBL1236936"
            },
            {
                "resource": "ZINC",
                "identifier": "ZINC000003934935"
            }
        ]
    },
    "external-links": null,
    "pathways": null,
    "reactions": null,
    "snp-effects": null,
    "snp-adverse-drug-reactions": null,
    "targets": null,
    "enzymes": null,
    "carriers": null,
    "transporters": null
}