{
    "type": "small molecule",
    "created": "2020-12-15",
    "updated": "2021-02-21",
    "drugbank-id": [
        {
            "primary": true,
            "value": "DB16218"
        }
    ],
    "name": "Lerociclib",
    "description": "Lerociclib is under investigation in clinical trial NCT02983071 (G1T38, a CDK 4/6 Inhibitor, in Combination With Fulvestrant in Hormone Receptor-positive, Her2-negative Locally Advanced or Metastatic Breast Cancer).",
    "cas-number": "1628256-23-4",
    "unii": "WBH8AY6ENB",
    "average-mass": 474.613,
    "monoisotopic-mass": 474.285557747,
    "groups": {
        "group": [
            "investigational"
        ]
    },
    "general-references": {
        "articles": null,
        "textbooks": null,
        "links": null,
        "attachments": null
    },
    "synthesis-reference": null,
    "indication": null,
    "pharmacodynamics": null,
    "mechanism-of-action": null,
    "toxicity": null,
    "metabolism": null,
    "absorption": null,
    "half-life": null,
    "protein-binding": null,
    "route-of-elimination": null,
    "volume-of-distribution": null,
    "clearance": null,
    "salts": null,
    "synonyms": {
        "synonym": [
            {
                "language": "english",
                "coder": "",
                "value": "G1t38 free base"
            },
            {
                "language": "english",
                "coder": "inn/usan",
                "value": "Lerociclib"
            }
        ]
    },
    "products": null,
    "international-brands": null,
    "mixtures": null,
    "packagers": null,
    "manufacturers": null,
    "prices": null,
    "categories": null,
    "affected-organisms": null,
    "dosages": null,
    "atc-codes": null,
    "ahfs-codes": null,
    "pdb-entries": null,
    "patents": null,
    "food-interactions": null,
    "drug-interactions": null,
    "calculated-properties": {
        "property": [
            {
                "kind": "logP",
                "value": "3.49",
                "source": "ALOGPS"
            },
            {
                "kind": "logS",
                "value": "-3.6",
                "source": "ALOGPS"
            },
            {
                "kind": "Water Solubility",
                "value": "1.34e-01 g/l",
                "source": "ALOGPS"
            },
            {
                "kind": "logP",
                "value": "3.51",
                "source": "ChemAxon"
            },
            {
                "kind": "IUPAC Name",
                "value": "12'-({5-[4-(propan-2-yl)piperazin-1-yl]pyridin-2-yl}amino)-2',5',11',13'-tetraazaspiro[cyclohexane-1,3'-tricyclo[7.4.0.0^{2,7}]tridecane]-1'(13'),7',9',11'-tetraen-6'-one",
                "source": "ChemAxon"
            },
            {
                "kind": "Traditional IUPAC Name",
                "value": "2-methoxy-4-[(1E)-3-[4-(nitrooxy)butoxy]-3-oxoprop-1-en-1-yl]phenyl (4R)-4-[(1R,3aS,3bR,4S,5aS,7R,9aS,9bS,11aR)-4,7-dihydroxy-9a,11a-dimethyl-tetradecahydro-1H-cyclopenta[a]phenanthren-1-yl]pentanoate",
                "source": "ChemAxon"
            },
            {
                "kind": "Molecular Weight",
                "value": "474.613",
                "source": "ChemAxon"
            },
            {
                "kind": "Monoisotopic Weight",
                "value": "474.285557747",
                "source": "ChemAxon"
            },
            {
                "kind": "SMILES",
                "value": "CC(C)N1CCN(CC1)C1=CC=C(NC2=NC=C3C=C4N(C3=N2)C2(CCCCC2)CNC4=O)N=C1",
                "source": "ChemAxon"
            },
            {
                "kind": "Molecular Formula",
                "value": "C26H34N8O",
                "source": "ChemAxon"
            },
            {
                "kind": "InChI",
                "value": "InChI=1S/C26H34N8O/c1-18(2)32-10-12-33(13-11-32)20-6-7-22(27-16-20)30-25-28-15-19-14-21-24(35)29-17-26(8-4-3-5-9-26)34(21)23(19)31-25/h6-7,14-16,18H,3-5,8-13,17H2,1-2H3,(H,29,35)(H,27,28,30,31)",
                "source": "ChemAxon"
            },
            {
                "kind": "InChIKey",
                "value": "YPJRHEKCFKOVRT-UHFFFAOYSA-N",
                "source": "ChemAxon"
            },
            {
                "kind": "Polar Surface Area (PSA)",
                "value": "91.21",
                "source": "ChemAxon"
            },
            {
                "kind": "Refractivity",
                "value": "137.68",
                "source": "ChemAxon"
            },
            {
                "kind": "Polarizability",
                "value": "54.61",
                "source": "ChemAxon"
            },
            {
                "kind": "Rotatable Bond Count",
                "value": "4",
                "source": "ChemAxon"
            },
            {
                "kind": "H Bond Acceptor Count",
                "value": "7",
                "source": "ChemAxon"
            },
            {
                "kind": "H Bond Donor Count",
                "value": "2",
                "source": "ChemAxon"
            },
            {
                "kind": "pKa (strongest acidic)",
                "value": "11.59",
                "source": "ChemAxon"
            },
            {
                "kind": "pKa (strongest basic)",
                "value": "8.19",
                "source": "ChemAxon"
            },
            {
                "kind": "Physiological Charge",
                "value": "1",
                "source": "ChemAxon"
            },
            {
                "kind": "Number of Rings",
                "value": "6",
                "source": "ChemAxon"
            },
            {
                "kind": "Bioavailability",
                "value": "1",
                "source": "ChemAxon"
            },
            {
                "kind": "Rule of Five",
                "value": "1",
                "source": "ChemAxon"
            },
            {
                "kind": "Ghose Filter",
                "value": "0",
                "source": "ChemAxon"
            },
            {
                "kind": "MDDR-Like Rule",
                "value": "0",
                "source": "ChemAxon"
            }
        ]
    },
    "experimental-properties": null,
    "external-identifiers": {
        "external-identifier": [
            {
                "resource": "ChemSpider",
                "identifier": "68007293"
            },
            {
                "resource": "BindingDB",
                "identifier": "253941"
            },
            {
                "resource": "ChEMBL",
                "identifier": "CHEMBL3904602"
            }
        ]
    },
    "external-links": null,
    "pathways": null,
    "reactions": null,
    "snp-effects": null,
    "snp-adverse-drug-reactions": null,
    "targets": null,
    "enzymes": null,
    "carriers": null,
    "transporters": null
}