{
    "type": "small molecule",
    "created": "2020-12-15",
    "updated": "2021-02-21",
    "drugbank-id": [
        {
            "primary": true,
            "value": "DB16310"
        }
    ],
    "name": "Rezafungin",
    "description": "Rezafungin is under investigation in clinical trial NCT04368559 (Study of Rezafungin Compared to Standard Antimicrobial Regimen for Prevention of Invasive Fungal Diseases in Adults Undergoing Allogeneic Blood and Marrow Transplantation).",
    "cas-number": "1396640-59-7",
    "unii": "G013B5478J",
    "average-mass": 1226.411,
    "monoisotopic-mass": 1225.602719729,
    "groups": {
        "group": [
            "investigational"
        ]
    },
    "general-references": {
        "articles": null,
        "textbooks": null,
        "links": null,
        "attachments": null
    },
    "synthesis-reference": null,
    "indication": null,
    "pharmacodynamics": null,
    "mechanism-of-action": null,
    "toxicity": null,
    "metabolism": null,
    "absorption": null,
    "half-life": null,
    "protein-binding": null,
    "route-of-elimination": null,
    "volume-of-distribution": null,
    "clearance": null,
    "salts": null,
    "synonyms": {
        "synonym": [
            {
                "language": "english",
                "coder": "",
                "value": "Biafungin"
            },
            {
                "language": "english",
                "coder": "usan",
                "value": "Rezafungin"
            },
            {
                "language": "english",
                "coder": "",
                "value": "Rezafungin cation"
            },
            {
                "language": "english",
                "coder": "",
                "value": "Rezafungin ion"
            }
        ]
    },
    "products": null,
    "international-brands": null,
    "mixtures": null,
    "packagers": null,
    "manufacturers": null,
    "prices": null,
    "categories": {
        "category": [
            {
                "category": "Amino Acids, Peptides, and Proteins",
                "mesh-id": "D000602"
            },
            {
                "category": "Anti-Infective Agents",
                "mesh-id": "D000890"
            },
            {
                "category": "Antifungal Agents",
                "mesh-id": "D000935"
            },
            {
                "category": "Neuroprotective Agents",
                "mesh-id": "D018696"
            },
            {
                "category": "Peptides",
                "mesh-id": "D010455"
            },
            {
                "category": "Peptides, Cyclic",
                "mesh-id": "D010456"
            }
        ]
    },
    "affected-organisms": null,
    "dosages": null,
    "atc-codes": null,
    "ahfs-codes": null,
    "pdb-entries": null,
    "patents": null,
    "food-interactions": null,
    "drug-interactions": null,
    "calculated-properties": {
        "property": [
            {
                "kind": "logP",
                "value": "0.29",
                "source": "ALOGPS"
            },
            {
                "kind": "logS",
                "value": "-4.7",
                "source": "ALOGPS"
            },
            {
                "kind": "Water Solubility",
                "value": "2.30e-02 g/l",
                "source": "ALOGPS"
            },
            {
                "kind": "logP",
                "value": "-5",
                "source": "ChemAxon"
            },
            {
                "kind": "IUPAC Name",
                "value": "(2-{[(3S,9S,11R,15S,18S,20R,21R,24S,25S,26S)-6-[(1S,2S)-1,2-dihydroxy-2-(4-hydroxyphenyl)ethyl]-11,20,25-trihydroxy-3,15-bis[(1R)-1-hydroxyethyl]-26-methyl-2,5,8,14,17,23-hexaoxo-18-{4-[4'-(pentyloxy)-[1,1'-biphenyl]-4-yl]benzamido}-1,4,7,13,16,22-hexaazatricyclo[22.3.0.0^{9,13}]heptacosan-21-yl]oxy}ethyl)trimethylazanium",
                "source": "ChemAxon"
            },
            {
                "kind": "Traditional IUPAC Name",
                "value": "revaprazan",
                "source": "ChemAxon"
            },
            {
                "kind": "Molecular Weight",
                "value": "1226.411",
                "source": "ChemAxon"
            },
            {
                "kind": "Monoisotopic Weight",
                "value": "1225.602719729",
                "source": "ChemAxon"
            },
            {
                "kind": "SMILES",
                "value": "[H][C@@]12C[C@@H](O)CN1C(=O)[C@@]([H])(NC(=O)[C@H](C[C@@H](O)[C@H](NC(=O)[C@]1([H])[C@@H](O)[C@@H](C)CN1C(=O)[C@@]([H])(NC(=O)C(NC2=O)[C@H](O)[C@@H](O)C1=CC=C(O)C=C1)[C@@H](C)O)OCC[N+](C)(C)C)NC(=O)C1=CC=C(C=C1)C1=CC=C(C=C1)C1=CC=C(OCCCCC)C=C1)[C@@H](C)O",
                "source": "ChemAxon"
            },
            {
                "kind": "Molecular Formula",
                "value": "C63H85N8O17",
                "source": "ChemAxon"
            },
            {
                "kind": "InChI",
                "value": "InChI=1S/C63H84N8O17/c1-8-9-10-28-87-45-25-21-40(22-26-45)38-13-11-37(12-14-38)39-15-17-42(18-16-39)56(80)64-46-31-48(76)61(88-29-27-71(5,6)7)68-60(84)52-53(77)34(2)32-70(52)63(86)50(36(4)73)66-59(83)51(55(79)54(78)41-19-23-43(74)24-20-41)67-58(82)47-30-44(75)33-69(47)62(85)49(35(3)72)65-57(46)81/h11-26,34-36,44,46-55,61,72-73,75-79H,8-10,27-33H2,1-7H3,(H5-,64,65,66,67,68,74,80,81,82,83,84)/p+1/t34-,35+,36+,44+,46-,47-,48+,49-,50-,51?,52-,53-,54-,55-,61+/m0/s1",
                "source": "ChemAxon"
            },
            {
                "kind": "InChIKey",
                "value": "LNFCWEXGZIEGJW-AMIBTTDLSA-O",
                "source": "ChemAxon"
            },
            {
                "kind": "Polar Surface Area (PSA)",
                "value": "366.42",
                "source": "ChemAxon"
            },
            {
                "kind": "Refractivity",
                "value": "330.98",
                "source": "ChemAxon"
            },
            {
                "kind": "Polarizability",
                "value": "130.91",
                "source": "ChemAxon"
            },
            {
                "kind": "Rotatable Bond Count",
                "value": "18",
                "source": "ChemAxon"
            },
            {
                "kind": "H Bond Acceptor Count",
                "value": "17",
                "source": "ChemAxon"
            },
            {
                "kind": "H Bond Donor Count",
                "value": "13",
                "source": "ChemAxon"
            },
            {
                "kind": "pKa (strongest acidic)",
                "value": "9.46",
                "source": "ChemAxon"
            },
            {
                "kind": "pKa (strongest basic)",
                "value": "-3.3",
                "source": "ChemAxon"
            },
            {
                "kind": "Physiological Charge",
                "value": "1",
                "source": "ChemAxon"
            },
            {
                "kind": "Number of Rings",
                "value": "7",
                "source": "ChemAxon"
            },
            {
                "kind": "Bioavailability",
                "value": "0",
                "source": "ChemAxon"
            },
            {
                "kind": "Rule of Five",
                "value": "0",
                "source": "ChemAxon"
            },
            {
                "kind": "Ghose Filter",
                "value": "0",
                "source": "ChemAxon"
            },
            {
                "kind": "MDDR-Like Rule",
                "value": "1",
                "source": "ChemAxon"
            }
        ]
    },
    "experimental-properties": null,
    "external-identifiers": {
        "external-identifier": [
            {
                "resource": "ChemSpider",
                "identifier": "52083167"
            }
        ]
    },
    "external-links": null,
    "pathways": null,
    "reactions": null,
    "snp-effects": null,
    "snp-adverse-drug-reactions": null,
    "targets": null,
    "enzymes": null,
    "carriers": null,
    "transporters": null
}