{
    "type": "small molecule",
    "created": "2021-03-07",
    "updated": "2021-03-08",
    "drugbank-id": [
        {
            "primary": true,
            "value": "DB16635"
        }
    ],
    "name": "Glyceryl laurate",
    "description": null,
    "cas-number": "27215-38-9",
    "unii": "WR963Y5QYW",
    "average-mass": 274.401,
    "monoisotopic-mass": 274.214409446,
    "groups": {
        "group": [
            "experimental"
        ]
    },
    "general-references": {
        "articles": null,
        "textbooks": null,
        "links": null,
        "attachments": null
    },
    "synthesis-reference": null,
    "indication": null,
    "pharmacodynamics": null,
    "mechanism-of-action": null,
    "toxicity": null,
    "metabolism": null,
    "absorption": null,
    "half-life": null,
    "protein-binding": null,
    "route-of-elimination": null,
    "volume-of-distribution": null,
    "clearance": null,
    "salts": null,
    "synonyms": {
        "synonym": [
            {
                "language": "english",
                "coder": "",
                "value": "Glycerin monolaurate"
            },
            {
                "language": "english",
                "coder": "",
                "value": "Glycerol monolaurate"
            },
            {
                "language": "english",
                "coder": "",
                "value": "Glyceryl monolaurate"
            },
            {
                "language": "english",
                "coder": "",
                "value": "Lauric acid monoglyceride"
            },
            {
                "language": "english",
                "coder": "",
                "value": "Monododecanoyl glycerol"
            },
            {
                "language": "english",
                "coder": "",
                "value": "Monoglycerol laurate"
            },
            {
                "language": "english",
                "coder": "",
                "value": "Monolaurin"
            },
            {
                "language": "english",
                "coder": "",
                "value": "Monolauroylglycerin"
            }
        ]
    },
    "products": {
        "product": [
            {
                "name": "Mi Deurium Antibacterial Wet Wipes",
                "labeller": "SEOJEON CO., LTD",
                "ndc-id": null,
                "ndc-product-code": "79542-201",
                "dpd-id": null,
                "ema-product-code": null,
                "ema-ma-number": null,
                "started-marketing-on": "2020-07-10",
                "ended-marketing-on": null,
                "dosage-form": "Liquid",
                "strength": "10 g/100g",
                "route": "Topical",
                "fda-application-number": null,
                "generic": false,
                "over-the-counter": true,
                "approved": false,
                "country": "US",
                "source": "FDA NDC"
            },
            {
                "name": "Purus antibacterial wipes",
                "labeller": "The fab Korea Co., Ltd.",
                "ndc-id": null,
                "ndc-product-code": "77504-0003",
                "dpd-id": null,
                "ema-product-code": null,
                "ema-ma-number": null,
                "started-marketing-on": "2020-05-04",
                "ended-marketing-on": null,
                "dosage-form": "Cloth",
                "strength": null,
                "route": "Topical",
                "fda-application-number": "part333A",
                "generic": false,
                "over-the-counter": true,
                "approved": false,
                "country": "US",
                "source": "FDA NDC"
            },
            {
                "name": "Purus antibacterial wipes",
                "labeller": "The fab Korea Co., Ltd.",
                "ndc-id": null,
                "ndc-product-code": "77504-0004",
                "dpd-id": null,
                "ema-product-code": null,
                "ema-ma-number": null,
                "started-marketing-on": "2020-09-02",
                "ended-marketing-on": null,
                "dosage-form": "Cloth",
                "strength": null,
                "route": "Topical",
                "fda-application-number": "part333A",
                "generic": false,
                "over-the-counter": true,
                "approved": false,
                "country": "US",
                "source": "FDA NDC"
            },
            {
                "name": "SureWell Sanitizing Wipes",
                "labeller": "Ifons Corp.",
                "ndc-id": null,
                "ndc-product-code": "79892-301",
                "dpd-id": null,
                "ema-product-code": null,
                "ema-ma-number": null,
                "started-marketing-on": "2020-08-22",
                "ended-marketing-on": null,
                "dosage-form": "Liquid",
                "strength": null,
                "route": "Topical",
                "fda-application-number": "part333A",
                "generic": false,
                "over-the-counter": true,
                "approved": false,
                "country": "US",
                "source": "FDA NDC"
            }
        ]
    },
    "international-brands": null,
    "mixtures": {
        "mixture": [
            {
                "name": "Purus antibacterial wipes",
                "ingredients": "Caprylhydroxamic acid + Ethanol + Glyceryl laurate + Laevulinic Acid"
            },
            {
                "name": "SureWell Sanitizing Wipes",
                "ingredients": "Caprylhydroxamic acid + Ethanol + Glyceryl laurate"
            },
            {
                "name": "Purus antibacterial wipes",
                "ingredients": "Caprylhydroxamic acid + Ethanol + Glyceryl laurate + Laevulinic Acid"
            }
        ]
    },
    "packagers": null,
    "manufacturers": null,
    "prices": null,
    "categories": {
        "category": [
            {
                "category": "Cariostatic Agents",
                "mesh-id": "D002327"
            },
            {
                "category": "Compounds used in a research, industrial, or household setting",
                "mesh-id": "D020313"
            },
            {
                "category": "Fatty Acids",
                "mesh-id": "D005227"
            },
            {
                "category": "Glycerides",
                "mesh-id": "D005989"
            },
            {
                "category": "Lauric Acids",
                "mesh-id": "D007850"
            },
            {
                "category": "Lipids",
                "mesh-id": "D008055"
            },
            {
                "category": "Protective Agents",
                "mesh-id": "D020011"
            },
            {
                "category": "Surface-Active Agents",
                "mesh-id": "D013501"
            }
        ]
    },
    "affected-organisms": null,
    "dosages": {
        "dosage": [
            {
                "form": "Liquid",
                "route": "Topical",
                "strength": "10 g/100g"
            },
            {
                "form": "Cloth",
                "route": "Topical",
                "strength": null
            },
            {
                "form": "Liquid",
                "route": "Topical",
                "strength": null
            }
        ]
    },
    "atc-codes": null,
    "ahfs-codes": null,
    "pdb-entries": null,
    "patents": null,
    "food-interactions": null,
    "drug-interactions": null,
    "calculated-properties": {
        "property": [
            {
                "kind": "logP",
                "value": "3.3",
                "source": "ChemAxon"
            },
            {
                "kind": "IUPAC Name",
                "value": "2,3-dihydroxypropyl dodecanoate",
                "source": "ChemAxon"
            },
            {
                "kind": "Traditional IUPAC Name",
                "value": "N-demethyldiltiazem",
                "source": "ChemAxon"
            },
            {
                "kind": "Molecular Weight",
                "value": "274.401",
                "source": "ChemAxon"
            },
            {
                "kind": "Monoisotopic Weight",
                "value": "274.214409446",
                "source": "ChemAxon"
            },
            {
                "kind": "SMILES",
                "value": "CCCCCCCCCCCC(=O)OCC(O)CO",
                "source": "ChemAxon"
            },
            {
                "kind": "Molecular Formula",
                "value": "C15H30O4",
                "source": "ChemAxon"
            },
            {
                "kind": "InChI",
                "value": "InChI=1S/C15H30O4/c1-2-3-4-5-6-7-8-9-10-11-15(18)19-13-14(17)12-16/h14,16-17H,2-13H2,1H3",
                "source": "ChemAxon"
            },
            {
                "kind": "InChIKey",
                "value": "ARIWANIATODDMH-UHFFFAOYSA-N",
                "source": "ChemAxon"
            },
            {
                "kind": "Polar Surface Area (PSA)",
                "value": "66.76",
                "source": "ChemAxon"
            },
            {
                "kind": "Refractivity",
                "value": "75.7",
                "source": "ChemAxon"
            },
            {
                "kind": "Polarizability",
                "value": "33.94",
                "source": "ChemAxon"
            },
            {
                "kind": "Rotatable Bond Count",
                "value": "14",
                "source": "ChemAxon"
            },
            {
                "kind": "H Bond Acceptor Count",
                "value": "3",
                "source": "ChemAxon"
            },
            {
                "kind": "H Bond Donor Count",
                "value": "2",
                "source": "ChemAxon"
            },
            {
                "kind": "pKa (strongest acidic)",
                "value": "13.62",
                "source": "ChemAxon"
            },
            {
                "kind": "pKa (strongest basic)",
                "value": "-3",
                "source": "ChemAxon"
            },
            {
                "kind": "Physiological Charge",
                "value": "0",
                "source": "ChemAxon"
            },
            {
                "kind": "Number of Rings",
                "value": "0",
                "source": "ChemAxon"
            },
            {
                "kind": "Bioavailability",
                "value": "1",
                "source": "ChemAxon"
            },
            {
                "kind": "Rule of Five",
                "value": "1",
                "source": "ChemAxon"
            },
            {
                "kind": "Ghose Filter",
                "value": "1",
                "source": "ChemAxon"
            },
            {
                "kind": "MDDR-Like Rule",
                "value": "0",
                "source": "ChemAxon"
            }
        ]
    },
    "experimental-properties": null,
    "external-identifiers": {
        "external-identifier": [
            {
                "resource": "ChEBI",
                "identifier": "75543"
            },
            {
                "resource": "ChemSpider",
                "identifier": "14181"
            },
            {
                "resource": "Wikipedia",
                "identifier": "Monolaurin"
            },
            {
                "resource": "ChEMBL",
                "identifier": "CHEMBL510533"
            },
            {
                "resource": "RxCUI",
                "identifier": "1311693"
            }
        ]
    },
    "external-links": null,
    "pathways": null,
    "reactions": null,
    "snp-effects": null,
    "snp-adverse-drug-reactions": null,
    "targets": null,
    "enzymes": null,
    "carriers": null,
    "transporters": null
}