{
    "type": "small molecule",
    "created": "2020-12-15",
    "updated": "2021-02-21",
    "drugbank-id": [
        {
            "primary": true,
            "value": "DB16173"
        }
    ],
    "name": "Ganaplacide",
    "description": "Ganaplacide is under investigation in clinical trial NCT03167242 (Efficacy and Safety of KAF156 in Combination With LUM-SDF in Adults and Children With Uncomplicated Plasmodium Falciparum Malaria).",
    "cas-number": "1261113-96-5",
    "unii": "85VMN9JU7A",
    "average-mass": 411.457,
    "monoisotopic-mass": 411.187066707,
    "groups": {
        "group": [
            "investigational"
        ]
    },
    "general-references": {
        "articles": null,
        "textbooks": null,
        "links": null,
        "attachments": null
    },
    "synthesis-reference": null,
    "indication": null,
    "pharmacodynamics": null,
    "mechanism-of-action": null,
    "toxicity": null,
    "metabolism": null,
    "absorption": null,
    "half-life": null,
    "protein-binding": null,
    "route-of-elimination": null,
    "volume-of-distribution": null,
    "clearance": null,
    "salts": null,
    "synonyms": {
        "synonym": [
            {
                "language": "english",
                "coder": "inn",
                "value": "Ganaplacide"
            }
        ]
    },
    "products": null,
    "international-brands": null,
    "mixtures": null,
    "packagers": null,
    "manufacturers": null,
    "prices": null,
    "categories": null,
    "affected-organisms": null,
    "dosages": null,
    "atc-codes": null,
    "ahfs-codes": null,
    "pdb-entries": null,
    "patents": null,
    "food-interactions": null,
    "drug-interactions": null,
    "calculated-properties": {
        "property": [
            {
                "kind": "logP",
                "value": "3.25",
                "source": "ALOGPS"
            },
            {
                "kind": "logS",
                "value": "-3.9",
                "source": "ALOGPS"
            },
            {
                "kind": "Water Solubility",
                "value": "5.06e-02 g/l",
                "source": "ALOGPS"
            },
            {
                "kind": "logP",
                "value": "3.07",
                "source": "ChemAxon"
            },
            {
                "kind": "IUPAC Name",
                "value": "2-amino-1-[2-(4-fluorophenyl)-3-[(4-fluorophenyl)amino]-8,8-dimethyl-5H,6H,7H,8H-imidazo[1,2-a]pyrazin-7-yl]ethan-1-one",
                "source": "ChemAxon"
            },
            {
                "kind": "Traditional IUPAC Name",
                "value": "2-methoxy-4-[(1E)-3-[4-(nitrooxy)butoxy]-3-oxoprop-1-en-1-yl]phenyl (4R)-4-[(1R,3aS,3bR,4S,5aS,7R,9aS,9bS,11aR)-4,7-dihydroxy-9a,11a-dimethyl-tetradecahydro-1H-cyclopenta[a]phenanthren-1-yl]pentanoate",
                "source": "ChemAxon"
            },
            {
                "kind": "Molecular Weight",
                "value": "411.457",
                "source": "ChemAxon"
            },
            {
                "kind": "Monoisotopic Weight",
                "value": "411.187066707",
                "source": "ChemAxon"
            },
            {
                "kind": "SMILES",
                "value": "CC1(C)N(CCN2C(NC3=CC=C(F)C=C3)=C(N=C12)C1=CC=C(F)C=C1)C(=O)CN",
                "source": "ChemAxon"
            },
            {
                "kind": "Molecular Formula",
                "value": "C22H23F2N5O",
                "source": "ChemAxon"
            },
            {
                "kind": "InChI",
                "value": "InChI=1S/C22H23F2N5O/c1-22(2)21-27-19(14-3-5-15(23)6-4-14)20(26-17-9-7-16(24)8-10-17)28(21)11-12-29(22)18(30)13-25/h3-10,26H,11-13,25H2,1-2H3",
                "source": "ChemAxon"
            },
            {
                "kind": "InChIKey",
                "value": "BUPRVECGWBHCQV-UHFFFAOYSA-N",
                "source": "ChemAxon"
            },
            {
                "kind": "Polar Surface Area (PSA)",
                "value": "76.18",
                "source": "ChemAxon"
            },
            {
                "kind": "Refractivity",
                "value": "109.58",
                "source": "ChemAxon"
            },
            {
                "kind": "Polarizability",
                "value": "42.68",
                "source": "ChemAxon"
            },
            {
                "kind": "Rotatable Bond Count",
                "value": "4",
                "source": "ChemAxon"
            },
            {
                "kind": "H Bond Acceptor Count",
                "value": "4",
                "source": "ChemAxon"
            },
            {
                "kind": "H Bond Donor Count",
                "value": "2",
                "source": "ChemAxon"
            },
            {
                "kind": "pKa (strongest acidic)",
                "value": "19.69",
                "source": "ChemAxon"
            },
            {
                "kind": "pKa (strongest basic)",
                "value": "8.13",
                "source": "ChemAxon"
            },
            {
                "kind": "Physiological Charge",
                "value": "1",
                "source": "ChemAxon"
            },
            {
                "kind": "Number of Rings",
                "value": "4",
                "source": "ChemAxon"
            },
            {
                "kind": "Bioavailability",
                "value": "1",
                "source": "ChemAxon"
            },
            {
                "kind": "Rule of Five",
                "value": "1",
                "source": "ChemAxon"
            },
            {
                "kind": "Ghose Filter",
                "value": "1",
                "source": "ChemAxon"
            },
            {
                "kind": "MDDR-Like Rule",
                "value": "0",
                "source": "ChemAxon"
            }
        ]
    },
    "experimental-properties": null,
    "external-identifiers": {
        "external-identifier": [
            {
                "resource": "ChemSpider",
                "identifier": "28512871"
            },
            {
                "resource": "BindingDB",
                "identifier": "50388532"
            },
            {
                "resource": "Wikipedia",
                "identifier": "Ganaplacide"
            },
            {
                "resource": "ChEMBL",
                "identifier": "CHEMBL2058833"
            }
        ]
    },
    "external-links": null,
    "pathways": null,
    "reactions": null,
    "snp-effects": null,
    "snp-adverse-drug-reactions": null,
    "targets": null,
    "enzymes": null,
    "carriers": null,
    "transporters": null
}