{
    "type": "biotech",
    "created": "2021-02-02",
    "updated": "2021-03-03",
    "drugbank-id": [
        {
            "primary": true,
            "value": "DB16538"
        }
    ],
    "name": "Bifidobacterium bifidum",
    "description": null,
    "cas-number": null,
    "unii": "WN5C16297P",
    "groups": {
        "group": [
            "approved",
            "experimental"
        ]
    },
    "general-references": {
        "articles": null,
        "textbooks": null,
        "links": null,
        "attachments": null
    },
    "synthesis-reference": null,
    "indication": null,
    "pharmacodynamics": null,
    "mechanism-of-action": null,
    "toxicity": null,
    "metabolism": null,
    "absorption": null,
    "half-life": null,
    "protein-binding": null,
    "route-of-elimination": null,
    "volume-of-distribution": null,
    "clearance": null,
    "salts": null,
    "synonyms": {
        "synonym": [
            {
                "language": "english",
                "coder": "",
                "value": "B. bifidum"
            }
        ]
    },
    "products": {
        "product": [
            {
                "name": "Acidophilus Bifidum Bulgaricus",
                "labeller": "Nutraceutical Corporation",
                "ndc-id": null,
                "ndc-product-code": null,
                "dpd-id": "02240712",
                "ema-product-code": null,
                "ema-ma-number": null,
                "started-marketing-on": "2003-09-02",
                "ended-marketing-on": "2006-08-02",
                "dosage-form": "Capsule",
                "strength": null,
                "route": "Oral",
                "fda-application-number": null,
                "generic": false,
                "over-the-counter": true,
                "approved": true,
                "country": "Canada",
                "source": "DPD"
            }
        ]
    },
    "international-brands": null,
    "mixtures": {
        "mixture": [
            {
                "name": "Acidophilus Bifidum Bulgaricus",
                "ingredients": "Bifidobacterium bifidum + Lactobacillus acidophilus + Lactobacillus delbrueckii bulgaricus"
            }
        ]
    },
    "packagers": null,
    "manufacturers": null,
    "prices": null,
    "categories": null,
    "affected-organisms": null,
    "dosages": {
        "dosage": [
            {
                "form": "Capsule",
                "route": "Oral",
                "strength": null
            }
        ]
    },
    "atc-codes": null,
    "ahfs-codes": null,
    "pdb-entries": null,
    "patents": null,
    "food-interactions": null,
    "drug-interactions": null,
    "sequences": null,
    "experimental-properties": null,
    "external-identifiers": {
        "external-identifier": [
            {
                "resource": "Drugs Product Database (DPD)",
                "identifier": "69"
            },
            {
                "resource": "Wikipedia",
                "identifier": "Bifidobacterium_bifidum"
            },
            {
                "resource": "RxCUI",
                "identifier": "285148"
            }
        ]
    },
    "external-links": null,
    "pathways": null,
    "reactions": null,
    "snp-effects": null,
    "snp-adverse-drug-reactions": null,
    "targets": null,
    "enzymes": null,
    "carriers": null,
    "transporters": null
}