{
    "type": "small molecule",
    "created": "2020-12-15",
    "updated": "2020-12-20",
    "drugbank-id": [
        {
            "primary": true,
            "value": "DB16260"
        }
    ],
    "name": "norUrsodeoxycholic acid",
    "description": "norUrsodeoxycholic acid is under investigation in clinical trial NCT03872921 (Norursodeoxycholic Acid vs Placebo in PSC).",
    "cas-number": "99697-24-2",
    "unii": "8A5G600D9V",
    "average-mass": 378.553,
    "monoisotopic-mass": 378.277009704,
    "groups": {
        "group": [
            "investigational"
        ]
    },
    "general-references": {
        "articles": null,
        "textbooks": null,
        "links": null,
        "attachments": null
    },
    "synthesis-reference": null,
    "indication": null,
    "pharmacodynamics": null,
    "mechanism-of-action": null,
    "toxicity": null,
    "metabolism": null,
    "absorption": null,
    "half-life": null,
    "protein-binding": null,
    "route-of-elimination": null,
    "volume-of-distribution": null,
    "clearance": null,
    "salts": null,
    "synonyms": {
        "synonym": [
            {
                "language": "english",
                "coder": "",
                "value": "24-norursodeoxycholic acid"
            },
            {
                "language": "english",
                "coder": "",
                "value": "Nor-ursodeoxycholic acid"
            },
            {
                "language": "english",
                "coder": "",
                "value": "Norucholic acid"
            },
            {
                "language": "english",
                "coder": "",
                "value": "NorUrsodeoxycholic Acid"
            }
        ]
    },
    "products": null,
    "international-brands": null,
    "mixtures": null,
    "packagers": null,
    "manufacturers": null,
    "prices": null,
    "categories": {
        "category": [
            {
                "category": "Bile Acids and Salts",
                "mesh-id": "D001647"
            },
            {
                "category": "Cholanes",
                "mesh-id": "D002757"
            },
            {
                "category": "Cholic Acids",
                "mesh-id": "D002793"
            },
            {
                "category": "Fused-Ring Compounds",
                "mesh-id": "D000072473"
            },
            {
                "category": "Steroids",
                "mesh-id": "D013256"
            }
        ]
    },
    "affected-organisms": null,
    "dosages": null,
    "atc-codes": null,
    "ahfs-codes": null,
    "pdb-entries": null,
    "patents": null,
    "food-interactions": null,
    "drug-interactions": null,
    "calculated-properties": {
        "property": [
            {
                "kind": "logP",
                "value": "2.66",
                "source": "ALOGPS"
            },
            {
                "kind": "logS",
                "value": "-4",
                "source": "ALOGPS"
            },
            {
                "kind": "Water Solubility",
                "value": "3.96e-02 g/l",
                "source": "ALOGPS"
            },
            {
                "kind": "logP",
                "value": "3.27",
                "source": "ChemAxon"
            },
            {
                "kind": "IUPAC Name",
                "value": "(3R)-3-[(1R,3aS,3bR,4S,5aS,7R,9aS,9bS,11aR)-4,7-dihydroxy-9a,11a-dimethyl-hexadecahydro-1H-cyclopenta[a]phenanthren-1-yl]butanoic acid",
                "source": "ChemAxon"
            },
            {
                "kind": "Traditional IUPAC Name",
                "value": "5-({4-[2-(3-methoxyphenyl)-2-oxoethoxy]phenyl}methyl)-1,3-thiazolidine-2,4-dione",
                "source": "ChemAxon"
            },
            {
                "kind": "Molecular Weight",
                "value": "378.553",
                "source": "ChemAxon"
            },
            {
                "kind": "Monoisotopic Weight",
                "value": "378.277009704",
                "source": "ChemAxon"
            },
            {
                "kind": "SMILES",
                "value": "[H][C@@]1(CC[C@@]2([H])[C@]3([H])[C@@H](O)C[C@]4([H])C[C@H](O)CC[C@]4(C)[C@@]3([H])CC[C@]12C)[C@H](C)CC(O)=O",
                "source": "ChemAxon"
            },
            {
                "kind": "Molecular Formula",
                "value": "C23H38O4",
                "source": "ChemAxon"
            },
            {
                "kind": "InChI",
                "value": "InChI=1S/C23H38O4/c1-13(10-20(26)27)16-4-5-17-21-18(7-9-23(16,17)3)22(2)8-6-15(24)11-14(22)12-19(21)25/h13-19,21,24-25H,4-12H2,1-3H3,(H,26,27)/t13-,14+,15-,16-,17+,18+,19+,21+,22+,23-/m1/s1",
                "source": "ChemAxon"
            },
            {
                "kind": "InChIKey",
                "value": "QYYDXDSPYPOWRO-JHMCBHKWSA-N",
                "source": "ChemAxon"
            },
            {
                "kind": "Polar Surface Area (PSA)",
                "value": "77.76",
                "source": "ChemAxon"
            },
            {
                "kind": "Refractivity",
                "value": "104.67",
                "source": "ChemAxon"
            },
            {
                "kind": "Polarizability",
                "value": "44.49",
                "source": "ChemAxon"
            },
            {
                "kind": "Rotatable Bond Count",
                "value": "3",
                "source": "ChemAxon"
            },
            {
                "kind": "H Bond Acceptor Count",
                "value": "4",
                "source": "ChemAxon"
            },
            {
                "kind": "H Bond Donor Count",
                "value": "3",
                "source": "ChemAxon"
            },
            {
                "kind": "pKa (strongest acidic)",
                "value": "4.53",
                "source": "ChemAxon"
            },
            {
                "kind": "pKa (strongest basic)",
                "value": "-0.54",
                "source": "ChemAxon"
            },
            {
                "kind": "Physiological Charge",
                "value": "-1",
                "source": "ChemAxon"
            },
            {
                "kind": "Number of Rings",
                "value": "4",
                "source": "ChemAxon"
            },
            {
                "kind": "Bioavailability",
                "value": "1",
                "source": "ChemAxon"
            },
            {
                "kind": "Rule of Five",
                "value": "1",
                "source": "ChemAxon"
            },
            {
                "kind": "Ghose Filter",
                "value": "1",
                "source": "ChemAxon"
            },
            {
                "kind": "MDDR-Like Rule",
                "value": "0",
                "source": "ChemAxon"
            }
        ]
    },
    "experimental-properties": null,
    "external-identifiers": {
        "external-identifier": [
            {
                "resource": "ChemSpider",
                "identifier": "166888"
            },
            {
                "resource": "ChEMBL",
                "identifier": "CHEMBL1254990"
            },
            {
                "resource": "ZINC",
                "identifier": "ZINC000031520504"
            }
        ]
    },
    "external-links": null,
    "pathways": null,
    "reactions": null,
    "snp-effects": null,
    "snp-adverse-drug-reactions": null,
    "targets": null,
    "enzymes": null,
    "carriers": null,
    "transporters": null
}