{
    "type": "small molecule",
    "created": "2020-12-15",
    "updated": "2020-12-20",
    "drugbank-id": [
        {
            "primary": true,
            "value": "DB16146"
        }
    ],
    "name": "Dynorphin",
    "description": "Dynorphin is under investigation in clinical trial NCT00000244 (Effects of Dynorphin 1-13 on Heroin Addiction - 1).",
    "cas-number": "80448-90-4",
    "unii": "9M18T0TD14",
    "average-mass": 2147.523,
    "monoisotopic-mass": 2146.191210375,
    "groups": {
        "group": [
            "investigational"
        ]
    },
    "general-references": {
        "articles": null,
        "textbooks": null,
        "links": null,
        "attachments": null
    },
    "synthesis-reference": null,
    "indication": null,
    "pharmacodynamics": null,
    "mechanism-of-action": null,
    "toxicity": null,
    "metabolism": null,
    "absorption": null,
    "half-life": null,
    "protein-binding": null,
    "route-of-elimination": null,
    "volume-of-distribution": null,
    "clearance": null,
    "salts": null,
    "synonyms": {
        "synonym": [
            {
                "language": "english",
                "coder": "",
                "value": "Dynorphin"
            },
            {
                "language": "english",
                "coder": "",
                "value": "Dynorphin a"
            },
            {
                "language": "english",
                "coder": "",
                "value": "Dynorphin a (1-17)"
            },
            {
                "language": "english",
                "coder": "",
                "value": "Dynorphin a (bos taurus)"
            },
            {
                "language": "english",
                "coder": "",
                "value": "Dynorphin a (human)"
            },
            {
                "language": "english",
                "coder": "",
                "value": "Dynorphin a (pig)"
            },
            {
                "language": "english",
                "coder": "",
                "value": "Dynorphin a (porcine)"
            },
            {
                "language": "english",
                "coder": "",
                "value": "Dynorphin a (rat)"
            },
            {
                "language": "english",
                "coder": "",
                "value": "Dynorphin a (swine)"
            },
            {
                "language": "english",
                "coder": "",
                "value": "Dynorphin a 1-17"
            },
            {
                "language": "english",
                "coder": "",
                "value": "Dynorphins"
            },
            {
                "language": "english",
                "coder": "",
                "value": "Porcine dynorphin a (1-17)"
            }
        ]
    },
    "products": null,
    "international-brands": null,
    "mixtures": null,
    "packagers": null,
    "manufacturers": null,
    "prices": null,
    "categories": {
        "category": [
            {
                "category": "Amino Acids, Peptides, and Proteins",
                "mesh-id": "D000602"
            },
            {
                "category": "Nerve Tissue Proteins",
                "mesh-id": "D009419"
            },
            {
                "category": "Neuropeptides",
                "mesh-id": "D009479"
            },
            {
                "category": "Neurotransmitter Agents",
                "mesh-id": "D018377"
            },
            {
                "category": "Opioid Peptides",
                "mesh-id": "D018847"
            },
            {
                "category": "Peptides",
                "mesh-id": "D010455"
            },
            {
                "category": "Proteins",
                "mesh-id": "D011506"
            }
        ]
    },
    "affected-organisms": null,
    "dosages": null,
    "atc-codes": null,
    "ahfs-codes": null,
    "pdb-entries": null,
    "patents": null,
    "food-interactions": null,
    "drug-interactions": null,
    "calculated-properties": {
        "property": [
            {
                "kind": "logP",
                "value": "-1.5",
                "source": "ALOGPS"
            },
            {
                "kind": "logS",
                "value": "-5",
                "source": "ALOGPS"
            },
            {
                "kind": "Water Solubility",
                "value": "1.97e-02 g/l",
                "source": "ALOGPS"
            },
            {
                "kind": "logP",
                "value": "-11",
                "source": "ChemAxon"
            },
            {
                "kind": "IUPAC Name",
                "value": "(2S)-2-[(2S)-2-[(2S)-2-[(2S)-2-[(2S)-6-amino-2-[(2S)-2-[(2S)-6-amino-2-{[(2S)-1-[(2S)-2-[(2S,3S)-2-[(2S)-2-[(2S)-2-[(2S)-2-[(2S)-2-(2-{2-[(2S)-2-amino-3-(4-hydroxyphenyl)propanamido]acetamido}acetamido)-3-phenylpropanamido]-4-methylpentanamido]-5-carbamimidamidopentanamido]-5-carbamimidamidopentanamido]-3-methylpentanamido]-5-carbamimidamidopentanoyl]pyrrolidin-2-yl]formamido}hexanamido]-4-methylpentanamido]hexanamido]-3-(1H-indol-3-yl)propanamido]-3-carboxypropanamido]-3-carbamoylpropanamido]-4-carbamoylbutanoic acid",
                "source": "ChemAxon"
            },
            {
                "kind": "Traditional IUPAC Name",
                "value": "5-({4-[2-(3-methoxyphenyl)-2-oxoethoxy]phenyl}methyl)-1,3-thiazolidine-2,4-dione",
                "source": "ChemAxon"
            },
            {
                "kind": "Molecular Weight",
                "value": "2147.523",
                "source": "ChemAxon"
            },
            {
                "kind": "Monoisotopic Weight",
                "value": "2146.191210375",
                "source": "ChemAxon"
            },
            {
                "kind": "SMILES",
                "value": "[H][C@](NC(=O)[C@H](CCCNC(N)=N)NC(=O)[C@H](CCCNC(N)=N)NC(=O)[C@H](CC(C)C)NC(=O)[C@H](CC1=CC=CC=C1)NC(=O)CNC(=O)CNC(=O)[C@@H](N)CC1=CC=C(O)C=C1)([C@@H](C)CC)C(=O)N[C@@H](CCCNC(N)=N)C(=O)N1CCC[C@H]1C(=O)N[C@@H](CCCCN)C(=O)N[C@@H](CC(C)C)C(=O)N[C@@H](CCCCN)C(=O)N[C@@H](CC1=CNC2=CC=CC=C12)C(=O)N[C@@H](CC(O)=O)C(=O)N[C@@H](CC(N)=O)C(=O)N[C@@H](CCC(N)=O)C(O)=O",
                "source": "ChemAxon"
            },
            {
                "kind": "Molecular Formula",
                "value": "C99H155N31O23",
                "source": "ChemAxon"
            },
            {
                "kind": "InChI",
                "value": "InChI=1S/C99H155N31O23/c1-7-55(6)81(129-86(142)66(28-18-40-112-98(107)108)118-83(139)65(27-17-39-111-97(105)106)120-88(144)70(44-54(4)5)125-89(145)71(46-56-21-9-8-10-22-56)117-79(135)52-115-78(134)51-116-82(138)61(102)45-57-31-33-59(131)34-32-57)94(150)122-67(29-19-41-113-99(109)110)95(151)130-42-20-30-75(130)93(149)121-64(26-14-16-38-101)85(141)124-69(43-53(2)3)87(143)119-63(25-13-15-37-100)84(140)126-72(47-58-50-114-62-24-12-11-23-60(58)62)90(146)128-74(49-80(136)137)92(148)127-73(48-77(104)133)91(147)123-68(96(152)153)35-36-76(103)132/h8-12,21-24,31-34,50,53-55,61,63-75,81,114,131H,7,13-20,25-30,35-49,51-52,100-102H2,1-6H3,(H2,103,132)(H2,104,133)(H,115,134)(H,116,138)(H,117,135)(H,118,139)(H,119,143)(H,120,144)(H,121,149)(H,122,150)(H,123,147)(H,124,141)(H,125,145)(H,126,140)(H,127,148)(H,128,146)(H,129,142)(H,136,137)(H,152,153)(H4,105,106,111)(H4,107,108,112)(H4,109,110,113)/t55-,61-,63-,64-,65-,66-,67-,68-,69-,70-,71-,72-,73-,74-,75-,81-/m0/s1",
                "source": "ChemAxon"
            },
            {
                "kind": "InChIKey",
                "value": "JMNJYGMAUMANNW-FIXZTSJVSA-N",
                "source": "ChemAxon"
            },
            {
                "kind": "Polar Surface Area (PSA)",
                "value": "917.37",
                "source": "ChemAxon"
            },
            {
                "kind": "Refractivity",
                "value": "585.23",
                "source": "ChemAxon"
            },
            {
                "kind": "Polarizability",
                "value": "223.25",
                "source": "ChemAxon"
            },
            {
                "kind": "Rotatable Bond Count",
                "value": "71",
                "source": "ChemAxon"
            },
            {
                "kind": "H Bond Acceptor Count",
                "value": "35",
                "source": "ChemAxon"
            },
            {
                "kind": "H Bond Donor Count",
                "value": "33",
                "source": "ChemAxon"
            },
            {
                "kind": "pKa (strongest acidic)",
                "value": "3.07",
                "source": "ChemAxon"
            },
            {
                "kind": "pKa (strongest basic)",
                "value": "12.37",
                "source": "ChemAxon"
            },
            {
                "kind": "Physiological Charge",
                "value": "4",
                "source": "ChemAxon"
            },
            {
                "kind": "Number of Rings",
                "value": "5",
                "source": "ChemAxon"
            },
            {
                "kind": "Bioavailability",
                "value": "0",
                "source": "ChemAxon"
            },
            {
                "kind": "Rule of Five",
                "value": "0",
                "source": "ChemAxon"
            },
            {
                "kind": "Ghose Filter",
                "value": "0",
                "source": "ChemAxon"
            },
            {
                "kind": "MDDR-Like Rule",
                "value": "1",
                "source": "ChemAxon"
            }
        ]
    },
    "experimental-properties": null,
    "external-identifiers": {
        "external-identifier": [
            {
                "resource": "ChemSpider",
                "identifier": "17290383"
            },
            {
                "resource": "Wikipedia",
                "identifier": "Dynorphin"
            },
            {
                "resource": "ChEMBL",
                "identifier": "CHEMBL411557"
            }
        ]
    },
    "external-links": null,
    "pathways": null,
    "reactions": null,
    "snp-effects": null,
    "snp-adverse-drug-reactions": null,
    "targets": null,
    "enzymes": null,
    "carriers": null,
    "transporters": null
}