{
    "type": "biotech",
    "created": "2021-02-03",
    "updated": "2021-02-13",
    "drugbank-id": [
        {
            "primary": true,
            "value": "DB16542"
        }
    ],
    "name": "Lactobacillus fermentum",
    "description": null,
    "cas-number": null,
    "unii": "2C1F12C6AP",
    "groups": {
        "group": [
            "experimental"
        ]
    },
    "general-references": {
        "articles": null,
        "textbooks": null,
        "links": null,
        "attachments": null
    },
    "synthesis-reference": null,
    "indication": null,
    "pharmacodynamics": null,
    "mechanism-of-action": null,
    "toxicity": null,
    "metabolism": null,
    "absorption": null,
    "half-life": null,
    "protein-binding": null,
    "route-of-elimination": null,
    "volume-of-distribution": null,
    "clearance": null,
    "salts": null,
    "synonyms": {
        "synonym": [
            {
                "language": "english",
                "coder": "",
                "value": "L. fermentum"
            }
        ]
    },
    "products": {
        "product": [
            {
                "name": "Lacto Pack D29 Cream Care",
                "labeller": "GSL-BIO CO.,LTD.",
                "ndc-id": null,
                "ndc-product-code": "82684-001",
                "dpd-id": null,
                "ema-product-code": null,
                "ema-ma-number": null,
                "started-marketing-on": "2022-04-22",
                "ended-marketing-on": null,
                "dosage-form": "Soap",
                "strength": "0.4 g/100g",
                "route": "Topical",
                "fda-application-number": null,
                "generic": false,
                "over-the-counter": true,
                "approved": false,
                "country": "US",
                "source": "FDA NDC"
            },
            {
                "name": "OraBalance Breathcare",
                "labeller": "isamogu Inc.",
                "ndc-id": null,
                "ndc-product-code": "82690-402",
                "dpd-id": null,
                "ema-product-code": null,
                "ema-ma-number": null,
                "started-marketing-on": "2022-08-02",
                "ended-marketing-on": null,
                "dosage-form": "Tablet",
                "strength": null,
                "route": "Dental",
                "fda-application-number": null,
                "generic": false,
                "over-the-counter": true,
                "approved": false,
                "country": "US",
                "source": "FDA NDC"
            },
            {
                "name": "OraBalance dentalcare",
                "labeller": "isamogu Inc.",
                "ndc-id": null,
                "ndc-product-code": "82690-401",
                "dpd-id": null,
                "ema-product-code": null,
                "ema-ma-number": null,
                "started-marketing-on": "2022-07-13",
                "ended-marketing-on": null,
                "dosage-form": "Tablet",
                "strength": null,
                "route": "Dental",
                "fda-application-number": null,
                "generic": false,
                "over-the-counter": true,
                "approved": false,
                "country": "US",
                "source": "FDA NDC"
            }
        ]
    },
    "international-brands": null,
    "mixtures": {
        "mixture": [
            {
                "name": "OraBalance dentalcare",
                "ingredients": "Lactobacillus fermentum + Lactobacillus gasseri"
            },
            {
                "name": "OraBalance Breathcare",
                "ingredients": "Lactobacillus fermentum + Lactobacillus gasseri"
            }
        ]
    },
    "packagers": null,
    "manufacturers": null,
    "prices": null,
    "categories": null,
    "affected-organisms": null,
    "dosages": {
        "dosage": [
            {
                "form": "Soap",
                "route": "Topical",
                "strength": "0.4 g/100g"
            },
            {
                "form": "Tablet",
                "route": "Dental",
                "strength": null
            },
            {
                "form": "Capsule",
                "route": "Oral",
                "strength": null
            }
        ]
    },
    "atc-codes": null,
    "ahfs-codes": null,
    "pdb-entries": null,
    "patents": null,
    "food-interactions": null,
    "drug-interactions": null,
    "sequences": null,
    "experimental-properties": null,
    "external-identifiers": {
        "external-identifier": [
            {
                "resource": "Wikipedia",
                "identifier": "Lactobacillus_fermentum"
            },
            {
                "resource": "RxCUI",
                "identifier": "2471430"
            }
        ]
    },
    "external-links": null,
    "pathways": null,
    "reactions": null,
    "snp-effects": null,
    "snp-adverse-drug-reactions": null,
    "targets": null,
    "enzymes": null,
    "carriers": null,
    "transporters": null
}