{
    "type": "small molecule",
    "created": "2020-12-15",
    "updated": "2021-02-21",
    "drugbank-id": [
        {
            "primary": true,
            "value": "DB16320"
        }
    ],
    "name": "Rovazolac",
    "description": "Rovazolac is under investigation in clinical trial NCT03175354 (A Study in Subjects With Moderate Atopic Dermatitis).",
    "cas-number": "1454288-88-0",
    "unii": "W51K389XIL",
    "average-mass": 452.45,
    "monoisotopic-mass": 452.101762763,
    "groups": {
        "group": [
            "investigational"
        ]
    },
    "general-references": {
        "articles": null,
        "textbooks": null,
        "links": null,
        "attachments": null
    },
    "synthesis-reference": null,
    "indication": null,
    "pharmacodynamics": null,
    "mechanism-of-action": null,
    "toxicity": null,
    "metabolism": null,
    "absorption": null,
    "half-life": null,
    "protein-binding": null,
    "route-of-elimination": null,
    "volume-of-distribution": null,
    "clearance": null,
    "salts": null,
    "synonyms": {
        "synonym": [
            {
                "language": "english",
                "coder": "inn/usan",
                "value": "Rovazolac"
            }
        ]
    },
    "products": null,
    "international-brands": null,
    "mixtures": null,
    "packagers": null,
    "manufacturers": null,
    "prices": null,
    "categories": null,
    "affected-organisms": null,
    "dosages": null,
    "atc-codes": null,
    "ahfs-codes": null,
    "pdb-entries": null,
    "patents": null,
    "food-interactions": null,
    "drug-interactions": null,
    "calculated-properties": {
        "property": [
            {
                "kind": "logP",
                "value": "4.32",
                "source": "ALOGPS"
            },
            {
                "kind": "logS",
                "value": "-5.5",
                "source": "ALOGPS"
            },
            {
                "kind": "Water Solubility",
                "value": "1.47e-03 g/l",
                "source": "ALOGPS"
            },
            {
                "kind": "logP",
                "value": "3.7",
                "source": "ChemAxon"
            },
            {
                "kind": "IUPAC Name",
                "value": "ethyl 2-(5-{3'-methanesulfonyl-[1,1'-biphenyl]-4-yl}-3-(trifluoromethyl)-1H-pyrazol-1-yl)acetate",
                "source": "ChemAxon"
            },
            {
                "kind": "Traditional IUPAC Name",
                "value": "8-[(3R)-3-[1-({1-[(E)-{[(7S,9E,11S,12S,13S,14S,15R,16R,17S,18S,19E)-13-(acetyloxy)-2,15,17,27,29-pentahydroxy-11-methoxy-3,7,12,14,16,18,22-heptamethyl-6,23-dioxo-8,30-dioxa-24-azatetracyclo[23.3.1.1^{4,7}.0^{5,28}]triaconta-1(28),2,4,9,19,21,25(29),26-octaen-26-yl]methylidene}amino]piperidin-4-yl}(methyl)amino)cyclopropyl]pyrrolidin-1-yl]-1-cyclopropyl-7-fluoro-9-methyl-4-oxoquinolizine-3-carboxylic acid",
                "source": "ChemAxon"
            },
            {
                "kind": "Molecular Weight",
                "value": "452.45",
                "source": "ChemAxon"
            },
            {
                "kind": "Monoisotopic Weight",
                "value": "452.101762763",
                "source": "ChemAxon"
            },
            {
                "kind": "SMILES",
                "value": "CCOC(=O)CN1N=C(C=C1C1=CC=C(C=C1)C1=CC(=CC=C1)S(C)(=O)=O)C(F)(F)F",
                "source": "ChemAxon"
            },
            {
                "kind": "Molecular Formula",
                "value": "C21H19F3N2O4S",
                "source": "ChemAxon"
            },
            {
                "kind": "InChI",
                "value": "InChI=1S/C21H19F3N2O4S/c1-3-30-20(27)13-26-18(12-19(25-26)21(22,23)24)15-9-7-14(8-10-15)16-5-4-6-17(11-16)31(2,28)29/h4-12H,3,13H2,1-2H3",
                "source": "ChemAxon"
            },
            {
                "kind": "InChIKey",
                "value": "ZUMNJDGBYXHASJ-UHFFFAOYSA-N",
                "source": "ChemAxon"
            },
            {
                "kind": "Polar Surface Area (PSA)",
                "value": "78.26",
                "source": "ChemAxon"
            },
            {
                "kind": "Refractivity",
                "value": "120.32",
                "source": "ChemAxon"
            },
            {
                "kind": "Polarizability",
                "value": "43.2",
                "source": "ChemAxon"
            },
            {
                "kind": "Rotatable Bond Count",
                "value": "8",
                "source": "ChemAxon"
            },
            {
                "kind": "H Bond Acceptor Count",
                "value": "4",
                "source": "ChemAxon"
            },
            {
                "kind": "H Bond Donor Count",
                "value": "0",
                "source": "ChemAxon"
            },
            {
                "kind": "pKa (strongest acidic)",
                "value": "16.19",
                "source": "ChemAxon"
            },
            {
                "kind": "pKa (strongest basic)",
                "value": "0.31",
                "source": "ChemAxon"
            },
            {
                "kind": "Physiological Charge",
                "value": "0",
                "source": "ChemAxon"
            },
            {
                "kind": "Number of Rings",
                "value": "3",
                "source": "ChemAxon"
            },
            {
                "kind": "Bioavailability",
                "value": "1",
                "source": "ChemAxon"
            },
            {
                "kind": "Rule of Five",
                "value": "1",
                "source": "ChemAxon"
            },
            {
                "kind": "Ghose Filter",
                "value": "1",
                "source": "ChemAxon"
            },
            {
                "kind": "MDDR-Like Rule",
                "value": "1",
                "source": "ChemAxon"
            }
        ]
    },
    "experimental-properties": null,
    "external-identifiers": {
        "external-identifier": [
            {
                "resource": "ChemSpider",
                "identifier": "59718525"
            },
            {
                "resource": "ChEMBL",
                "identifier": "CHEMBL4297218"
            }
        ]
    },
    "external-links": null,
    "pathways": null,
    "reactions": null,
    "snp-effects": null,
    "snp-adverse-drug-reactions": null,
    "targets": null,
    "enzymes": null,
    "carriers": null,
    "transporters": null
}