{
    "type": "small molecule",
    "created": "2021-02-01",
    "updated": "2021-02-13",
    "drugbank-id": [
        {
            "primary": true,
            "value": "DB16525"
        }
    ],
    "name": "Collagen-polyvinylpyrrolidone",
    "description": "Collagen-polyvinylpyrrolidone is a copolymer generated from a mixture of type I collagen and low-molecular-weight PVP that has undergone γ irradiation[A227733]. It is characterized by antifibrotic, fibrolytic, and immunomodulatory properties[A227733].",
    "cas-number": null,
    "unii": null,
    "groups": {
        "group": [
            "investigational"
        ]
    },
    "general-references": {
        "articles": {
            "article": [
                {
                    "ref-id": "A227733",
                    "pubmed-id": "25051159",
                    "citation": "Leyva-Gomez G, Lima E, Krotzsch G, Pacheco-Marin R, Rodriguez-Fuentes N, Quintanar-Guerrero D, Krotzsch E: Physicochemical and functional characterization of the collagen-polyvinylpyrrolidone copolymer. J Phys Chem B. 2014 Aug 7;118(31):9272-83. doi: 10.1021/jp502476x. Epub 2014 Jul 30."
                }
            ]
        },
        "textbooks": null,
        "links": null,
        "attachments": null
    },
    "synthesis-reference": null,
    "indication": null,
    "pharmacodynamics": null,
    "mechanism-of-action": "Collagen-polyvinylpyrrolidone (C-PVP) has been shown to have biological effects on the expression of integrin α2 and prolyl-hydroxylase[A227733]. C-PVP is currently being investigated against COVID-19.",
    "toxicity": null,
    "metabolism": null,
    "absorption": null,
    "half-life": null,
    "protein-binding": null,
    "route-of-elimination": null,
    "volume-of-distribution": null,
    "clearance": null,
    "salts": null,
    "synonyms": null,
    "products": null,
    "international-brands": null,
    "mixtures": null,
    "packagers": null,
    "manufacturers": null,
    "prices": null,
    "categories": {
        "category": [
            {
                "category": "Alkenes",
                "mesh-id": "D000475"
            },
            {
                "category": "Amino Acids, Peptides, and Proteins",
                "mesh-id": "D000602"
            },
            {
                "category": "Biopolymers",
                "mesh-id": "D001704"
            },
            {
                "category": "Extracellular Matrix Proteins",
                "mesh-id": "D016326"
            },
            {
                "category": "Hydrocarbons, Acyclic",
                "mesh-id": "D006839"
            },
            {
                "category": "Macromolecular Substances",
                "mesh-id": "D046911"
            },
            {
                "category": "Plastics",
                "mesh-id": "D010969"
            },
            {
                "category": "Polymers",
                "mesh-id": "D011108"
            },
            {
                "category": "Polyvinyls",
                "mesh-id": "D011145"
            },
            {
                "category": "Proteins",
                "mesh-id": "D011506"
            },
            {
                "category": "Pyrrolidines",
                "mesh-id": "D011759"
            },
            {
                "category": "Pyrrolidinones",
                "mesh-id": "D011760"
            },
            {
                "category": "Scleroproteins",
                "mesh-id": "D012596"
            },
            {
                "category": "Vinyl Compounds",
                "mesh-id": "D014753"
            }
        ]
    },
    "affected-organisms": null,
    "dosages": null,
    "atc-codes": null,
    "ahfs-codes": null,
    "pdb-entries": null,
    "patents": null,
    "food-interactions": null,
    "drug-interactions": null,
    "calculated-properties": null,
    "experimental-properties": null,
    "external-identifiers": null,
    "external-links": null,
    "pathways": null,
    "reactions": null,
    "snp-effects": null,
    "snp-adverse-drug-reactions": null,
    "targets": null,
    "enzymes": null,
    "carriers": null,
    "transporters": null
}