{
    "type": "small molecule",
    "created": "2020-12-15",
    "updated": "2020-12-20",
    "drugbank-id": [
        {
            "primary": true,
            "value": "DB16110"
        }
    ],
    "name": "GSK232802",
    "description": "GSK232802 is under investigation in clinical trial NCT00604825 (Treatment of Hot Flashes/flushes in Postmenopausal Women (WARM Study)).",
    "cas-number": "843661-24-5",
    "unii": "AG92SGO434",
    "average-mass": 364.485,
    "monoisotopic-mass": 364.203844762,
    "groups": {
        "group": [
            "investigational"
        ]
    },
    "general-references": {
        "articles": null,
        "textbooks": null,
        "links": null,
        "attachments": null
    },
    "synthesis-reference": null,
    "indication": null,
    "pharmacodynamics": null,
    "mechanism-of-action": null,
    "toxicity": null,
    "metabolism": null,
    "absorption": null,
    "half-life": null,
    "protein-binding": null,
    "route-of-elimination": null,
    "volume-of-distribution": null,
    "clearance": null,
    "salts": null,
    "synonyms": null,
    "products": null,
    "international-brands": null,
    "mixtures": null,
    "packagers": null,
    "manufacturers": null,
    "prices": null,
    "categories": null,
    "affected-organisms": null,
    "dosages": null,
    "atc-codes": null,
    "ahfs-codes": null,
    "pdb-entries": null,
    "patents": null,
    "food-interactions": null,
    "drug-interactions": null,
    "calculated-properties": {
        "property": [
            {
                "kind": "logP",
                "value": "5.79",
                "source": "ALOGPS"
            },
            {
                "kind": "logS",
                "value": "-5.2",
                "source": "ALOGPS"
            },
            {
                "kind": "Water Solubility",
                "value": "2.15e-03 g/l",
                "source": "ALOGPS"
            },
            {
                "kind": "logP",
                "value": "6.17",
                "source": "ChemAxon"
            },
            {
                "kind": "IUPAC Name",
                "value": "4-[(4-hydroxyphenyl)(3,3,5,5-tetramethylcyclohexylidene)methyl]benzoic acid",
                "source": "ChemAxon"
            },
            {
                "kind": "Traditional IUPAC Name",
                "value": "5-({4-[2-(3-methoxyphenyl)-2-oxoethoxy]phenyl}methyl)-1,3-thiazolidine-2,4-dione",
                "source": "ChemAxon"
            },
            {
                "kind": "Molecular Weight",
                "value": "364.485",
                "source": "ChemAxon"
            },
            {
                "kind": "Monoisotopic Weight",
                "value": "364.203844762",
                "source": "ChemAxon"
            },
            {
                "kind": "SMILES",
                "value": "CC1(C)CC(CC(C)(C)C1)=C(C1=CC=C(O)C=C1)C1=CC=C(C=C1)C(O)=O",
                "source": "ChemAxon"
            },
            {
                "kind": "Molecular Formula",
                "value": "C24H28O3",
                "source": "ChemAxon"
            },
            {
                "kind": "InChI",
                "value": "InChI=1S/C24H28O3/c1-23(2)13-19(14-24(3,4)15-23)21(17-9-11-20(25)12-10-17)16-5-7-18(8-6-16)22(26)27/h5-12,25H,13-15H2,1-4H3,(H,26,27)",
                "source": "ChemAxon"
            },
            {
                "kind": "InChIKey",
                "value": "KNQLNDPHLXIOCY-UHFFFAOYSA-N",
                "source": "ChemAxon"
            },
            {
                "kind": "Polar Surface Area (PSA)",
                "value": "57.53",
                "source": "ChemAxon"
            },
            {
                "kind": "Refractivity",
                "value": "118.54",
                "source": "ChemAxon"
            },
            {
                "kind": "Polarizability",
                "value": "41.69",
                "source": "ChemAxon"
            },
            {
                "kind": "Rotatable Bond Count",
                "value": "3",
                "source": "ChemAxon"
            },
            {
                "kind": "H Bond Acceptor Count",
                "value": "3",
                "source": "ChemAxon"
            },
            {
                "kind": "H Bond Donor Count",
                "value": "2",
                "source": "ChemAxon"
            },
            {
                "kind": "pKa (strongest acidic)",
                "value": "4.06",
                "source": "ChemAxon"
            },
            {
                "kind": "pKa (strongest basic)",
                "value": "-6",
                "source": "ChemAxon"
            },
            {
                "kind": "Physiological Charge",
                "value": "-1",
                "source": "ChemAxon"
            },
            {
                "kind": "Number of Rings",
                "value": "3",
                "source": "ChemAxon"
            },
            {
                "kind": "Bioavailability",
                "value": "1",
                "source": "ChemAxon"
            },
            {
                "kind": "Rule of Five",
                "value": "0",
                "source": "ChemAxon"
            },
            {
                "kind": "Ghose Filter",
                "value": "0",
                "source": "ChemAxon"
            },
            {
                "kind": "MDDR-Like Rule",
                "value": "0",
                "source": "ChemAxon"
            }
        ]
    },
    "experimental-properties": null,
    "external-identifiers": {
        "external-identifier": [
            {
                "resource": "ChemSpider",
                "identifier": "9374406"
            },
            {
                "resource": "ChEMBL",
                "identifier": "CHEMBL4297493"
            }
        ]
    },
    "external-links": null,
    "pathways": null,
    "reactions": null,
    "snp-effects": null,
    "snp-adverse-drug-reactions": null,
    "targets": null,
    "enzymes": null,
    "carriers": null,
    "transporters": null
}