{
    "type": "small molecule",
    "created": "2020-12-15",
    "updated": "2020-12-20",
    "drugbank-id": [
        {
            "primary": true,
            "value": "DB16141"
        }
    ],
    "name": "Dimethandrolone Undecanoate",
    "description": "Dimethandrolone Undecanoate is under investigation in clinical trial NCT03455075 (Study of Spermatogenesis Suppression With DMAU Alone or With LNG Versus Placebo Alone in Normal Men).",
    "cas-number": "366472-45-9",
    "unii": "VMT7Z23GLM",
    "average-mass": 470.738,
    "monoisotopic-mass": 470.37599547,
    "groups": {
        "group": [
            "investigational"
        ]
    },
    "general-references": {
        "articles": null,
        "textbooks": null,
        "links": null,
        "attachments": null
    },
    "synthesis-reference": null,
    "indication": null,
    "pharmacodynamics": null,
    "mechanism-of-action": null,
    "toxicity": null,
    "metabolism": null,
    "absorption": null,
    "half-life": null,
    "protein-binding": null,
    "route-of-elimination": null,
    "volume-of-distribution": null,
    "clearance": null,
    "salts": null,
    "synonyms": null,
    "products": null,
    "international-brands": null,
    "mixtures": null,
    "packagers": null,
    "manufacturers": null,
    "prices": null,
    "categories": null,
    "affected-organisms": null,
    "dosages": null,
    "atc-codes": null,
    "ahfs-codes": null,
    "pdb-entries": null,
    "patents": null,
    "food-interactions": null,
    "drug-interactions": null,
    "calculated-properties": {
        "property": [
            {
                "kind": "logP",
                "value": "6.25",
                "source": "ALOGPS"
            },
            {
                "kind": "logS",
                "value": "-7",
                "source": "ALOGPS"
            },
            {
                "kind": "Water Solubility",
                "value": "4.39e-05 g/l",
                "source": "ALOGPS"
            },
            {
                "kind": "logP",
                "value": "8.34",
                "source": "ChemAxon"
            },
            {
                "kind": "IUPAC Name",
                "value": "(1S,3aS,3bR,4R,9aR,9bS,10S,11aS)-4,10,11a-trimethyl-7-oxo-1H,2H,3H,3aH,3bH,4H,5H,7H,8H,9H,9aH,9bH,10H,11H,11aH-cyclopenta[a]phenanthren-1-yl undecanoate",
                "source": "ChemAxon"
            },
            {
                "kind": "Traditional IUPAC Name",
                "value": "5-({4-[2-(3-methoxyphenyl)-2-oxoethoxy]phenyl}methyl)-1,3-thiazolidine-2,4-dione",
                "source": "ChemAxon"
            },
            {
                "kind": "Molecular Weight",
                "value": "470.738",
                "source": "ChemAxon"
            },
            {
                "kind": "Monoisotopic Weight",
                "value": "470.37599547",
                "source": "ChemAxon"
            },
            {
                "kind": "SMILES",
                "value": "[H][C@@]12CC[C@H](OC(=O)CCCCCCCCCC)[C@@]1(C)C[C@H](C)[C@]1([H])[C@@]3([H])CCC(=O)C=C3C[C@@H](C)[C@@]21[H]",
                "source": "ChemAxon"
            },
            {
                "kind": "Molecular Formula",
                "value": "C31H50O3",
                "source": "ChemAxon"
            },
            {
                "kind": "InChI",
                "value": "InChI=1S/C31H50O3/c1-5-6-7-8-9-10-11-12-13-28(33)34-27-17-16-26-30-21(2)18-23-19-24(32)14-15-25(23)29(30)22(3)20-31(26,27)4/h19,21-22,25-27,29-30H,5-18,20H2,1-4H3/t21-,22+,25+,26+,27+,29-,30+,31+/m1/s1",
                "source": "ChemAxon"
            },
            {
                "kind": "InChIKey",
                "value": "FVICENFBEMJOCE-RTFNQGFNSA-N",
                "source": "ChemAxon"
            },
            {
                "kind": "Polar Surface Area (PSA)",
                "value": "43.37",
                "source": "ChemAxon"
            },
            {
                "kind": "Refractivity",
                "value": "139.64",
                "source": "ChemAxon"
            },
            {
                "kind": "Polarizability",
                "value": "59.02",
                "source": "ChemAxon"
            },
            {
                "kind": "Rotatable Bond Count",
                "value": "11",
                "source": "ChemAxon"
            },
            {
                "kind": "H Bond Acceptor Count",
                "value": "2",
                "source": "ChemAxon"
            },
            {
                "kind": "H Bond Donor Count",
                "value": "0",
                "source": "ChemAxon"
            },
            {
                "kind": "pKa (strongest acidic)",
                "value": "18.3",
                "source": "ChemAxon"
            },
            {
                "kind": "pKa (strongest basic)",
                "value": "-4.7",
                "source": "ChemAxon"
            },
            {
                "kind": "Physiological Charge",
                "value": "0",
                "source": "ChemAxon"
            },
            {
                "kind": "Number of Rings",
                "value": "4",
                "source": "ChemAxon"
            },
            {
                "kind": "Bioavailability",
                "value": "0",
                "source": "ChemAxon"
            },
            {
                "kind": "Rule of Five",
                "value": "0",
                "source": "ChemAxon"
            },
            {
                "kind": "Ghose Filter",
                "value": "0",
                "source": "ChemAxon"
            },
            {
                "kind": "MDDR-Like Rule",
                "value": "1",
                "source": "ChemAxon"
            }
        ]
    },
    "experimental-properties": null,
    "external-identifiers": {
        "external-identifier": [
            {
                "resource": "ChemSpider",
                "identifier": "68025242"
            }
        ]
    },
    "external-links": null,
    "pathways": null,
    "reactions": null,
    "snp-effects": null,
    "snp-adverse-drug-reactions": null,
    "targets": null,
    "enzymes": null,
    "carriers": null,
    "transporters": null
}