{
    "type": "small molecule",
    "created": "2020-12-15",
    "updated": "2022-05-04",
    "drugbank-id": [
        {
            "primary": true,
            "value": "DB16332"
        }
    ],
    "name": "Sodelglitazar",
    "description": "Sodelglitazar is under investigation in clinical trial NCT00196989 (Study in People With Type 2 Diabetes).",
    "cas-number": "447406-78-2",
    "unii": "6G973E04VI",
    "average-mass": 499.54,
    "monoisotopic-mass": 499.08989854,
    "groups": {
        "group": [
            "investigational"
        ]
    },
    "general-references": {
        "articles": null,
        "textbooks": null,
        "links": null,
        "attachments": null
    },
    "synthesis-reference": null,
    "indication": null,
    "pharmacodynamics": null,
    "mechanism-of-action": null,
    "toxicity": null,
    "metabolism": null,
    "absorption": null,
    "half-life": null,
    "protein-binding": null,
    "route-of-elimination": null,
    "volume-of-distribution": null,
    "clearance": null,
    "salts": null,
    "synonyms": {
        "synonym": [
            {
                "language": "english",
                "coder": "inn/usan",
                "value": "Sodelglitazar"
            }
        ]
    },
    "products": null,
    "international-brands": null,
    "mixtures": null,
    "packagers": null,
    "manufacturers": null,
    "prices": null,
    "categories": null,
    "affected-organisms": null,
    "dosages": null,
    "atc-codes": null,
    "ahfs-codes": null,
    "pdb-entries": null,
    "patents": null,
    "food-interactions": null,
    "drug-interactions": null,
    "calculated-properties": {
        "property": [
            {
                "kind": "logP",
                "value": "5.75",
                "source": "ALOGPS"
            },
            {
                "kind": "logS",
                "value": "-6.1",
                "source": "ALOGPS"
            },
            {
                "kind": "Water Solubility",
                "value": "3.91e-04 g/l",
                "source": "ALOGPS"
            },
            {
                "kind": "logP",
                "value": "6.9",
                "source": "ChemAxon"
            },
            {
                "kind": "IUPAC Name",
                "value": "2-{4-[({2-[2-fluoro-4-(trifluoromethyl)phenyl]-4-methyl-1,3-thiazol-5-yl}methyl)sulfanyl]-2-methylphenoxy}-2-methylpropanoic acid",
                "source": "ChemAxon"
            },
            {
                "kind": "Traditional IUPAC Name",
                "value": "8-[(3R)-3-[1-({1-[(E)-{[(7S,9E,11S,12S,13S,14S,15R,16R,17S,18S,19E)-13-(acetyloxy)-2,15,17,27,29-pentahydroxy-11-methoxy-3,7,12,14,16,18,22-heptamethyl-6,23-dioxo-8,30-dioxa-24-azatetracyclo[23.3.1.1^{4,7}.0^{5,28}]triaconta-1(28),2,4,9,19,21,25(29),26-octaen-26-yl]methylidene}amino]piperidin-4-yl}(methyl)amino)cyclopropyl]pyrrolidin-1-yl]-1-cyclopropyl-7-fluoro-9-methyl-4-oxoquinolizine-3-carboxylic acid",
                "source": "ChemAxon"
            },
            {
                "kind": "Molecular Weight",
                "value": "499.54",
                "source": "ChemAxon"
            },
            {
                "kind": "Monoisotopic Weight",
                "value": "499.08989854",
                "source": "ChemAxon"
            },
            {
                "kind": "SMILES",
                "value": "CC1=C(CSC2=CC=C(OC(C)(C)C(O)=O)C(C)=C2)SC(=N1)C1=CC=C(C=C1F)C(F)(F)F",
                "source": "ChemAxon"
            },
            {
                "kind": "Molecular Formula",
                "value": "C23H21F4NO3S2",
                "source": "ChemAxon"
            },
            {
                "kind": "InChI",
                "value": "InChI=1S/C23H21F4NO3S2/c1-12-9-15(6-8-18(12)31-22(3,4)21(29)30)32-11-19-13(2)28-20(33-19)16-7-5-14(10-17(16)24)23(25,26)27/h5-10H,11H2,1-4H3,(H,29,30)",
                "source": "ChemAxon"
            },
            {
                "kind": "InChIKey",
                "value": "ZUGQWAYOWCBWGM-UHFFFAOYSA-N",
                "source": "ChemAxon"
            },
            {
                "kind": "Polar Surface Area (PSA)",
                "value": "59.42",
                "source": "ChemAxon"
            },
            {
                "kind": "Refractivity",
                "value": "131.3",
                "source": "ChemAxon"
            },
            {
                "kind": "Polarizability",
                "value": "48.92",
                "source": "ChemAxon"
            },
            {
                "kind": "Rotatable Bond Count",
                "value": "8",
                "source": "ChemAxon"
            },
            {
                "kind": "H Bond Acceptor Count",
                "value": "4",
                "source": "ChemAxon"
            },
            {
                "kind": "H Bond Donor Count",
                "value": "1",
                "source": "ChemAxon"
            },
            {
                "kind": "pKa (strongest acidic)",
                "value": "3.58",
                "source": "ChemAxon"
            },
            {
                "kind": "pKa (strongest basic)",
                "value": "1.78",
                "source": "ChemAxon"
            },
            {
                "kind": "Physiological Charge",
                "value": "-1",
                "source": "ChemAxon"
            },
            {
                "kind": "Number of Rings",
                "value": "3",
                "source": "ChemAxon"
            },
            {
                "kind": "Bioavailability",
                "value": "1",
                "source": "ChemAxon"
            },
            {
                "kind": "Rule of Five",
                "value": "0",
                "source": "ChemAxon"
            },
            {
                "kind": "Ghose Filter",
                "value": "0",
                "source": "ChemAxon"
            },
            {
                "kind": "MDDR-Like Rule",
                "value": "1",
                "source": "ChemAxon"
            }
        ]
    },
    "experimental-properties": null,
    "external-identifiers": {
        "external-identifier": [
            {
                "resource": "ChemSpider",
                "identifier": "7981710"
            },
            {
                "resource": "Wikipedia",
                "identifier": "Sodelglitazar"
            },
            {
                "resource": "ChEMBL",
                "identifier": "CHEMBL2104984"
            },
            {
                "resource": "ZINC",
                "identifier": "ZINC000001553281"
            }
        ]
    },
    "external-links": null,
    "pathways": null,
    "reactions": null,
    "snp-effects": null,
    "snp-adverse-drug-reactions": null,
    "targets": null,
    "enzymes": null,
    "carriers": null,
    "transporters": null
}