{
    "type": "small molecule",
    "created": "2020-12-15",
    "updated": "2020-12-20",
    "drugbank-id": [
        {
            "primary": true,
            "value": "DB16095"
        }
    ],
    "name": "APG-1387",
    "description": "APG-1387 is under investigation in clinical trial NCT04568265 (A Clinical Study of APG-1387 in Combination With Entecavir in Patients With Chronic Hepatitis B).",
    "cas-number": "1570231-89-8",
    "unii": "E53VN70K2X",
    "average-mass": 1157.42,
    "monoisotopic-mass": 1156.487430906,
    "groups": {
        "group": [
            "investigational"
        ]
    },
    "general-references": {
        "articles": null,
        "textbooks": null,
        "links": null,
        "attachments": null
    },
    "synthesis-reference": null,
    "indication": null,
    "pharmacodynamics": null,
    "mechanism-of-action": null,
    "toxicity": null,
    "metabolism": null,
    "absorption": null,
    "half-life": null,
    "protein-binding": null,
    "route-of-elimination": null,
    "volume-of-distribution": null,
    "clearance": null,
    "salts": null,
    "synonyms": {
        "synonym": [
            {
                "language": "english",
                "coder": "",
                "value": "Apg-1387 (smac mimetic)"
            }
        ]
    },
    "products": null,
    "international-brands": null,
    "mixtures": null,
    "packagers": null,
    "manufacturers": null,
    "prices": null,
    "categories": {
        "category": [
            {
                "category": "Amides",
                "mesh-id": "D000577"
            },
            {
                "category": "Sulfones",
                "mesh-id": "D013450"
            },
            {
                "category": "Sulfur Compounds",
                "mesh-id": "D013457"
            }
        ]
    },
    "affected-organisms": null,
    "dosages": null,
    "atc-codes": null,
    "ahfs-codes": null,
    "pdb-entries": null,
    "patents": null,
    "food-interactions": null,
    "drug-interactions": null,
    "calculated-properties": {
        "property": [
            {
                "kind": "logP",
                "value": "3.23",
                "source": "ALOGPS"
            },
            {
                "kind": "logS",
                "value": "-5.1",
                "source": "ALOGPS"
            },
            {
                "kind": "Water Solubility",
                "value": "8.50e-03 g/l",
                "source": "ALOGPS"
            },
            {
                "kind": "logP",
                "value": "2.88",
                "source": "ChemAxon"
            },
            {
                "kind": "IUPAC Name",
                "value": "(5S,8S,10aR)-3-(3-{[(5S,8S,10aR)-8-[(diphenylmethyl)carbamoyl]-5-[(2S)-2-(methylamino)propanamido]-6-oxo-decahydropyrrolo[1,2-a][1,5]diazocin-3-yl]sulfonyl}benzenesulfonyl)-N-(diphenylmethyl)-5-[(2S)-2-(methylamino)propanamido]-6-oxo-decahydropyrrolo[1,2-a][1,5]diazocine-8-carboxamide",
                "source": "ChemAxon"
            },
            {
                "kind": "Traditional IUPAC Name",
                "value": "5-({4-[2-(3-methoxyphenyl)-2-oxoethoxy]phenyl}methyl)-1,3-thiazolidine-2,4-dione",
                "source": "ChemAxon"
            },
            {
                "kind": "Molecular Weight",
                "value": "1157.42",
                "source": "ChemAxon"
            },
            {
                "kind": "Monoisotopic Weight",
                "value": "1156.487430906",
                "source": "ChemAxon"
            },
            {
                "kind": "SMILES",
                "value": "[H][C@]12CC[C@H](N1C(=O)[C@H](CN(CC2)S(=O)(=O)C1=CC(=CC=C1)S(=O)(=O)N1CC[C@@]2([H])CC[C@H](N2C(=O)[C@H](C1)NC(=O)[C@H](C)NC)C(=O)NC(C1=CC=CC=C1)C1=CC=CC=C1)NC(=O)[C@H](C)NC)C(=O)NC(C1=CC=CC=C1)C1=CC=CC=C1",
                "source": "ChemAxon"
            },
            {
                "kind": "Molecular Formula",
                "value": "C60H72N10O10S2",
                "source": "ChemAxon"
            },
            {
                "kind": "InChI",
                "value": "InChI=1S/C60H72N10O10S2/c1-39(61-3)55(71)63-49-37-67(34-32-45-28-30-51(69(45)59(49)75)57(73)65-53(41-18-9-5-10-19-41)42-20-11-6-12-21-42)81(77,78)47-26-17-27-48(36-47)82(79,80)68-35-33-46-29-31-52(70(46)60(76)50(38-68)64-56(72)40(2)62-4)58(74)66-54(43-22-13-7-14-23-43)44-24-15-8-16-25-44/h5-27,36,39-40,45-46,49-54,61-62H,28-35,37-38H2,1-4H3,(H,63,71)(H,64,72)(H,65,73)(H,66,74)/t39-,40-,45+,46+,49-,50-,51-,52-/m0/s1",
                "source": "ChemAxon"
            },
            {
                "kind": "InChIKey",
                "value": "AKLBERUGKZNEJY-RTEPGWBGSA-N",
                "source": "ChemAxon"
            },
            {
                "kind": "Polar Surface Area (PSA)",
                "value": "255.84",
                "source": "ChemAxon"
            },
            {
                "kind": "Refractivity",
                "value": "308",
                "source": "ChemAxon"
            },
            {
                "kind": "Polarizability",
                "value": "121.23",
                "source": "ChemAxon"
            },
            {
                "kind": "Rotatable Bond Count",
                "value": "16",
                "source": "ChemAxon"
            },
            {
                "kind": "H Bond Acceptor Count",
                "value": "12",
                "source": "ChemAxon"
            },
            {
                "kind": "H Bond Donor Count",
                "value": "6",
                "source": "ChemAxon"
            },
            {
                "kind": "pKa (strongest acidic)",
                "value": "11.13",
                "source": "ChemAxon"
            },
            {
                "kind": "pKa (strongest basic)",
                "value": "8.9",
                "source": "ChemAxon"
            },
            {
                "kind": "Physiological Charge",
                "value": "2",
                "source": "ChemAxon"
            },
            {
                "kind": "Number of Rings",
                "value": "9",
                "source": "ChemAxon"
            },
            {
                "kind": "Bioavailability",
                "value": "0",
                "source": "ChemAxon"
            },
            {
                "kind": "Rule of Five",
                "value": "0",
                "source": "ChemAxon"
            },
            {
                "kind": "Ghose Filter",
                "value": "0",
                "source": "ChemAxon"
            },
            {
                "kind": "MDDR-Like Rule",
                "value": "1",
                "source": "ChemAxon"
            }
        ]
    },
    "experimental-properties": null,
    "external-identifiers": {
        "external-identifier": [
            {
                "resource": "ChemSpider",
                "identifier": "81367996"
            }
        ]
    },
    "external-links": null,
    "pathways": null,
    "reactions": null,
    "snp-effects": null,
    "snp-adverse-drug-reactions": null,
    "targets": null,
    "enzymes": null,
    "carriers": null,
    "transporters": null
}