{
    "type": "biotech",
    "created": "2020-12-18",
    "updated": "2020-12-20",
    "drugbank-id": [
        {
            "primary": true,
            "value": "DB16368"
        }
    ],
    "name": "Anti-SARS-CoV-2 equine immunoglobulin fragments",
    "description": "Anti-SARS-CoV-2 equine immunoglobulin fragments, also known as INOSARS, is a polyvalent passive immunization being tested in the clinical trial NCT04514302 (Safety and Efficacy of Anti-SARS-CoV-2 Equine Antibody Fragments (INOSARS) for Hospitalized Patients With COVID-19).[L27796] INOSARS is composed of F(ab’)2 fragments extracted from hyperimmune equine serum.",
    "cas-number": null,
    "unii": null,
    "groups": {
        "group": [
            "investigational"
        ]
    },
    "general-references": {
        "articles": null,
        "textbooks": null,
        "links": {
            "link": [
                {
                    "ref-id": "L27796",
                    "title": "ClinicalTrials.gov: Safety and Efficacy of Anti-SARS-CoV-2 Equine Antibody Fragments (INOSARS) for Hospitalized Patients With COVID-19",
                    "url": "https://clinicaltrials.gov/ct2/show/NCT04514302"
                }
            ]
        },
        "attachments": null
    },
    "synthesis-reference": null,
    "indication": null,
    "pharmacodynamics": null,
    "mechanism-of-action": null,
    "toxicity": null,
    "metabolism": null,
    "absorption": null,
    "half-life": null,
    "protein-binding": null,
    "route-of-elimination": null,
    "volume-of-distribution": null,
    "clearance": null,
    "salts": null,
    "synonyms": {
        "synonym": [
            {
                "language": "english",
                "coder": "",
                "value": "Anti-SARS-CoV-2 equine immunoglobulin fragments F(ab')2"
            },
            {
                "language": "english",
                "coder": "",
                "value": "INOSARS"
            }
        ]
    },
    "products": null,
    "international-brands": null,
    "mixtures": null,
    "packagers": null,
    "manufacturers": null,
    "prices": null,
    "categories": null,
    "affected-organisms": null,
    "dosages": null,
    "atc-codes": null,
    "ahfs-codes": null,
    "pdb-entries": null,
    "patents": null,
    "food-interactions": null,
    "drug-interactions": null,
    "sequences": null,
    "experimental-properties": null,
    "external-identifiers": null,
    "external-links": null,
    "pathways": null,
    "reactions": null,
    "snp-effects": null,
    "snp-adverse-drug-reactions": null,
    "targets": null,
    "enzymes": null,
    "carriers": null,
    "transporters": null
}