{
    "type": "biotech",
    "created": "2021-02-09",
    "updated": "2021-05-05",
    "drugbank-id": [
        {
            "primary": true,
            "value": "DB16577"
        }
    ],
    "name": "Japanese encephalitis vaccine (live, attenuated)",
    "description": null,
    "cas-number": null,
    "unii": "ZZ1CP75F3U",
    "groups": {
        "group": [
            "experimental"
        ]
    },
    "general-references": {
        "articles": null,
        "textbooks": null,
        "links": {
            "link": [
                {
                    "ref-id": "L33579",
                    "title": "FDA Thailand: Japanese Encephalitis Vaccine (Live, Attenuated) Injection",
                    "url": "http://pertento.fda.moph.go.th/FDA_SEARCH_DRUG/SEARCH_DRUG/pop-up_drug_ex.aspx?Newcode=U1DR1C1012500010811C"
                }
            ]
        },
        "attachments": null
    },
    "synthesis-reference": null,
    "indication": null,
    "pharmacodynamics": null,
    "mechanism-of-action": null,
    "toxicity": null,
    "metabolism": null,
    "absorption": null,
    "half-life": null,
    "protein-binding": null,
    "route-of-elimination": null,
    "volume-of-distribution": null,
    "clearance": null,
    "salts": null,
    "synonyms": {
        "synonym": [
            {
                "language": "english",
                "coder": "",
                "value": "Japanese encephalitis live attenuated strain sa 14-14-2 antigen"
            },
            {
                "language": "english",
                "coder": "",
                "value": "Japanese encephalitis live attenuated strain sa 14-14-2 vaccine"
            },
            {
                "language": "english",
                "coder": "",
                "value": "Japense encephalitis vaccine, live, attenuated"
            }
        ]
    },
    "products": null,
    "international-brands": {
        "international-brand": [
            {
                "name": "CD.JEVAX",
                "company": null
            },
            {
                "name": "IMOJEV",
                "company": null
            },
            {
                "name": "THAIJEV",
                "company": null
            }
        ]
    },
    "mixtures": null,
    "packagers": null,
    "manufacturers": null,
    "prices": null,
    "categories": null,
    "affected-organisms": null,
    "dosages": {
        "dosage": [
            {
                "form": "Injection, powder, lyophilized, for suspension",
                "route": "Subcutaneous",
                "strength": "4.9 log PFU/dose"
            },
            {
                "form": "Solution",
                "route": null,
                "strength": "4.9 logPFU"
            },
            {
                "form": "Injection",
                "route": null,
                "strength": "4.9 logPFU"
            },
            {
                "form": "Injection, powder, for suspension",
                "route": null,
                "strength": "4.9 logPFU"
            }
        ]
    },
    "atc-codes": null,
    "ahfs-codes": null,
    "pdb-entries": null,
    "patents": null,
    "food-interactions": null,
    "drug-interactions": null,
    "sequences": null,
    "experimental-properties": null,
    "external-identifiers": null,
    "external-links": null,
    "pathways": null,
    "reactions": null,
    "snp-effects": null,
    "snp-adverse-drug-reactions": null,
    "targets": null,
    "enzymes": null,
    "carriers": null,
    "transporters": null
}