{
    "type": "biotech",
    "created": "2020-12-15",
    "updated": "2021-02-21",
    "drugbank-id": [
        {
            "primary": true,
            "value": "DB16113"
        }
    ],
    "name": "Bizalimogene ralaplasmid",
    "description": "Bizalimogene ralaplasmid is under investigation in clinical trial NCT03499795 (VGX-3100 Delivered Intramuscularly (IM) Followed by Electroporation (EP) for the Treatment of HPV-16 And/or HPV-18 Related Anal or Anal/peri-anal, High Grade Squamous Intraepithelial Lesion (HSIL) in Individuals Seronegative for Human Immunodeficiency Virus (HIV)-1/2).",
    "cas-number": "1977488-08-6",
    "unii": "D8W2DVO5ZJ",
    "groups": {
        "group": [
            "investigational"
        ]
    },
    "general-references": {
        "articles": null,
        "textbooks": null,
        "links": null,
        "attachments": null
    },
    "synthesis-reference": null,
    "indication": null,
    "pharmacodynamics": null,
    "mechanism-of-action": null,
    "toxicity": null,
    "metabolism": null,
    "absorption": null,
    "half-life": null,
    "protein-binding": null,
    "route-of-elimination": null,
    "volume-of-distribution": null,
    "clearance": null,
    "salts": null,
    "synonyms": {
        "synonym": [
            {
                "language": "english",
                "coder": "inn",
                "value": "Bizalimogene ralaplasmid"
            }
        ]
    },
    "products": null,
    "international-brands": null,
    "mixtures": null,
    "packagers": null,
    "manufacturers": null,
    "prices": null,
    "categories": {
        "category": [
            {
                "category": "Amino Acids, Peptides, and Proteins",
                "mesh-id": "D000602"
            },
            {
                "category": "Antigens",
                "mesh-id": "D000941"
            },
            {
                "category": "Biological Factors",
                "mesh-id": "D001685"
            },
            {
                "category": "Biological Products",
                "mesh-id": "D001688"
            },
            {
                "category": "Complex Mixtures",
                "mesh-id": "D045424"
            },
            {
                "category": "Nucleic Acid-Based Vaccines",
                "mesh-id": "D000087504"
            },
            {
                "category": "Proteins",
                "mesh-id": "D011506"
            },
            {
                "category": "Recombinant Proteins",
                "mesh-id": "D011994"
            },
            {
                "category": "Vaccines",
                "mesh-id": "D014612"
            },
            {
                "category": "Vaccines, Synthetic",
                "mesh-id": "D014614"
            },
            {
                "category": "Viral Vaccines",
                "mesh-id": "D014765"
            }
        ]
    },
    "affected-organisms": null,
    "dosages": null,
    "atc-codes": null,
    "ahfs-codes": null,
    "pdb-entries": null,
    "patents": null,
    "food-interactions": null,
    "drug-interactions": null,
    "sequences": null,
    "experimental-properties": null,
    "external-identifiers": null,
    "external-links": null,
    "pathways": null,
    "reactions": null,
    "snp-effects": null,
    "snp-adverse-drug-reactions": null,
    "targets": null,
    "enzymes": null,
    "carriers": null,
    "transporters": null
}