{
    "type": "small molecule",
    "created": "2020-12-15",
    "updated": "2021-05-05",
    "drugbank-id": [
        {
            "primary": true,
            "value": "DB16183"
        }
    ],
    "name": "Hemoporfin",
    "description": "Hemoporfin is under investigation in clinical trial NCT03125057 (A Pilot Study of Hemoporfin PDT in Children With Port-wine Stain).",
    "cas-number": "14459-29-1",
    "unii": "HBT6M5H379",
    "average-mass": 598.7,
    "monoisotopic-mass": 598.27913496,
    "groups": {
        "group": [
            "investigational"
        ]
    },
    "general-references": {
        "articles": null,
        "textbooks": null,
        "links": {
            "link": [
                {
                    "ref-id": "L33689",
                    "title": "AIFA: Tonogen (Cyanocobalamin, Hematoporphyrin Dihydrochloride) Oral Powder for Solution",
                    "url": "https://farmaci.agenziafarmaco.gov.it/aifa/servlet/PdfDownloadServlet?pdfFileName=footer_002301_021229_FI.pdf&retry=0&sys=m0b1l3"
                }
            ]
        },
        "attachments": null
    },
    "synthesis-reference": null,
    "indication": null,
    "pharmacodynamics": null,
    "mechanism-of-action": null,
    "toxicity": null,
    "metabolism": null,
    "absorption": null,
    "half-life": null,
    "protein-binding": null,
    "route-of-elimination": null,
    "volume-of-distribution": null,
    "clearance": null,
    "salts": {
        "salt": [
            {
                "drugbank-id": [
                    {
                        "primary": true,
                        "value": "DBSALT003149"
                    }
                ],
                "name": "Hematoporphyrin dihydrochloride",
                "unii": "O535A6S0T2",
                "cas-number": "17696-69-4",
                "inchikey": "QCLJGYHFHNRFIL-UDHHKLSBSA-N",
                "average-mass": 671.62,
                "monoisotopic-mass": 670.2324904
            }
        ]
    },
    "synonyms": {
        "synonym": [
            {
                "language": "english",
                "coder": "",
                "value": "Haematoporphyrin"
            },
            {
                "language": "english",
                "coder": "",
                "value": "Hematoporphyrin"
            },
            {
                "language": "english",
                "coder": "",
                "value": "Hematoporphyrin ix"
            },
            {
                "language": "english",
                "coder": "",
                "value": "Hemoporfin"
            },
            {
                "language": "english",
                "coder": "",
                "value": "Photodyn"
            }
        ]
    },
    "products": null,
    "international-brands": null,
    "mixtures": null,
    "packagers": null,
    "manufacturers": null,
    "prices": null,
    "categories": {
        "category": [
            {
                "category": "Biological Factors",
                "mesh-id": "D001685"
            },
            {
                "category": "Dermatologicals",
                "mesh-id": "D003879"
            },
            {
                "category": "Heterocyclic Compounds, Fused-Ring",
                "mesh-id": "D000072471"
            },
            {
                "category": "Photosensitizing Agents",
                "mesh-id": "D017319"
            },
            {
                "category": "Pigments, Biological",
                "mesh-id": "D010860"
            },
            {
                "category": "Porphyrins",
                "mesh-id": "D011166"
            },
            {
                "category": "Radiation-Sensitizing Agents",
                "mesh-id": "D011838"
            }
        ]
    },
    "affected-organisms": null,
    "dosages": {
        "dosage": [
            {
                "form": "Powder, for solution",
                "route": "Oral",
                "strength": null
            }
        ]
    },
    "atc-codes": null,
    "ahfs-codes": null,
    "pdb-entries": null,
    "patents": null,
    "food-interactions": null,
    "drug-interactions": {
        "drug-interaction": [
            {
                "drugbank-id": {
                    "primary": false,
                    "value": "DB00707"
                },
                "name": "Porfimer sodium",
                "description": "Hemoporfin may increase the photosensitizing activities of Porfimer sodium."
            },
            {
                "drugbank-id": {
                    "primary": false,
                    "value": "DB00460"
                },
                "name": "Verteporfin",
                "description": "Hemoporfin may increase the photosensitizing activities of Verteporfin."
            },
            {
                "drugbank-id": {
                    "primary": false,
                    "value": "DB00755"
                },
                "name": "Tretinoin",
                "description": "The risk or severity of adverse effects can be increased when Tretinoin is combined with Hemoporfin."
            },
            {
                "drugbank-id": {
                    "primary": false,
                    "value": "DB15575"
                },
                "name": "Padeliporfin",
                "description": "Hemoporfin may increase the photosensitizing activities of Padeliporfin."
            }
        ]
    },
    "calculated-properties": {
        "property": [
            {
                "kind": "logP",
                "value": "2.74",
                "source": "ALOGPS"
            },
            {
                "kind": "logS",
                "value": "-4.2",
                "source": "ALOGPS"
            },
            {
                "kind": "Water Solubility",
                "value": "3.72e-02 g/l",
                "source": "ALOGPS"
            },
            {
                "kind": "logP",
                "value": "4.45",
                "source": "ChemAxon"
            },
            {
                "kind": "IUPAC Name",
                "value": "3-[20-(2-carboxyethyl)-10,15-bis(1-hydroxyethyl)-5,9,14,19-tetramethyl-21,22,23,24-tetraazapentacyclo[16.2.1.1^{3,6}.1^{8,11}.1^{13,16}]tetracosa-1,3(24),4,6,8,10,12,14,16(22),17,19-undecaen-4-yl]propanoic acid",
                "source": "ChemAxon"
            },
            {
                "kind": "Traditional IUPAC Name",
                "value": "2-methoxy-4-[(1E)-3-[4-(nitrooxy)butoxy]-3-oxoprop-1-en-1-yl]phenyl (4R)-4-[(1R,3aS,3bR,4S,5aS,7R,9aS,9bS,11aR)-4,7-dihydroxy-9a,11a-dimethyl-tetradecahydro-1H-cyclopenta[a]phenanthren-1-yl]pentanoate",
                "source": "ChemAxon"
            },
            {
                "kind": "Molecular Weight",
                "value": "598.7",
                "source": "ChemAxon"
            },
            {
                "kind": "Monoisotopic Weight",
                "value": "598.27913496",
                "source": "ChemAxon"
            },
            {
                "kind": "SMILES",
                "value": "CC(O)C1=C2NC(\\C=C3/N=C(/C=C4\\N\\C(=C/C5=N/C(=C\\2)/C(C)=C5C(C)O)C(C)=C4CCC(O)=O)C(CCC(O)=O)=C3C)=C1C",
                "source": "ChemAxon"
            },
            {
                "kind": "Molecular Formula",
                "value": "C34H38N4O6",
                "source": "ChemAxon"
            },
            {
                "kind": "InChI",
                "value": "InChI=1S/C34H38N4O6/c1-15-21(7-9-31(41)42)27-14-28-22(8-10-32(43)44)16(2)24(36-28)12-29-34(20(6)40)18(4)26(38-29)13-30-33(19(5)39)17(3)25(37-30)11-23(15)35-27/h11-14,19-20,36-37,39-40H,7-10H2,1-6H3,(H,41,42)(H,43,44)/b23-11-,24-12-,25-11-,26-13-,27-14-,28-14-,29-12-,30-13-",
                "source": "ChemAxon"
            },
            {
                "kind": "InChIKey",
                "value": "UJKPHYRXOLRVJJ-AMPAVEGJSA-N",
                "source": "ChemAxon"
            },
            {
                "kind": "Polar Surface Area (PSA)",
                "value": "172.42",
                "source": "ChemAxon"
            },
            {
                "kind": "Refractivity",
                "value": "166.91",
                "source": "ChemAxon"
            },
            {
                "kind": "Polarizability",
                "value": "69.15",
                "source": "ChemAxon"
            },
            {
                "kind": "Rotatable Bond Count",
                "value": "8",
                "source": "ChemAxon"
            },
            {
                "kind": "H Bond Acceptor Count",
                "value": "8",
                "source": "ChemAxon"
            },
            {
                "kind": "H Bond Donor Count",
                "value": "6",
                "source": "ChemAxon"
            },
            {
                "kind": "pKa (strongest acidic)",
                "value": "3.75",
                "source": "ChemAxon"
            },
            {
                "kind": "pKa (strongest basic)",
                "value": "5.06",
                "source": "ChemAxon"
            },
            {
                "kind": "Physiological Charge",
                "value": "-2",
                "source": "ChemAxon"
            },
            {
                "kind": "Number of Rings",
                "value": "5",
                "source": "ChemAxon"
            },
            {
                "kind": "Bioavailability",
                "value": "0",
                "source": "ChemAxon"
            },
            {
                "kind": "Rule of Five",
                "value": "0",
                "source": "ChemAxon"
            },
            {
                "kind": "Ghose Filter",
                "value": "0",
                "source": "ChemAxon"
            },
            {
                "kind": "MDDR-Like Rule",
                "value": "1",
                "source": "ChemAxon"
            }
        ]
    },
    "experimental-properties": null,
    "external-identifiers": {
        "external-identifier": [
            {
                "resource": "ChEBI",
                "identifier": "36162"
            },
            {
                "resource": "ChemSpider",
                "identifier": "16739170"
            },
            {
                "resource": "ChEMBL",
                "identifier": "CHEMBL403729"
            },
            {
                "resource": "RxCUI",
                "identifier": "5164"
            }
        ]
    },
    "external-links": null,
    "pathways": null,
    "reactions": null,
    "snp-effects": null,
    "snp-adverse-drug-reactions": null,
    "targets": null,
    "enzymes": null,
    "carriers": null,
    "transporters": null
}