{
    "type": "small molecule",
    "created": "2020-12-15",
    "updated": "2021-02-21",
    "drugbank-id": [
        {
            "primary": true,
            "value": "DB16132"
        }
    ],
    "name": "Deferitrin",
    "description": "Deferitrin is under investigation in clinical trial NCT00069862 (Iron Balance Study of DFO and GT56-252 in Patients With Transfusional Iron Overload Secondary to Beta-thalassemia).",
    "cas-number": "239101-33-8",
    "unii": "T69Y9LDN44",
    "average-mass": 253.27,
    "monoisotopic-mass": 253.040879012,
    "groups": {
        "group": [
            "investigational"
        ]
    },
    "general-references": {
        "articles": null,
        "textbooks": null,
        "links": null,
        "attachments": null
    },
    "synthesis-reference": null,
    "indication": null,
    "pharmacodynamics": null,
    "mechanism-of-action": null,
    "toxicity": null,
    "metabolism": null,
    "absorption": null,
    "half-life": null,
    "protein-binding": null,
    "route-of-elimination": null,
    "volume-of-distribution": null,
    "clearance": null,
    "salts": null,
    "synonyms": {
        "synonym": [
            {
                "language": "english",
                "coder": "inn/usan",
                "value": "Deferitrin"
            }
        ]
    },
    "products": null,
    "international-brands": null,
    "mixtures": null,
    "packagers": null,
    "manufacturers": null,
    "prices": null,
    "categories": {
        "category": [
            {
                "category": "Sulfur Compounds",
                "mesh-id": "D013457"
            }
        ]
    },
    "affected-organisms": null,
    "dosages": null,
    "atc-codes": null,
    "ahfs-codes": null,
    "pdb-entries": null,
    "patents": null,
    "food-interactions": null,
    "drug-interactions": null,
    "calculated-properties": {
        "property": [
            {
                "kind": "logP",
                "value": "1.6",
                "source": "ALOGPS"
            },
            {
                "kind": "logS",
                "value": "-2.5",
                "source": "ALOGPS"
            },
            {
                "kind": "Water Solubility",
                "value": "8.76e-01 g/l",
                "source": "ALOGPS"
            },
            {
                "kind": "logP",
                "value": "2.5",
                "source": "ChemAxon"
            },
            {
                "kind": "IUPAC Name",
                "value": "(4S)-2-(2,4-dihydroxyphenyl)-4-methyl-4,5-dihydro-1,3-thiazole-4-carboxylic acid",
                "source": "ChemAxon"
            },
            {
                "kind": "Traditional IUPAC Name",
                "value": "2-methoxy-4-[(1E)-3-[4-(nitrooxy)butoxy]-3-oxoprop-1-en-1-yl]phenyl (4R)-4-[(1R,3aS,3bR,4S,5aS,7R,9aS,9bS,11aR)-4,7-dihydroxy-9a,11a-dimethyl-tetradecahydro-1H-cyclopenta[a]phenanthren-1-yl]pentanoate",
                "source": "ChemAxon"
            },
            {
                "kind": "Molecular Weight",
                "value": "253.27",
                "source": "ChemAxon"
            },
            {
                "kind": "Monoisotopic Weight",
                "value": "253.040879012",
                "source": "ChemAxon"
            },
            {
                "kind": "SMILES",
                "value": "C[C@@]1(CSC(=N1)C1=CC=C(O)C=C1O)C(O)=O",
                "source": "ChemAxon"
            },
            {
                "kind": "Molecular Formula",
                "value": "C11H11NO4S",
                "source": "ChemAxon"
            },
            {
                "kind": "InChI",
                "value": "InChI=1S/C11H11NO4S/c1-11(10(15)16)5-17-9(12-11)7-3-2-6(13)4-8(7)14/h2-4,13-14H,5H2,1H3,(H,15,16)/t11-/m1/s1",
                "source": "ChemAxon"
            },
            {
                "kind": "InChIKey",
                "value": "OEUUFNIKLCFNLN-LLVKDONJSA-N",
                "source": "ChemAxon"
            },
            {
                "kind": "Polar Surface Area (PSA)",
                "value": "90.12",
                "source": "ChemAxon"
            },
            {
                "kind": "Refractivity",
                "value": "64.07",
                "source": "ChemAxon"
            },
            {
                "kind": "Polarizability",
                "value": "24.52",
                "source": "ChemAxon"
            },
            {
                "kind": "Rotatable Bond Count",
                "value": "2",
                "source": "ChemAxon"
            },
            {
                "kind": "H Bond Acceptor Count",
                "value": "5",
                "source": "ChemAxon"
            },
            {
                "kind": "H Bond Donor Count",
                "value": "3",
                "source": "ChemAxon"
            },
            {
                "kind": "pKa (strongest acidic)",
                "value": "3.17",
                "source": "ChemAxon"
            },
            {
                "kind": "pKa (strongest basic)",
                "value": "0.49",
                "source": "ChemAxon"
            },
            {
                "kind": "Physiological Charge",
                "value": "-1",
                "source": "ChemAxon"
            },
            {
                "kind": "Number of Rings",
                "value": "2",
                "source": "ChemAxon"
            },
            {
                "kind": "Bioavailability",
                "value": "1",
                "source": "ChemAxon"
            },
            {
                "kind": "Rule of Five",
                "value": "1",
                "source": "ChemAxon"
            },
            {
                "kind": "Ghose Filter",
                "value": "1",
                "source": "ChemAxon"
            },
            {
                "kind": "MDDR-Like Rule",
                "value": "0",
                "source": "ChemAxon"
            }
        ]
    },
    "experimental-properties": null,
    "external-identifiers": {
        "external-identifier": [
            {
                "resource": "ChemSpider",
                "identifier": "19557411"
            },
            {
                "resource": "ChEMBL",
                "identifier": "CHEMBL432481"
            },
            {
                "resource": "ZINC",
                "identifier": "ZINC000013645794"
            }
        ]
    },
    "external-links": null,
    "pathways": null,
    "reactions": null,
    "snp-effects": null,
    "snp-adverse-drug-reactions": null,
    "targets": null,
    "enzymes": null,
    "carriers": null,
    "transporters": null
}