{
    "type": "small molecule",
    "created": "2021-02-04",
    "updated": "2021-02-13",
    "drugbank-id": [
        {
            "primary": true,
            "value": "DB16547"
        }
    ],
    "name": "Furvina",
    "description": "Furvina (G1) is an antimicrobial agent active against Gram-positive and Gram-negative bacteria, yeasts, and filamentous fungi. Furvina is marketed in Cuba as Dermofural®, an ointment containing G1 as the only active principle ingredient. It is used to treat dermatological infections.[A228063]",
    "cas-number": "189935-72-6",
    "unii": "7HFX5XQO7N",
    "average-mass": 296.902,
    "monoisotopic-mass": 294.847969,
    "groups": {
        "group": [
            "experimental"
        ]
    },
    "general-references": {
        "articles": {
            "article": [
                {
                    "ref-id": "A228063",
                    "pubmed-id": "22941660",
                    "citation": "Fabbretti A, Brandi L, Petrelli D, Pon CL, Castanedo NR, Medina R, Gualerzi CO: The antibiotic Furvina(R) targets the P-site of 30S ribosomal subunits and inhibits translation initiation displaying start codon bias. Nucleic Acids Res. 2012 Nov 1;40(20):10366-74. doi: 10.1093/nar/gks822. Epub 2012 Aug 31."
                },
                {
                    "ref-id": "A228068",
                    "pubmed-id": "27830730",
                    "citation": "Allas UL, Toom L, Selyutina A, Maeorg U, Medina R, Merits A, Rinken A, Hauryliuk V, Kaldalu N, Tenson T: Antibacterial activity of the nitrovinylfuran G1 (Furvina) and its conversion products. Sci Rep. 2016 Nov 10;6:36844. doi: 10.1038/srep36844."
                }
            ]
        },
        "textbooks": null,
        "links": null,
        "attachments": null
    },
    "synthesis-reference": null,
    "indication": null,
    "pharmacodynamics": null,
    "mechanism-of-action": null,
    "toxicity": null,
    "metabolism": null,
    "absorption": null,
    "half-life": null,
    "protein-binding": null,
    "route-of-elimination": null,
    "volume-of-distribution": null,
    "clearance": null,
    "salts": null,
    "synonyms": {
        "synonym": [
            {
                "language": "english",
                "coder": "",
                "value": "1-(5-Bromofur-2-yl)-2-bromo-2-nitroethene"
            },
            {
                "language": "english",
                "coder": "",
                "value": "2-Bromo-5-(2-bromo-2-nitrovinyl)furan"
            }
        ]
    },
    "products": null,
    "international-brands": null,
    "mixtures": null,
    "packagers": null,
    "manufacturers": null,
    "prices": null,
    "categories": {
        "category": [
            {
                "category": "Alkenes",
                "mesh-id": "D000475"
            },
            {
                "category": "Anti-Infective Agents",
                "mesh-id": "D000890"
            },
            {
                "category": "Hydrocarbons, Acyclic",
                "mesh-id": "D006839"
            }
        ]
    },
    "affected-organisms": null,
    "dosages": null,
    "atc-codes": null,
    "ahfs-codes": null,
    "pdb-entries": null,
    "patents": null,
    "food-interactions": null,
    "drug-interactions": null,
    "calculated-properties": {
        "property": [
            {
                "kind": "logP",
                "value": "2.63",
                "source": "ChemAxon"
            },
            {
                "kind": "IUPAC Name",
                "value": "2-bromo-5-[(1Z)-2-bromo-2-nitroethenyl]furan",
                "source": "ChemAxon"
            },
            {
                "kind": "Traditional IUPAC Name",
                "value": "disodium dexamethasone phosphate(2-)",
                "source": "ChemAxon"
            },
            {
                "kind": "Molecular Weight",
                "value": "296.902",
                "source": "ChemAxon"
            },
            {
                "kind": "Monoisotopic Weight",
                "value": "294.847969",
                "source": "ChemAxon"
            },
            {
                "kind": "SMILES",
                "value": "[O-][N+](=O)C(\\Br)=C\\C1=CC=C(Br)O1",
                "source": "ChemAxon"
            },
            {
                "kind": "Molecular Formula",
                "value": "C6H3Br2NO3",
                "source": "ChemAxon"
            },
            {
                "kind": "InChI",
                "value": "InChI=1S/C6H3Br2NO3/c7-5(9(10)11)3-4-1-2-6(8)12-4/h1-3H/b5-3+",
                "source": "ChemAxon"
            },
            {
                "kind": "InChIKey",
                "value": "MJPPGVVIDGQOQT-HWKANZROSA-N",
                "source": "ChemAxon"
            },
            {
                "kind": "Polar Surface Area (PSA)",
                "value": "56.28",
                "source": "ChemAxon"
            },
            {
                "kind": "Refractivity",
                "value": "47.67",
                "source": "ChemAxon"
            },
            {
                "kind": "Polarizability",
                "value": "18.99",
                "source": "ChemAxon"
            },
            {
                "kind": "Rotatable Bond Count",
                "value": "2",
                "source": "ChemAxon"
            },
            {
                "kind": "H Bond Acceptor Count",
                "value": "2",
                "source": "ChemAxon"
            },
            {
                "kind": "H Bond Donor Count",
                "value": "0",
                "source": "ChemAxon"
            },
            {
                "kind": "pKa (strongest basic)",
                "value": "-3",
                "source": "ChemAxon"
            },
            {
                "kind": "Physiological Charge",
                "value": "0",
                "source": "ChemAxon"
            },
            {
                "kind": "Number of Rings",
                "value": "1",
                "source": "ChemAxon"
            },
            {
                "kind": "Bioavailability",
                "value": "1",
                "source": "ChemAxon"
            },
            {
                "kind": "Rule of Five",
                "value": "1",
                "source": "ChemAxon"
            },
            {
                "kind": "Ghose Filter",
                "value": "0",
                "source": "ChemAxon"
            },
            {
                "kind": "MDDR-Like Rule",
                "value": "0",
                "source": "ChemAxon"
            }
        ]
    },
    "experimental-properties": null,
    "external-identifiers": {
        "external-identifier": [
            {
                "resource": "ChemSpider",
                "identifier": "4722053"
            },
            {
                "resource": "BindingDB",
                "identifier": "50428795"
            },
            {
                "resource": "ChEMBL",
                "identifier": "CHEMBL2335230"
            },
            {
                "resource": "ZINC",
                "identifier": "ZINC000000007571"
            }
        ]
    },
    "external-links": null,
    "pathways": null,
    "reactions": null,
    "snp-effects": null,
    "snp-adverse-drug-reactions": null,
    "targets": {
        "target": [
            {
                "position": 1,
                "id": "BE0009998",
                "name": "30S ribosomal protein",
                "organism": null,
                "actions": {
                    "action": [
                        "antagonist"
                    ]
                },
                "references": {
                    "articles": {
                        "article": [
                            {
                                "ref-id": "A228063",
                                "pubmed-id": "22941660",
                                "citation": "Fabbretti A, Brandi L, Petrelli D, Pon CL, Castanedo NR, Medina R, Gualerzi CO: The antibiotic Furvina(R) targets the P-site of 30S ribosomal subunits and inhibits translation initiation displaying start codon bias. Nucleic Acids Res. 2012 Nov 1;40(20):10366-74. doi: 10.1093/nar/gks822. Epub 2012 Aug 31."
                            }
                        ]
                    },
                    "textbooks": null,
                    "links": null,
                    "attachments": null
                },
                "known-action": "unknown"
            }
        ]
    },
    "enzymes": null,
    "carriers": null,
    "transporters": null
}