{
    "type": "biotech",
    "created": "2020-12-15",
    "updated": "2021-02-21",
    "drugbank-id": [
        {
            "primary": true,
            "value": "DB16264"
        }
    ],
    "name": "Olenasufligene relduparvovec",
    "description": "Olenasufligene relduparvovec is under investigation in clinical trial NCT03612869 (Study of aavrh10-h.sgsh Gene Therapy in Patients With Mucopolysaccharidosis Type IIIA (MPS IIIA)).",
    "cas-number": "2096510-84-6",
    "unii": "7DU50HR4GB",
    "groups": {
        "group": [
            "investigational"
        ]
    },
    "general-references": {
        "articles": null,
        "textbooks": null,
        "links": null,
        "attachments": null
    },
    "synthesis-reference": null,
    "indication": null,
    "pharmacodynamics": null,
    "mechanism-of-action": null,
    "toxicity": null,
    "metabolism": null,
    "absorption": null,
    "half-life": null,
    "protein-binding": null,
    "route-of-elimination": null,
    "volume-of-distribution": null,
    "clearance": null,
    "salts": null,
    "synonyms": {
        "synonym": [
            {
                "language": "english",
                "coder": "",
                "value": "Aavrh10-hsgsh"
            },
            {
                "language": "english",
                "coder": "",
                "value": "Dna (recombinant adeno-associated virus 2 vector lys-saf302 human n-sulfoglucosamine sulfohydrolase cdna-specifying)"
            },
            {
                "language": "english",
                "coder": "inn",
                "value": "Olenasufligene relduparvovec"
            }
        ]
    },
    "products": null,
    "international-brands": null,
    "mixtures": null,
    "packagers": null,
    "manufacturers": null,
    "prices": null,
    "categories": {
        "category": [
            {
                "category": "Adeno-associated Viral Vector Therapies",
                "mesh-id": null
            }
        ]
    },
    "affected-organisms": null,
    "dosages": null,
    "atc-codes": null,
    "ahfs-codes": null,
    "pdb-entries": null,
    "patents": null,
    "food-interactions": null,
    "drug-interactions": null,
    "sequences": null,
    "experimental-properties": null,
    "external-identifiers": null,
    "external-links": null,
    "pathways": null,
    "reactions": null,
    "snp-effects": null,
    "snp-adverse-drug-reactions": null,
    "targets": null,
    "enzymes": null,
    "carriers": null,
    "transporters": null
}