{
    "type": "biotech",
    "created": "2021-01-14",
    "updated": "2021-01-16",
    "drugbank-id": [
        {
            "primary": true,
            "value": "DB16430"
        }
    ],
    "name": "TMV-083",
    "description": "TMV-083 is an attenuated live virus COVID-19 vaccine candidate which employs the measles vaccine as a vector[L30433]. It expresses a spike protein antigen from SARS-CoV-2[L30433].",
    "cas-number": null,
    "unii": null,
    "groups": {
        "group": [
            "investigational"
        ]
    },
    "general-references": {
        "articles": null,
        "textbooks": null,
        "links": {
            "link": [
                {
                    "ref-id": "L30433",
                    "title": "Institut Pasteur: COVID-19: VACCINE AGAINST SARS-COV-2 INFECTION, USING THE MEASLES VECTOR",
                    "url": "https://www.pasteur.fr/en/all-sars-cov-2-covid-19-institut-pasteur/research-projects/covid-19-vaccine-against-sars-cov-2-infection-using-measles-vector"
                }
            ]
        },
        "attachments": null
    },
    "synthesis-reference": null,
    "indication": null,
    "pharmacodynamics": null,
    "mechanism-of-action": null,
    "toxicity": null,
    "metabolism": null,
    "absorption": null,
    "half-life": null,
    "protein-binding": null,
    "route-of-elimination": null,
    "volume-of-distribution": null,
    "clearance": null,
    "salts": null,
    "synonyms": null,
    "products": null,
    "international-brands": null,
    "mixtures": null,
    "packagers": null,
    "manufacturers": null,
    "prices": null,
    "categories": null,
    "affected-organisms": null,
    "dosages": null,
    "atc-codes": null,
    "ahfs-codes": null,
    "pdb-entries": null,
    "patents": null,
    "food-interactions": null,
    "drug-interactions": null,
    "sequences": null,
    "experimental-properties": null,
    "external-identifiers": null,
    "external-links": null,
    "pathways": null,
    "reactions": null,
    "snp-effects": null,
    "snp-adverse-drug-reactions": null,
    "targets": null,
    "enzymes": null,
    "carriers": null,
    "transporters": null
}