{
    "type": "small molecule",
    "created": "2020-12-15",
    "updated": "2021-02-21",
    "drugbank-id": [
        {
            "primary": true,
            "value": "DB16246"
        }
    ],
    "name": "Nafithromycin",
    "description": "Nafithromycin is under investigation in clinical trial NCT02903836 (Phase II Study of Oral Nafithromycin in CABP).",
    "cas-number": "1691240-78-4",
    "unii": "75F74Y2R70",
    "average-mass": 859.05,
    "monoisotopic-mass": 858.419728014,
    "groups": {
        "group": [
            "investigational"
        ]
    },
    "general-references": {
        "articles": null,
        "textbooks": null,
        "links": null,
        "attachments": null
    },
    "synthesis-reference": null,
    "indication": null,
    "pharmacodynamics": null,
    "mechanism-of-action": null,
    "toxicity": null,
    "metabolism": null,
    "absorption": null,
    "half-life": null,
    "protein-binding": null,
    "route-of-elimination": null,
    "volume-of-distribution": null,
    "clearance": null,
    "salts": null,
    "synonyms": {
        "synonym": [
            {
                "language": "english",
                "coder": "inn",
                "value": "Nafithromycin"
            }
        ]
    },
    "products": null,
    "international-brands": null,
    "mixtures": null,
    "packagers": null,
    "manufacturers": null,
    "prices": null,
    "categories": {
        "category": [
            {
                "category": "Anti-Bacterial Agents",
                "mesh-id": "D000900"
            },
            {
                "category": "Anti-Infective Agents",
                "mesh-id": "D000890"
            },
            {
                "category": "Enzyme Inhibitors",
                "mesh-id": "D004791"
            },
            {
                "category": "Erythromycin and similars",
                "mesh-id": "D004917"
            },
            {
                "category": "Lactones",
                "mesh-id": "D007783"
            },
            {
                "category": "Macrolides",
                "mesh-id": "D018942"
            },
            {
                "category": "Polyketides",
                "mesh-id": "D061065"
            },
            {
                "category": "Protein Synthesis Inhibitors",
                "mesh-id": "D011500"
            }
        ]
    },
    "affected-organisms": null,
    "dosages": null,
    "atc-codes": null,
    "ahfs-codes": null,
    "pdb-entries": null,
    "patents": null,
    "food-interactions": null,
    "drug-interactions": null,
    "calculated-properties": {
        "property": [
            {
                "kind": "logP",
                "value": "4",
                "source": "ALOGPS"
            },
            {
                "kind": "logS",
                "value": "-5.1",
                "source": "ALOGPS"
            },
            {
                "kind": "Water Solubility",
                "value": "7.05e-03 g/l",
                "source": "ALOGPS"
            },
            {
                "kind": "logP",
                "value": "4.19",
                "source": "ChemAxon"
            },
            {
                "kind": "IUPAC Name",
                "value": "(Z,3R,3aS,4R,6R,8R,9R,10R,12R,15R,15aS)-9-{[(2S,3R,4S,6R)-4-(dimethylamino)-3-hydroxy-6-methyloxan-2-yl]oxy}-15-ethyl-8-methoxy-4,6,8,10,12,15a-hexamethyl-2,5,11,13-tetraoxo-N'-[(1S)-1-[5-(pyridin-2-yl)-1,3,4-thiadiazol-2-yl]ethoxy]-tetradecahydro-2H-furo[2,3-c]oxacyclotetradecane-3-carboximidamide",
                "source": "ChemAxon"
            },
            {
                "kind": "Traditional IUPAC Name",
                "value": "2-methoxy-4-[(1E)-3-[4-(nitrooxy)butoxy]-3-oxoprop-1-en-1-yl]phenyl (4R)-4-[(1R,3aS,3bR,4S,5aS,7R,9aS,9bS,11aR)-4,7-dihydroxy-9a,11a-dimethyl-tetradecahydro-1H-cyclopenta[a]phenanthren-1-yl]pentanoate",
                "source": "ChemAxon"
            },
            {
                "kind": "Molecular Weight",
                "value": "859.05",
                "source": "ChemAxon"
            },
            {
                "kind": "Monoisotopic Weight",
                "value": "858.419728014",
                "source": "ChemAxon"
            },
            {
                "kind": "SMILES",
                "value": "[H][C@]12[C@H](\\C(N)=N\\O[C@@H](C)C3=NN=C(S3)C3=CC=CC=N3)C(=O)O[C@]1(C)[C@@H](CC)OC(=O)[C@H](C)C(=O)[C@H](C)[C@@H](O[C@]1([H])O[C@H](C)C[C@@H]([C@H]1O)N(C)C)[C@@](C)(C[C@@H](C)C(=O)[C@@H]2C)OC",
                "source": "ChemAxon"
            },
            {
                "kind": "Molecular Formula",
                "value": "C42H62N6O11S",
                "source": "ChemAxon"
            },
            {
                "kind": "InChI",
                "value": "InChI=1S/C42H62N6O11S/c1-13-28-42(9)30(29(39(53)58-42)35(43)47-59-25(7)36-45-46-37(60-36)26-16-14-15-17-44-26)22(4)31(49)20(2)19-41(8,54-12)34(23(5)32(50)24(6)38(52)56-28)57-40-33(51)27(48(10)11)18-21(3)55-40/h14-17,20-25,27-30,33-34,40,51H,13,18-19H2,1-12H3,(H2,43,47)/t20-,21-,22-,23+,24-,25+,27+,28?,29-,30+,33-,34-,40+,41-,42-/m1/s1",
                "source": "ChemAxon"
            },
            {
                "kind": "InChIKey",
                "value": "RLFCSBSRGRJFRO-BRUOOUDCSA-N",
                "source": "ChemAxon"
            },
            {
                "kind": "Polar Surface Area (PSA)",
                "value": "224.18",
                "source": "ChemAxon"
            },
            {
                "kind": "Refractivity",
                "value": "230.18",
                "source": "ChemAxon"
            },
            {
                "kind": "Polarizability",
                "value": "90.19",
                "source": "ChemAxon"
            },
            {
                "kind": "Rotatable Bond Count",
                "value": "10",
                "source": "ChemAxon"
            },
            {
                "kind": "H Bond Acceptor Count",
                "value": "15",
                "source": "ChemAxon"
            },
            {
                "kind": "H Bond Donor Count",
                "value": "2",
                "source": "ChemAxon"
            },
            {
                "kind": "pKa (strongest acidic)",
                "value": "9.22",
                "source": "ChemAxon"
            },
            {
                "kind": "pKa (strongest basic)",
                "value": "8.61",
                "source": "ChemAxon"
            },
            {
                "kind": "Physiological Charge",
                "value": "1",
                "source": "ChemAxon"
            },
            {
                "kind": "Number of Rings",
                "value": "5",
                "source": "ChemAxon"
            },
            {
                "kind": "Bioavailability",
                "value": "0",
                "source": "ChemAxon"
            },
            {
                "kind": "Rule of Five",
                "value": "0",
                "source": "ChemAxon"
            },
            {
                "kind": "Ghose Filter",
                "value": "0",
                "source": "ChemAxon"
            },
            {
                "kind": "MDDR-Like Rule",
                "value": "1",
                "source": "ChemAxon"
            }
        ]
    },
    "experimental-properties": null,
    "external-identifiers": null,
    "external-links": null,
    "pathways": null,
    "reactions": null,
    "snp-effects": null,
    "snp-adverse-drug-reactions": null,
    "targets": null,
    "enzymes": null,
    "carriers": null,
    "transporters": null
}