{
    "type": "biotech",
    "created": "2020-12-29",
    "updated": "2020-12-30",
    "drugbank-id": [
        {
            "primary": true,
            "value": "DB16423"
        }
    ],
    "name": "AK119",
    "description": "AK119 is a humanized anti-CD73 monoclonal antibody being investigated in the clinical trial NCT04516564 (A Study of AK119 (Anti-CD73 Antibody), a Treatment for COVID-19, in Healthy Subjects).[L28315]",
    "cas-number": null,
    "unii": null,
    "groups": {
        "group": [
            "investigational"
        ]
    },
    "general-references": {
        "articles": null,
        "textbooks": null,
        "links": {
            "link": [
                {
                    "ref-id": "L28315",
                    "title": "BMJ Journals: AK119, a humanized anti-CD73 monoclonal antibody, as Immunotherapy for COVID-19",
                    "url": "https://jitc.bmj.com/content/8/Suppl_3/A292"
                }
            ]
        },
        "attachments": null
    },
    "synthesis-reference": null,
    "indication": null,
    "pharmacodynamics": null,
    "mechanism-of-action": "AK119 binds to, and inhibits, human CD73 with high affinity.[L28315] It was seen to result in CD73 internalization and promotion of IgG production from B cells in studies. This drug is currently being investigated as immunotherapy for COVID-19.",
    "toxicity": null,
    "metabolism": null,
    "absorption": null,
    "half-life": null,
    "protein-binding": null,
    "route-of-elimination": null,
    "volume-of-distribution": null,
    "clearance": null,
    "classification": {
        "description": null,
        "direct-parent": "Peptides",
        "kingdom": "Organic Compounds",
        "superclass": "Organic Acids",
        "class": "Carboxylic Acids and Derivatives",
        "subclass": "Amino Acids, Peptides, and Analogues"
    },
    "salts": null,
    "synonyms": null,
    "products": null,
    "international-brands": null,
    "mixtures": null,
    "packagers": null,
    "manufacturers": null,
    "prices": null,
    "categories": null,
    "affected-organisms": null,
    "dosages": null,
    "atc-codes": null,
    "ahfs-codes": null,
    "pdb-entries": null,
    "patents": null,
    "food-interactions": null,
    "drug-interactions": null,
    "sequences": null,
    "experimental-properties": null,
    "external-identifiers": null,
    "external-links": null,
    "pathways": null,
    "reactions": null,
    "snp-effects": null,
    "snp-adverse-drug-reactions": null,
    "targets": null,
    "enzymes": null,
    "carriers": null,
    "transporters": null
}