{
    "type": "small molecule",
    "created": "2020-12-15",
    "updated": "2021-02-21",
    "drugbank-id": [
        {
            "primary": true,
            "value": "DB16118"
        }
    ],
    "name": "Capadenoson",
    "description": "Capadenoson is under investigation in clinical trial NCT00518921 (Capadenoson in Angina Pectoris).",
    "cas-number": "544417-40-5",
    "unii": "O519NVW73R",
    "average-mass": 520.02,
    "monoisotopic-mass": 519.0590449,
    "groups": {
        "group": [
            "investigational"
        ]
    },
    "general-references": {
        "articles": null,
        "textbooks": null,
        "links": null,
        "attachments": null
    },
    "synthesis-reference": null,
    "indication": null,
    "pharmacodynamics": null,
    "mechanism-of-action": null,
    "toxicity": null,
    "metabolism": null,
    "absorption": null,
    "half-life": null,
    "protein-binding": null,
    "route-of-elimination": null,
    "volume-of-distribution": null,
    "clearance": null,
    "salts": null,
    "synonyms": {
        "synonym": [
            {
                "language": "english",
                "coder": "inn",
                "value": "Capadenoson"
            }
        ]
    },
    "products": null,
    "international-brands": null,
    "mixtures": null,
    "packagers": null,
    "manufacturers": null,
    "prices": null,
    "categories": {
        "category": [
            {
                "category": "Adenosine A receptor agonists",
                "mesh-id": null
            },
            {
                "category": "Adenosine A1 Receptor Agonists",
                "mesh-id": "D058907"
            },
            {
                "category": "Amines",
                "mesh-id": "D000588"
            },
            {
                "category": "Pyridines",
                "mesh-id": "D011725"
            },
            {
                "category": "Sulfur Compounds",
                "mesh-id": "D013457"
            }
        ]
    },
    "affected-organisms": null,
    "dosages": null,
    "atc-codes": null,
    "ahfs-codes": null,
    "pdb-entries": null,
    "patents": null,
    "food-interactions": null,
    "drug-interactions": null,
    "calculated-properties": {
        "property": [
            {
                "kind": "logP",
                "value": "4.08",
                "source": "ALOGPS"
            },
            {
                "kind": "logS",
                "value": "-4.7",
                "source": "ALOGPS"
            },
            {
                "kind": "Water Solubility",
                "value": "9.82e-03 g/l",
                "source": "ALOGPS"
            },
            {
                "kind": "logP",
                "value": "5.04",
                "source": "ChemAxon"
            },
            {
                "kind": "IUPAC Name",
                "value": "2-amino-6-({[2-(4-chlorophenyl)-1,3-thiazol-4-yl]methyl}sulfanyl)-4-[4-(2-hydroxyethoxy)phenyl]pyridine-3,5-dicarbonitrile",
                "source": "ChemAxon"
            },
            {
                "kind": "Traditional IUPAC Name",
                "value": "2-methoxy-4-[(1E)-3-[4-(nitrooxy)butoxy]-3-oxoprop-1-en-1-yl]phenyl (4R)-4-[(1R,3aS,3bR,4S,5aS,7R,9aS,9bS,11aR)-4,7-dihydroxy-9a,11a-dimethyl-tetradecahydro-1H-cyclopenta[a]phenanthren-1-yl]pentanoate",
                "source": "ChemAxon"
            },
            {
                "kind": "Molecular Weight",
                "value": "520.02",
                "source": "ChemAxon"
            },
            {
                "kind": "Monoisotopic Weight",
                "value": "519.0590449",
                "source": "ChemAxon"
            },
            {
                "kind": "SMILES",
                "value": "NC1=NC(SCC2=CSC(=N2)C2=CC=C(Cl)C=C2)=C(C#N)C(C2=CC=C(OCCO)C=C2)=C1C#N",
                "source": "ChemAxon"
            },
            {
                "kind": "Molecular Formula",
                "value": "C25H18ClN5O2S2",
                "source": "ChemAxon"
            },
            {
                "kind": "InChI",
                "value": "InChI=1S/C25H18ClN5O2S2/c26-17-5-1-16(2-6-17)24-30-18(13-34-24)14-35-25-21(12-28)22(20(11-27)23(29)31-25)15-3-7-19(8-4-15)33-10-9-32/h1-8,13,32H,9-10,14H2,(H2,29,31)",
                "source": "ChemAxon"
            },
            {
                "kind": "InChIKey",
                "value": "CITWCLNVRIKQAF-UHFFFAOYSA-N",
                "source": "ChemAxon"
            },
            {
                "kind": "Polar Surface Area (PSA)",
                "value": "128.84",
                "source": "ChemAxon"
            },
            {
                "kind": "Refractivity",
                "value": "150.68",
                "source": "ChemAxon"
            },
            {
                "kind": "Polarizability",
                "value": "52.63",
                "source": "ChemAxon"
            },
            {
                "kind": "Rotatable Bond Count",
                "value": "8",
                "source": "ChemAxon"
            },
            {
                "kind": "H Bond Acceptor Count",
                "value": "7",
                "source": "ChemAxon"
            },
            {
                "kind": "H Bond Donor Count",
                "value": "2",
                "source": "ChemAxon"
            },
            {
                "kind": "pKa (strongest acidic)",
                "value": "15.1",
                "source": "ChemAxon"
            },
            {
                "kind": "pKa (strongest basic)",
                "value": "2.01",
                "source": "ChemAxon"
            },
            {
                "kind": "Physiological Charge",
                "value": "0",
                "source": "ChemAxon"
            },
            {
                "kind": "Number of Rings",
                "value": "4",
                "source": "ChemAxon"
            },
            {
                "kind": "Bioavailability",
                "value": "0",
                "source": "ChemAxon"
            },
            {
                "kind": "Rule of Five",
                "value": "0",
                "source": "ChemAxon"
            },
            {
                "kind": "Ghose Filter",
                "value": "0",
                "source": "ChemAxon"
            },
            {
                "kind": "MDDR-Like Rule",
                "value": "1",
                "source": "ChemAxon"
            }
        ]
    },
    "experimental-properties": null,
    "external-identifiers": {
        "external-identifier": [
            {
                "resource": "ChemSpider",
                "identifier": "8112117"
            },
            {
                "resource": "BindingDB",
                "identifier": "50003646"
            },
            {
                "resource": "ChEMBL",
                "identifier": "CHEMBL3235279"
            },
            {
                "resource": "ZINC",
                "identifier": "ZINC000043202900"
            }
        ]
    },
    "external-links": null,
    "pathways": null,
    "reactions": null,
    "snp-effects": null,
    "snp-adverse-drug-reactions": null,
    "targets": null,
    "enzymes": null,
    "carriers": null,
    "transporters": null
}