{
    "type": "biotech",
    "created": "2021-02-16",
    "updated": "2021-05-05",
    "drugbank-id": [
        {
            "primary": true,
            "value": "DB16599"
        }
    ],
    "name": "Cerebrolysin",
    "description": null,
    "cas-number": "12656-61-0",
    "unii": "37KZM6S21G",
    "groups": {
        "group": [
            "experimental"
        ]
    },
    "general-references": {
        "articles": null,
        "textbooks": null,
        "links": {
            "link": [
                {
                    "ref-id": "L33539",
                    "title": "BASG: Ambotonin (Cerebrolysin) Intramuscular, Intravenous Injection",
                    "url": "https://aspregister.basg.gv.at/document/servlet?action=show&zulnr=1-21372&type=DOTC_FACH_INFO"
                }
            ]
        },
        "attachments": null
    },
    "synthesis-reference": null,
    "indication": null,
    "pharmacodynamics": null,
    "mechanism-of-action": null,
    "toxicity": null,
    "metabolism": null,
    "absorption": null,
    "half-life": null,
    "protein-binding": null,
    "route-of-elimination": null,
    "volume-of-distribution": null,
    "clearance": null,
    "salts": null,
    "synonyms": {
        "synonym": [
            {
                "language": "english",
                "coder": "",
                "value": "Cerebrolyzin"
            }
        ]
    },
    "products": null,
    "international-brands": null,
    "mixtures": null,
    "packagers": null,
    "manufacturers": null,
    "prices": null,
    "categories": {
        "category": [
            {
                "category": "Amino Acids, Peptides, and Proteins",
                "mesh-id": "D000602"
            },
            {
                "category": "Brain",
                "mesh-id": "D001921"
            },
            {
                "category": "Central Nervous System Agents",
                "mesh-id": "D002491"
            },
            {
                "category": "Neuroprotective Agents",
                "mesh-id": "D018696"
            },
            {
                "category": "Nootropic Agents",
                "mesh-id": "D018697"
            },
            {
                "category": "Protective Agents",
                "mesh-id": "D020011"
            }
        ]
    },
    "affected-organisms": null,
    "dosages": {
        "dosage": [
            {
                "form": "Injection, solution, concentrate",
                "route": "Parenteral",
                "strength": "215.2 mg/ml"
            },
            {
                "form": "Solution",
                "route": "Intramuscular; Intravenous",
                "strength": "215 mg/mL"
            }
        ]
    },
    "atc-codes": null,
    "ahfs-codes": null,
    "pdb-entries": null,
    "patents": null,
    "food-interactions": null,
    "drug-interactions": null,
    "sequences": null,
    "experimental-properties": null,
    "external-identifiers": {
        "external-identifier": [
            {
                "resource": "Wikipedia",
                "identifier": "Cerebrolysin"
            }
        ]
    },
    "external-links": null,
    "pathways": null,
    "reactions": null,
    "snp-effects": null,
    "snp-adverse-drug-reactions": null,
    "targets": null,
    "enzymes": null,
    "carriers": null,
    "transporters": null
}