{
    "type": "small molecule",
    "created": "2020-12-15",
    "updated": "2022-01-15",
    "drugbank-id": [
        {
            "primary": true,
            "value": "DB16288"
        }
    ],
    "name": "Peoniflorin",
    "description": "Peoniflorin is under investigation in clinical trial NCT02878863 (Paeoniflorin Combination of Hepatoprotective Drugs Versus Hepatoprotective Drugs Only for Auto-immune Hepatitis).",
    "cas-number": "23180-57-6",
    "unii": "21AIQ4EV64",
    "average-mass": 480.466,
    "monoisotopic-mass": 480.163161722,
    "groups": {
        "group": [
            "investigational"
        ]
    },
    "general-references": {
        "articles": null,
        "textbooks": null,
        "links": null,
        "attachments": null
    },
    "synthesis-reference": null,
    "indication": null,
    "pharmacodynamics": null,
    "mechanism-of-action": null,
    "toxicity": null,
    "metabolism": null,
    "absorption": null,
    "half-life": null,
    "protein-binding": null,
    "route-of-elimination": null,
    "volume-of-distribution": null,
    "clearance": null,
    "salts": null,
    "synonyms": {
        "synonym": [
            {
                "language": "english",
                "coder": "",
                "value": "Paeoniflorin"
            }
        ]
    },
    "products": null,
    "international-brands": null,
    "mixtures": null,
    "packagers": null,
    "manufacturers": null,
    "prices": null,
    "categories": {
        "category": [
            {
                "category": "Analgesics",
                "mesh-id": "D000700"
            },
            {
                "category": "Analgesics, Non-Narcotic",
                "mesh-id": "D018712"
            },
            {
                "category": "Anti-Inflammatory Agents",
                "mesh-id": "D000893"
            },
            {
                "category": "Anti-Inflammatory Agents, Non-Steroidal",
                "mesh-id": "D000894"
            },
            {
                "category": "Antirheumatic Agents",
                "mesh-id": "D018501"
            },
            {
                "category": "Carbohydrates",
                "mesh-id": "D002241"
            },
            {
                "category": "Glycosides",
                "mesh-id": "D006027"
            },
            {
                "category": "Paeonia",
                "mesh-id": "D029596"
            },
            {
                "category": "Peripheral Nervous System Agents",
                "mesh-id": "D018373"
            },
            {
                "category": "Sensory System Agents",
                "mesh-id": "D018689"
            },
            {
                "category": "Terpenes",
                "mesh-id": "D013729"
            }
        ]
    },
    "affected-organisms": null,
    "dosages": null,
    "atc-codes": null,
    "ahfs-codes": null,
    "pdb-entries": null,
    "patents": null,
    "food-interactions": null,
    "drug-interactions": null,
    "calculated-properties": {
        "property": [
            {
                "kind": "logP",
                "value": "-0.74",
                "source": "ALOGPS"
            },
            {
                "kind": "logS",
                "value": "-2",
                "source": "ALOGPS"
            },
            {
                "kind": "Water Solubility",
                "value": "5.32e+00 g/l",
                "source": "ALOGPS"
            },
            {
                "kind": "logP",
                "value": "-0.39",
                "source": "ChemAxon"
            },
            {
                "kind": "IUPAC Name",
                "value": "[(1R,2S,3R,5R,6R,8S)-6-hydroxy-8-methyl-3-{[(2S,3R,4S,5S,6R)-3,4,5-trihydroxy-6-(hydroxymethyl)oxan-2-yl]oxy}-9,10-dioxatetracyclo[4.3.1.0^{2,5}.0^{3,8}]decan-2-yl]methyl benzoate",
                "source": "ChemAxon"
            },
            {
                "kind": "Traditional IUPAC Name",
                "value": "[(1R,2S,3R,5R,6R,8S)-6-hydroxy-8-methyl-3-{[(2S,3R,4S,5S,6R)-3,4,5-trihydroxy-6-(hydroxymethyl)oxan-2-yl]oxy}-9,10-dioxatetracyclo[4.3.1.0^{2,5}.0^{3,8}]decan-2-yl]methyl benzoate",
                "source": "ChemAxon"
            },
            {
                "kind": "Molecular Weight",
                "value": "480.466",
                "source": "ChemAxon"
            },
            {
                "kind": "Monoisotopic Weight",
                "value": "480.163161722",
                "source": "ChemAxon"
            },
            {
                "kind": "SMILES",
                "value": "[H][C@@]12C[C@@]3(O[C@@H]4O[C@H](CO)[C@@H](O)[C@H](O)[C@H]4O)[C@]1(COC(=O)C1=CC=CC=C1)[C@@]1([H])O[C@]2(O)C[C@]3(C)O1",
                "source": "ChemAxon"
            },
            {
                "kind": "Molecular Formula",
                "value": "C23H28O11",
                "source": "ChemAxon"
            },
            {
                "kind": "InChI",
                "value": "InChI=1S/C23H28O11/c1-20-9-22(29)13-7-23(20,32-18-16(27)15(26)14(25)12(8-24)31-18)21(13,19(33-20)34-22)10-30-17(28)11-5-3-2-4-6-11/h2-6,12-16,18-19,24-27,29H,7-10H2,1H3/t12-,13-,14-,15+,16-,18+,19-,20+,21+,22-,23+/m1/s1",
                "source": "ChemAxon"
            },
            {
                "kind": "InChIKey",
                "value": "YKRGDOXKVOZESV-WRJNSLSBSA-N",
                "source": "ChemAxon"
            },
            {
                "kind": "Polar Surface Area (PSA)",
                "value": "164.37",
                "source": "ChemAxon"
            },
            {
                "kind": "Refractivity",
                "value": "109.3",
                "source": "ChemAxon"
            },
            {
                "kind": "Polarizability",
                "value": "0",
                "source": "ChemAxon"
            },
            {
                "kind": "Rotatable Bond Count",
                "value": "7",
                "source": "ChemAxon"
            },
            {
                "kind": "H Bond Acceptor Count",
                "value": "10",
                "source": "ChemAxon"
            },
            {
                "kind": "H Bond Donor Count",
                "value": "5",
                "source": "ChemAxon"
            },
            {
                "kind": "pKa (strongest acidic)",
                "value": "11.54",
                "source": "ChemAxon"
            },
            {
                "kind": "pKa (strongest basic)",
                "value": "-3",
                "source": "ChemAxon"
            },
            {
                "kind": "Physiological Charge",
                "value": "0",
                "source": "ChemAxon"
            },
            {
                "kind": "Number of Rings",
                "value": "6",
                "source": "ChemAxon"
            },
            {
                "kind": "Bioavailability",
                "value": "1",
                "source": "ChemAxon"
            },
            {
                "kind": "Rule of Five",
                "value": "1",
                "source": "ChemAxon"
            },
            {
                "kind": "Ghose Filter",
                "value": "0",
                "source": "ChemAxon"
            },
            {
                "kind": "MDDR-Like Rule",
                "value": "1",
                "source": "ChemAxon"
            }
        ]
    },
    "experimental-properties": null,
    "external-identifiers": {
        "external-identifier": [
            {
                "resource": "ChEBI",
                "identifier": "7889"
            },
            {
                "resource": "KEGG Compound",
                "identifier": "C09959"
            },
            {
                "resource": "ChemSpider",
                "identifier": "390957"
            },
            {
                "resource": "Wikipedia",
                "identifier": "Paeoniflorin"
            },
            {
                "resource": "ChEMBL",
                "identifier": "CHEMBL4303209"
            },
            {
                "resource": "ZINC",
                "identifier": "ZINC000008234328"
            },
            {
                "resource": "RxCUI",
                "identifier": "2288155"
            }
        ]
    },
    "external-links": null,
    "pathways": null,
    "reactions": null,
    "snp-effects": null,
    "snp-adverse-drug-reactions": null,
    "targets": null,
    "enzymes": null,
    "carriers": null,
    "transporters": null
}