{
    "type": "small molecule",
    "created": "2020-12-15",
    "updated": "2020-12-20",
    "drugbank-id": [
        {
            "primary": true,
            "value": "DB16241"
        }
    ],
    "name": "ACT-709478",
    "description": "ACT-709478 is under investigation in clinical trial NCT03239691 (A Study to Evaluate the Effect of ACT-709478 in Photosensitive Epilepsy Patients).",
    "cas-number": "1838651-58-3",
    "unii": "3Z7U1U8Z9E",
    "average-mass": 425.415,
    "monoisotopic-mass": 425.146344709,
    "groups": {
        "group": [
            "investigational"
        ]
    },
    "general-references": {
        "articles": null,
        "textbooks": null,
        "links": null,
        "attachments": null
    },
    "synthesis-reference": null,
    "indication": null,
    "pharmacodynamics": null,
    "mechanism-of-action": null,
    "toxicity": null,
    "metabolism": null,
    "absorption": null,
    "half-life": null,
    "protein-binding": null,
    "route-of-elimination": null,
    "volume-of-distribution": null,
    "clearance": null,
    "salts": null,
    "synonyms": null,
    "products": null,
    "international-brands": null,
    "mixtures": null,
    "packagers": null,
    "manufacturers": null,
    "prices": null,
    "categories": {
        "category": [
            {
                "category": "Acetates",
                "mesh-id": "D000085"
            },
            {
                "category": "Acids, Acyclic",
                "mesh-id": "D000144"
            },
            {
                "category": "Amides",
                "mesh-id": "D000577"
            },
            {
                "category": "Antiarrhythmic agents",
                "mesh-id": "D000889"
            },
            {
                "category": "Calcium Channel Blockers",
                "mesh-id": "D002121"
            },
            {
                "category": "Calcium-Regulating Hormones and Agents",
                "mesh-id": "D000077264"
            },
            {
                "category": "Cardiovascular Agents",
                "mesh-id": "D002317"
            },
            {
                "category": "Membrane Transport Modulators",
                "mesh-id": "D049990"
            }
        ]
    },
    "affected-organisms": null,
    "dosages": null,
    "atc-codes": null,
    "ahfs-codes": null,
    "pdb-entries": null,
    "patents": null,
    "food-interactions": null,
    "drug-interactions": null,
    "calculated-properties": {
        "property": [
            {
                "kind": "logP",
                "value": "3.5",
                "source": "ALOGPS"
            },
            {
                "kind": "logS",
                "value": "-4.7",
                "source": "ALOGPS"
            },
            {
                "kind": "Water Solubility",
                "value": "9.36e-03 g/l",
                "source": "ALOGPS"
            },
            {
                "kind": "logP",
                "value": "3.96",
                "source": "ChemAxon"
            },
            {
                "kind": "IUPAC Name",
                "value": "N-{1-[(5-cyanopyridin-2-yl)methyl]-1H-pyrazol-3-yl}-2-{4-[1-(trifluoromethyl)cyclopropyl]phenyl}acetamide",
                "source": "ChemAxon"
            },
            {
                "kind": "Traditional IUPAC Name",
                "value": "2-methoxy-4-[(1E)-3-[4-(nitrooxy)butoxy]-3-oxoprop-1-en-1-yl]phenyl (4R)-4-[(1R,3aS,3bR,4S,5aS,7R,9aS,9bS,11aR)-4,7-dihydroxy-9a,11a-dimethyl-tetradecahydro-1H-cyclopenta[a]phenanthren-1-yl]pentanoate",
                "source": "ChemAxon"
            },
            {
                "kind": "Molecular Weight",
                "value": "425.415",
                "source": "ChemAxon"
            },
            {
                "kind": "Monoisotopic Weight",
                "value": "425.146344709",
                "source": "ChemAxon"
            },
            {
                "kind": "SMILES",
                "value": "FC(F)(F)C1(CC1)C1=CC=C(CC(=O)NC2=NN(CC3=NC=C(C=C3)C#N)C=C2)C=C1",
                "source": "ChemAxon"
            },
            {
                "kind": "Molecular Formula",
                "value": "C22H18F3N5O",
                "source": "ChemAxon"
            },
            {
                "kind": "InChI",
                "value": "InChI=1S/C22H18F3N5O/c23-22(24,25)21(8-9-21)17-4-1-15(2-5-17)11-20(31)28-19-7-10-30(29-19)14-18-6-3-16(12-26)13-27-18/h1-7,10,13H,8-9,11,14H2,(H,28,29,31)",
                "source": "ChemAxon"
            },
            {
                "kind": "InChIKey",
                "value": "LSYANGLAZUZYFX-UHFFFAOYSA-N",
                "source": "ChemAxon"
            },
            {
                "kind": "Polar Surface Area (PSA)",
                "value": "83.6",
                "source": "ChemAxon"
            },
            {
                "kind": "Refractivity",
                "value": "120.31",
                "source": "ChemAxon"
            },
            {
                "kind": "Polarizability",
                "value": "40.27",
                "source": "ChemAxon"
            },
            {
                "kind": "Rotatable Bond Count",
                "value": "7",
                "source": "ChemAxon"
            },
            {
                "kind": "H Bond Acceptor Count",
                "value": "4",
                "source": "ChemAxon"
            },
            {
                "kind": "H Bond Donor Count",
                "value": "1",
                "source": "ChemAxon"
            },
            {
                "kind": "pKa (strongest acidic)",
                "value": "11.3",
                "source": "ChemAxon"
            },
            {
                "kind": "pKa (strongest basic)",
                "value": "1.25",
                "source": "ChemAxon"
            },
            {
                "kind": "Physiological Charge",
                "value": "0",
                "source": "ChemAxon"
            },
            {
                "kind": "Number of Rings",
                "value": "4",
                "source": "ChemAxon"
            },
            {
                "kind": "Bioavailability",
                "value": "1",
                "source": "ChemAxon"
            },
            {
                "kind": "Rule of Five",
                "value": "1",
                "source": "ChemAxon"
            },
            {
                "kind": "Ghose Filter",
                "value": "1",
                "source": "ChemAxon"
            },
            {
                "kind": "MDDR-Like Rule",
                "value": "1",
                "source": "ChemAxon"
            }
        ]
    },
    "experimental-properties": null,
    "external-identifiers": {
        "external-identifier": [
            {
                "resource": "ChemSpider",
                "identifier": "72379969"
            },
            {
                "resource": "BindingDB",
                "identifier": "50452245"
            },
            {
                "resource": "ChEMBL",
                "identifier": "CHEMBL4217292"
            }
        ]
    },
    "external-links": null,
    "pathways": null,
    "reactions": null,
    "snp-effects": null,
    "snp-adverse-drug-reactions": null,
    "targets": null,
    "enzymes": null,
    "carriers": null,
    "transporters": null
}