{
    "type": "small molecule",
    "created": "2020-12-15",
    "updated": "2021-02-21",
    "drugbank-id": [
        {
            "primary": true,
            "value": "DB16273"
        }
    ],
    "name": "Osalmid",
    "description": "Osalmid is under investigation in clinical trial NCT03670173 (Safety and Efficacy Assessments of Osalmid in Multiple Myeloma).",
    "cas-number": "526-18-1",
    "unii": "89741L759Z",
    "average-mass": 229.235,
    "monoisotopic-mass": 229.073893218,
    "groups": {
        "group": [
            "investigational"
        ]
    },
    "general-references": {
        "articles": null,
        "textbooks": null,
        "links": null,
        "attachments": null
    },
    "synthesis-reference": null,
    "indication": null,
    "pharmacodynamics": null,
    "mechanism-of-action": null,
    "toxicity": null,
    "metabolism": null,
    "absorption": null,
    "half-life": null,
    "protein-binding": null,
    "route-of-elimination": null,
    "volume-of-distribution": null,
    "clearance": null,
    "salts": null,
    "synonyms": {
        "synonym": [
            {
                "language": "english",
                "coder": "inn/jan",
                "value": "Osalmid"
            }
        ]
    },
    "products": null,
    "international-brands": null,
    "mixtures": null,
    "packagers": null,
    "manufacturers": null,
    "prices": null,
    "categories": null,
    "affected-organisms": null,
    "dosages": null,
    "atc-codes": null,
    "ahfs-codes": null,
    "pdb-entries": null,
    "patents": null,
    "food-interactions": null,
    "drug-interactions": null,
    "calculated-properties": {
        "property": [
            {
                "kind": "logP",
                "value": "2.15",
                "source": "ALOGPS"
            },
            {
                "kind": "logS",
                "value": "-2.8",
                "source": "ALOGPS"
            },
            {
                "kind": "Water Solubility",
                "value": "4.09e-01 g/l",
                "source": "ALOGPS"
            },
            {
                "kind": "logP",
                "value": "2.46",
                "source": "ChemAxon"
            },
            {
                "kind": "IUPAC Name",
                "value": "2-hydroxy-N-(4-hydroxyphenyl)benzamide",
                "source": "ChemAxon"
            },
            {
                "kind": "Traditional IUPAC Name",
                "value": "5-({4-[2-(3-methoxyphenyl)-2-oxoethoxy]phenyl}methyl)-1,3-thiazolidine-2,4-dione",
                "source": "ChemAxon"
            },
            {
                "kind": "Molecular Weight",
                "value": "229.235",
                "source": "ChemAxon"
            },
            {
                "kind": "Monoisotopic Weight",
                "value": "229.073893218",
                "source": "ChemAxon"
            },
            {
                "kind": "SMILES",
                "value": "OC1=CC=C(NC(=O)C2=CC=CC=C2O)C=C1",
                "source": "ChemAxon"
            },
            {
                "kind": "Molecular Formula",
                "value": "C13H11NO3",
                "source": "ChemAxon"
            },
            {
                "kind": "InChI",
                "value": "InChI=1S/C13H11NO3/c15-10-7-5-9(6-8-10)14-13(17)11-3-1-2-4-12(11)16/h1-8,15-16H,(H,14,17)",
                "source": "ChemAxon"
            },
            {
                "kind": "InChIKey",
                "value": "LGCMKPRGGJRYGM-UHFFFAOYSA-N",
                "source": "ChemAxon"
            },
            {
                "kind": "Polar Surface Area (PSA)",
                "value": "69.56",
                "source": "ChemAxon"
            },
            {
                "kind": "Refractivity",
                "value": "65.55",
                "source": "ChemAxon"
            },
            {
                "kind": "Polarizability",
                "value": "22.57",
                "source": "ChemAxon"
            },
            {
                "kind": "Rotatable Bond Count",
                "value": "2",
                "source": "ChemAxon"
            },
            {
                "kind": "H Bond Acceptor Count",
                "value": "3",
                "source": "ChemAxon"
            },
            {
                "kind": "H Bond Donor Count",
                "value": "3",
                "source": "ChemAxon"
            },
            {
                "kind": "pKa (strongest acidic)",
                "value": "7.92",
                "source": "ChemAxon"
            },
            {
                "kind": "pKa (strongest basic)",
                "value": "-4.2",
                "source": "ChemAxon"
            },
            {
                "kind": "Physiological Charge",
                "value": "0",
                "source": "ChemAxon"
            },
            {
                "kind": "Number of Rings",
                "value": "2",
                "source": "ChemAxon"
            },
            {
                "kind": "Bioavailability",
                "value": "1",
                "source": "ChemAxon"
            },
            {
                "kind": "Rule of Five",
                "value": "1",
                "source": "ChemAxon"
            },
            {
                "kind": "Ghose Filter",
                "value": "1",
                "source": "ChemAxon"
            },
            {
                "kind": "MDDR-Like Rule",
                "value": "0",
                "source": "ChemAxon"
            }
        ]
    },
    "experimental-properties": null,
    "external-identifiers": {
        "external-identifier": [
            {
                "resource": "ChEBI",
                "identifier": "31938"
            },
            {
                "resource": "ChemSpider",
                "identifier": "4441"
            },
            {
                "resource": "ChEMBL",
                "identifier": "CHEMBL389507"
            },
            {
                "resource": "ZINC",
                "identifier": "ZINC000000001856"
            }
        ]
    },
    "external-links": null,
    "pathways": null,
    "reactions": null,
    "snp-effects": null,
    "snp-adverse-drug-reactions": null,
    "targets": null,
    "enzymes": null,
    "carriers": null,
    "transporters": null
}