{
    "type": "biotech",
    "created": "2021-01-28",
    "updated": "2021-02-13",
    "drugbank-id": [
        {
            "primary": true,
            "value": "DB16519"
        }
    ],
    "name": "Zofin",
    "description": "Zofin, previously known as Organicell Flow, is a nanoparticle-based therapeutic derived from perinatal sources which is manufactured in a way that retains the naturally occurring microRNAs without the addition of other substances[L31323].",
    "cas-number": null,
    "unii": null,
    "groups": {
        "group": [
            "investigational"
        ]
    },
    "general-references": {
        "articles": null,
        "textbooks": null,
        "links": {
            "link": [
                {
                    "ref-id": "L31323",
                    "title": "Organicell: Zofin",
                    "url": "https://organicell.com/zofin-2/"
                }
            ]
        },
        "attachments": null
    },
    "synthesis-reference": null,
    "indication": null,
    "pharmacodynamics": null,
    "mechanism-of-action": "Zofin has preventative potential as it contains exosomes carrying several miRNAs that are involved in the promotion of immune regulation and response and miRNAs that target [ACE2](https://go.drugbank.com/polypeptides/Q9BYF1)[L31323]. It is hypothesized that these miRNAs mentioned may boost the immune response and decrease COVID-19 infection severity[L31323]. Zofin is being investigated against COVID-19.",
    "toxicity": null,
    "metabolism": null,
    "absorption": null,
    "half-life": null,
    "protein-binding": null,
    "route-of-elimination": null,
    "volume-of-distribution": null,
    "clearance": null,
    "salts": null,
    "synonyms": {
        "synonym": [
            {
                "language": "english",
                "coder": "",
                "value": "Organicell Flow"
            }
        ]
    },
    "products": null,
    "international-brands": null,
    "mixtures": null,
    "packagers": null,
    "manufacturers": null,
    "prices": null,
    "categories": null,
    "affected-organisms": null,
    "dosages": null,
    "atc-codes": null,
    "ahfs-codes": null,
    "pdb-entries": null,
    "patents": null,
    "food-interactions": null,
    "drug-interactions": null,
    "sequences": null,
    "experimental-properties": null,
    "external-identifiers": null,
    "external-links": null,
    "pathways": null,
    "reactions": null,
    "snp-effects": null,
    "snp-adverse-drug-reactions": null,
    "targets": null,
    "enzymes": null,
    "carriers": null,
    "transporters": null
}