{
    "type": "small molecule",
    "created": "2021-02-24",
    "updated": "2021-04-30",
    "drugbank-id": [
        {
            "primary": true,
            "value": "DB16625"
        }
    ],
    "name": "Prasterone enantate",
    "description": null,
    "cas-number": "23983-43-9",
    "unii": "2W8I1S6T5L",
    "average-mass": 400.603,
    "monoisotopic-mass": 400.297745148,
    "groups": {
        "group": [
            "approved"
        ]
    },
    "general-references": {
        "articles": null,
        "textbooks": null,
        "links": {
            "link": [
                {
                    "ref-id": "L33419",
                    "title": "BASG: Gynodian Depot - Fertigspritze (Estradiol Valerate, Prasterone Enantate) Intramuscular Injection",
                    "url": "https://aspregister.basg.gv.at/document/servlet?action=show&zulnr=15426&type=DOTC_FACH_INFO"
                }
            ]
        },
        "attachments": null
    },
    "synthesis-reference": null,
    "indication": null,
    "pharmacodynamics": null,
    "mechanism-of-action": null,
    "toxicity": null,
    "metabolism": null,
    "absorption": null,
    "half-life": null,
    "protein-binding": null,
    "route-of-elimination": null,
    "volume-of-distribution": null,
    "clearance": null,
    "salts": null,
    "synonyms": {
        "synonym": [
            {
                "language": "english",
                "coder": "",
                "value": "Dehydroepiandrosterone enanthate"
            },
            {
                "language": "english",
                "coder": "",
                "value": "DHEA enantate"
            },
            {
                "language": "english",
                "coder": "",
                "value": "DHEA enanthate"
            },
            {
                "language": "english",
                "coder": "",
                "value": "Prasterone enanthate"
            }
        ]
    },
    "products": null,
    "international-brands": null,
    "mixtures": null,
    "packagers": null,
    "manufacturers": null,
    "prices": null,
    "categories": {
        "category": [
            {
                "category": "17-Ketosteroids",
                "mesh-id": "D015068"
            },
            {
                "category": "Adrenal Cortex Hormones",
                "mesh-id": "D000305"
            },
            {
                "category": "Androstanes",
                "mesh-id": "D000731"
            },
            {
                "category": "Androstenes",
                "mesh-id": "D000736"
            },
            {
                "category": "Androstenols",
                "mesh-id": "D000737"
            },
            {
                "category": "Fused-Ring Compounds",
                "mesh-id": "D000072473"
            },
            {
                "category": "Gonadal Hormones",
                "mesh-id": "D042341"
            },
            {
                "category": "Gonadal Steroid Hormones",
                "mesh-id": "D012739"
            },
            {
                "category": "Hormones",
                "mesh-id": "D006728"
            },
            {
                "category": "Hormones, Hormone Substitutes, and Hormone Antagonists",
                "mesh-id": "D006730"
            },
            {
                "category": "Ketosteroids",
                "mesh-id": "D007664"
            },
            {
                "category": "Steroids",
                "mesh-id": "D013256"
            },
            {
                "category": "Testosterone Congeners",
                "mesh-id": "D045165"
            }
        ]
    },
    "affected-organisms": null,
    "dosages": {
        "dosage": [
            {
                "form": "Injection, solution",
                "route": "Intramuscular",
                "strength": null
            }
        ]
    },
    "atc-codes": null,
    "ahfs-codes": null,
    "pdb-entries": null,
    "patents": null,
    "food-interactions": null,
    "drug-interactions": {
        "drug-interaction": [
            {
                "drugbank-id": {
                    "primary": false,
                    "value": "DB00180"
                },
                "name": "Flunisolide",
                "description": "The risk or severity of edema formation can be increased when Prasterone enantate is combined with Flunisolide."
            },
            {
                "drugbank-id": {
                    "primary": false,
                    "value": "DB00324"
                },
                "name": "Fluorometholone",
                "description": "The risk or severity of edema formation can be increased when Prasterone enantate is combined with Fluorometholone."
            },
            {
                "drugbank-id": {
                    "primary": false,
                    "value": "DB00394"
                },
                "name": "Beclomethasone dipropionate",
                "description": "The risk or severity of edema formation can be increased when Prasterone enantate is combined with Beclomethasone dipropionate."
            },
            {
                "drugbank-id": {
                    "primary": false,
                    "value": "DB00443"
                },
                "name": "Betamethasone",
                "description": "The risk or severity of edema formation can be increased when Prasterone enantate is combined with Betamethasone."
            },
            {
                "drugbank-id": {
                    "primary": false,
                    "value": "DB00547"
                },
                "name": "Desoximetasone",
                "description": "The risk or severity of edema formation can be increased when Prasterone enantate is combined with Desoximetasone."
            },
            {
                "drugbank-id": {
                    "primary": false,
                    "value": "DB00588"
                },
                "name": "Fluticasone propionate",
                "description": "The risk or severity of edema formation can be increased when Prasterone enantate is combined with Fluticasone propionate."
            },
            {
                "drugbank-id": {
                    "primary": false,
                    "value": "DB00591"
                },
                "name": "Fluocinolone acetonide",
                "description": "The risk or severity of edema formation can be increased when Prasterone enantate is combined with Fluocinolone acetonide."
            },
            {
                "drugbank-id": {
                    "primary": false,
                    "value": "DB00620"
                },
                "name": "Triamcinolone",
                "description": "The risk or severity of edema formation can be increased when Prasterone enantate is combined with Triamcinolone."
            },
            {
                "drugbank-id": {
                    "primary": false,
                    "value": "DB00635"
                },
                "name": "Prednisone",
                "description": "The risk or severity of edema formation can be increased when Prasterone enantate is combined with Prednisone."
            },
            {
                "drugbank-id": {
                    "primary": false,
                    "value": "DB00663"
                },
                "name": "Flumethasone",
                "description": "The risk or severity of edema formation can be increased when Prasterone enantate is combined with Flumethasone."
            },
            {
                "drugbank-id": {
                    "primary": false,
                    "value": "DB00687"
                },
                "name": "Fludrocortisone",
                "description": "The risk or severity of edema formation can be increased when Prasterone enantate is combined with Fludrocortisone."
            },
            {
                "drugbank-id": {
                    "primary": false,
                    "value": "DB00741"
                },
                "name": "Hydrocortisone",
                "description": "The risk or severity of edema formation can be increased when Prasterone enantate is combined with Hydrocortisone."
            },
            {
                "drugbank-id": {
                    "primary": false,
                    "value": "DB00764"
                },
                "name": "Mometasone",
                "description": "The risk or severity of edema formation can be increased when Prasterone enantate is combined with Mometasone."
            },
            {
                "drugbank-id": {
                    "primary": false,
                    "value": "DB00860"
                },
                "name": "Prednisolone",
                "description": "The risk or severity of edema formation can be increased when Prasterone enantate is combined with Prednisolone."
            },
            {
                "drugbank-id": {
                    "primary": false,
                    "value": "DB00959"
                },
                "name": "Methylprednisolone",
                "description": "The risk or severity of edema formation can be increased when Prasterone enantate is combined with Methylprednisolone."
            },
            {
                "drugbank-id": {
                    "primary": false,
                    "value": "DB01013"
                },
                "name": "Clobetasol propionate",
                "description": "The risk or severity of edema formation can be increased when Prasterone enantate is combined with Clobetasol propionate."
            },
            {
                "drugbank-id": {
                    "primary": false,
                    "value": "DB01047"
                },
                "name": "Fluocinonide",
                "description": "The risk or severity of edema formation can be increased when Prasterone enantate is combined with Fluocinonide."
            },
            {
                "drugbank-id": {
                    "primary": false,
                    "value": "DB01108"
                },
                "name": "Trilostane",
                "description": "The risk or severity of edema formation can be increased when Prasterone enantate is combined with Trilostane."
            },
            {
                "drugbank-id": {
                    "primary": false,
                    "value": "DB01222"
                },
                "name": "Budesonide",
                "description": "The risk or severity of edema formation can be increased when Prasterone enantate is combined with Budesonide."
            },
            {
                "drugbank-id": {
                    "primary": false,
                    "value": "DB01234"
                },
                "name": "Dexamethasone",
                "description": "The risk or severity of edema formation can be increased when Prasterone enantate is combined with Dexamethasone."
            },
            {
                "drugbank-id": {
                    "primary": false,
                    "value": "DB01285"
                },
                "name": "Corticotropin",
                "description": "The risk or severity of edema formation can be increased when Prasterone enantate is combined with Corticotropin."
            },
            {
                "drugbank-id": {
                    "primary": false,
                    "value": "DB01380"
                },
                "name": "Cortisone acetate",
                "description": "The risk or severity of edema formation can be increased when Prasterone enantate is combined with Cortisone acetate."
            },
            {
                "drugbank-id": {
                    "primary": false,
                    "value": "DB01384"
                },
                "name": "Paramethasone",
                "description": "The risk or severity of edema formation can be increased when Prasterone enantate is combined with Paramethasone."
            },
            {
                "drugbank-id": {
                    "primary": false,
                    "value": "DB01410"
                },
                "name": "Ciclesonide",
                "description": "The risk or severity of edema formation can be increased when Prasterone enantate is combined with Ciclesonide."
            },
            {
                "drugbank-id": {
                    "primary": false,
                    "value": "DB04630"
                },
                "name": "Aldosterone",
                "description": "The risk or severity of edema formation can be increased when Prasterone enantate is combined with Aldosterone."
            },
            {
                "drugbank-id": {
                    "primary": false,
                    "value": "DB08906"
                },
                "name": "Fluticasone furoate",
                "description": "The risk or severity of edema formation can be increased when Prasterone enantate is combined with Fluticasone furoate."
            },
            {
                "drugbank-id": {
                    "primary": false,
                    "value": "DB08970"
                },
                "name": "Fluprednidene",
                "description": "The risk or severity of edema formation can be increased when Prasterone enantate is combined with Fluprednidene."
            },
            {
                "drugbank-id": {
                    "primary": false,
                    "value": "DB08971"
                },
                "name": "Fluocortolone",
                "description": "The risk or severity of edema formation can be increased when Prasterone enantate is combined with Fluocortolone."
            },
            {
                "drugbank-id": {
                    "primary": false,
                    "value": "DB09091"
                },
                "name": "Tixocortol",
                "description": "The risk or severity of edema formation can be increased when Prasterone enantate is combined with Tixocortol."
            },
            {
                "drugbank-id": {
                    "primary": false,
                    "value": "DB09095"
                },
                "name": "Difluocortolone",
                "description": "The risk or severity of edema formation can be increased when Prasterone enantate is combined with Difluocortolone."
            },
            {
                "drugbank-id": {
                    "primary": false,
                    "value": "DB09378"
                },
                "name": "Fluprednisolone",
                "description": "The risk or severity of edema formation can be increased when Prasterone enantate is combined with Fluprednisolone."
            },
            {
                "drugbank-id": {
                    "primary": false,
                    "value": "DB09383"
                },
                "name": "Meprednisone",
                "description": "The risk or severity of edema formation can be increased when Prasterone enantate is combined with Meprednisone."
            },
            {
                "drugbank-id": {
                    "primary": false,
                    "value": "DB11487"
                },
                "name": "Dexamethasone isonicotinate",
                "description": "The risk or severity of edema formation can be increased when Prasterone enantate is combined with Dexamethasone isonicotinate."
            },
            {
                "drugbank-id": {
                    "primary": false,
                    "value": "DB11529"
                },
                "name": "Melengestrol",
                "description": "The risk or severity of edema formation can be increased when Prasterone enantate is combined with Melengestrol."
            },
            {
                "drugbank-id": {
                    "primary": false,
                    "value": "DB11921"
                },
                "name": "Deflazacort",
                "description": "The risk or severity of edema formation can be increased when Prasterone enantate is combined with Deflazacort."
            },
            {
                "drugbank-id": {
                    "primary": false,
                    "value": "DB13003"
                },
                "name": "Cortivazol",
                "description": "The risk or severity of edema formation can be increased when Prasterone enantate is combined with Cortivazol."
            },
            {
                "drugbank-id": {
                    "primary": false,
                    "value": "DB13208"
                },
                "name": "Prednylidene",
                "description": "The risk or severity of edema formation can be increased when Prasterone enantate is combined with Prednylidene."
            },
            {
                "drugbank-id": {
                    "primary": false,
                    "value": "DB13223"
                },
                "name": "Fluocortin",
                "description": "The risk or severity of edema formation can be increased when Prasterone enantate is combined with Fluocortin."
            },
            {
                "drugbank-id": {
                    "primary": false,
                    "value": "DB13491"
                },
                "name": "Fluperolone",
                "description": "The risk or severity of edema formation can be increased when Prasterone enantate is combined with Fluperolone."
            },
            {
                "drugbank-id": {
                    "primary": false,
                    "value": "DB13843"
                },
                "name": "Cloprednol",
                "description": "The risk or severity of edema formation can be increased when Prasterone enantate is combined with Cloprednol."
            },
            {
                "drugbank-id": {
                    "primary": false,
                    "value": "DB13856"
                },
                "name": "Fluclorolone",
                "description": "The risk or severity of edema formation can be increased when Prasterone enantate is combined with Fluclorolone."
            },
            {
                "drugbank-id": {
                    "primary": false,
                    "value": "DB13867"
                },
                "name": "Fluticasone",
                "description": "The risk or severity of edema formation can be increased when Prasterone enantate is combined with Fluticasone."
            },
            {
                "drugbank-id": {
                    "primary": false,
                    "value": "DB14512"
                },
                "name": "Mometasone furoate",
                "description": "The risk or severity of edema formation can be increased when Prasterone enantate is combined with Mometasone furoate."
            },
            {
                "drugbank-id": {
                    "primary": false,
                    "value": "DB14539"
                },
                "name": "Hydrocortisone acetate",
                "description": "The risk or severity of edema formation can be increased when Prasterone enantate is combined with Hydrocortisone acetate."
            },
            {
                "drugbank-id": {
                    "primary": false,
                    "value": "DB14540"
                },
                "name": "Hydrocortisone butyrate",
                "description": "The risk or severity of edema formation can be increased when Prasterone enantate is combined with Hydrocortisone butyrate."
            },
            {
                "drugbank-id": {
                    "primary": false,
                    "value": "DB14541"
                },
                "name": "Hydrocortisone cypionate",
                "description": "The risk or severity of edema formation can be increased when Prasterone enantate is combined with Hydrocortisone cypionate."
            },
            {
                "drugbank-id": {
                    "primary": false,
                    "value": "DB14545"
                },
                "name": "Hydrocortisone succinate",
                "description": "The risk or severity of edema formation can be increased when Prasterone enantate is combined with Hydrocortisone succinate."
            },
            {
                "drugbank-id": {
                    "primary": false,
                    "value": "DB14631"
                },
                "name": "Prednisolone phosphate",
                "description": "The risk or severity of edema formation can be increased when Prasterone enantate is combined with Prednisolone phosphate."
            },
            {
                "drugbank-id": {
                    "primary": false,
                    "value": "DB14633"
                },
                "name": "Prednisolone hemisuccinate",
                "description": "The risk or severity of edema formation can be increased when Prasterone enantate is combined with Prednisolone hemisuccinate."
            },
            {
                "drugbank-id": {
                    "primary": false,
                    "value": "DB14643"
                },
                "name": "Methylprednisolone aceponate",
                "description": "The risk or severity of edema formation can be increased when Prasterone enantate is combined with Methylprednisolone aceponate."
            },
            {
                "drugbank-id": {
                    "primary": false,
                    "value": "DB14644"
                },
                "name": "Methylprednisolone hemisuccinate",
                "description": "The risk or severity of edema formation can be increased when Prasterone enantate is combined with Methylprednisolone hemisuccinate."
            },
            {
                "drugbank-id": {
                    "primary": false,
                    "value": "DB14646"
                },
                "name": "Prednisone acetate",
                "description": "The risk or severity of edema formation can be increased when Prasterone enantate is combined with Prednisone acetate."
            },
            {
                "drugbank-id": {
                    "primary": false,
                    "value": "DB14652"
                },
                "name": "Clocortolone acetate",
                "description": "The risk or severity of edema formation can be increased when Prasterone enantate is combined with Clocortolone acetate."
            },
            {
                "drugbank-id": {
                    "primary": false,
                    "value": "DB14659"
                },
                "name": "Melengestrol acetate",
                "description": "The risk or severity of edema formation can be increased when Prasterone enantate is combined with Melengestrol acetate."
            },
            {
                "drugbank-id": {
                    "primary": false,
                    "value": "DB14669"
                },
                "name": "Betamethasone phosphate",
                "description": "The risk or severity of edema formation can be increased when Prasterone enantate is combined with Betamethasone phosphate."
            },
            {
                "drugbank-id": {
                    "primary": false,
                    "value": "DB14681"
                },
                "name": "Cortisone",
                "description": "The risk or severity of edema formation can be increased when Prasterone enantate is combined with Cortisone."
            },
            {
                "drugbank-id": {
                    "primary": false,
                    "value": "DB15566"
                },
                "name": "Prednisolone acetate",
                "description": "The risk or severity of edema formation can be increased when Prasterone enantate is combined with Prednisolone acetate."
            },
            {
                "drugbank-id": {
                    "primary": false,
                    "value": "DB14649"
                },
                "name": "Dexamethasone acetate",
                "description": "The risk or severity of edema formation can be increased when Prasterone enantate is combined with Dexamethasone acetate."
            },
            {
                "drugbank-id": {
                    "primary": false,
                    "value": "DB09368"
                },
                "name": "Corticotropin zinc hydroxide",
                "description": "The risk or severity of edema formation can be increased when Prasterone enantate is combined with Corticotropin zinc hydroxide."
            },
            {
                "drugbank-id": {
                    "primary": false,
                    "value": "DB15777"
                },
                "name": "Fluocortolone pivalate",
                "description": "The risk or severity of edema formation can be increased when Prasterone enantate is combined with Fluocortolone pivalate."
            },
            {
                "drugbank-id": {
                    "primary": false,
                    "value": "DB15821"
                },
                "name": "Fluocortolone caproate",
                "description": "The risk or severity of edema formation can be increased when Prasterone enantate is combined with Fluocortolone caproate."
            },
            {
                "drugbank-id": {
                    "primary": false,
                    "value": "DB15972"
                },
                "name": "Desoxycortone",
                "description": "The risk or severity of edema formation can be increased when Prasterone enantate is combined with Desoxycortone."
            }
        ]
    },
    "calculated-properties": {
        "property": [
            {
                "kind": "logP",
                "value": "6.28",
                "source": "ChemAxon"
            },
            {
                "kind": "IUPAC Name",
                "value": "(3aS,3bR,7S,9aR,9bS,11aS)-9a,11a-dimethyl-1-oxo-1H,2H,3H,3aH,3bH,4H,6H,7H,8H,9H,9aH,9bH,10H,11H,11aH-cyclopenta[a]phenanthren-7-yl heptanoate",
                "source": "ChemAxon"
            },
            {
                "kind": "Traditional IUPAC Name",
                "value": "N-demethyldiltiazem",
                "source": "ChemAxon"
            },
            {
                "kind": "Molecular Weight",
                "value": "400.603",
                "source": "ChemAxon"
            },
            {
                "kind": "Monoisotopic Weight",
                "value": "400.297745148",
                "source": "ChemAxon"
            },
            {
                "kind": "SMILES",
                "value": "[H][C@@]12CCC(=O)[C@@]1(C)CC[C@@]1([H])[C@@]2([H])CC=C2C[C@H](CC[C@]12C)OC(=O)CCCCCC",
                "source": "ChemAxon"
            },
            {
                "kind": "Molecular Formula",
                "value": "C26H40O3",
                "source": "ChemAxon"
            },
            {
                "kind": "InChI",
                "value": "InChI=1S/C26H40O3/c1-4-5-6-7-8-24(28)29-19-13-15-25(2)18(17-19)9-10-20-21-11-12-23(27)26(21,3)16-14-22(20)25/h9,19-22H,4-8,10-17H2,1-3H3/t19-,20-,21-,22-,25-,26-/m0/s1",
                "source": "ChemAxon"
            },
            {
                "kind": "InChIKey",
                "value": "HHENOUDBWKNPAB-BNCSLUSBSA-N",
                "source": "ChemAxon"
            },
            {
                "kind": "Polar Surface Area (PSA)",
                "value": "43.37",
                "source": "ChemAxon"
            },
            {
                "kind": "Refractivity",
                "value": "116.84",
                "source": "ChemAxon"
            },
            {
                "kind": "Polarizability",
                "value": "48.28",
                "source": "ChemAxon"
            },
            {
                "kind": "Rotatable Bond Count",
                "value": "7",
                "source": "ChemAxon"
            },
            {
                "kind": "H Bond Acceptor Count",
                "value": "2",
                "source": "ChemAxon"
            },
            {
                "kind": "H Bond Donor Count",
                "value": "0",
                "source": "ChemAxon"
            },
            {
                "kind": "pKa (strongest basic)",
                "value": "-6.9",
                "source": "ChemAxon"
            },
            {
                "kind": "Physiological Charge",
                "value": "0",
                "source": "ChemAxon"
            },
            {
                "kind": "Number of Rings",
                "value": "4",
                "source": "ChemAxon"
            },
            {
                "kind": "Bioavailability",
                "value": "1",
                "source": "ChemAxon"
            },
            {
                "kind": "Rule of Five",
                "value": "0",
                "source": "ChemAxon"
            },
            {
                "kind": "Ghose Filter",
                "value": "0",
                "source": "ChemAxon"
            },
            {
                "kind": "MDDR-Like Rule",
                "value": "1",
                "source": "ChemAxon"
            }
        ]
    },
    "experimental-properties": null,
    "external-identifiers": {
        "external-identifier": [
            {
                "resource": "ChemSpider",
                "identifier": "143333"
            },
            {
                "resource": "Wikipedia",
                "identifier": "Prasterone_enanthate"
            },
            {
                "resource": "ZINC",
                "identifier": "ZINC000005820240"
            }
        ]
    },
    "external-links": null,
    "pathways": null,
    "reactions": null,
    "snp-effects": null,
    "snp-adverse-drug-reactions": null,
    "targets": null,
    "enzymes": null,
    "carriers": null,
    "transporters": null
}