{
    "type": "small molecule",
    "created": "2021-02-10",
    "updated": "2021-05-05",
    "drugbank-id": [
        {
            "primary": true,
            "value": "DB16585"
        }
    ],
    "name": "Potassium sodium hydrogen citrate",
    "description": null,
    "cas-number": "55049-48-4",
    "unii": "X6T6YN87SU",
    "average-mass": 582.477,
    "monoisotopic-mass": 581.878047,
    "groups": {
        "group": [
            "experimental"
        ]
    },
    "general-references": {
        "articles": null,
        "textbooks": null,
        "links": {
            "link": [
                {
                    "ref-id": "L33554",
                    "title": "BASG: Uralyt U (Potassium Sodium Hydrogen Citrate) Oral Granules for Solution",
                    "url": "https://aspregister.basg.gv.at/document/servlet?action=show&zulnr=13320&type=DOTC_FACH_INFO"
                }
            ]
        },
        "attachments": null
    },
    "synthesis-reference": null,
    "indication": null,
    "pharmacodynamics": null,
    "mechanism-of-action": null,
    "toxicity": null,
    "metabolism": null,
    "absorption": null,
    "half-life": null,
    "protein-binding": null,
    "route-of-elimination": null,
    "volume-of-distribution": null,
    "clearance": null,
    "salts": null,
    "synonyms": {
        "synonym": [
            {
                "language": "english",
                "coder": "",
                "value": "Hexapotassium hexasodium pentacitrate hydrate"
            },
            {
                "language": "english",
                "coder": "",
                "value": "Hexapotassium hexasodium pentacitrate hydrate complex"
            },
            {
                "language": "english",
                "coder": "",
                "value": "Potassium sodium hydrogen citrate"
            },
            {
                "language": "english",
                "coder": "",
                "value": "Sodium potassium hydrogen citrate"
            },
            {
                "language": "english",
                "coder": "",
                "value": "Uralyt-U"
            }
        ]
    },
    "products": null,
    "international-brands": null,
    "mixtures": null,
    "packagers": null,
    "manufacturers": null,
    "prices": null,
    "categories": null,
    "affected-organisms": null,
    "dosages": {
        "dosage": [
            {
                "form": "Granule, for solution",
                "route": "Oral",
                "strength": null
            },
            {
                "form": "Granule, for solution",
                "route": "Oral",
                "strength": "2.4 g"
            }
        ]
    },
    "atc-codes": null,
    "ahfs-codes": null,
    "pdb-entries": null,
    "patents": null,
    "food-interactions": null,
    "drug-interactions": null,
    "calculated-properties": {
        "property": [
            {
                "kind": "logP",
                "value": "-1.3",
                "source": "ChemAxon"
            },
            {
                "kind": "IUPAC Name",
                "value": "tripotassium trisodium bis(2-hydroxypropane-1,2,3-tricarboxylate) hydrate",
                "source": "ChemAxon"
            },
            {
                "kind": "Traditional IUPAC Name",
                "value": "disodium dexamethasone phosphate(2-)",
                "source": "ChemAxon"
            },
            {
                "kind": "Molecular Weight",
                "value": "582.477",
                "source": "ChemAxon"
            },
            {
                "kind": "Monoisotopic Weight",
                "value": "581.878047",
                "source": "ChemAxon"
            },
            {
                "kind": "SMILES",
                "value": "[Na+].[Na+].[Na+].[K+].[K+].[K+].[H]O[H].OC(CC([O-])=O)(CC([O-])=O)C([O-])=O.OC(CC([O-])=O)(CC([O-])=O)C([O-])=O",
                "source": "ChemAxon"
            },
            {
                "kind": "Molecular Formula",
                "value": "C12H12K3Na3O15",
                "source": "ChemAxon"
            },
            {
                "kind": "InChI",
                "value": "InChI=1S/2C6H8O7.3K.3Na.H2O/c2*7-3(8)1-6(13,5(11)12)2-4(9)10;;;;;;;/h2*13H,1-2H2,(H,7,8)(H,9,10)(H,11,12);;;;;;;1H2/q;;6*+1;/p-6",
                "source": "ChemAxon"
            },
            {
                "kind": "InChIKey",
                "value": "IYKMDRMCUIFHRA-UHFFFAOYSA-H",
                "source": "ChemAxon"
            },
            {
                "kind": "Polar Surface Area (PSA)",
                "value": "140.62",
                "source": "ChemAxon"
            },
            {
                "kind": "Refractivity",
                "value": "68.14",
                "source": "ChemAxon"
            },
            {
                "kind": "Polarizability",
                "value": "14.23",
                "source": "ChemAxon"
            },
            {
                "kind": "Rotatable Bond Count",
                "value": "10",
                "source": "ChemAxon"
            },
            {
                "kind": "H Bond Acceptor Count",
                "value": "7",
                "source": "ChemAxon"
            },
            {
                "kind": "H Bond Donor Count",
                "value": "1",
                "source": "ChemAxon"
            },
            {
                "kind": "pKa (strongest acidic)",
                "value": "3.05",
                "source": "ChemAxon"
            },
            {
                "kind": "pKa (strongest basic)",
                "value": "-4.2",
                "source": "ChemAxon"
            },
            {
                "kind": "Physiological Charge",
                "value": "-3",
                "source": "ChemAxon"
            },
            {
                "kind": "Number of Rings",
                "value": "0",
                "source": "ChemAxon"
            },
            {
                "kind": "Bioavailability",
                "value": "1",
                "source": "ChemAxon"
            },
            {
                "kind": "Rule of Five",
                "value": "0",
                "source": "ChemAxon"
            },
            {
                "kind": "Ghose Filter",
                "value": "0",
                "source": "ChemAxon"
            },
            {
                "kind": "MDDR-Like Rule",
                "value": "0",
                "source": "ChemAxon"
            }
        ]
    },
    "experimental-properties": null,
    "external-identifiers": {
        "external-identifier": [
            {
                "resource": "ChemSpider",
                "identifier": "149844"
            }
        ]
    },
    "external-links": null,
    "pathways": null,
    "reactions": null,
    "snp-effects": null,
    "snp-adverse-drug-reactions": null,
    "targets": null,
    "enzymes": null,
    "carriers": null,
    "transporters": null
}