{
    "type": "small molecule",
    "created": "2020-12-15",
    "updated": "2020-12-20",
    "drugbank-id": [
        {
            "primary": true,
            "value": "DB16111"
        }
    ],
    "name": "CR6086",
    "description": "CR6086 is under investigation in clinical trial NCT03163966 (A Study of the EP4 Antagonist CR6086 in Combination With Methotrexate, in Dmard-naïve Patients With Early Rheumatoid Arthritis).",
    "cas-number": "1417742-86-9",
    "unii": "SS2LQQ8094",
    "average-mass": 472.508,
    "monoisotopic-mass": 472.197377226,
    "groups": {
        "group": [
            "investigational"
        ]
    },
    "general-references": {
        "articles": null,
        "textbooks": null,
        "links": null,
        "attachments": null
    },
    "synthesis-reference": null,
    "indication": null,
    "pharmacodynamics": null,
    "mechanism-of-action": null,
    "toxicity": null,
    "metabolism": null,
    "absorption": null,
    "half-life": null,
    "protein-binding": null,
    "route-of-elimination": null,
    "volume-of-distribution": null,
    "clearance": null,
    "salts": null,
    "synonyms": null,
    "products": null,
    "international-brands": null,
    "mixtures": null,
    "packagers": null,
    "manufacturers": null,
    "prices": null,
    "categories": null,
    "affected-organisms": null,
    "dosages": null,
    "atc-codes": null,
    "ahfs-codes": null,
    "pdb-entries": null,
    "patents": null,
    "food-interactions": null,
    "drug-interactions": null,
    "calculated-properties": {
        "property": [
            {
                "kind": "logP",
                "value": "4.11",
                "source": "ALOGPS"
            },
            {
                "kind": "logS",
                "value": "-5.5",
                "source": "ALOGPS"
            },
            {
                "kind": "Water Solubility",
                "value": "1.52e-03 g/l",
                "source": "ALOGPS"
            },
            {
                "kind": "logP",
                "value": "1.95",
                "source": "ChemAxon"
            },
            {
                "kind": "IUPAC Name",
                "value": "4-[1-(6-{[4-(trifluoromethyl)phenyl]methyl}-6-azaspiro[2.5]octane-5-amido)cyclopropyl]benzoic acid",
                "source": "ChemAxon"
            },
            {
                "kind": "Traditional IUPAC Name",
                "value": "5-({4-[2-(3-methoxyphenyl)-2-oxoethoxy]phenyl}methyl)-1,3-thiazolidine-2,4-dione",
                "source": "ChemAxon"
            },
            {
                "kind": "Molecular Weight",
                "value": "472.508",
                "source": "ChemAxon"
            },
            {
                "kind": "Monoisotopic Weight",
                "value": "472.197377226",
                "source": "ChemAxon"
            },
            {
                "kind": "SMILES",
                "value": "OC(=O)C1=CC=C(C=C1)C1(CC1)NC(=O)C1CC2(CC2)CCN1CC1=CC=C(C=C1)C(F)(F)F",
                "source": "ChemAxon"
            },
            {
                "kind": "Molecular Formula",
                "value": "C26H27F3N2O3",
                "source": "ChemAxon"
            },
            {
                "kind": "InChI",
                "value": "InChI=1S/C26H27F3N2O3/c27-26(28,29)20-5-1-17(2-6-20)16-31-14-13-24(9-10-24)15-21(31)22(32)30-25(11-12-25)19-7-3-18(4-8-19)23(33)34/h1-8,21H,9-16H2,(H,30,32)(H,33,34)",
                "source": "ChemAxon"
            },
            {
                "kind": "InChIKey",
                "value": "CADWTPLFEZSAHM-UHFFFAOYSA-N",
                "source": "ChemAxon"
            },
            {
                "kind": "Polar Surface Area (PSA)",
                "value": "69.64",
                "source": "ChemAxon"
            },
            {
                "kind": "Refractivity",
                "value": "121.46",
                "source": "ChemAxon"
            },
            {
                "kind": "Polarizability",
                "value": "46.22",
                "source": "ChemAxon"
            },
            {
                "kind": "Rotatable Bond Count",
                "value": "7",
                "source": "ChemAxon"
            },
            {
                "kind": "H Bond Acceptor Count",
                "value": "4",
                "source": "ChemAxon"
            },
            {
                "kind": "H Bond Donor Count",
                "value": "2",
                "source": "ChemAxon"
            },
            {
                "kind": "pKa (strongest acidic)",
                "value": "3.99",
                "source": "ChemAxon"
            },
            {
                "kind": "pKa (strongest basic)",
                "value": "7.76",
                "source": "ChemAxon"
            },
            {
                "kind": "Physiological Charge",
                "value": "0",
                "source": "ChemAxon"
            },
            {
                "kind": "Number of Rings",
                "value": "5",
                "source": "ChemAxon"
            },
            {
                "kind": "Bioavailability",
                "value": "1",
                "source": "ChemAxon"
            },
            {
                "kind": "Rule of Five",
                "value": "1",
                "source": "ChemAxon"
            },
            {
                "kind": "Ghose Filter",
                "value": "1",
                "source": "ChemAxon"
            },
            {
                "kind": "MDDR-Like Rule",
                "value": "1",
                "source": "ChemAxon"
            }
        ]
    },
    "experimental-properties": null,
    "external-identifiers": {
        "external-identifier": [
            {
                "resource": "ChemSpider",
                "identifier": "61747700"
            },
            {
                "resource": "ChEMBL",
                "identifier": "CHEMBL3920982"
            }
        ]
    },
    "external-links": null,
    "pathways": null,
    "reactions": null,
    "snp-effects": null,
    "snp-adverse-drug-reactions": null,
    "targets": null,
    "enzymes": null,
    "carriers": null,
    "transporters": null
}