{
    "type": "small molecule",
    "created": "2020-12-15",
    "updated": "2020-12-20",
    "drugbank-id": [
        {
            "primary": true,
            "value": "DB16112"
        }
    ],
    "name": "OT-730",
    "description": "OT-730 is under investigation in clinical trial NCT00753168 (Phase 1-2 Evaluation of OT-730 Eye Drops in Reducing the Intraocular Pressure in Patients With Ocular Hypertension or Open-angle Glaucoma).",
    "cas-number": "870809-51-1",
    "unii": "5WVS67PLAL",
    "average-mass": 492.569,
    "monoisotopic-mass": 492.247166127,
    "groups": {
        "group": [
            "investigational"
        ]
    },
    "general-references": {
        "articles": null,
        "textbooks": null,
        "links": null,
        "attachments": null
    },
    "synthesis-reference": null,
    "indication": null,
    "pharmacodynamics": null,
    "mechanism-of-action": null,
    "toxicity": null,
    "metabolism": null,
    "absorption": null,
    "half-life": null,
    "protein-binding": null,
    "route-of-elimination": null,
    "volume-of-distribution": null,
    "clearance": null,
    "salts": null,
    "synonyms": null,
    "products": null,
    "international-brands": null,
    "mixtures": null,
    "packagers": null,
    "manufacturers": null,
    "prices": null,
    "categories": null,
    "affected-organisms": null,
    "dosages": null,
    "atc-codes": null,
    "ahfs-codes": null,
    "pdb-entries": null,
    "patents": null,
    "food-interactions": null,
    "drug-interactions": null,
    "calculated-properties": {
        "property": [
            {
                "kind": "logP",
                "value": "1.47",
                "source": "ALOGPS"
            },
            {
                "kind": "logS",
                "value": "-3.9",
                "source": "ALOGPS"
            },
            {
                "kind": "Water Solubility",
                "value": "6.07e-02 g/l",
                "source": "ALOGPS"
            },
            {
                "kind": "logP",
                "value": "1.91",
                "source": "ChemAxon"
            },
            {
                "kind": "IUPAC Name",
                "value": "(2S)-3-({2-methyl-1-[(oxolan-3-yl)formamido]propan-2-yl}amino)-2-(1-methylcyclopropanecarbonyloxy)propyl 4,5-dihydroxy-2-methylbenzoate",
                "source": "ChemAxon"
            },
            {
                "kind": "Traditional IUPAC Name",
                "value": "2-methoxy-4-[(1E)-3-[4-(nitrooxy)butoxy]-3-oxoprop-1-en-1-yl]phenyl (4R)-4-[(1R,3aS,3bR,4S,5aS,7R,9aS,9bS,11aR)-4,7-dihydroxy-9a,11a-dimethyl-tetradecahydro-1H-cyclopenta[a]phenanthren-1-yl]pentanoate",
                "source": "ChemAxon"
            },
            {
                "kind": "Molecular Weight",
                "value": "492.569",
                "source": "ChemAxon"
            },
            {
                "kind": "Monoisotopic Weight",
                "value": "492.247166127",
                "source": "ChemAxon"
            },
            {
                "kind": "SMILES",
                "value": "CC1=CC(O)=C(O)C=C1C(=O)OC[C@H](CNC(C)(C)CNC(=O)C1CCOC1)OC(=O)C1(C)CC1",
                "source": "ChemAxon"
            },
            {
                "kind": "Molecular Formula",
                "value": "C25H36N2O8",
                "source": "ChemAxon"
            },
            {
                "kind": "InChI",
                "value": "InChI=1S/C25H36N2O8/c1-15-9-19(28)20(29)10-18(15)22(31)34-13-17(35-23(32)25(4)6-7-25)11-27-24(2,3)14-26-21(30)16-5-8-33-12-16/h9-10,16-17,27-29H,5-8,11-14H2,1-4H3,(H,26,30)/t16?,17-/m0/s1",
                "source": "ChemAxon"
            },
            {
                "kind": "InChIKey",
                "value": "ANXXSWNMHQHOQC-DJNXLDHESA-N",
                "source": "ChemAxon"
            },
            {
                "kind": "Polar Surface Area (PSA)",
                "value": "143.42",
                "source": "ChemAxon"
            },
            {
                "kind": "Refractivity",
                "value": "127.27",
                "source": "ChemAxon"
            },
            {
                "kind": "Polarizability",
                "value": "51.76",
                "source": "ChemAxon"
            },
            {
                "kind": "Rotatable Bond Count",
                "value": "13",
                "source": "ChemAxon"
            },
            {
                "kind": "H Bond Acceptor Count",
                "value": "7",
                "source": "ChemAxon"
            },
            {
                "kind": "H Bond Donor Count",
                "value": "4",
                "source": "ChemAxon"
            },
            {
                "kind": "pKa (strongest acidic)",
                "value": "9.02",
                "source": "ChemAxon"
            },
            {
                "kind": "pKa (strongest basic)",
                "value": "8.41",
                "source": "ChemAxon"
            },
            {
                "kind": "Physiological Charge",
                "value": "1",
                "source": "ChemAxon"
            },
            {
                "kind": "Number of Rings",
                "value": "3",
                "source": "ChemAxon"
            },
            {
                "kind": "Bioavailability",
                "value": "1",
                "source": "ChemAxon"
            },
            {
                "kind": "Rule of Five",
                "value": "1",
                "source": "ChemAxon"
            },
            {
                "kind": "Ghose Filter",
                "value": "0",
                "source": "ChemAxon"
            },
            {
                "kind": "MDDR-Like Rule",
                "value": "1",
                "source": "ChemAxon"
            }
        ]
    },
    "experimental-properties": null,
    "external-identifiers": {
        "external-identifier": [
            {
                "resource": "ChemSpider",
                "identifier": "9729757"
            }
        ]
    },
    "external-links": null,
    "pathways": null,
    "reactions": null,
    "snp-effects": null,
    "snp-adverse-drug-reactions": null,
    "targets": null,
    "enzymes": null,
    "carriers": null,
    "transporters": null
}