{
    "type": "biotech",
    "created": "2021-01-21",
    "updated": "2021-01-24",
    "drugbank-id": [
        {
            "primary": true,
            "value": "DB16448"
        }
    ],
    "name": "CD24Fc",
    "description": "CD24Fc is a biological immunomodulator originally developed to address graft-versus-host disease in stem cell transplantation in leukemia patients.",
    "cas-number": null,
    "unii": "FN12T66RMN",
    "groups": {
        "group": [
            "investigational"
        ]
    },
    "general-references": {
        "articles": {
            "article": [
                {
                    "ref-id": "A227155",
                    "pubmed-id": "32382131",
                    "citation": "Tian RR, Zhang MX, Liu M, Fang X, Li D, Zhang L, Zheng P, Zheng YT, Liu Y: CD24Fc protects against viral pneumonia in simian immunodeficiency virus-infected Chinese rhesus monkeys. Cell Mol Immunol. 2020 Aug;17(8):887-888. doi: 10.1038/s41423-020-0452-5. Epub 2020 May 7."
                }
            ]
        },
        "textbooks": null,
        "links": {
            "link": [
                {
                    "ref-id": "L30725",
                    "title": "External Link",
                    "url": "https://biopharmadealmakers.nature.com/posts/54983-immunotherapy-drug-development-powered-by-deep-biology-insights"
                },
                {
                    "ref-id": "L30730",
                    "title": "External Link",
                    "url": "https://www.cancer.gov/publications/dictionaries/cancer-drug/def/cd24-extracellular-domain-igg1-fc-domain-recombinant-fusion-protein-cd24fc"
                }
            ]
        },
        "attachments": null
    },
    "synthesis-reference": null,
    "indication": null,
    "pharmacodynamics": null,
    "mechanism-of-action": "CD24Fc is a biological immunomodulator originally developed to address graft-versus-host disease in stem cell transplantation in leukemia patients. It has protective abilities against inflammatory mediators and potential to reduce lung pathology associated with pneumonia. The specific mechanisms by which CD24Fc works is currently unknown.",
    "toxicity": null,
    "metabolism": null,
    "absorption": null,
    "half-life": null,
    "protein-binding": null,
    "route-of-elimination": null,
    "volume-of-distribution": null,
    "clearance": null,
    "classification": {
        "description": null,
        "direct-parent": "Peptides",
        "kingdom": "Organic Compounds",
        "superclass": "Organic Acids",
        "class": "Carboxylic Acids and Derivatives",
        "subclass": "Amino Acids, Peptides, and Analogues"
    },
    "salts": null,
    "synonyms": {
        "synonym": [
            {
                "language": "english",
                "coder": "",
                "value": "Human CD24 and human IgG Fc Fusion Protein"
            }
        ]
    },
    "products": null,
    "international-brands": {
        "international-brand": [
            {
                "name": "Saccovid",
                "company": "OncoImmune"
            }
        ]
    },
    "mixtures": null,
    "packagers": null,
    "manufacturers": null,
    "prices": null,
    "categories": {
        "category": [
            {
                "category": "Experimental Unapproved Treatments for COVID-19",
                "mesh-id": null
            }
        ]
    },
    "affected-organisms": null,
    "dosages": null,
    "atc-codes": null,
    "ahfs-codes": null,
    "pdb-entries": null,
    "patents": null,
    "food-interactions": null,
    "drug-interactions": null,
    "sequences": null,
    "experimental-properties": null,
    "external-identifiers": null,
    "external-links": null,
    "pathways": null,
    "reactions": null,
    "snp-effects": null,
    "snp-adverse-drug-reactions": null,
    "targets": null,
    "enzymes": null,
    "carriers": null,
    "transporters": null
}