{
    "type": "small molecule",
    "created": "2021-02-08",
    "updated": "2021-05-22",
    "drugbank-id": [
        {
            "primary": true,
            "value": "DB16567"
        }
    ],
    "name": "Furaltadone",
    "description": null,
    "cas-number": "139-91-3",
    "unii": "5X4V82ZN30",
    "average-mass": 324.293,
    "monoisotopic-mass": 324.106984251,
    "groups": {
        "group": [
            "experimental"
        ]
    },
    "general-references": {
        "articles": null,
        "textbooks": null,
        "links": {
            "link": [
                {
                    "ref-id": "L33609",
                    "title": "FDA Thailand: SM Oto (Fludrocortisone, Furaltadone, Lidocaine, Neomycin, Polymyxin B) Otic Liquid",
                    "url": "http://pertento.fda.moph.go.th/FDA_SEARCH_DRUG/SEARCH_DRUG/pop-up_drug_ex.aspx?Newcode=U1DR2A1022440003911C"
                }
            ]
        },
        "attachments": null
    },
    "synthesis-reference": null,
    "indication": null,
    "pharmacodynamics": null,
    "mechanism-of-action": null,
    "toxicity": null,
    "metabolism": null,
    "absorption": null,
    "half-life": null,
    "protein-binding": null,
    "route-of-elimination": null,
    "volume-of-distribution": null,
    "clearance": null,
    "salts": null,
    "synonyms": {
        "synonym": [
            {
                "language": "spanish",
                "coder": "",
                "value": "Furaltadona"
            },
            {
                "language": "english",
                "coder": "inn/ban",
                "value": "Furaltadone"
            }
        ]
    },
    "products": null,
    "international-brands": null,
    "mixtures": null,
    "packagers": null,
    "manufacturers": null,
    "prices": null,
    "categories": {
        "category": [
            {
                "category": "Anti-Infective Agents",
                "mesh-id": "D000890"
            },
            {
                "category": "Anti-Infective Agents, Urinary",
                "mesh-id": "D000892"
            },
            {
                "category": "Furans",
                "mesh-id": "D005663"
            },
            {
                "category": "Nitro Compounds",
                "mesh-id": "D009574"
            },
            {
                "category": "Oxazoles",
                "mesh-id": "D010080"
            }
        ]
    },
    "affected-organisms": null,
    "dosages": {
        "dosage": [
            {
                "form": "Liquid",
                "route": "Auricular (otic)",
                "strength": null
            }
        ]
    },
    "atc-codes": null,
    "ahfs-codes": null,
    "pdb-entries": null,
    "patents": null,
    "food-interactions": null,
    "drug-interactions": null,
    "calculated-properties": {
        "property": [
            {
                "kind": "logP",
                "value": "0.15",
                "source": "ALOGPS"
            },
            {
                "kind": "logS",
                "value": "-2.8",
                "source": "ALOGPS"
            },
            {
                "kind": "Water Solubility",
                "value": "5.53e-01 g/l",
                "source": "ALOGPS"
            },
            {
                "kind": "logP",
                "value": "0.73",
                "source": "ChemAxon"
            },
            {
                "kind": "IUPAC Name",
                "value": "5-[(morpholin-4-yl)methyl]-3-[(E)-[(5-nitrofuran-2-yl)methylidene]amino]-1,3-oxazolidin-2-one",
                "source": "ChemAxon"
            },
            {
                "kind": "Traditional IUPAC Name",
                "value": "adiphenine",
                "source": "ChemAxon"
            },
            {
                "kind": "Molecular Weight",
                "value": "324.293",
                "source": "ChemAxon"
            },
            {
                "kind": "Monoisotopic Weight",
                "value": "324.106984251",
                "source": "ChemAxon"
            },
            {
                "kind": "SMILES",
                "value": "[O-][N+](=O)C1=CC=C(O1)\\C=N\\N1CC(CN2CCOCC2)OC1=O",
                "source": "ChemAxon"
            },
            {
                "kind": "Molecular Formula",
                "value": "C13H16N4O6",
                "source": "ChemAxon"
            },
            {
                "kind": "InChI",
                "value": "InChI=1S/C13H16N4O6/c18-13-16(14-7-10-1-2-12(22-10)17(19)20)9-11(23-13)8-15-3-5-21-6-4-15/h1-2,7,11H,3-6,8-9H2/b14-7+",
                "source": "ChemAxon"
            },
            {
                "kind": "InChIKey",
                "value": "YVQVOQKFMFRVGR-VGOFMYFVSA-N",
                "source": "ChemAxon"
            },
            {
                "kind": "Polar Surface Area (PSA)",
                "value": "110.65",
                "source": "ChemAxon"
            },
            {
                "kind": "Refractivity",
                "value": "76.84",
                "source": "ChemAxon"
            },
            {
                "kind": "Polarizability",
                "value": "31.58",
                "source": "ChemAxon"
            },
            {
                "kind": "Rotatable Bond Count",
                "value": "5",
                "source": "ChemAxon"
            },
            {
                "kind": "H Bond Acceptor Count",
                "value": "6",
                "source": "ChemAxon"
            },
            {
                "kind": "H Bond Donor Count",
                "value": "0",
                "source": "ChemAxon"
            },
            {
                "kind": "pKa (strongest basic)",
                "value": "6.44",
                "source": "ChemAxon"
            },
            {
                "kind": "Physiological Charge",
                "value": "0",
                "source": "ChemAxon"
            },
            {
                "kind": "Number of Rings",
                "value": "3",
                "source": "ChemAxon"
            },
            {
                "kind": "Bioavailability",
                "value": "1",
                "source": "ChemAxon"
            },
            {
                "kind": "Rule of Five",
                "value": "1",
                "source": "ChemAxon"
            },
            {
                "kind": "Ghose Filter",
                "value": "1",
                "source": "ChemAxon"
            },
            {
                "kind": "MDDR-Like Rule",
                "value": "0",
                "source": "ChemAxon"
            }
        ]
    },
    "experimental-properties": null,
    "external-identifiers": {
        "external-identifier": [
            {
                "resource": "ChemSpider",
                "identifier": "7831887"
            },
            {
                "resource": "ChEMBL",
                "identifier": "CHEMBL1189513"
            }
        ]
    },
    "external-links": null,
    "pathways": null,
    "reactions": null,
    "snp-effects": null,
    "snp-adverse-drug-reactions": null,
    "targets": null,
    "enzymes": null,
    "carriers": null,
    "transporters": null
}