{
    "type": "biotech",
    "created": "2020-12-17",
    "updated": "2021-02-13",
    "drugbank-id": [
        {
            "primary": true,
            "value": "DB16360"
        }
    ],
    "name": "Anti-SARS-CoV-2 immunoglobulin",
    "description": "Hyperimmune immunoglobulin to SARS-CoV-2 (hIVIG) is obtained from the plasma of patients who recover from COVID-19 and develop neutralizing antibodies.[L27521] Anti-coronavirus immunoglobulin is derived from [COVID-19 convalescent plasma](https://go.drugbank.com/drugs/DB15692) but contains more SARS-CoV-2 neutralizing antibodies than found in [convalescent plasma](https://go.drugbank.com/drugs/DB15692) as the antibodies are highly purified and concentrated.[L27521, L27526]",
    "cas-number": null,
    "unii": "YU7FRC8N2E",
    "groups": {
        "group": [
            "investigational"
        ]
    },
    "general-references": {
        "articles": null,
        "textbooks": null,
        "links": {
            "link": [
                {
                    "ref-id": "L27521",
                    "title": "ClinicalTrials.gov: IInpatient Treatment With Anti-Coronavirus Immunoglobulin (ITAC)",
                    "url": "https://clinicaltrials.gov/ct2/show/NCT04546581"
                },
                {
                    "ref-id": "L27526",
                    "title": "European Pharmaceutical Review: Trial testing anti-coronavirus hIVIG plus remdesivir in COVID-19 patients",
                    "url": "https://www.europeanpharmaceuticalreview.com/news/129967/trial-testing-anti-coronavirus-hivig-plus-remdesivir-in-covid-19-patients/"
                }
            ]
        },
        "attachments": null
    },
    "synthesis-reference": null,
    "indication": null,
    "pharmacodynamics": null,
    "mechanism-of-action": null,
    "toxicity": null,
    "metabolism": null,
    "absorption": null,
    "half-life": null,
    "protein-binding": null,
    "route-of-elimination": null,
    "volume-of-distribution": null,
    "clearance": null,
    "classification": {
        "description": null,
        "direct-parent": "Peptides",
        "kingdom": "Organic Compounds",
        "superclass": "Organic Acids",
        "class": "Carboxylic Acids and Derivatives",
        "subclass": "Amino Acids, Peptides, and Analogues"
    },
    "salts": null,
    "synonyms": {
        "synonym": [
            {
                "language": "english",
                "coder": "",
                "value": "Anti-Coronavirus immunoglobulin"
            },
            {
                "language": "english",
                "coder": "",
                "value": "Anti-COVID-19 hyperimmune globulin (human)"
            },
            {
                "language": "english",
                "coder": "",
                "value": "GC5131"
            },
            {
                "language": "english",
                "coder": "",
                "value": "hIVIG"
            },
            {
                "language": "english",
                "coder": "",
                "value": "Human plasma-derived immune-globulin for Coronavirus"
            },
            {
                "language": "english",
                "coder": "",
                "value": "Hyperimmune immunoglobulin to SARS-CoV-2"
            },
            {
                "language": "english",
                "coder": "",
                "value": "Immune-globulin for Coronavirus disease (COVID-19)"
            },
            {
                "language": "english",
                "coder": "",
                "value": "SARS-CoV-2 antibody-based IVIG"
            },
            {
                "language": "english",
                "coder": "",
                "value": "SARS-CoV-2 immunoglobulin"
            }
        ]
    },
    "products": null,
    "international-brands": null,
    "mixtures": null,
    "packagers": null,
    "manufacturers": null,
    "prices": null,
    "categories": {
        "category": [
            {
                "category": "Amino Acids, Peptides, and Proteins",
                "mesh-id": "D000602"
            },
            {
                "category": "Antibodies",
                "mesh-id": "D000906"
            },
            {
                "category": "Blood Proteins",
                "mesh-id": "D001798"
            },
            {
                "category": "Globulins",
                "mesh-id": "D005916"
            },
            {
                "category": "HIV Antibodies",
                "mesh-id": "D015483"
            },
            {
                "category": "Immunoglobulin G",
                "mesh-id": "D007074"
            },
            {
                "category": "Immunoglobulin Isotypes",
                "mesh-id": "D007132"
            },
            {
                "category": "Immunoglobulins",
                "mesh-id": "D007136"
            },
            {
                "category": "Immunoproteins",
                "mesh-id": "D007162"
            },
            {
                "category": "Proteins",
                "mesh-id": "D011506"
            },
            {
                "category": "Serum Globulins",
                "mesh-id": "D012712"
            }
        ]
    },
    "affected-organisms": null,
    "dosages": null,
    "atc-codes": null,
    "ahfs-codes": null,
    "pdb-entries": null,
    "patents": null,
    "food-interactions": null,
    "drug-interactions": null,
    "sequences": null,
    "experimental-properties": null,
    "external-identifiers": null,
    "external-links": null,
    "pathways": null,
    "reactions": null,
    "snp-effects": null,
    "snp-adverse-drug-reactions": null,
    "targets": null,
    "enzymes": null,
    "carriers": null,
    "transporters": null
}