{
    "type": "small molecule",
    "created": "2021-03-07",
    "updated": "2021-03-08",
    "drugbank-id": [
        {
            "primary": true,
            "value": "DB16634"
        }
    ],
    "name": "Caprylhydroxamic acid",
    "description": null,
    "cas-number": "7377-03-9",
    "unii": "UPY805K99W",
    "average-mass": 159.229,
    "monoisotopic-mass": 159.125928791,
    "groups": {
        "group": [
            "experimental"
        ]
    },
    "general-references": {
        "articles": null,
        "textbooks": null,
        "links": null,
        "attachments": null
    },
    "synthesis-reference": null,
    "indication": null,
    "pharmacodynamics": null,
    "mechanism-of-action": null,
    "toxicity": null,
    "metabolism": null,
    "absorption": null,
    "half-life": null,
    "protein-binding": null,
    "route-of-elimination": null,
    "volume-of-distribution": null,
    "clearance": null,
    "salts": null,
    "synonyms": {
        "synonym": [
            {
                "language": "english",
                "coder": "",
                "value": "Caprylohydroxamic acid"
            },
            {
                "language": "english",
                "coder": "",
                "value": "N-Hydroxyoctanamide"
            },
            {
                "language": "english",
                "coder": "",
                "value": "Octanohydroxamic acid"
            },
            {
                "language": "english",
                "coder": "",
                "value": "Octanoylhydroxamic acid"
            },
            {
                "language": "english",
                "coder": "",
                "value": "Taselin"
            }
        ]
    },
    "products": {
        "product": [
            {
                "name": "Purus antibacterial wipes",
                "labeller": "The fab Korea Co., Ltd.",
                "ndc-id": null,
                "ndc-product-code": "77504-0003",
                "dpd-id": null,
                "ema-product-code": null,
                "ema-ma-number": null,
                "started-marketing-on": "2020-05-04",
                "ended-marketing-on": null,
                "dosage-form": "Cloth",
                "strength": null,
                "route": "Topical",
                "fda-application-number": "part333A",
                "generic": false,
                "over-the-counter": true,
                "approved": false,
                "country": "US",
                "source": "FDA NDC"
            },
            {
                "name": "Purus antibacterial wipes",
                "labeller": "The fab Korea Co., Ltd.",
                "ndc-id": null,
                "ndc-product-code": "77504-0004",
                "dpd-id": null,
                "ema-product-code": null,
                "ema-ma-number": null,
                "started-marketing-on": "2020-09-02",
                "ended-marketing-on": null,
                "dosage-form": "Cloth",
                "strength": null,
                "route": "Topical",
                "fda-application-number": "part333A",
                "generic": false,
                "over-the-counter": true,
                "approved": false,
                "country": "US",
                "source": "FDA NDC"
            },
            {
                "name": "SureWell Sanitizing Wipes",
                "labeller": "Ifons Corp.",
                "ndc-id": null,
                "ndc-product-code": "79892-301",
                "dpd-id": null,
                "ema-product-code": null,
                "ema-ma-number": null,
                "started-marketing-on": "2020-08-22",
                "ended-marketing-on": null,
                "dosage-form": "Liquid",
                "strength": null,
                "route": "Topical",
                "fda-application-number": "part333A",
                "generic": false,
                "over-the-counter": true,
                "approved": false,
                "country": "US",
                "source": "FDA NDC"
            }
        ]
    },
    "international-brands": null,
    "mixtures": {
        "mixture": [
            {
                "name": "Purus antibacterial wipes",
                "ingredients": "Caprylhydroxamic acid + Ethanol + Glyceryl laurate + Laevulinic Acid"
            },
            {
                "name": "SureWell Sanitizing Wipes",
                "ingredients": "Caprylhydroxamic acid + Ethanol + Glyceryl laurate"
            },
            {
                "name": "Purus antibacterial wipes",
                "ingredients": "Caprylhydroxamic acid + Ethanol + Glyceryl laurate + Laevulinic Acid"
            }
        ]
    },
    "packagers": null,
    "manufacturers": null,
    "prices": null,
    "categories": {
        "category": [
            {
                "category": "Amines",
                "mesh-id": "D000588"
            },
            {
                "category": "Hydroxy Acids",
                "mesh-id": "D006880"
            },
            {
                "category": "Hydroxylamines",
                "mesh-id": "D006898"
            }
        ]
    },
    "affected-organisms": null,
    "dosages": {
        "dosage": [
            {
                "form": "Cloth",
                "route": "Topical",
                "strength": null
            },
            {
                "form": "Liquid",
                "route": "Topical",
                "strength": null
            }
        ]
    },
    "atc-codes": null,
    "ahfs-codes": null,
    "pdb-entries": null,
    "patents": null,
    "food-interactions": null,
    "drug-interactions": null,
    "calculated-properties": {
        "property": [
            {
                "kind": "logP",
                "value": "1.89",
                "source": "ChemAxon"
            },
            {
                "kind": "IUPAC Name",
                "value": "N-hydroxyoctanamide",
                "source": "ChemAxon"
            },
            {
                "kind": "Traditional IUPAC Name",
                "value": "disodium dexamethasone phosphate(2-)",
                "source": "ChemAxon"
            },
            {
                "kind": "Molecular Weight",
                "value": "159.229",
                "source": "ChemAxon"
            },
            {
                "kind": "Monoisotopic Weight",
                "value": "159.125928791",
                "source": "ChemAxon"
            },
            {
                "kind": "SMILES",
                "value": "CCCCCCCC(=O)NO",
                "source": "ChemAxon"
            },
            {
                "kind": "Molecular Formula",
                "value": "C8H17NO2",
                "source": "ChemAxon"
            },
            {
                "kind": "InChI",
                "value": "InChI=1S/C8H17NO2/c1-2-3-4-5-6-7-8(10)9-11/h11H,2-7H2,1H3,(H,9,10)",
                "source": "ChemAxon"
            },
            {
                "kind": "InChIKey",
                "value": "RGUVUPQQFXCJFC-UHFFFAOYSA-N",
                "source": "ChemAxon"
            },
            {
                "kind": "Polar Surface Area (PSA)",
                "value": "49.33",
                "source": "ChemAxon"
            },
            {
                "kind": "Refractivity",
                "value": "43.86",
                "source": "ChemAxon"
            },
            {
                "kind": "Polarizability",
                "value": "18.7",
                "source": "ChemAxon"
            },
            {
                "kind": "Rotatable Bond Count",
                "value": "6",
                "source": "ChemAxon"
            },
            {
                "kind": "H Bond Acceptor Count",
                "value": "2",
                "source": "ChemAxon"
            },
            {
                "kind": "H Bond Donor Count",
                "value": "2",
                "source": "ChemAxon"
            },
            {
                "kind": "pKa (strongest acidic)",
                "value": "8.91",
                "source": "ChemAxon"
            },
            {
                "kind": "pKa (strongest basic)",
                "value": "-5.5",
                "source": "ChemAxon"
            },
            {
                "kind": "Physiological Charge",
                "value": "0",
                "source": "ChemAxon"
            },
            {
                "kind": "Number of Rings",
                "value": "0",
                "source": "ChemAxon"
            },
            {
                "kind": "Bioavailability",
                "value": "1",
                "source": "ChemAxon"
            },
            {
                "kind": "Rule of Five",
                "value": "1",
                "source": "ChemAxon"
            },
            {
                "kind": "Ghose Filter",
                "value": "0",
                "source": "ChemAxon"
            },
            {
                "kind": "MDDR-Like Rule",
                "value": "0",
                "source": "ChemAxon"
            }
        ]
    },
    "experimental-properties": null,
    "external-identifiers": {
        "external-identifier": [
            {
                "resource": "ChemSpider",
                "identifier": "22293"
            },
            {
                "resource": "ZINC",
                "identifier": "ZINC000095740180"
            },
            {
                "resource": "RxCUI",
                "identifier": "1307145"
            }
        ]
    },
    "external-links": null,
    "pathways": null,
    "reactions": null,
    "snp-effects": null,
    "snp-adverse-drug-reactions": null,
    "targets": null,
    "enzymes": null,
    "carriers": null,
    "transporters": null
}