{
    "type": "small molecule",
    "created": "2020-12-15",
    "updated": "2021-02-21",
    "drugbank-id": [
        {
            "primary": true,
            "value": "DB16347"
        }
    ],
    "name": "Velsecorat",
    "description": "Velsecorat is under investigation in clinical trial NCT02479412 (A Multiple Dosing (14 Days) Study to Assess Efficacy and Safety of Three Dose Levels of AZD7594, Given Once Daily by Inhalation, in Patients With Mild to Moderate Asthma).",
    "cas-number": "1196509-60-0",
    "unii": "P30N0911C2",
    "average-mass": 606.627,
    "monoisotopic-mass": 606.228991092,
    "groups": {
        "group": [
            "investigational"
        ]
    },
    "general-references": {
        "articles": null,
        "textbooks": null,
        "links": null,
        "attachments": null
    },
    "synthesis-reference": null,
    "indication": null,
    "pharmacodynamics": null,
    "mechanism-of-action": null,
    "toxicity": null,
    "metabolism": null,
    "absorption": null,
    "half-life": null,
    "protein-binding": null,
    "route-of-elimination": null,
    "volume-of-distribution": null,
    "clearance": null,
    "salts": null,
    "synonyms": {
        "synonym": [
            {
                "language": "english",
                "coder": "inn/usan",
                "value": "Velsecorat"
            }
        ]
    },
    "products": null,
    "international-brands": null,
    "mixtures": null,
    "packagers": null,
    "manufacturers": null,
    "prices": null,
    "categories": {
        "category": [
            {
                "category": "Dioxins and Dioxin-like Compounds",
                "mesh-id": "D000072316"
            },
            {
                "category": "Heterocyclic Compounds, Fused-Ring",
                "mesh-id": "D000072471"
            },
            {
                "category": "Pyrazoles",
                "mesh-id": "D011720"
            }
        ]
    },
    "affected-organisms": null,
    "dosages": null,
    "atc-codes": null,
    "ahfs-codes": null,
    "pdb-entries": null,
    "patents": null,
    "food-interactions": null,
    "drug-interactions": null,
    "calculated-properties": {
        "property": [
            {
                "kind": "logP",
                "value": "4.14",
                "source": "ALOGPS"
            },
            {
                "kind": "logS",
                "value": "-5.2",
                "source": "ALOGPS"
            },
            {
                "kind": "Water Solubility",
                "value": "3.77e-03 g/l",
                "source": "ALOGPS"
            },
            {
                "kind": "logP",
                "value": "3.52",
                "source": "ChemAxon"
            },
            {
                "kind": "IUPAC Name",
                "value": "3-{5-[(1S,2R)-2-(2,2-difluoropropanamido)-1-(2,3-dihydro-1,4-benzodioxin-6-yl)propoxy]-1H-indazol-1-yl}-N-[(3R)-oxolan-3-yl]benzamide",
                "source": "ChemAxon"
            },
            {
                "kind": "Traditional IUPAC Name",
                "value": "8-[(3R)-3-[1-({1-[(E)-{[(7S,9E,11S,12S,13S,14S,15R,16R,17S,18S,19E)-13-(acetyloxy)-2,15,17,27,29-pentahydroxy-11-methoxy-3,7,12,14,16,18,22-heptamethyl-6,23-dioxo-8,30-dioxa-24-azatetracyclo[23.3.1.1^{4,7}.0^{5,28}]triaconta-1(28),2,4,9,19,21,25(29),26-octaen-26-yl]methylidene}amino]piperidin-4-yl}(methyl)amino)cyclopropyl]pyrrolidin-1-yl]-1-cyclopropyl-7-fluoro-9-methyl-4-oxoquinolizine-3-carboxylic acid",
                "source": "ChemAxon"
            },
            {
                "kind": "Molecular Weight",
                "value": "606.627",
                "source": "ChemAxon"
            },
            {
                "kind": "Monoisotopic Weight",
                "value": "606.228991092",
                "source": "ChemAxon"
            },
            {
                "kind": "SMILES",
                "value": "C[C@@H](NC(=O)C(C)(F)F)[C@@H](OC1=CC=C2N(N=CC2=C1)C1=CC(=CC=C1)C(=O)N[C@@H]1CCOC1)C1=CC=C2OCCOC2=C1",
                "source": "ChemAxon"
            },
            {
                "kind": "Molecular Formula",
                "value": "C32H32F2N4O6",
                "source": "ChemAxon"
            },
            {
                "kind": "InChI",
                "value": "InChI=1S/C32H32F2N4O6/c1-19(36-31(40)32(2,33)34)29(20-6-9-27-28(16-20)43-13-12-42-27)44-25-7-8-26-22(15-25)17-35-38(26)24-5-3-4-21(14-24)30(39)37-23-10-11-41-18-23/h3-9,14-17,19,23,29H,10-13,18H2,1-2H3,(H,36,40)(H,37,39)/t19-,23-,29-/m1/s1",
                "source": "ChemAxon"
            },
            {
                "kind": "InChIKey",
                "value": "ZZWJKLGCDHYVMB-XGBAOLAVSA-N",
                "source": "ChemAxon"
            },
            {
                "kind": "Polar Surface Area (PSA)",
                "value": "112.94",
                "source": "ChemAxon"
            },
            {
                "kind": "Refractivity",
                "value": "156.99",
                "source": "ChemAxon"
            },
            {
                "kind": "Polarizability",
                "value": "61.43",
                "source": "ChemAxon"
            },
            {
                "kind": "Rotatable Bond Count",
                "value": "9",
                "source": "ChemAxon"
            },
            {
                "kind": "H Bond Acceptor Count",
                "value": "7",
                "source": "ChemAxon"
            },
            {
                "kind": "H Bond Donor Count",
                "value": "2",
                "source": "ChemAxon"
            },
            {
                "kind": "pKa (strongest acidic)",
                "value": "9.29",
                "source": "ChemAxon"
            },
            {
                "kind": "pKa (strongest basic)",
                "value": "0.88",
                "source": "ChemAxon"
            },
            {
                "kind": "Physiological Charge",
                "value": "0",
                "source": "ChemAxon"
            },
            {
                "kind": "Number of Rings",
                "value": "6",
                "source": "ChemAxon"
            },
            {
                "kind": "Bioavailability",
                "value": "1",
                "source": "ChemAxon"
            },
            {
                "kind": "Rule of Five",
                "value": "0",
                "source": "ChemAxon"
            },
            {
                "kind": "Ghose Filter",
                "value": "0",
                "source": "ChemAxon"
            },
            {
                "kind": "MDDR-Like Rule",
                "value": "1",
                "source": "ChemAxon"
            }
        ]
    },
    "experimental-properties": null,
    "external-identifiers": {
        "external-identifier": [
            {
                "resource": "ChemSpider",
                "identifier": "81368271"
            }
        ]
    },
    "external-links": null,
    "pathways": null,
    "reactions": null,
    "snp-effects": null,
    "snp-adverse-drug-reactions": null,
    "targets": null,
    "enzymes": null,
    "carriers": null,
    "transporters": null
}