{
    "type": "biotech",
    "created": "2020-12-21",
    "updated": "2021-02-21",
    "drugbank-id": [
        {
            "primary": true,
            "value": "DB16384"
        }
    ],
    "name": "Toralizumab",
    "description": "Toralizumab is under investigation in clinical trial NCT03605927 (CD40-L Blockade for Prevention of Acute Graft-versus-host Disease).",
    "cas-number": "252662-47-8",
    "unii": "KX44A9HM0B",
    "groups": {
        "group": [
            "investigational"
        ]
    },
    "general-references": {
        "articles": null,
        "textbooks": null,
        "links": null,
        "attachments": null
    },
    "synthesis-reference": null,
    "indication": null,
    "pharmacodynamics": null,
    "mechanism-of-action": null,
    "toxicity": null,
    "metabolism": null,
    "absorption": null,
    "half-life": null,
    "protein-binding": null,
    "route-of-elimination": null,
    "volume-of-distribution": null,
    "clearance": null,
    "classification": {
        "description": null,
        "direct-parent": "Peptides",
        "kingdom": "Organic Compounds",
        "superclass": "Organic Acids",
        "class": "Carboxylic Acids and Derivatives",
        "subclass": "Amino Acids, Peptides, and Analogues"
    },
    "salts": null,
    "synonyms": {
        "synonym": [
            {
                "language": "english",
                "coder": "",
                "value": "Anti-CD 154 human-mouse monoclonal antibody"
            },
            {
                "language": "english",
                "coder": "",
                "value": "Anti-CD40L"
            },
            {
                "language": "english",
                "coder": "",
                "value": "Anti-GP39"
            },
            {
                "language": "english",
                "coder": "inn/usan",
                "value": "Toralizumab"
            }
        ]
    },
    "products": null,
    "international-brands": null,
    "mixtures": null,
    "packagers": null,
    "manufacturers": null,
    "prices": null,
    "categories": {
        "category": [
            {
                "category": "Amino Acids, Peptides, and Proteins",
                "mesh-id": "D000602"
            },
            {
                "category": "Antibodies",
                "mesh-id": "D000906"
            },
            {
                "category": "Antibodies, Monoclonal",
                "mesh-id": "D000911"
            },
            {
                "category": "Antibodies, Monoclonal, Humanized",
                "mesh-id": "D061067"
            },
            {
                "category": "Blood Proteins",
                "mesh-id": "D001798"
            },
            {
                "category": "Globulins",
                "mesh-id": "D005916"
            },
            {
                "category": "Immunoglobulins",
                "mesh-id": "D007136"
            },
            {
                "category": "Immunoproteins",
                "mesh-id": "D007162"
            },
            {
                "category": "Proteins",
                "mesh-id": "D011506"
            },
            {
                "category": "Serum Globulins",
                "mesh-id": "D012712"
            }
        ]
    },
    "affected-organisms": null,
    "dosages": null,
    "atc-codes": null,
    "ahfs-codes": null,
    "pdb-entries": null,
    "patents": null,
    "food-interactions": null,
    "drug-interactions": null,
    "sequences": null,
    "experimental-properties": null,
    "external-identifiers": {
        "external-identifier": [
            {
                "resource": "Wikipedia",
                "identifier": "Toralizumab"
            }
        ]
    },
    "external-links": null,
    "pathways": null,
    "reactions": null,
    "snp-effects": null,
    "snp-adverse-drug-reactions": null,
    "targets": null,
    "enzymes": null,
    "carriers": null,
    "transporters": null
}