{
    "type": "biotech",
    "created": "2021-02-15",
    "updated": "2021-02-15",
    "drugbank-id": [
        {
            "primary": true,
            "value": "DB16595"
        }
    ],
    "name": "Paeonia lactiflora root",
    "description": null,
    "cas-number": null,
    "unii": "3Z3866YW6P",
    "groups": {
        "group": [
            "experimental"
        ]
    },
    "general-references": {
        "articles": null,
        "textbooks": null,
        "links": null,
        "attachments": null
    },
    "synthesis-reference": null,
    "indication": null,
    "pharmacodynamics": null,
    "mechanism-of-action": null,
    "toxicity": null,
    "metabolism": null,
    "absorption": null,
    "half-life": null,
    "protein-binding": null,
    "route-of-elimination": null,
    "volume-of-distribution": null,
    "clearance": null,
    "salts": null,
    "synonyms": {
        "synonym": [
            {
                "language": "english",
                "coder": "",
                "value": "Bai shao"
            },
            {
                "language": "english",
                "coder": "",
                "value": "Bai shao root"
            },
            {
                "language": "english",
                "coder": "",
                "value": "Baishao"
            },
            {
                "language": "english",
                "coder": "",
                "value": "Chinese herbal formulation phy906 component paeonia lactiflora root"
            },
            {
                "language": "english",
                "coder": "",
                "value": "Chinese peony root (paeonia lactiflora)"
            },
            {
                "language": "english",
                "coder": "",
                "value": "Chishao root"
            },
            {
                "language": "english",
                "coder": "",
                "value": "Common garden peony root"
            },
            {
                "language": "english",
                "coder": "",
                "value": "Garden peony root"
            },
            {
                "language": "english",
                "coder": "",
                "value": "Paeonia albiflora root"
            },
            {
                "language": "english",
                "coder": "",
                "value": "Paeonia albiflora root extract"
            },
            {
                "language": "english",
                "coder": "",
                "value": "Paeonia chinensis root"
            },
            {
                "language": "english",
                "coder": "",
                "value": "Paeonia edulis root"
            },
            {
                "language": "english",
                "coder": "",
                "value": "Paeonia lactiflora root"
            },
            {
                "language": "english",
                "coder": "",
                "value": "Paeonia lactiflora root extract"
            },
            {
                "language": "english",
                "coder": "",
                "value": "Paeonia lactiflora root powder"
            },
            {
                "language": "english",
                "coder": "",
                "value": "Paeonia sinensis root"
            },
            {
                "language": "english",
                "coder": "",
                "value": "Paeonia yui root"
            },
            {
                "language": "english",
                "coder": "",
                "value": "Paeoniae radix"
            },
            {
                "language": "english",
                "coder": "",
                "value": "Paeoniae radix alba"
            },
            {
                "language": "english",
                "coder": "",
                "value": "Paeoniae radix alba (paeonia lactiflora)"
            },
            {
                "language": "english",
                "coder": "",
                "value": "Paeoniae radix lactiflora"
            },
            {
                "language": "english",
                "coder": "",
                "value": "Paeoniae radix rubra root"
            },
            {
                "language": "english",
                "coder": "",
                "value": "Peony (paeonia albiflora) root extract"
            },
            {
                "language": "english",
                "coder": "jan",
                "value": "Peony root"
            },
            {
                "language": "english",
                "coder": "",
                "value": "Red peony root (paeonia lactiflora)"
            },
            {
                "language": "english",
                "coder": "",
                "value": "Shao yao root"
            },
            {
                "language": "english",
                "coder": "",
                "value": "White peony root"
            }
        ]
    },
    "products": null,
    "international-brands": null,
    "mixtures": null,
    "packagers": null,
    "manufacturers": null,
    "prices": null,
    "categories": {
        "category": [
            {
                "category": "Angiosperms",
                "mesh-id": "D019684"
            },
            {
                "category": "Biological Products",
                "mesh-id": "D001688"
            },
            {
                "category": "Complex Mixtures",
                "mesh-id": "D045424"
            },
            {
                "category": "Embryophyta",
                "mesh-id": "D019669"
            },
            {
                "category": "Eukaryota",
                "mesh-id": "D056890"
            },
            {
                "category": "Pharmaceutical Preparations",
                "mesh-id": "D004364"
            },
            {
                "category": "Plant Extracts",
                "mesh-id": "D010936"
            },
            {
                "category": "Plant Preparations",
                "mesh-id": "D028321"
            },
            {
                "category": "Streptophyta",
                "mesh-id": "D057949"
            },
            {
                "category": "Tracheophyta",
                "mesh-id": "D064028"
            },
            {
                "category": "Viridiplantae",
                "mesh-id": "D057948"
            }
        ]
    },
    "affected-organisms": null,
    "dosages": null,
    "atc-codes": null,
    "ahfs-codes": null,
    "pdb-entries": null,
    "patents": null,
    "food-interactions": null,
    "drug-interactions": null,
    "sequences": null,
    "experimental-properties": null,
    "external-identifiers": {
        "external-identifier": [
            {
                "resource": "RxCUI",
                "identifier": "1307731"
            }
        ]
    },
    "external-links": null,
    "pathways": null,
    "reactions": null,
    "snp-effects": null,
    "snp-adverse-drug-reactions": null,
    "targets": null,
    "enzymes": null,
    "carriers": null,
    "transporters": null
}