{
    "type": "small molecule",
    "created": "2020-12-15",
    "updated": "2021-02-21",
    "drugbank-id": [
        {
            "primary": true,
            "value": "DB16280"
        }
    ],
    "name": "Pegcantratinib",
    "description": "Pegcantratinib is under investigation in clinical trial NCT03448081 (Safety, Tolerability and Efficacy of SNA-120 for Treatment of Pruritus and Psoriasis in Subjects Treated With Calcipotriene).",
    "cas-number": "1233363-33-1",
    "unii": "VG44NU1168",
    "groups": {
        "group": [
            "investigational"
        ]
    },
    "general-references": {
        "articles": null,
        "textbooks": null,
        "links": null,
        "attachments": null
    },
    "synthesis-reference": null,
    "indication": null,
    "pharmacodynamics": null,
    "mechanism-of-action": null,
    "toxicity": null,
    "metabolism": null,
    "absorption": null,
    "half-life": null,
    "protein-binding": null,
    "route-of-elimination": null,
    "volume-of-distribution": null,
    "clearance": null,
    "salts": null,
    "synonyms": {
        "synonym": [
            {
                "language": "english",
                "coder": "inn/usan",
                "value": "Pegcantratinib"
            }
        ]
    },
    "products": null,
    "international-brands": null,
    "mixtures": null,
    "packagers": null,
    "manufacturers": null,
    "prices": null,
    "categories": {
        "category": [
            {
                "category": "Heterocyclic Compounds, Fused-Ring",
                "mesh-id": "D000072471"
            }
        ]
    },
    "affected-organisms": null,
    "dosages": null,
    "atc-codes": null,
    "ahfs-codes": null,
    "pdb-entries": null,
    "patents": null,
    "food-interactions": null,
    "drug-interactions": null,
    "calculated-properties": null,
    "experimental-properties": null,
    "external-identifiers": null,
    "external-links": null,
    "pathways": null,
    "reactions": null,
    "snp-effects": null,
    "snp-adverse-drug-reactions": null,
    "targets": null,
    "enzymes": null,
    "carriers": null,
    "transporters": null
}