{
    "type": "biotech",
    "created": "2021-03-07",
    "updated": "2021-03-08",
    "drugbank-id": [
        {
            "primary": true,
            "value": "DB16632"
        }
    ],
    "name": "Chamaecyparis obtusa whole",
    "description": null,
    "cas-number": null,
    "unii": "80ZNL1G5XY",
    "groups": {
        "group": [
            "experimental"
        ]
    },
    "general-references": {
        "articles": null,
        "textbooks": null,
        "links": null,
        "attachments": null
    },
    "synthesis-reference": null,
    "indication": null,
    "pharmacodynamics": null,
    "mechanism-of-action": null,
    "toxicity": null,
    "metabolism": null,
    "absorption": null,
    "half-life": null,
    "protein-binding": null,
    "route-of-elimination": null,
    "volume-of-distribution": null,
    "clearance": null,
    "salts": null,
    "synonyms": {
        "synonym": [
            {
                "language": "english",
                "coder": "",
                "value": "Chamaecyparis obtusa whole"
            },
            {
                "language": "english",
                "coder": "",
                "value": "Chamaepeuce obtusa whole"
            },
            {
                "language": "english",
                "coder": "",
                "value": "Cupressus obtusa whole"
            },
            {
                "language": "english",
                "coder": "",
                "value": "Hinoki cypress whole"
            },
            {
                "language": "english",
                "coder": "",
                "value": "Hinoki false cypress whole"
            },
            {
                "language": "english",
                "coder": "",
                "value": "Hinoki whole"
            },
            {
                "language": "english",
                "coder": "",
                "value": "Japanese cypress whole"
            },
            {
                "language": "english",
                "coder": "",
                "value": "Retinispora obtusa whole"
            }
        ]
    },
    "products": {
        "product": [
            {
                "name": "Dr. Forest Hand Sanitizer",
                "labeller": "Forest On Co., Ltd",
                "ndc-id": null,
                "ndc-product-code": "81609-202",
                "dpd-id": null,
                "ema-product-code": null,
                "ema-ma-number": null,
                "started-marketing-on": "2021-02-19",
                "ended-marketing-on": null,
                "dosage-form": "Liquid",
                "strength": null,
                "route": "Topical",
                "fda-application-number": "part333A",
                "generic": false,
                "over-the-counter": true,
                "approved": false,
                "country": "US",
                "source": "FDA NDC"
            },
            {
                "name": "Dr. Forest Hand Sanitizer",
                "labeller": "Forest On Co., Ltd",
                "ndc-id": null,
                "ndc-product-code": "81609-201",
                "dpd-id": null,
                "ema-product-code": null,
                "ema-ma-number": null,
                "started-marketing-on": "2021-02-19",
                "ended-marketing-on": null,
                "dosage-form": "Liquid",
                "strength": null,
                "route": "Topical",
                "fda-application-number": null,
                "generic": false,
                "over-the-counter": true,
                "approved": false,
                "country": "US",
                "source": "FDA NDC"
            },
            {
                "name": "S GVD Phytoncide",
                "labeller": "Infinite Solution Co.",
                "ndc-id": null,
                "ndc-product-code": "81744-020",
                "dpd-id": null,
                "ema-product-code": null,
                "ema-ma-number": null,
                "started-marketing-on": "2021-03-01",
                "ended-marketing-on": null,
                "dosage-form": "Spray",
                "strength": null,
                "route": "Topical",
                "fda-application-number": null,
                "generic": false,
                "over-the-counter": true,
                "approved": false,
                "country": "US",
                "source": "FDA NDC"
            },
            {
                "name": "S GVD Phytoncide",
                "labeller": "Infinite Solution Co.",
                "ndc-id": null,
                "ndc-product-code": "81744-010",
                "dpd-id": null,
                "ema-product-code": null,
                "ema-ma-number": null,
                "started-marketing-on": "2021-03-01",
                "ended-marketing-on": null,
                "dosage-form": "Liquid",
                "strength": null,
                "route": "Topical",
                "fda-application-number": null,
                "generic": false,
                "over-the-counter": true,
                "approved": false,
                "country": "US",
                "source": "FDA NDC"
            }
        ]
    },
    "international-brands": null,
    "mixtures": {
        "mixture": [
            {
                "name": "Dr. Forest Hand Sanitizer",
                "ingredients": "Chamaecyparis obtusa whole + Cryptomeria japonica bark + Ethanol + Quercus acutissima whole"
            },
            {
                "name": "S GVD Phytoncide",
                "ingredients": "Chamaecyparis obtusa whole + Cryptomeria japonica bark + Quercus acutissima whole"
            },
            {
                "name": "S GVD Phytoncide",
                "ingredients": "Chamaecyparis obtusa whole + Cryptomeria japonica bark + Quercus acutissima whole"
            },
            {
                "name": "Dr. Forest Hand Sanitizer",
                "ingredients": "Chamaecyparis obtusa whole + Cryptomeria japonica bark + Quercus acutissima whole"
            }
        ]
    },
    "packagers": null,
    "manufacturers": null,
    "prices": null,
    "categories": null,
    "affected-organisms": null,
    "dosages": {
        "dosage": [
            {
                "form": "Liquid",
                "route": "Topical",
                "strength": null
            },
            {
                "form": "Spray",
                "route": "Topical",
                "strength": null
            }
        ]
    },
    "atc-codes": null,
    "ahfs-codes": null,
    "pdb-entries": null,
    "patents": null,
    "food-interactions": null,
    "drug-interactions": null,
    "sequences": null,
    "experimental-properties": null,
    "external-identifiers": {
        "external-identifier": [
            {
                "resource": "RxCUI",
                "identifier": "1429927"
            }
        ]
    },
    "external-links": null,
    "pathways": null,
    "reactions": null,
    "snp-effects": null,
    "snp-adverse-drug-reactions": null,
    "targets": null,
    "enzymes": null,
    "carriers": null,
    "transporters": null
}