{
    "type": "small molecule",
    "created": "2020-12-15",
    "updated": "2020-12-20",
    "drugbank-id": [
        {
            "primary": true,
            "value": "DB16164"
        }
    ],
    "name": "Fenpyroximate",
    "description": "Fenpyroximate is under investigation in clinical trial NCT02533336 (The Effectiveness of Non-pyrethroid Insecticide-treated Durable Wall Liners as a Method for Malaria Control in Endemic Rural Tanzania).",
    "cas-number": "134098-61-6",
    "unii": "9W557V4RYA",
    "average-mass": 421.497,
    "monoisotopic-mass": 421.200156361,
    "groups": {
        "group": [
            "investigational"
        ]
    },
    "general-references": {
        "articles": null,
        "textbooks": null,
        "links": null,
        "attachments": null
    },
    "synthesis-reference": null,
    "indication": null,
    "pharmacodynamics": null,
    "mechanism-of-action": null,
    "toxicity": null,
    "metabolism": null,
    "absorption": null,
    "half-life": null,
    "protein-binding": null,
    "route-of-elimination": null,
    "volume-of-distribution": null,
    "clearance": null,
    "salts": null,
    "synonyms": {
        "synonym": [
            {
                "language": "english",
                "coder": "",
                "value": "Fenpryroximate"
            },
            {
                "language": "english",
                "coder": "",
                "value": "Fenpyroximate (z,e)"
            },
            {
                "language": "english",
                "coder": "",
                "value": "Fujimite"
            },
            {
                "language": "english",
                "coder": "",
                "value": "Sequel"
            }
        ]
    },
    "products": null,
    "international-brands": null,
    "mixtures": null,
    "packagers": null,
    "manufacturers": null,
    "prices": null,
    "categories": {
        "category": [
            {
                "category": "Acids, Carbocyclic",
                "mesh-id": "D000146"
            },
            {
                "category": "Benzene Derivatives",
                "mesh-id": "D001555"
            },
            {
                "category": "Electron Transport Complex I, antagonists & inhibitors",
                "mesh-id": null
            }
        ]
    },
    "affected-organisms": null,
    "dosages": null,
    "atc-codes": null,
    "ahfs-codes": null,
    "pdb-entries": null,
    "patents": null,
    "food-interactions": null,
    "drug-interactions": null,
    "calculated-properties": {
        "property": [
            {
                "kind": "logP",
                "value": "5.25",
                "source": "ALOGPS"
            },
            {
                "kind": "logS",
                "value": "-5.4",
                "source": "ALOGPS"
            },
            {
                "kind": "Water Solubility",
                "value": "1.63e-03 g/l",
                "source": "ALOGPS"
            },
            {
                "kind": "logP",
                "value": "5",
                "source": "ChemAxon"
            },
            {
                "kind": "IUPAC Name",
                "value": "tert-butyl 4-({[(E)-[(1,3-dimethyl-5-phenoxy-1H-pyrazol-4-yl)methylidene]amino]oxy}methyl)benzoate",
                "source": "ChemAxon"
            },
            {
                "kind": "Traditional IUPAC Name",
                "value": "5-({4-[2-(3-methoxyphenyl)-2-oxoethoxy]phenyl}methyl)-1,3-thiazolidine-2,4-dione",
                "source": "ChemAxon"
            },
            {
                "kind": "Molecular Weight",
                "value": "421.497",
                "source": "ChemAxon"
            },
            {
                "kind": "Monoisotopic Weight",
                "value": "421.200156361",
                "source": "ChemAxon"
            },
            {
                "kind": "SMILES",
                "value": "CN1N=C(C)C(\\C=N\\OCC2=CC=C(C=C2)C(=O)OC(C)(C)C)=C1OC1=CC=CC=C1",
                "source": "ChemAxon"
            },
            {
                "kind": "Molecular Formula",
                "value": "C24H27N3O4",
                "source": "ChemAxon"
            },
            {
                "kind": "InChI",
                "value": "InChI=1S/C24H27N3O4/c1-17-21(22(27(5)26-17)30-20-9-7-6-8-10-20)15-25-29-16-18-11-13-19(14-12-18)23(28)31-24(2,3)4/h6-15H,16H2,1-5H3/b25-15+",
                "source": "ChemAxon"
            },
            {
                "kind": "InChIKey",
                "value": "YYJNOYZRYGDPNH-MFKUBSTISA-N",
                "source": "ChemAxon"
            },
            {
                "kind": "Polar Surface Area (PSA)",
                "value": "74.94",
                "source": "ChemAxon"
            },
            {
                "kind": "Refractivity",
                "value": "130.38",
                "source": "ChemAxon"
            },
            {
                "kind": "Polarizability",
                "value": "46.94",
                "source": "ChemAxon"
            },
            {
                "kind": "Rotatable Bond Count",
                "value": "9",
                "source": "ChemAxon"
            },
            {
                "kind": "H Bond Acceptor Count",
                "value": "4",
                "source": "ChemAxon"
            },
            {
                "kind": "H Bond Donor Count",
                "value": "0",
                "source": "ChemAxon"
            },
            {
                "kind": "pKa (strongest basic)",
                "value": "2.57",
                "source": "ChemAxon"
            },
            {
                "kind": "Physiological Charge",
                "value": "0",
                "source": "ChemAxon"
            },
            {
                "kind": "Number of Rings",
                "value": "3",
                "source": "ChemAxon"
            },
            {
                "kind": "Bioavailability",
                "value": "1",
                "source": "ChemAxon"
            },
            {
                "kind": "Rule of Five",
                "value": "0",
                "source": "ChemAxon"
            },
            {
                "kind": "Ghose Filter",
                "value": "0",
                "source": "ChemAxon"
            },
            {
                "kind": "MDDR-Like Rule",
                "value": "1",
                "source": "ChemAxon"
            }
        ]
    },
    "experimental-properties": null,
    "external-identifiers": {
        "external-identifier": [
            {
                "resource": "ChEBI",
                "identifier": "5011"
            },
            {
                "resource": "KEGG Compound",
                "identifier": "C11098"
            },
            {
                "resource": "ChemSpider",
                "identifier": "7850857"
            },
            {
                "resource": "ChEMBL",
                "identifier": "CHEMBL365100"
            },
            {
                "resource": "ZINC",
                "identifier": "ZINC000001532155"
            }
        ]
    },
    "external-links": null,
    "pathways": null,
    "reactions": null,
    "snp-effects": null,
    "snp-adverse-drug-reactions": null,
    "targets": null,
    "enzymes": null,
    "carriers": null,
    "transporters": null
}