{
    "type": "biotech",
    "created": "2021-03-21",
    "updated": "2021-03-26",
    "drugbank-id": [
        {
            "primary": true,
            "value": "DB16647"
        }
    ],
    "name": "Donanemab",
    "description": "Donanemab (LY3002813) is a humanized IgG1 monoclonal antibody targeted against an epitope at the  N-terminal of a specific type of amyloid beta (Aβ) - pyroglutamate Aβ - which is found only in the brain amyloid plaques associated with Alzheimer's Disease (AD).[A232214] It works by inducing microglial-mediated clearance of existing Aβ plaques with the intent of slowing the progressive decline in cognitive function associated with AD. \r\n\r\nA phase II study conducted by Eli Lilly and published in March 2021 (TRAILBLAZER-ALZ[L32724]), which looked at 257 patients with early symptomatic AD, found that patients receiving donanemab experienced a roughly 30% slower progression in AD as measured by a disease rating scale (iADRS[A232239]), although results for secondary endpoints were mixed.[A232234,L32719]\r\n\r\nIn March 2021, Eli Lilly announced an expanded trial, named TRAILBLAZER-ALZ 2, which will seek to confirm the results of the first trial with an expanded patient population in order to address some of the deficiencies of the original.[L32714]",
    "cas-number": "1931944-80-7",
    "unii": "1ADB65P1KK",
    "groups": {
        "group": [
            "investigational"
        ]
    },
    "general-references": {
        "articles": {
            "article": [
                {
                    "ref-id": "A232214",
                    "pubmed-id": "33614890",
                    "citation": "Lowe SL, Willis BA, Hawdon A, Natanegara F, Chua L, Foster J, Shcherbinin S, Ardayfio P, Sims JR: Donanemab (LY3002813) dose-escalation study in Alzheimer's disease. Alzheimers Dement (N Y). 2021 Feb 14;7(1):e12112. doi: 10.1002/trc2.12112. eCollection 2021."
                },
                {
                    "ref-id": "A232229",
                    "pubmed-id": "16254429",
                    "citation": "Lynch CA, Walsh C, Blanco A, Moran M, Coen RF, Walsh JB, Lawlor BA: The clinical dementia rating sum of box score in mild dementia. Dement Geriatr Cogn Disord. 2006;21(1):40-3. doi: 10.1159/000089218. Epub 2005 Oct 25."
                },
                {
                    "ref-id": "A232234",
                    "pubmed-id": "33720637",
                    "citation": "Mintun MA, Lo AC, Duggan Evans C, Wessels AM, Ardayfio PA, Andersen SW, Shcherbinin S, Sparks J, Sims JR, Brys M, Apostolova LG, Salloway SP, Skovronsky DM: Donanemab in Early Alzheimer's Disease. N Engl J Med. 2021 Mar 13. doi: 10.1056/NEJMoa2100708."
                },
                {
                    "ref-id": "A232239",
                    "pubmed-id": "29616706",
                    "citation": "Wessels AM, Andersen SW, Dowsett SA, Siemers ER: The Integrated Alzheimer's Disease Rating Scale (iADRS) Findings from the EXPEDITION3 Trial. J Prev Alzheimers Dis. 2018;5(2):134-136. doi: 10.14283/jpad.2018.10."
                }
            ]
        },
        "textbooks": null,
        "links": {
            "link": [
                {
                    "ref-id": "L32714",
                    "title": "BioPharma Dive: Lilly lays out 2-year plan to gain approval for Alzheimer's drug",
                    "url": "https://www.biopharmadive.com/news/lilly-alzheimer-drug-donanemab-phase-3-trial/596729/"
                },
                {
                    "ref-id": "L32719",
                    "title": "BioPharma Dive: Detailed Lilly data give mixed picture of Alzheimer's drug's benefit",
                    "url": "https://www.biopharmadive.com/news/lilly-alzheimers-donanemab-nejm-data/596659/"
                },
                {
                    "ref-id": "L32724",
                    "title": "NCT03367403: A Study of LY3002813 in Participants With Early Symptomatic Alzheimer's Disease (TRAILBLAZER-ALZ)",
                    "url": "https://www.clinicaltrials.gov/ct2/show/NCT03367403"
                }
            ]
        },
        "attachments": null
    },
    "synthesis-reference": null,
    "indication": null,
    "pharmacodynamics": null,
    "mechanism-of-action": "Donanemab is presumed to exert its therapeutic effects by clearing amyloid beta (Aβ) plaques in the brain, though a clear link between plaque reductions and clinical outcomes was not observed in initial trials.[L32719] Donanemab is a monoclonal antibody targeted against a specific epitope on a form of post-translationally modified Aβ plaque seen only in the brains of patients with Alzheimer's Disease, namely the N-terminus of pyroglutamate Aβ - after binding, donanemab induces microglial-mediated clearance of these plaques.[A232214]",
    "toxicity": null,
    "metabolism": null,
    "absorption": null,
    "half-life": null,
    "protein-binding": null,
    "route-of-elimination": null,
    "volume-of-distribution": null,
    "clearance": null,
    "classification": {
        "description": null,
        "direct-parent": "Peptides",
        "kingdom": "Organic Compounds",
        "superclass": "Organic Acids",
        "class": "Carboxylic Acids and Derivatives",
        "subclass": "Amino Acids, Peptides, and Analogues"
    },
    "salts": null,
    "synonyms": {
        "synonym": [
            {
                "language": "english",
                "coder": "inn/usan",
                "value": "Donanemab"
            }
        ]
    },
    "products": null,
    "international-brands": null,
    "mixtures": null,
    "packagers": null,
    "manufacturers": null,
    "prices": null,
    "categories": {
        "category": [
            {
                "category": "Alzheimer Disease, drug therapy",
                "mesh-id": null
            }
        ]
    },
    "affected-organisms": null,
    "dosages": null,
    "atc-codes": null,
    "ahfs-codes": null,
    "pdb-entries": null,
    "patents": null,
    "food-interactions": null,
    "drug-interactions": null,
    "sequences": null,
    "experimental-properties": null,
    "external-identifiers": {
        "external-identifier": [
            {
                "resource": "Wikipedia",
                "identifier": "Donanemab"
            }
        ]
    },
    "external-links": null,
    "pathways": null,
    "reactions": null,
    "snp-effects": null,
    "snp-adverse-drug-reactions": null,
    "targets": null,
    "enzymes": null,
    "carriers": null,
    "transporters": null
}