{
    "type": "small molecule",
    "created": "2021-01-21",
    "updated": "2021-04-07",
    "drugbank-id": [
        {
            "primary": true,
            "value": "DB16476"
        }
    ],
    "name": "Carrimycin",
    "description": null,
    "cas-number": null,
    "unii": "K5E0V85NB9",
    "groups": {
        "group": [
            "investigational"
        ]
    },
    "general-references": {
        "articles": {
            "article": [
                {
                    "ref-id": "A227295",
                    "pubmed-id": "32514689",
                    "citation": "Lima WG, Brito JCM, Overhage J, Nizer WSDC: The potential of drug repositioning as a short-term strategy for the control and treatment of COVID-19 (SARS-CoV-2): a systematic review. Arch Virol. 2020 Aug;165(8):1729-1737. doi: 10.1007/s00705-020-04693-5. Epub 2020 Jun 8."
                },
                {
                    "ref-id": "A227300",
                    "pubmed-id": "32256547",
                    "citation": "Rosa SGV, Santos WC: Clinical trials on drug repositioning for COVID-19 treatment. Rev Panam Salud Publica. 2020 Mar 20;44:e40. doi: 10.26633/RPSP.2020.40. eCollection 2020."
                }
            ]
        },
        "textbooks": null,
        "links": {
            "link": [
                {
                    "ref-id": "L30865",
                    "title": "External Link",
                    "url": "https://patents.google.com/patent/CA3010020A1/en"
                }
            ]
        },
        "attachments": null
    },
    "synthesis-reference": null,
    "indication": null,
    "pharmacodynamics": null,
    "mechanism-of-action": "Carrimycin is used in clinical trials to determine anti-SARS-CoV-2 activity. Its actions involve inhibiting protein synthesis through binding to the ribosome of bacteria.",
    "toxicity": null,
    "metabolism": null,
    "absorption": null,
    "half-life": null,
    "protein-binding": null,
    "route-of-elimination": null,
    "volume-of-distribution": null,
    "clearance": null,
    "salts": null,
    "synonyms": {
        "synonym": [
            {
                "language": "english",
                "coder": "",
                "value": "4''-Isovalerylspiramycin"
            },
            {
                "language": "english",
                "coder": "",
                "value": "Carrimycin"
            }
        ]
    },
    "products": null,
    "international-brands": null,
    "mixtures": null,
    "packagers": null,
    "manufacturers": null,
    "prices": null,
    "categories": {
        "category": [
            {
                "category": "Anti-Bacterial Agents",
                "mesh-id": "D000900"
            },
            {
                "category": "Experimental Unapproved Treatments for COVID-19",
                "mesh-id": null
            },
            {
                "category": "Lactones",
                "mesh-id": "D007783"
            },
            {
                "category": "Leucomycins",
                "mesh-id": "D007933"
            },
            {
                "category": "Macrolides",
                "mesh-id": "D018942"
            },
            {
                "category": "Polyketides",
                "mesh-id": "D061065"
            }
        ]
    },
    "affected-organisms": null,
    "dosages": null,
    "atc-codes": null,
    "ahfs-codes": null,
    "pdb-entries": null,
    "patents": null,
    "food-interactions": null,
    "drug-interactions": null,
    "calculated-properties": null,
    "experimental-properties": null,
    "external-identifiers": null,
    "external-links": null,
    "pathways": null,
    "reactions": null,
    "snp-effects": null,
    "snp-adverse-drug-reactions": null,
    "targets": null,
    "enzymes": null,
    "carriers": null,
    "transporters": null
}