{
    "type": "biotech",
    "created": "2020-12-15",
    "updated": "2021-02-21",
    "drugbank-id": [
        {
            "primary": true,
            "value": "DB16128"
        }
    ],
    "name": "Crovalimab",
    "description": "Crovalimab is under investigation in clinical trial NCT03157635 (Study to Assess Safety, Efficacy, Pharmacokinetics, and Pharmacodynamics of Crovalimab in Healthy Volunteers and Participants With Paroxysmal Nocturnal Hemoglobinuria).",
    "cas-number": "1917321-26-6",
    "unii": "H9KH1GP3UU",
    "groups": {
        "group": [
            "investigational"
        ]
    },
    "general-references": {
        "articles": null,
        "textbooks": null,
        "links": null,
        "attachments": null
    },
    "synthesis-reference": null,
    "indication": null,
    "pharmacodynamics": null,
    "mechanism-of-action": null,
    "toxicity": null,
    "metabolism": null,
    "absorption": null,
    "half-life": null,
    "protein-binding": null,
    "route-of-elimination": null,
    "volume-of-distribution": null,
    "clearance": null,
    "salts": null,
    "synonyms": {
        "synonym": [
            {
                "language": "english",
                "coder": "",
                "value": "Complement c5 inhibitory humanized recycling monoclonal antibody (rg-6107 )"
            },
            {
                "language": "english",
                "coder": "inn/usan",
                "value": "Crovalimab"
            },
            {
                "language": "english",
                "coder": "",
                "value": "Immunoglobulin g1, anti-(human complement c5)(humanized ro7112689 heavy chain), disulfide with humanized ro7112689 light chain, dimer"
            }
        ]
    },
    "products": null,
    "international-brands": null,
    "mixtures": null,
    "packagers": null,
    "manufacturers": null,
    "prices": null,
    "categories": null,
    "affected-organisms": null,
    "dosages": null,
    "atc-codes": null,
    "ahfs-codes": null,
    "pdb-entries": null,
    "patents": null,
    "food-interactions": null,
    "drug-interactions": null,
    "sequences": null,
    "experimental-properties": null,
    "external-identifiers": null,
    "external-links": null,
    "pathways": null,
    "reactions": null,
    "snp-effects": null,
    "snp-adverse-drug-reactions": null,
    "targets": null,
    "enzymes": null,
    "carriers": null,
    "transporters": null
}