{
    "type": "biotech",
    "created": "2020-12-31",
    "updated": "2021-01-01",
    "drugbank-id": [
        {
            "primary": true,
            "value": "DB16424"
        }
    ],
    "name": "Allocetra",
    "description": "Allocetra is a novel therapy where billions of early apoptotic cells are infused into the bloodstream of a patient, using the body's own natural regulation mechanisms to rebalance an unbalanced immune system without immune system suppression. With infusion, the body's macrophages and dendritic cells can feed on these early apoptotic Allocetra cells and thus result in the macrophages and dendritic cells releasing fewer cytokine alert signals so that the immune system is rebalanced back to normal -- averting a cytokine storm. This drug is currently being investigated against organ failure associated with sepsis, organ failure associated with COVID-19, post-bone marrow transplantation complications, and solid tumors.",
    "cas-number": null,
    "unii": null,
    "groups": {
        "group": [
            "investigational"
        ]
    },
    "general-references": {
        "articles": null,
        "textbooks": null,
        "links": {
            "link": [
                {
                    "ref-id": "L28655",
                    "title": "Enlivex: Allocetra™ Immune rebalancing",
                    "url": "https://www.enlivex.com/allocetra/"
                },
                {
                    "ref-id": "L28660",
                    "title": "Enlivex: Pipeline: Lifesaving, immunomodulating cell therapies",
                    "url": "https://www.enlivex.com/pipeline/"
                }
            ]
        },
        "attachments": null
    },
    "synthesis-reference": null,
    "indication": null,
    "pharmacodynamics": null,
    "mechanism-of-action": null,
    "toxicity": null,
    "metabolism": null,
    "absorption": null,
    "half-life": null,
    "protein-binding": null,
    "route-of-elimination": null,
    "volume-of-distribution": null,
    "clearance": null,
    "salts": null,
    "synonyms": null,
    "products": null,
    "international-brands": null,
    "mixtures": null,
    "packagers": null,
    "manufacturers": null,
    "prices": null,
    "categories": null,
    "affected-organisms": null,
    "dosages": null,
    "atc-codes": null,
    "ahfs-codes": null,
    "pdb-entries": null,
    "patents": null,
    "food-interactions": null,
    "drug-interactions": null,
    "sequences": null,
    "experimental-properties": null,
    "external-identifiers": null,
    "external-links": null,
    "pathways": null,
    "reactions": null,
    "snp-effects": null,
    "snp-adverse-drug-reactions": null,
    "targets": null,
    "enzymes": null,
    "carriers": null,
    "transporters": null
}