{
    "type": "small molecule",
    "created": "2020-12-15",
    "updated": "2021-02-21",
    "drugbank-id": [
        {
            "primary": true,
            "value": "DB16097"
        }
    ],
    "name": "Artemisone",
    "description": "Artemisone is under investigation in clinical trial NCT00936767 (Artemisone for the Treatment of Uncomplicated Falciparum Malaria in Western Cambodia).",
    "cas-number": "255730-18-8",
    "unii": "796LMW5BUZ",
    "average-mass": 401.52,
    "monoisotopic-mass": 401.187208896,
    "groups": {
        "group": [
            "investigational"
        ]
    },
    "general-references": {
        "articles": null,
        "textbooks": null,
        "links": null,
        "attachments": null
    },
    "synthesis-reference": null,
    "indication": null,
    "pharmacodynamics": null,
    "mechanism-of-action": null,
    "toxicity": null,
    "metabolism": null,
    "absorption": null,
    "half-life": null,
    "protein-binding": null,
    "route-of-elimination": null,
    "volume-of-distribution": null,
    "clearance": null,
    "salts": null,
    "synonyms": {
        "synonym": [
            {
                "language": "english",
                "coder": "",
                "value": "Artemifone"
            },
            {
                "language": "english",
                "coder": "inn",
                "value": "Artemisone"
            }
        ]
    },
    "products": null,
    "international-brands": null,
    "mixtures": null,
    "packagers": null,
    "manufacturers": null,
    "prices": null,
    "categories": {
        "category": [
            {
                "category": "Free Radicals",
                "mesh-id": "D005609"
            },
            {
                "category": "Peroxides",
                "mesh-id": "D010545"
            },
            {
                "category": "Sesquiterpenes",
                "mesh-id": "D012717"
            },
            {
                "category": "Terpenes",
                "mesh-id": "D013729"
            }
        ]
    },
    "affected-organisms": null,
    "dosages": null,
    "atc-codes": null,
    "ahfs-codes": null,
    "pdb-entries": null,
    "patents": null,
    "food-interactions": null,
    "drug-interactions": null,
    "calculated-properties": {
        "property": [
            {
                "kind": "logP",
                "value": "1.82",
                "source": "ALOGPS"
            },
            {
                "kind": "logS",
                "value": "-2.6",
                "source": "ALOGPS"
            },
            {
                "kind": "Water Solubility",
                "value": "1.01e+00 g/l",
                "source": "ALOGPS"
            },
            {
                "kind": "logP",
                "value": "2.21",
                "source": "ChemAxon"
            },
            {
                "kind": "IUPAC Name",
                "value": "4-[(1R,4S,5R,8S,9R,10R,12R,13R)-1,5,9-trimethyl-11,14,15,16-tetraoxatetracyclo[10.3.1.0^{4,13}.0^{8,13}]hexadecan-10-yl]-1lambda6-thiomorpholine-1,1-dione",
                "source": "ChemAxon"
            },
            {
                "kind": "Traditional IUPAC Name",
                "value": "5-({4-[2-(3-methoxyphenyl)-2-oxoethoxy]phenyl}methyl)-1,3-thiazolidine-2,4-dione",
                "source": "ChemAxon"
            },
            {
                "kind": "Molecular Weight",
                "value": "401.52",
                "source": "ChemAxon"
            },
            {
                "kind": "Monoisotopic Weight",
                "value": "401.187208896",
                "source": "ChemAxon"
            },
            {
                "kind": "SMILES",
                "value": "[H][C@@]12CC[C@@H](C)[C@]3([H])CC[C@@]4(C)OO[C@@]13[C@]([H])(O[C@H]([C@@H]2C)N1CCS(=O)(=O)CC1)O4",
                "source": "ChemAxon"
            },
            {
                "kind": "Molecular Formula",
                "value": "C19H31NO6S",
                "source": "ChemAxon"
            },
            {
                "kind": "InChI",
                "value": "InChI=1S/C19H31NO6S/c1-12-4-5-15-13(2)16(20-8-10-27(21,22)11-9-20)23-17-19(15)14(12)6-7-18(3,24-17)25-26-19/h12-17H,4-11H2,1-3H3/t12-,13-,14+,15+,16-,17-,18-,19-/m1/s1",
                "source": "ChemAxon"
            },
            {
                "kind": "InChIKey",
                "value": "FDMUNKXWYMSZIR-NQWKWHCYSA-N",
                "source": "ChemAxon"
            },
            {
                "kind": "Polar Surface Area (PSA)",
                "value": "74.3",
                "source": "ChemAxon"
            },
            {
                "kind": "Refractivity",
                "value": "97.24",
                "source": "ChemAxon"
            },
            {
                "kind": "Polarizability",
                "value": "42.25",
                "source": "ChemAxon"
            },
            {
                "kind": "Rotatable Bond Count",
                "value": "1",
                "source": "ChemAxon"
            },
            {
                "kind": "H Bond Acceptor Count",
                "value": "7",
                "source": "ChemAxon"
            },
            {
                "kind": "H Bond Donor Count",
                "value": "0",
                "source": "ChemAxon"
            },
            {
                "kind": "pKa (strongest basic)",
                "value": "2.06",
                "source": "ChemAxon"
            },
            {
                "kind": "Physiological Charge",
                "value": "0",
                "source": "ChemAxon"
            },
            {
                "kind": "Number of Rings",
                "value": "5",
                "source": "ChemAxon"
            },
            {
                "kind": "Bioavailability",
                "value": "1",
                "source": "ChemAxon"
            },
            {
                "kind": "Rule of Five",
                "value": "1",
                "source": "ChemAxon"
            },
            {
                "kind": "Ghose Filter",
                "value": "1",
                "source": "ChemAxon"
            },
            {
                "kind": "MDDR-Like Rule",
                "value": "0",
                "source": "ChemAxon"
            }
        ]
    },
    "experimental-properties": null,
    "external-identifiers": {
        "external-identifier": [
            {
                "resource": "ChemSpider",
                "identifier": "9706240"
            },
            {
                "resource": "ChEMBL",
                "identifier": "CHEMBL516268"
            },
            {
                "resource": "ZINC",
                "identifier": "ZINC000072267010"
            }
        ]
    },
    "external-links": null,
    "pathways": null,
    "reactions": null,
    "snp-effects": null,
    "snp-adverse-drug-reactions": null,
    "targets": null,
    "enzymes": null,
    "carriers": null,
    "transporters": null
}