{
    "type": "small molecule",
    "created": "2021-02-16",
    "updated": "2021-05-22",
    "drugbank-id": [
        {
            "primary": true,
            "value": "DB16608"
        }
    ],
    "name": "Sodium perchlorate",
    "description": null,
    "cas-number": "7601-89-0",
    "unii": "97F4MTY3VA",
    "average-mass": 122.44,
    "monoisotopic-mass": 121.9382805,
    "groups": {
        "group": [
            "experimental"
        ]
    },
    "general-references": {
        "articles": null,
        "textbooks": null,
        "links": {
            "link": [
                {
                    "ref-id": "L33514",
                    "title": "BASG: Irenat - Tropfen (Sodium Perchlorate) Oral Solution",
                    "url": "https://aspregister.basg.gv.at/document/servlet?action=show&zulnr=10510&type=DOTC_FACH_INFO"
                }
            ]
        },
        "attachments": null
    },
    "synthesis-reference": null,
    "indication": null,
    "pharmacodynamics": null,
    "mechanism-of-action": null,
    "toxicity": null,
    "metabolism": null,
    "absorption": null,
    "half-life": null,
    "protein-binding": null,
    "route-of-elimination": null,
    "volume-of-distribution": null,
    "clearance": null,
    "salts": null,
    "synonyms": {
        "synonym": [
            {
                "language": "dutch",
                "coder": "",
                "value": "Natriumperchloraat"
            },
            {
                "language": "german",
                "coder": "",
                "value": "Natriumperchlorat"
            },
            {
                "language": "french",
                "coder": "",
                "value": "Perchlorate de sodium"
            },
            {
                "language": "english",
                "coder": "",
                "value": "Perchloric acid, sodium salt"
            }
        ]
    },
    "products": null,
    "international-brands": {
        "international-brand": [
            {
                "name": "Irenat",
                "company": null
            }
        ]
    },
    "mixtures": null,
    "packagers": null,
    "manufacturers": null,
    "prices": null,
    "categories": {
        "category": [
            {
                "category": "Acids",
                "mesh-id": "D000143"
            },
            {
                "category": "Acids, Noncarboxylic",
                "mesh-id": "D000148"
            },
            {
                "category": "Chlorine Compounds",
                "mesh-id": "D017606"
            }
        ]
    },
    "affected-organisms": null,
    "dosages": {
        "dosage": [
            {
                "form": "Solution / drops",
                "route": "Oral",
                "strength": "300 mg/ml"
            }
        ]
    },
    "atc-codes": null,
    "ahfs-codes": null,
    "pdb-entries": null,
    "patents": null,
    "food-interactions": null,
    "drug-interactions": null,
    "calculated-properties": {
        "property": [
            {
                "kind": "logP",
                "value": "-0.95",
                "source": "ALOGPS"
            },
            {
                "kind": "logS",
                "value": "-0.46",
                "source": "ALOGPS"
            },
            {
                "kind": "Water Solubility",
                "value": "4.21e+01 g/l",
                "source": "ALOGPS"
            },
            {
                "kind": "logP",
                "value": "-0.098",
                "source": "ChemAxon"
            },
            {
                "kind": "IUPAC Name",
                "value": "sodium perchlorate",
                "source": "ChemAxon"
            },
            {
                "kind": "Traditional IUPAC Name",
                "value": "adiphenine",
                "source": "ChemAxon"
            },
            {
                "kind": "Molecular Weight",
                "value": "122.44",
                "source": "ChemAxon"
            },
            {
                "kind": "Monoisotopic Weight",
                "value": "121.9382805",
                "source": "ChemAxon"
            },
            {
                "kind": "SMILES",
                "value": "[Na+].[O-][Cl](=O)(=O)=O",
                "source": "ChemAxon"
            },
            {
                "kind": "Molecular Formula",
                "value": "ClNaO4",
                "source": "ChemAxon"
            },
            {
                "kind": "InChI",
                "value": "InChI=1S/ClHO4.Na/c2-1(3,4)5;/h(H,2,3,4,5);/q;+1/p-1",
                "source": "ChemAxon"
            },
            {
                "kind": "InChIKey",
                "value": "BAZAXWOYCMUHIX-UHFFFAOYSA-M",
                "source": "ChemAxon"
            },
            {
                "kind": "Polar Surface Area (PSA)",
                "value": "74.27",
                "source": "ChemAxon"
            },
            {
                "kind": "Refractivity",
                "value": "11.91",
                "source": "ChemAxon"
            },
            {
                "kind": "Polarizability",
                "value": "5.23",
                "source": "ChemAxon"
            },
            {
                "kind": "Rotatable Bond Count",
                "value": "0",
                "source": "ChemAxon"
            },
            {
                "kind": "H Bond Acceptor Count",
                "value": "4",
                "source": "ChemAxon"
            },
            {
                "kind": "H Bond Donor Count",
                "value": "0",
                "source": "ChemAxon"
            },
            {
                "kind": "pKa (strongest acidic)",
                "value": "-7.1",
                "source": "ChemAxon"
            },
            {
                "kind": "Physiological Charge",
                "value": "-1",
                "source": "ChemAxon"
            },
            {
                "kind": "Number of Rings",
                "value": "0",
                "source": "ChemAxon"
            },
            {
                "kind": "Bioavailability",
                "value": "1",
                "source": "ChemAxon"
            },
            {
                "kind": "Rule of Five",
                "value": "1",
                "source": "ChemAxon"
            },
            {
                "kind": "Ghose Filter",
                "value": "0",
                "source": "ChemAxon"
            },
            {
                "kind": "MDDR-Like Rule",
                "value": "0",
                "source": "ChemAxon"
            }
        ]
    },
    "experimental-properties": null,
    "external-identifiers": {
        "external-identifier": [
            {
                "resource": "ChEBI",
                "identifier": "132103"
            },
            {
                "resource": "ChemSpider",
                "identifier": "22668"
            },
            {
                "resource": "BindingDB",
                "identifier": "50102097"
            },
            {
                "resource": "Wikipedia",
                "identifier": "Sodium_perchlorate"
            },
            {
                "resource": "ChEMBL",
                "identifier": "CHEMBL1644700"
            }
        ]
    },
    "external-links": null,
    "pathways": null,
    "reactions": null,
    "snp-effects": null,
    "snp-adverse-drug-reactions": null,
    "targets": null,
    "enzymes": null,
    "carriers": null,
    "transporters": null
}