{
    "type": "small molecule",
    "created": "2020-12-15",
    "updated": "2020-12-20",
    "drugbank-id": [
        {
            "primary": true,
            "value": "DB16177"
        }
    ],
    "name": "ABH001",
    "description": "ABH001 is under investigation in clinical trial NCT01749306 (A Study of the Efficacy and Safety of ABH001 in the Treatment of Patients With Epidermolysis Bullosa Who Have Wounds That Are Not Healing).",
    "cas-number": "502-97-6",
    "unii": "YRZ676PGU6",
    "average-mass": 116.072,
    "monoisotopic-mass": 116.010958609,
    "groups": {
        "group": [
            "investigational"
        ]
    },
    "general-references": {
        "articles": null,
        "textbooks": null,
        "links": null,
        "attachments": null
    },
    "synthesis-reference": null,
    "indication": null,
    "pharmacodynamics": null,
    "mechanism-of-action": null,
    "toxicity": null,
    "metabolism": null,
    "absorption": null,
    "half-life": null,
    "protein-binding": null,
    "route-of-elimination": null,
    "volume-of-distribution": null,
    "clearance": null,
    "salts": null,
    "synonyms": {
        "synonym": [
            {
                "language": "english",
                "coder": "",
                "value": "Glycolide"
            }
        ]
    },
    "products": null,
    "international-brands": null,
    "mixtures": null,
    "packagers": null,
    "manufacturers": null,
    "prices": null,
    "categories": null,
    "affected-organisms": null,
    "dosages": null,
    "atc-codes": null,
    "ahfs-codes": null,
    "pdb-entries": null,
    "patents": null,
    "food-interactions": null,
    "drug-interactions": null,
    "calculated-properties": {
        "property": [
            {
                "kind": "logP",
                "value": "-0.67",
                "source": "ALOGPS"
            },
            {
                "kind": "logS",
                "value": "0.69",
                "source": "ALOGPS"
            },
            {
                "kind": "Water Solubility",
                "value": "5.68e+02 g/l",
                "source": "ALOGPS"
            },
            {
                "kind": "logP",
                "value": "-0.75",
                "source": "ChemAxon"
            },
            {
                "kind": "IUPAC Name",
                "value": "1,4-dioxane-2,5-dione",
                "source": "ChemAxon"
            },
            {
                "kind": "Traditional IUPAC Name",
                "value": "2-methoxy-4-[(1E)-3-[4-(nitrooxy)butoxy]-3-oxoprop-1-en-1-yl]phenyl (4R)-4-[(1R,3aS,3bR,4S,5aS,7R,9aS,9bS,11aR)-4,7-dihydroxy-9a,11a-dimethyl-tetradecahydro-1H-cyclopenta[a]phenanthren-1-yl]pentanoate",
                "source": "ChemAxon"
            },
            {
                "kind": "Molecular Weight",
                "value": "116.072",
                "source": "ChemAxon"
            },
            {
                "kind": "Monoisotopic Weight",
                "value": "116.010958609",
                "source": "ChemAxon"
            },
            {
                "kind": "SMILES",
                "value": "O=C1COC(=O)CO1",
                "source": "ChemAxon"
            },
            {
                "kind": "Molecular Formula",
                "value": "C4H4O4",
                "source": "ChemAxon"
            },
            {
                "kind": "InChI",
                "value": "InChI=1S/C4H4O4/c5-3-1-7-4(6)2-8-3/h1-2H2",
                "source": "ChemAxon"
            },
            {
                "kind": "InChIKey",
                "value": "RKDVKSZUMVYZHH-UHFFFAOYSA-N",
                "source": "ChemAxon"
            },
            {
                "kind": "Polar Surface Area (PSA)",
                "value": "52.6",
                "source": "ChemAxon"
            },
            {
                "kind": "Refractivity",
                "value": "21.71",
                "source": "ChemAxon"
            },
            {
                "kind": "Polarizability",
                "value": "9.19",
                "source": "ChemAxon"
            },
            {
                "kind": "Rotatable Bond Count",
                "value": "0",
                "source": "ChemAxon"
            },
            {
                "kind": "H Bond Acceptor Count",
                "value": "2",
                "source": "ChemAxon"
            },
            {
                "kind": "H Bond Donor Count",
                "value": "0",
                "source": "ChemAxon"
            },
            {
                "kind": "pKa (strongest basic)",
                "value": "-7.1",
                "source": "ChemAxon"
            },
            {
                "kind": "Physiological Charge",
                "value": "0",
                "source": "ChemAxon"
            },
            {
                "kind": "Number of Rings",
                "value": "1",
                "source": "ChemAxon"
            },
            {
                "kind": "Bioavailability",
                "value": "1",
                "source": "ChemAxon"
            },
            {
                "kind": "Rule of Five",
                "value": "1",
                "source": "ChemAxon"
            },
            {
                "kind": "Ghose Filter",
                "value": "0",
                "source": "ChemAxon"
            },
            {
                "kind": "MDDR-Like Rule",
                "value": "0",
                "source": "ChemAxon"
            }
        ]
    },
    "experimental-properties": null,
    "external-identifiers": {
        "external-identifier": [
            {
                "resource": "ChemSpider",
                "identifier": "58895"
            },
            {
                "resource": "ZINC",
                "identifier": "ZINC000004284649"
            },
            {
                "resource": "RxCUI",
                "identifier": "1540882"
            }
        ]
    },
    "external-links": null,
    "pathways": null,
    "reactions": null,
    "snp-effects": null,
    "snp-adverse-drug-reactions": null,
    "targets": null,
    "enzymes": null,
    "carriers": null,
    "transporters": null
}