{
    "type": "small molecule",
    "created": "2020-12-15",
    "updated": "2021-02-21",
    "drugbank-id": [
        {
            "primary": true,
            "value": "DB16239"
        }
    ],
    "name": "Molibresib",
    "description": "Molibresib is under investigation in clinical trial NCT01943851 (A Dose Escalation Study to Investigate the Safety, Pharmacokinetics (PK), Pharmacodynamics (PD) and Clinical Activity of GSK525762 in Subjects With Relapsed, Refractory Hematologic Malignancies).",
    "cas-number": "1260907-17-2",
    "unii": "5QIO6SRZ2R",
    "average-mass": 423.9,
    "monoisotopic-mass": 423.1462027,
    "groups": {
        "group": [
            "investigational"
        ]
    },
    "general-references": {
        "articles": null,
        "textbooks": null,
        "links": null,
        "attachments": null
    },
    "synthesis-reference": null,
    "indication": null,
    "pharmacodynamics": null,
    "mechanism-of-action": null,
    "toxicity": null,
    "metabolism": null,
    "absorption": null,
    "half-life": null,
    "protein-binding": null,
    "route-of-elimination": null,
    "volume-of-distribution": null,
    "clearance": null,
    "salts": null,
    "synonyms": {
        "synonym": [
            {
                "language": "english",
                "coder": "",
                "value": "Bet inhibitor gsk525762"
            },
            {
                "language": "english",
                "coder": "inn/usan",
                "value": "Molibresib"
            }
        ]
    },
    "products": null,
    "international-brands": null,
    "mixtures": null,
    "packagers": null,
    "manufacturers": null,
    "prices": null,
    "categories": {
        "category": [
            {
                "category": "Benzazepines",
                "mesh-id": "D001552"
            },
            {
                "category": "Heterocyclic Compounds, Fused-Ring",
                "mesh-id": "D000072471"
            }
        ]
    },
    "affected-organisms": null,
    "dosages": null,
    "atc-codes": null,
    "ahfs-codes": null,
    "pdb-entries": {
        "pdb-entry": [
            "2yek",
            "3p5o",
            "5dfc",
            "7aqt"
        ]
    },
    "patents": null,
    "food-interactions": null,
    "drug-interactions": null,
    "calculated-properties": {
        "property": [
            {
                "kind": "logP",
                "value": "2.53",
                "source": "ALOGPS"
            },
            {
                "kind": "logS",
                "value": "-4.2",
                "source": "ALOGPS"
            },
            {
                "kind": "Water Solubility",
                "value": "2.70e-02 g/l",
                "source": "ALOGPS"
            },
            {
                "kind": "logP",
                "value": "2.57",
                "source": "ChemAxon"
            },
            {
                "kind": "IUPAC Name",
                "value": "2-[(7S)-9-(4-chlorophenyl)-12-methoxy-3-methyl-2,4,5,8-tetraazatricyclo[8.4.0.0^{2,6}]tetradeca-1(14),3,5,8,10,12-hexaen-7-yl]-N-ethylacetamide",
                "source": "ChemAxon"
            },
            {
                "kind": "Traditional IUPAC Name",
                "value": "5-({4-[2-(3-methoxyphenyl)-2-oxoethoxy]phenyl}methyl)-1,3-thiazolidine-2,4-dione",
                "source": "ChemAxon"
            },
            {
                "kind": "Molecular Weight",
                "value": "423.9",
                "source": "ChemAxon"
            },
            {
                "kind": "Monoisotopic Weight",
                "value": "423.1462027",
                "source": "ChemAxon"
            },
            {
                "kind": "SMILES",
                "value": "CCNC(=O)C[C@@H]1N=C(C2=CC=C(Cl)C=C2)C2=CC(OC)=CC=C2N2C(C)=NN=C12",
                "source": "ChemAxon"
            },
            {
                "kind": "Molecular Formula",
                "value": "C22H22ClN5O2",
                "source": "ChemAxon"
            },
            {
                "kind": "InChI",
                "value": "InChI=1S/C22H22ClN5O2/c1-4-24-20(29)12-18-22-27-26-13(2)28(22)19-10-9-16(30-3)11-17(19)21(25-18)14-5-7-15(23)8-6-14/h5-11,18H,4,12H2,1-3H3,(H,24,29)/t18-/m0/s1",
                "source": "ChemAxon"
            },
            {
                "kind": "InChIKey",
                "value": "AAAQFGUYHFJNHI-SFHVURJKSA-N",
                "source": "ChemAxon"
            },
            {
                "kind": "Polar Surface Area (PSA)",
                "value": "81.4",
                "source": "ChemAxon"
            },
            {
                "kind": "Refractivity",
                "value": "127.34",
                "source": "ChemAxon"
            },
            {
                "kind": "Polarizability",
                "value": "44.83",
                "source": "ChemAxon"
            },
            {
                "kind": "Rotatable Bond Count",
                "value": "5",
                "source": "ChemAxon"
            },
            {
                "kind": "H Bond Acceptor Count",
                "value": "5",
                "source": "ChemAxon"
            },
            {
                "kind": "H Bond Donor Count",
                "value": "1",
                "source": "ChemAxon"
            },
            {
                "kind": "pKa (strongest acidic)",
                "value": "14.93",
                "source": "ChemAxon"
            },
            {
                "kind": "pKa (strongest basic)",
                "value": "4.36",
                "source": "ChemAxon"
            },
            {
                "kind": "Physiological Charge",
                "value": "0",
                "source": "ChemAxon"
            },
            {
                "kind": "Number of Rings",
                "value": "4",
                "source": "ChemAxon"
            },
            {
                "kind": "Bioavailability",
                "value": "1",
                "source": "ChemAxon"
            },
            {
                "kind": "Rule of Five",
                "value": "1",
                "source": "ChemAxon"
            },
            {
                "kind": "Ghose Filter",
                "value": "1",
                "source": "ChemAxon"
            },
            {
                "kind": "MDDR-Like Rule",
                "value": "0",
                "source": "ChemAxon"
            }
        ]
    },
    "experimental-properties": null,
    "external-identifiers": {
        "external-identifier": [
            {
                "resource": "ChEBI",
                "identifier": "95082"
            },
            {
                "resource": "ChemSpider",
                "identifier": "25060117"
            },
            {
                "resource": "PDB",
                "identifier": "EAM"
            },
            {
                "resource": "ChEMBL",
                "identifier": "CHEMBL1232461"
            },
            {
                "resource": "ZINC",
                "identifier": "ZINC000058655571"
            }
        ]
    },
    "external-links": null,
    "pathways": null,
    "reactions": null,
    "snp-effects": null,
    "snp-adverse-drug-reactions": null,
    "targets": null,
    "enzymes": null,
    "carriers": null,
    "transporters": null
}