{
    "type": "small molecule",
    "created": "2020-12-15",
    "updated": "2020-12-20",
    "drugbank-id": [
        {
            "primary": true,
            "value": "DB16124"
        }
    ],
    "name": "Chiauranib",
    "description": "Chiauranib is under investigation in clinical trial NCT03974243 (Chiauranib in Combination With Chidamide in Patients With Relapsed/refractory Non-hodgkin's Lymphoma).",
    "cas-number": "1256349-48-0",
    "unii": "F40IRN5981",
    "average-mass": 435.483,
    "monoisotopic-mass": 435.158291548,
    "groups": {
        "group": [
            "investigational"
        ]
    },
    "general-references": {
        "articles": null,
        "textbooks": null,
        "links": null,
        "attachments": null
    },
    "synthesis-reference": null,
    "indication": null,
    "pharmacodynamics": null,
    "mechanism-of-action": null,
    "toxicity": null,
    "metabolism": null,
    "absorption": null,
    "half-life": null,
    "protein-binding": null,
    "route-of-elimination": null,
    "volume-of-distribution": null,
    "clearance": null,
    "salts": null,
    "synonyms": null,
    "products": null,
    "international-brands": null,
    "mixtures": null,
    "packagers": null,
    "manufacturers": null,
    "prices": null,
    "categories": {
        "category": [
            {
                "category": "Antineoplastic Agents",
                "mesh-id": "D000970"
            },
            {
                "category": "Enzyme Inhibitors",
                "mesh-id": "D004791"
            },
            {
                "category": "Heterocyclic Compounds, Fused-Ring",
                "mesh-id": "D000072471"
            },
            {
                "category": "Protein Kinase Inhibitors",
                "mesh-id": "D047428"
            }
        ]
    },
    "affected-organisms": null,
    "dosages": null,
    "atc-codes": null,
    "ahfs-codes": null,
    "pdb-entries": null,
    "patents": null,
    "food-interactions": null,
    "drug-interactions": null,
    "calculated-properties": {
        "property": [
            {
                "kind": "logP",
                "value": "4.82",
                "source": "ALOGPS"
            },
            {
                "kind": "logS",
                "value": "-6.1",
                "source": "ALOGPS"
            },
            {
                "kind": "Water Solubility",
                "value": "3.63e-04 g/l",
                "source": "ALOGPS"
            },
            {
                "kind": "logP",
                "value": "4.73",
                "source": "ChemAxon"
            },
            {
                "kind": "IUPAC Name",
                "value": "N-(2-aminophenyl)-6-[(7-methoxyquinolin-4-yl)oxy]naphthalene-1-carboxamide",
                "source": "ChemAxon"
            },
            {
                "kind": "Traditional IUPAC Name",
                "value": "2-methoxy-4-[(1E)-3-[4-(nitrooxy)butoxy]-3-oxoprop-1-en-1-yl]phenyl (4R)-4-[(1R,3aS,3bR,4S,5aS,7R,9aS,9bS,11aR)-4,7-dihydroxy-9a,11a-dimethyl-tetradecahydro-1H-cyclopenta[a]phenanthren-1-yl]pentanoate",
                "source": "ChemAxon"
            },
            {
                "kind": "Molecular Weight",
                "value": "435.483",
                "source": "ChemAxon"
            },
            {
                "kind": "Monoisotopic Weight",
                "value": "435.158291548",
                "source": "ChemAxon"
            },
            {
                "kind": "SMILES",
                "value": "COC1=CC=C2C(OC3=CC4=CC=CC(C(=O)NC5=CC=CC=C5N)=C4C=C3)=CC=NC2=C1",
                "source": "ChemAxon"
            },
            {
                "kind": "Molecular Formula",
                "value": "C27H21N3O3",
                "source": "ChemAxon"
            },
            {
                "kind": "InChI",
                "value": "InChI=1S/C27H21N3O3/c1-32-18-9-12-22-25(16-18)29-14-13-26(22)33-19-10-11-20-17(15-19)5-4-6-21(20)27(31)30-24-8-3-2-7-23(24)28/h2-16H,28H2,1H3,(H,30,31)",
                "source": "ChemAxon"
            },
            {
                "kind": "InChIKey",
                "value": "BRKWREZNORONDU-UHFFFAOYSA-N",
                "source": "ChemAxon"
            },
            {
                "kind": "Polar Surface Area (PSA)",
                "value": "86.47",
                "source": "ChemAxon"
            },
            {
                "kind": "Refractivity",
                "value": "129.37",
                "source": "ChemAxon"
            },
            {
                "kind": "Polarizability",
                "value": "46.52",
                "source": "ChemAxon"
            },
            {
                "kind": "Rotatable Bond Count",
                "value": "5",
                "source": "ChemAxon"
            },
            {
                "kind": "H Bond Acceptor Count",
                "value": "4",
                "source": "ChemAxon"
            },
            {
                "kind": "H Bond Donor Count",
                "value": "2",
                "source": "ChemAxon"
            },
            {
                "kind": "pKa (strongest acidic)",
                "value": "15.47",
                "source": "ChemAxon"
            },
            {
                "kind": "pKa (strongest basic)",
                "value": "5.69",
                "source": "ChemAxon"
            },
            {
                "kind": "Physiological Charge",
                "value": "0",
                "source": "ChemAxon"
            },
            {
                "kind": "Number of Rings",
                "value": "5",
                "source": "ChemAxon"
            },
            {
                "kind": "Bioavailability",
                "value": "1",
                "source": "ChemAxon"
            },
            {
                "kind": "Rule of Five",
                "value": "1",
                "source": "ChemAxon"
            },
            {
                "kind": "Ghose Filter",
                "value": "1",
                "source": "ChemAxon"
            },
            {
                "kind": "MDDR-Like Rule",
                "value": "0",
                "source": "ChemAxon"
            }
        ]
    },
    "experimental-properties": null,
    "external-identifiers": {
        "external-identifier": [
            {
                "resource": "ChemSpider",
                "identifier": "81367270"
            }
        ]
    },
    "external-links": null,
    "pathways": null,
    "reactions": null,
    "snp-effects": null,
    "snp-adverse-drug-reactions": null,
    "targets": null,
    "enzymes": null,
    "carriers": null,
    "transporters": null
}