{
    "type": "small molecule",
    "created": "2020-12-15",
    "updated": "2021-02-21",
    "drugbank-id": [
        {
            "primary": true,
            "value": "DB16138"
        }
    ],
    "name": "Diflomotecan",
    "description": "Diflomotecan is under investigation in clinical trial NCT00080015 (Diflomotecan (BN80915) Administered Once Every 3 Weeks in Treating Patients With Sensitive Small Cell Lung Cancer (SCLC)).",
    "cas-number": "220997-97-7",
    "unii": "QKT1LC4J1P",
    "average-mass": 398.366,
    "monoisotopic-mass": 398.107813329,
    "groups": {
        "group": [
            "investigational"
        ]
    },
    "general-references": {
        "articles": null,
        "textbooks": null,
        "links": null,
        "attachments": null
    },
    "synthesis-reference": null,
    "indication": null,
    "pharmacodynamics": null,
    "mechanism-of-action": null,
    "toxicity": null,
    "metabolism": null,
    "absorption": null,
    "half-life": null,
    "protein-binding": null,
    "route-of-elimination": null,
    "volume-of-distribution": null,
    "clearance": null,
    "salts": null,
    "synonyms": {
        "synonym": [
            {
                "language": "english",
                "coder": "inn",
                "value": "Diflomotecan"
            }
        ]
    },
    "products": null,
    "international-brands": null,
    "mixtures": null,
    "packagers": null,
    "manufacturers": null,
    "prices": null,
    "categories": {
        "category": [
            {
                "category": "Alkaloids",
                "mesh-id": "D000470"
            }
        ]
    },
    "affected-organisms": null,
    "dosages": null,
    "atc-codes": null,
    "ahfs-codes": null,
    "pdb-entries": null,
    "patents": null,
    "food-interactions": null,
    "drug-interactions": null,
    "calculated-properties": {
        "property": [
            {
                "kind": "logP",
                "value": "2.05",
                "source": "ALOGPS"
            },
            {
                "kind": "logS",
                "value": "-3.5",
                "source": "ALOGPS"
            },
            {
                "kind": "Water Solubility",
                "value": "1.29e-01 g/l",
                "source": "ALOGPS"
            },
            {
                "kind": "logP",
                "value": "1.44",
                "source": "ChemAxon"
            },
            {
                "kind": "IUPAC Name",
                "value": "(20R)-20-ethyl-6,7-difluoro-20-hydroxy-17-oxa-3,13-diazapentacyclo[11.9.0.0^{2,11}.0^{4,9}.0^{15,21}]docosa-1(22),2,4,6,8,10,15(21)-heptaene-14,18-dione",
                "source": "ChemAxon"
            },
            {
                "kind": "Traditional IUPAC Name",
                "value": "2-methoxy-4-[(1E)-3-[4-(nitrooxy)butoxy]-3-oxoprop-1-en-1-yl]phenyl (4R)-4-[(1R,3aS,3bR,4S,5aS,7R,9aS,9bS,11aR)-4,7-dihydroxy-9a,11a-dimethyl-tetradecahydro-1H-cyclopenta[a]phenanthren-1-yl]pentanoate",
                "source": "ChemAxon"
            },
            {
                "kind": "Molecular Weight",
                "value": "398.366",
                "source": "ChemAxon"
            },
            {
                "kind": "Monoisotopic Weight",
                "value": "398.107813329",
                "source": "ChemAxon"
            },
            {
                "kind": "SMILES",
                "value": "CC[C@@]1(O)CC(=O)OCC2=C1C=C1N(CC3=CC4=CC(F)=C(F)C=C4N=C13)C2=O",
                "source": "ChemAxon"
            },
            {
                "kind": "Molecular Formula",
                "value": "C21H16F2N2O4",
                "source": "ChemAxon"
            },
            {
                "kind": "InChI",
                "value": "InChI=1S/C21H16F2N2O4/c1-2-21(28)7-18(26)29-9-12-13(21)5-17-19-11(8-25(17)20(12)27)3-10-4-14(22)15(23)6-16(10)24-19/h3-6,28H,2,7-9H2,1H3/t21-/m1/s1",
                "source": "ChemAxon"
            },
            {
                "kind": "InChIKey",
                "value": "LFQCJSBXBZRMTN-OAQYLSRUSA-N",
                "source": "ChemAxon"
            },
            {
                "kind": "Polar Surface Area (PSA)",
                "value": "79.73",
                "source": "ChemAxon"
            },
            {
                "kind": "Refractivity",
                "value": "99.47",
                "source": "ChemAxon"
            },
            {
                "kind": "Polarizability",
                "value": "38.9",
                "source": "ChemAxon"
            },
            {
                "kind": "Rotatable Bond Count",
                "value": "1",
                "source": "ChemAxon"
            },
            {
                "kind": "H Bond Acceptor Count",
                "value": "4",
                "source": "ChemAxon"
            },
            {
                "kind": "H Bond Donor Count",
                "value": "1",
                "source": "ChemAxon"
            },
            {
                "kind": "pKa (strongest acidic)",
                "value": "13.81",
                "source": "ChemAxon"
            },
            {
                "kind": "pKa (strongest basic)",
                "value": "1.83",
                "source": "ChemAxon"
            },
            {
                "kind": "Physiological Charge",
                "value": "0",
                "source": "ChemAxon"
            },
            {
                "kind": "Number of Rings",
                "value": "5",
                "source": "ChemAxon"
            },
            {
                "kind": "Bioavailability",
                "value": "1",
                "source": "ChemAxon"
            },
            {
                "kind": "Rule of Five",
                "value": "1",
                "source": "ChemAxon"
            },
            {
                "kind": "Ghose Filter",
                "value": "1",
                "source": "ChemAxon"
            },
            {
                "kind": "MDDR-Like Rule",
                "value": "0",
                "source": "ChemAxon"
            }
        ]
    },
    "experimental-properties": null,
    "external-identifiers": {
        "external-identifier": [
            {
                "resource": "ChEBI",
                "identifier": "144046"
            },
            {
                "resource": "ChemSpider",
                "identifier": "189858"
            },
            {
                "resource": "Wikipedia",
                "identifier": "Diflomotecan"
            },
            {
                "resource": "ChEMBL",
                "identifier": "CHEMBL306280"
            }
        ]
    },
    "external-links": null,
    "pathways": null,
    "reactions": null,
    "snp-effects": null,
    "snp-adverse-drug-reactions": null,
    "targets": null,
    "enzymes": null,
    "carriers": null,
    "transporters": null
}