{
    "type": "small molecule",
    "created": "2020-12-15",
    "updated": "2021-02-21",
    "drugbank-id": [
        {
            "primary": true,
            "value": "DB16216"
        }
    ],
    "name": "Lazertinib",
    "description": "Lazertinib is under investigation in clinical trial NCT04487080 (A Study of Amivantamab and Lazertinib Combination Therapy Versus Osimertinib in Locally Advanced or Metastatic Non-small Cell Lung Cancer).",
    "cas-number": "1903008-80-9",
    "unii": "4A2Y23XK11",
    "average-mass": 554.655,
    "monoisotopic-mass": 554.275386987,
    "groups": {
        "group": [
            "investigational"
        ]
    },
    "general-references": {
        "articles": null,
        "textbooks": null,
        "links": null,
        "attachments": null
    },
    "synthesis-reference": null,
    "indication": null,
    "pharmacodynamics": null,
    "mechanism-of-action": null,
    "toxicity": null,
    "metabolism": null,
    "absorption": null,
    "half-life": null,
    "protein-binding": null,
    "route-of-elimination": null,
    "volume-of-distribution": null,
    "clearance": null,
    "salts": null,
    "synonyms": {
        "synonym": [
            {
                "language": "english",
                "coder": "inn",
                "value": "Lazertinib"
            }
        ]
    },
    "products": null,
    "international-brands": null,
    "mixtures": null,
    "packagers": null,
    "manufacturers": null,
    "prices": null,
    "categories": {
        "category": [
            {
                "category": "Enzyme Inhibitors",
                "mesh-id": "D004791"
            },
            {
                "category": "Oxazines",
                "mesh-id": "D010078"
            },
            {
                "category": "Protein Kinase Inhibitors",
                "mesh-id": "D047428"
            }
        ]
    },
    "affected-organisms": null,
    "dosages": null,
    "atc-codes": null,
    "ahfs-codes": null,
    "pdb-entries": null,
    "patents": null,
    "food-interactions": null,
    "drug-interactions": null,
    "calculated-properties": {
        "property": [
            {
                "kind": "logP",
                "value": "4.05",
                "source": "ALOGPS"
            },
            {
                "kind": "logS",
                "value": "-4.4",
                "source": "ALOGPS"
            },
            {
                "kind": "Water Solubility",
                "value": "2.50e-02 g/l",
                "source": "ALOGPS"
            },
            {
                "kind": "logP",
                "value": "4.55",
                "source": "ChemAxon"
            },
            {
                "kind": "IUPAC Name",
                "value": "N-{5-[(4-{4-[(dimethylamino)methyl]-3-phenyl-1H-pyrazol-1-yl}pyrimidin-2-yl)amino]-4-methoxy-2-(morpholin-4-yl)phenyl}prop-2-enamide",
                "source": "ChemAxon"
            },
            {
                "kind": "Traditional IUPAC Name",
                "value": "5-({4-[2-(3-methoxyphenyl)-2-oxoethoxy]phenyl}methyl)-1,3-thiazolidine-2,4-dione",
                "source": "ChemAxon"
            },
            {
                "kind": "Molecular Weight",
                "value": "554.655",
                "source": "ChemAxon"
            },
            {
                "kind": "Monoisotopic Weight",
                "value": "554.275386987",
                "source": "ChemAxon"
            },
            {
                "kind": "SMILES",
                "value": "COC1=C(NC2=NC=CC(=N2)N2C=C(CN(C)C)C(=N2)C2=CC=CC=C2)C=C(NC(=O)C=C)C(=C1)N1CCOCC1",
                "source": "ChemAxon"
            },
            {
                "kind": "Molecular Formula",
                "value": "C30H34N8O3",
                "source": "ChemAxon"
            },
            {
                "kind": "InChI",
                "value": "InChI=1S/C30H34N8O3/c1-5-28(39)32-23-17-24(26(40-4)18-25(23)37-13-15-41-16-14-37)33-30-31-12-11-27(34-30)38-20-22(19-36(2)3)29(35-38)21-9-7-6-8-10-21/h5-12,17-18,20H,1,13-16,19H2,2-4H3,(H,32,39)(H,31,33,34)",
                "source": "ChemAxon"
            },
            {
                "kind": "InChIKey",
                "value": "RRMJMHOQSALEJJ-UHFFFAOYSA-N",
                "source": "ChemAxon"
            },
            {
                "kind": "Polar Surface Area (PSA)",
                "value": "109.67",
                "source": "ChemAxon"
            },
            {
                "kind": "Refractivity",
                "value": "162.61",
                "source": "ChemAxon"
            },
            {
                "kind": "Polarizability",
                "value": "59.53",
                "source": "ChemAxon"
            },
            {
                "kind": "Rotatable Bond Count",
                "value": "10",
                "source": "ChemAxon"
            },
            {
                "kind": "H Bond Acceptor Count",
                "value": "9",
                "source": "ChemAxon"
            },
            {
                "kind": "H Bond Donor Count",
                "value": "2",
                "source": "ChemAxon"
            },
            {
                "kind": "pKa (strongest acidic)",
                "value": "13.65",
                "source": "ChemAxon"
            },
            {
                "kind": "pKa (strongest basic)",
                "value": "8.35",
                "source": "ChemAxon"
            },
            {
                "kind": "Physiological Charge",
                "value": "1",
                "source": "ChemAxon"
            },
            {
                "kind": "Number of Rings",
                "value": "5",
                "source": "ChemAxon"
            },
            {
                "kind": "Bioavailability",
                "value": "1",
                "source": "ChemAxon"
            },
            {
                "kind": "Rule of Five",
                "value": "0",
                "source": "ChemAxon"
            },
            {
                "kind": "Ghose Filter",
                "value": "0",
                "source": "ChemAxon"
            },
            {
                "kind": "MDDR-Like Rule",
                "value": "1",
                "source": "ChemAxon"
            }
        ]
    },
    "experimental-properties": null,
    "external-identifiers": {
        "external-identifier": [
            {
                "resource": "ChemSpider",
                "identifier": "64835231"
            }
        ]
    },
    "external-links": null,
    "pathways": null,
    "reactions": null,
    "snp-effects": null,
    "snp-adverse-drug-reactions": null,
    "targets": null,
    "enzymes": null,
    "carriers": null,
    "transporters": null
}