{
    "type": "biotech",
    "created": "2021-01-29",
    "updated": "2021-02-13",
    "drugbank-id": [
        {
            "primary": true,
            "value": "DB16523"
        }
    ],
    "name": "Deoxyribonuclease I",
    "description": "Deoxyribonuclease I (DNase I) is a human enzyme responsible for the digestion of extracellular DNA7[A227723]. It is normally found in saliva, urine, pancreatic secretions, and blood[A227723]. Because of the hypothesis that increased concentrations of high-molecular-weight DNA is a factor for airway obstruction, abnormal viscoelastic properties of the sputum, and recurrent exacerbations of respiratory symptoms requiring parenteral antibiotics, aerosolized human DNase I has been administered to patients with cystic fibrosis[A227723]. Currently, DNase I is being investigated against respiratory failure in COVID-19 in the clinical trial NCT04541979 (Aerosoliserat DNase for Treatment of Respiratory Failure in Severe COVID-19).",
    "cas-number": null,
    "unii": null,
    "groups": {
        "group": [
            "investigational"
        ]
    },
    "general-references": {
        "articles": {
            "article": [
                {
                    "ref-id": "A227723",
                    "pubmed-id": "7503821",
                    "citation": "Fuchs HJ, Borowitz DS, Christiansen DH, Morris EM, Nash ML, Ramsey BW, Rosenstein BJ, Smith AL, Wohl ME: Effect of aerosolized recombinant human DNase on exacerbations of respiratory symptoms and on pulmonary function in patients with cystic fibrosis. The Pulmozyme Study Group. N Engl J Med. 1994 Sep 8;331(10):637-42. doi: 10.1056/NEJM199409083311003."
                }
            ]
        },
        "textbooks": null,
        "links": null,
        "attachments": null
    },
    "synthesis-reference": null,
    "indication": null,
    "pharmacodynamics": null,
    "mechanism-of-action": null,
    "toxicity": null,
    "metabolism": null,
    "absorption": null,
    "half-life": null,
    "protein-binding": null,
    "route-of-elimination": null,
    "volume-of-distribution": null,
    "clearance": null,
    "salts": null,
    "synonyms": {
        "synonym": [
            {
                "language": "english",
                "coder": "",
                "value": "DNase I"
            }
        ]
    },
    "products": null,
    "international-brands": null,
    "mixtures": null,
    "packagers": null,
    "manufacturers": null,
    "prices": null,
    "categories": {
        "category": [
            {
                "category": "Deoxyribonuclease I, antagonists & inhibitors",
                "mesh-id": null
            },
            {
                "category": "Deoxyribonucleases",
                "mesh-id": "D003851"
            },
            {
                "category": "Endodeoxyribonucleases",
                "mesh-id": "D004706"
            },
            {
                "category": "Enzymes",
                "mesh-id": "D004798"
            },
            {
                "category": "Enzymes and Coenzymes",
                "mesh-id": "D045762"
            },
            {
                "category": "Esterases",
                "mesh-id": "D004950"
            },
            {
                "category": "Hydrolases",
                "mesh-id": "D006867"
            }
        ]
    },
    "affected-organisms": null,
    "dosages": null,
    "atc-codes": null,
    "ahfs-codes": null,
    "pdb-entries": null,
    "patents": null,
    "food-interactions": null,
    "drug-interactions": null,
    "sequences": null,
    "experimental-properties": null,
    "external-identifiers": {
        "external-identifier": [
            {
                "resource": "Wikipedia",
                "identifier": "Deoxyribonuclease_I"
            }
        ]
    },
    "external-links": null,
    "pathways": null,
    "reactions": null,
    "snp-effects": null,
    "snp-adverse-drug-reactions": null,
    "targets": null,
    "enzymes": null,
    "carriers": null,
    "transporters": null
}