{
    "type": "small molecule",
    "created": "2020-12-15",
    "updated": "2020-12-20",
    "drugbank-id": [
        {
            "primary": true,
            "value": "DB16244"
        }
    ],
    "name": "MK-0773",
    "description": "MK-0773 is under investigation in clinical trial NCT00529659 (A Study of the Safety and Efficacy of MK-0773 in Women With Sarcopenia (Loss of Muscle Mass)(mk-0773-005)).",
    "cas-number": "606101-58-0",
    "unii": "5730VNW22X",
    "average-mass": 479.6,
    "monoisotopic-mass": 479.269653518,
    "groups": {
        "group": [
            "investigational"
        ]
    },
    "general-references": {
        "articles": null,
        "textbooks": null,
        "links": null,
        "attachments": null
    },
    "synthesis-reference": null,
    "indication": null,
    "pharmacodynamics": null,
    "mechanism-of-action": null,
    "toxicity": null,
    "metabolism": null,
    "absorption": null,
    "half-life": null,
    "protein-binding": null,
    "route-of-elimination": null,
    "volume-of-distribution": null,
    "clearance": null,
    "salts": null,
    "synonyms": null,
    "products": null,
    "international-brands": null,
    "mixtures": null,
    "packagers": null,
    "manufacturers": null,
    "prices": null,
    "categories": {
        "category": [
            {
                "category": "Fused-Ring Compounds",
                "mesh-id": "D000072473"
            },
            {
                "category": "Steroids",
                "mesh-id": "D013256"
            }
        ]
    },
    "affected-organisms": null,
    "dosages": null,
    "atc-codes": null,
    "ahfs-codes": null,
    "pdb-entries": null,
    "patents": null,
    "food-interactions": null,
    "drug-interactions": null,
    "calculated-properties": {
        "property": [
            {
                "kind": "logP",
                "value": "3.82",
                "source": "ALOGPS"
            },
            {
                "kind": "logS",
                "value": "-4.8",
                "source": "ALOGPS"
            },
            {
                "kind": "Water Solubility",
                "value": "7.90e-03 g/l",
                "source": "ALOGPS"
            },
            {
                "kind": "logP",
                "value": "2.36",
                "source": "ChemAxon"
            },
            {
                "kind": "IUPAC Name",
                "value": "(4aS,4bS,6aS,7S,9aS,9bS,11aR)-3-fluoro-N-({1H-imidazo[4,5-b]pyridin-2-yl}methyl)-1,4a,6a-trimethyl-2-oxo-1H,2H,4aH,4bH,5H,6H,6aH,7H,8H,9H,9aH,9bH,10H,11H,11aH-indeno[5,4-f]quinoline-7-carboxamide",
                "source": "ChemAxon"
            },
            {
                "kind": "Traditional IUPAC Name",
                "value": "2-methoxy-4-[(1E)-3-[4-(nitrooxy)butoxy]-3-oxoprop-1-en-1-yl]phenyl (4R)-4-[(1R,3aS,3bR,4S,5aS,7R,9aS,9bS,11aR)-4,7-dihydroxy-9a,11a-dimethyl-tetradecahydro-1H-cyclopenta[a]phenanthren-1-yl]pentanoate",
                "source": "ChemAxon"
            },
            {
                "kind": "Molecular Weight",
                "value": "479.6",
                "source": "ChemAxon"
            },
            {
                "kind": "Monoisotopic Weight",
                "value": "479.269653518",
                "source": "ChemAxon"
            },
            {
                "kind": "SMILES",
                "value": "[H][C@@]12CC[C@H](C(=O)NCC3=NC4=C(N3)C=CC=N4)[C@@]1(C)CC[C@@]1([H])[C@@]2([H])CC[C@@]2([H])N(C)C(=O)C(F)=C[C@]12C",
                "source": "ChemAxon"
            },
            {
                "kind": "Molecular Formula",
                "value": "C27H34FN5O2",
                "source": "ChemAxon"
            },
            {
                "kind": "InChI",
                "value": "InChI=1S/C27H34FN5O2/c1-26-11-10-17-15(6-9-21-27(17,2)13-19(28)25(35)33(21)3)16(26)7-8-18(26)24(34)30-14-22-31-20-5-4-12-29-23(20)32-22/h4-5,12-13,15-18,21H,6-11,14H2,1-3H3,(H,30,34)(H,29,31,32)/t15-,16-,17-,18+,21+,26-,27+/m0/s1",
                "source": "ChemAxon"
            },
            {
                "kind": "InChIKey",
                "value": "GBEUKTWTUSPHEE-JWJWXJQQSA-N",
                "source": "ChemAxon"
            },
            {
                "kind": "Polar Surface Area (PSA)",
                "value": "90.98",
                "source": "ChemAxon"
            },
            {
                "kind": "Refractivity",
                "value": "131.76",
                "source": "ChemAxon"
            },
            {
                "kind": "Polarizability",
                "value": "52.31",
                "source": "ChemAxon"
            },
            {
                "kind": "Rotatable Bond Count",
                "value": "3",
                "source": "ChemAxon"
            },
            {
                "kind": "H Bond Acceptor Count",
                "value": "4",
                "source": "ChemAxon"
            },
            {
                "kind": "H Bond Donor Count",
                "value": "2",
                "source": "ChemAxon"
            },
            {
                "kind": "pKa (strongest acidic)",
                "value": "9.84",
                "source": "ChemAxon"
            },
            {
                "kind": "pKa (strongest basic)",
                "value": "2.82",
                "source": "ChemAxon"
            },
            {
                "kind": "Physiological Charge",
                "value": "0",
                "source": "ChemAxon"
            },
            {
                "kind": "Number of Rings",
                "value": "6",
                "source": "ChemAxon"
            },
            {
                "kind": "Bioavailability",
                "value": "1",
                "source": "ChemAxon"
            },
            {
                "kind": "Rule of Five",
                "value": "1",
                "source": "ChemAxon"
            },
            {
                "kind": "Ghose Filter",
                "value": "0",
                "source": "ChemAxon"
            },
            {
                "kind": "MDDR-Like Rule",
                "value": "0",
                "source": "ChemAxon"
            }
        ]
    },
    "experimental-properties": null,
    "external-identifiers": {
        "external-identifier": [
            {
                "resource": "ChemSpider",
                "identifier": "10125035"
            },
            {
                "resource": "Wikipedia",
                "identifier": "MK-0773"
            },
            {
                "resource": "ChEMBL",
                "identifier": "CHEMBL3221237"
            },
            {
                "resource": "ZINC",
                "identifier": "ZINC000034272162"
            }
        ]
    },
    "external-links": null,
    "pathways": null,
    "reactions": null,
    "snp-effects": null,
    "snp-adverse-drug-reactions": null,
    "targets": null,
    "enzymes": null,
    "carriers": null,
    "transporters": null
}