{
    "type": "small molecule",
    "created": "2020-12-15",
    "updated": "2022-12-13",
    "drugbank-id": [
        {
            "primary": true,
            "value": "DB16230"
        }
    ],
    "name": "NSI-189",
    "description": "NSI-189 is under investigation in clinical trial NCT02695472 (Study of NSI-189 for Major Depressive Disorder).",
    "cas-number": "1270138-40-3",
    "unii": "YVE9U408ZL",
    "average-mass": 366.509,
    "monoisotopic-mass": 366.241961602,
    "groups": {
        "group": [
            "investigational"
        ]
    },
    "general-references": {
        "articles": null,
        "textbooks": null,
        "links": null,
        "attachments": null
    },
    "synthesis-reference": null,
    "indication": null,
    "pharmacodynamics": null,
    "mechanism-of-action": null,
    "toxicity": null,
    "metabolism": null,
    "absorption": null,
    "half-life": null,
    "protein-binding": null,
    "route-of-elimination": null,
    "volume-of-distribution": null,
    "clearance": null,
    "salts": {
        "salt": [
            {
                "drugbank-id": [
                    {
                        "primary": true,
                        "value": "DBSALT003242"
                    }
                ],
                "name": "NSI-189 phosphate",
                "unii": "HX0VO60T62",
                "cas-number": "1270138-41-4",
                "inchikey": "LWHMGALTTIYPJU-UHFFFAOYSA-N",
                "average-mass": 464.503,
                "monoisotopic-mass": 464.218857177
            }
        ]
    },
    "synonyms": null,
    "products": null,
    "international-brands": null,
    "mixtures": null,
    "packagers": null,
    "manufacturers": null,
    "prices": null,
    "categories": {
        "category": [
            {
                "category": "Amines",
                "mesh-id": "D000588"
            },
            {
                "category": "Pyridines",
                "mesh-id": "D011725"
            }
        ]
    },
    "affected-organisms": null,
    "dosages": null,
    "atc-codes": null,
    "ahfs-codes": null,
    "pdb-entries": null,
    "patents": null,
    "food-interactions": null,
    "drug-interactions": null,
    "calculated-properties": {
        "property": [
            {
                "kind": "logP",
                "value": "3.38",
                "source": "ALOGPS"
            },
            {
                "kind": "logS",
                "value": "-3.4",
                "source": "ALOGPS"
            },
            {
                "kind": "Water Solubility",
                "value": "1.29e-01 g/l",
                "source": "ALOGPS"
            },
            {
                "kind": "logP",
                "value": "3.95",
                "source": "ChemAxon"
            },
            {
                "kind": "IUPAC Name",
                "value": "3-(4-benzylpiperazine-1-carbonyl)-N-(3-methylbutyl)pyridin-2-amine",
                "source": "ChemAxon"
            },
            {
                "kind": "Traditional IUPAC Name",
                "value": "5-({4-[2-(3-methoxyphenyl)-2-oxoethoxy]phenyl}methyl)-1,3-thiazolidine-2,4-dione",
                "source": "ChemAxon"
            },
            {
                "kind": "Molecular Weight",
                "value": "366.509",
                "source": "ChemAxon"
            },
            {
                "kind": "Monoisotopic Weight",
                "value": "366.241961602",
                "source": "ChemAxon"
            },
            {
                "kind": "SMILES",
                "value": "CC(C)CCNC1=NC=CC=C1C(=O)N1CCN(CC2=CC=CC=C2)CC1",
                "source": "ChemAxon"
            },
            {
                "kind": "Molecular Formula",
                "value": "C22H30N4O",
                "source": "ChemAxon"
            },
            {
                "kind": "InChI",
                "value": "InChI=1S/C22H30N4O/c1-18(2)10-12-24-21-20(9-6-11-23-21)22(27)26-15-13-25(14-16-26)17-19-7-4-3-5-8-19/h3-9,11,18H,10,12-17H2,1-2H3,(H,23,24)",
                "source": "ChemAxon"
            },
            {
                "kind": "InChIKey",
                "value": "DYTOQURYRYYNOR-UHFFFAOYSA-N",
                "source": "ChemAxon"
            },
            {
                "kind": "Polar Surface Area (PSA)",
                "value": "48.47",
                "source": "ChemAxon"
            },
            {
                "kind": "Refractivity",
                "value": "112.37",
                "source": "ChemAxon"
            },
            {
                "kind": "Polarizability",
                "value": "41.83",
                "source": "ChemAxon"
            },
            {
                "kind": "Rotatable Bond Count",
                "value": "7",
                "source": "ChemAxon"
            },
            {
                "kind": "H Bond Acceptor Count",
                "value": "4",
                "source": "ChemAxon"
            },
            {
                "kind": "H Bond Donor Count",
                "value": "1",
                "source": "ChemAxon"
            },
            {
                "kind": "pKa (strongest acidic)",
                "value": "18.9",
                "source": "ChemAxon"
            },
            {
                "kind": "pKa (strongest basic)",
                "value": "6.76",
                "source": "ChemAxon"
            },
            {
                "kind": "Physiological Charge",
                "value": "0",
                "source": "ChemAxon"
            },
            {
                "kind": "Number of Rings",
                "value": "3",
                "source": "ChemAxon"
            },
            {
                "kind": "Bioavailability",
                "value": "1",
                "source": "ChemAxon"
            },
            {
                "kind": "Rule of Five",
                "value": "1",
                "source": "ChemAxon"
            },
            {
                "kind": "Ghose Filter",
                "value": "1",
                "source": "ChemAxon"
            },
            {
                "kind": "MDDR-Like Rule",
                "value": "1",
                "source": "ChemAxon"
            }
        ]
    },
    "experimental-properties": null,
    "external-identifiers": {
        "external-identifier": [
            {
                "resource": "ChemSpider",
                "identifier": "32701740"
            },
            {
                "resource": "Wikipedia",
                "identifier": "NSI-189"
            },
            {
                "resource": "ChEMBL",
                "identifier": "CHEMBL4302505"
            },
            {
                "resource": "ZINC",
                "identifier": "ZINC000098023167"
            }
        ]
    },
    "external-links": null,
    "pathways": null,
    "reactions": null,
    "snp-effects": null,
    "snp-adverse-drug-reactions": null,
    "targets": null,
    "enzymes": null,
    "carriers": null,
    "transporters": null
}