{
    "type": "small molecule",
    "created": "2020-12-23",
    "updated": "2021-02-21",
    "drugbank-id": [
        {
            "primary": true,
            "value": "DB16397"
        }
    ],
    "name": "Terevalefim",
    "description": "Terevalefim is under investigation in clinical trial NCT02474667 (Reduce the Severity of DGF in Recipients of a Deceased Donor Kidney).",
    "cas-number": "1070881-42-3",
    "unii": "GG91UXK2M5",
    "average-mass": 176.24,
    "monoisotopic-mass": 176.04081944,
    "groups": {
        "group": [
            "investigational"
        ]
    },
    "general-references": {
        "articles": {
            "article": [
                {
                    "ref-id": "A227038",
                    "pubmed-id": "32265417",
                    "citation": "Bromberg JS, Weir MR, Gaber AO, Browne BJ, Yamin MA, Goldberg ID, Mayne TJ, Cooper M: Renal function improvement following ANG-3777 treatment in patients at high risk for delayed graft function after kidney transplantation. Transplantation. 2020 Apr 6. doi: 10.1097/TP.0000000000003255."
                }
            ]
        },
        "textbooks": null,
        "links": null,
        "attachments": null
    },
    "synthesis-reference": null,
    "indication": null,
    "pharmacodynamics": null,
    "mechanism-of-action": "Terevalefim, a small molecule developed by Angion Biomedica Corp., mimics the activity of hepatocyte growth factor (HGF). Through its actions, it activates the c-Met cascade, exhibits c-Met dependence and c-Met receptor activation. As it is able to activate repair pathways, it has been tested in clinical trials for acute kidney injury and in delayed graft function. As of July 2020, Angion has announced a Phase 2 proof-of-concept trial to invesigate terevalefim on preventing and mitigating lung injury in patients with COVID-19 (NCT04459676). ",
    "toxicity": null,
    "metabolism": null,
    "absorption": null,
    "half-life": null,
    "protein-binding": null,
    "route-of-elimination": null,
    "volume-of-distribution": null,
    "clearance": null,
    "salts": null,
    "synonyms": {
        "synonym": [
            {
                "language": "english",
                "coder": "",
                "value": "Refanalin"
            },
            {
                "language": "english",
                "coder": "inn",
                "value": "Terevalefim"
            }
        ]
    },
    "products": null,
    "international-brands": null,
    "mixtures": null,
    "packagers": null,
    "manufacturers": null,
    "prices": null,
    "categories": {
        "category": [
            {
                "category": "Sulfur Compounds",
                "mesh-id": "D013457"
            }
        ]
    },
    "affected-organisms": null,
    "dosages": null,
    "atc-codes": null,
    "ahfs-codes": null,
    "pdb-entries": null,
    "patents": null,
    "food-interactions": null,
    "drug-interactions": null,
    "calculated-properties": {
        "property": [
            {
                "kind": "logP",
                "value": "2.78",
                "source": "ALOGPS"
            },
            {
                "kind": "logS",
                "value": "-2.7",
                "source": "ALOGPS"
            },
            {
                "kind": "Water Solubility",
                "value": "3.54e-01 g/l",
                "source": "ALOGPS"
            },
            {
                "kind": "logP",
                "value": "2.76",
                "source": "ChemAxon"
            },
            {
                "kind": "IUPAC Name",
                "value": "3-[(1E)-2-(thiophen-2-yl)ethenyl]-1H-pyrazole",
                "source": "ChemAxon"
            },
            {
                "kind": "Traditional IUPAC Name",
                "value": "N-{4-[(2S)-2-[(2S)-2-[(methoxycarbonyl)amino]-3-phenylpropanamido]-2-[2-(thiophen-2-yl)-1,3-thiazol-4-yl]ethyl]phenyl}sulfamic acid",
                "source": "ChemAxon"
            },
            {
                "kind": "Molecular Weight",
                "value": "176.24",
                "source": "ChemAxon"
            },
            {
                "kind": "Monoisotopic Weight",
                "value": "176.04081944",
                "source": "ChemAxon"
            },
            {
                "kind": "SMILES",
                "value": "N1C=CC(\\C=C\\C2=CC=CS2)=N1",
                "source": "ChemAxon"
            },
            {
                "kind": "Molecular Formula",
                "value": "C9H8N2S",
                "source": "ChemAxon"
            },
            {
                "kind": "InChI",
                "value": "InChI=1S/C9H8N2S/c1-2-9(12-7-1)4-3-8-5-6-10-11-8/h1-7H,(H,10,11)/b4-3+",
                "source": "ChemAxon"
            },
            {
                "kind": "InChIKey",
                "value": "FOHWAQGURRYJFK-ONEGZZNKSA-N",
                "source": "ChemAxon"
            },
            {
                "kind": "Polar Surface Area (PSA)",
                "value": "28.68",
                "source": "ChemAxon"
            },
            {
                "kind": "Refractivity",
                "value": "51.64",
                "source": "ChemAxon"
            },
            {
                "kind": "Polarizability",
                "value": "18.8",
                "source": "ChemAxon"
            },
            {
                "kind": "Rotatable Bond Count",
                "value": "2",
                "source": "ChemAxon"
            },
            {
                "kind": "H Bond Acceptor Count",
                "value": "1",
                "source": "ChemAxon"
            },
            {
                "kind": "H Bond Donor Count",
                "value": "1",
                "source": "ChemAxon"
            },
            {
                "kind": "pKa (strongest acidic)",
                "value": "14.84",
                "source": "ChemAxon"
            },
            {
                "kind": "pKa (strongest basic)",
                "value": "2.74",
                "source": "ChemAxon"
            },
            {
                "kind": "Physiological Charge",
                "value": "0",
                "source": "ChemAxon"
            },
            {
                "kind": "Number of Rings",
                "value": "2",
                "source": "ChemAxon"
            },
            {
                "kind": "Bioavailability",
                "value": "1",
                "source": "ChemAxon"
            },
            {
                "kind": "Rule of Five",
                "value": "1",
                "source": "ChemAxon"
            },
            {
                "kind": "Ghose Filter",
                "value": "1",
                "source": "ChemAxon"
            },
            {
                "kind": "MDDR-Like Rule",
                "value": "0",
                "source": "ChemAxon"
            }
        ]
    },
    "experimental-properties": null,
    "external-identifiers": {
        "external-identifier": [
            {
                "resource": "ChemSpider",
                "identifier": "4651597"
            },
            {
                "resource": "ZINC",
                "identifier": "ZINC000004301780"
            }
        ]
    },
    "external-links": null,
    "pathways": null,
    "reactions": null,
    "snp-effects": null,
    "snp-adverse-drug-reactions": null,
    "targets": null,
    "enzymes": null,
    "carriers": null,
    "transporters": null
}