{
    "type": "biotech",
    "created": "2021-01-14",
    "updated": "2021-01-16",
    "drugbank-id": [
        {
            "primary": true,
            "value": "DB16433"
        }
    ],
    "name": "VXA-CoV2-1",
    "description": "VXA-CoV2-1 is a non-replicating adenoviral vector-based oral tableted vaccine candidate that expresses a SARS-CoV-2 antigen and dsRNA adjuvant[L30493]. This oral vaccine aims to induce immunogenicity through induction of potent serum neutralizing antibodies to the SARS-CoV-2 spike protein, induction of mucosal immune responses, and induction of T-cell responses to both vaccine antigens of the SARS-CoV-2 nucleocapsid and spike proteins[L30498].",
    "cas-number": null,
    "unii": null,
    "groups": {
        "group": [
            "investigational"
        ]
    },
    "general-references": {
        "articles": null,
        "textbooks": null,
        "links": {
            "link": [
                {
                    "ref-id": "L30493",
                    "title": "ClinicalTrials.gov: Safety and Immunogenicity Trial of an Oral SARS-CoV-2 Vaccine (VXA-CoV2-1) for Prevention of COVID-19 in Healthy Adults",
                    "url": "https://clinicaltrials.gov/ct2/show/NCT04563702"
                },
                {
                    "ref-id": "L30498",
                    "title": "bioRxiv: Pre-clinical studies of a recombinant adenoviral mucosal vaccine to prevent SARS-CoV-2 infection",
                    "url": "https://www.biorxiv.org/content/10.1101/2020.09.04.283853v1.full.pdf"
                }
            ]
        },
        "attachments": null
    },
    "synthesis-reference": null,
    "indication": null,
    "pharmacodynamics": null,
    "mechanism-of-action": null,
    "toxicity": null,
    "metabolism": null,
    "absorption": null,
    "half-life": null,
    "protein-binding": null,
    "route-of-elimination": null,
    "volume-of-distribution": null,
    "clearance": null,
    "salts": null,
    "synonyms": null,
    "products": null,
    "international-brands": null,
    "mixtures": null,
    "packagers": null,
    "manufacturers": null,
    "prices": null,
    "categories": null,
    "affected-organisms": null,
    "dosages": null,
    "atc-codes": null,
    "ahfs-codes": null,
    "pdb-entries": null,
    "patents": null,
    "food-interactions": null,
    "drug-interactions": null,
    "sequences": null,
    "experimental-properties": null,
    "external-identifiers": null,
    "external-links": null,
    "pathways": null,
    "reactions": null,
    "snp-effects": null,
    "snp-adverse-drug-reactions": null,
    "targets": null,
    "enzymes": null,
    "carriers": null,
    "transporters": null
}