{
    "type": "biotech",
    "created": "2021-02-01",
    "updated": "2021-02-13",
    "drugbank-id": [
        {
            "primary": true,
            "value": "DB16532"
        }
    ],
    "name": "LL-37",
    "description": "LL-37 is a human cathelicidin that inhibits viral replication and while also playing a role in host defense against infection.",
    "cas-number": null,
    "unii": "3DD771JO2H",
    "groups": {
        "group": [
            "investigational"
        ]
    },
    "general-references": {
        "articles": {
            "article": [
                {
                    "ref-id": "A227923",
                    "pubmed-id": "25909853",
                    "citation": "Tripathi S, Wang G, White M, Qi L, Taubenberger J, Hartshorn KL: Antiviral Activity of the Human Cathelicidin, LL-37, and Derived Peptides on Seasonal and Pandemic Influenza A Viruses. PLoS One. 2015 Apr 24;10(4):e0124706. doi: 10.1371/journal.pone.0124706. eCollection 2015."
                },
                {
                    "ref-id": "A227928",
                    "pubmed-id": "24023689",
                    "citation": "Currie SM, Findlay EG, McHugh BJ, Mackellar A, Man T, Macmillan D, Wang H, Fitch PM, Schwarze J, Davidson DJ: The human cathelicidin LL-37 has antiviral activity against respiratory syncytial virus. PLoS One. 2013 Aug 30;8(8):e73659. doi: 10.1371/journal.pone.0073659. eCollection 2013."
                }
            ]
        },
        "textbooks": null,
        "links": null,
        "attachments": null
    },
    "synthesis-reference": null,
    "indication": null,
    "pharmacodynamics": null,
    "mechanism-of-action": null,
    "toxicity": null,
    "metabolism": null,
    "absorption": null,
    "half-life": null,
    "protein-binding": null,
    "route-of-elimination": null,
    "volume-of-distribution": null,
    "clearance": null,
    "salts": null,
    "synonyms": {
        "synonym": [
            {
                "language": "english",
                "coder": "",
                "value": "CAS001"
            },
            {
                "language": "english",
                "coder": "",
                "value": "LL-37 antiviral peptide"
            }
        ]
    },
    "products": null,
    "international-brands": null,
    "mixtures": null,
    "packagers": null,
    "manufacturers": null,
    "prices": null,
    "categories": null,
    "affected-organisms": null,
    "dosages": null,
    "atc-codes": null,
    "ahfs-codes": null,
    "pdb-entries": null,
    "patents": null,
    "food-interactions": null,
    "drug-interactions": null,
    "sequences": null,
    "experimental-properties": null,
    "external-identifiers": {
        "external-identifier": [
            {
                "resource": "Wikipedia",
                "identifier": "Cathelicidin"
            }
        ]
    },
    "external-links": null,
    "pathways": null,
    "reactions": null,
    "snp-effects": null,
    "snp-adverse-drug-reactions": null,
    "targets": null,
    "enzymes": null,
    "carriers": null,
    "transporters": null
}