{
    "type": "small molecule",
    "created": "2020-12-15",
    "updated": "2020-12-20",
    "drugbank-id": [
        {
            "primary": true,
            "value": "DB16243"
        }
    ],
    "name": "TBA-7371",
    "description": "TBA-7371 is under investigation in clinical trial NCT04176250 (Early Bactericidal Activity of TBA-7371 in Pulmonary Tuberculosis).",
    "cas-number": "1494675-86-3",
    "unii": "R3T98GBE3C",
    "average-mass": 355.398,
    "monoisotopic-mass": 355.164439556,
    "groups": {
        "group": [
            "investigational"
        ]
    },
    "general-references": {
        "articles": null,
        "textbooks": null,
        "links": null,
        "attachments": null
    },
    "synthesis-reference": null,
    "indication": null,
    "pharmacodynamics": null,
    "mechanism-of-action": null,
    "toxicity": null,
    "metabolism": null,
    "absorption": null,
    "half-life": null,
    "protein-binding": null,
    "route-of-elimination": null,
    "volume-of-distribution": null,
    "clearance": null,
    "salts": null,
    "synonyms": null,
    "products": null,
    "international-brands": null,
    "mixtures": null,
    "packagers": null,
    "manufacturers": null,
    "prices": null,
    "categories": null,
    "affected-organisms": null,
    "dosages": null,
    "atc-codes": null,
    "ahfs-codes": null,
    "pdb-entries": null,
    "patents": null,
    "food-interactions": null,
    "drug-interactions": null,
    "calculated-properties": {
        "property": [
            {
                "kind": "logP",
                "value": "0.75",
                "source": "ALOGPS"
            },
            {
                "kind": "logS",
                "value": "-3.2",
                "source": "ALOGPS"
            },
            {
                "kind": "Water Solubility",
                "value": "2.29e-01 g/l",
                "source": "ALOGPS"
            },
            {
                "kind": "logP",
                "value": "1.19",
                "source": "ChemAxon"
            },
            {
                "kind": "IUPAC Name",
                "value": "N-(2-hydroxyethyl)-1-[(6-methoxy-5-methylpyrimidin-4-yl)methyl]-6-methyl-1H-pyrrolo[3,2-b]pyridine-3-carboxamide",
                "source": "ChemAxon"
            },
            {
                "kind": "Traditional IUPAC Name",
                "value": "5-({4-[2-(3-methoxyphenyl)-2-oxoethoxy]phenyl}methyl)-1,3-thiazolidine-2,4-dione",
                "source": "ChemAxon"
            },
            {
                "kind": "Molecular Weight",
                "value": "355.398",
                "source": "ChemAxon"
            },
            {
                "kind": "Monoisotopic Weight",
                "value": "355.164439556",
                "source": "ChemAxon"
            },
            {
                "kind": "SMILES",
                "value": "COC1=C(C)C(CN2C=C(C(=O)NCCO)C3=NC=C(C)C=C23)=NC=N1",
                "source": "ChemAxon"
            },
            {
                "kind": "Molecular Formula",
                "value": "C18H21N5O3",
                "source": "ChemAxon"
            },
            {
                "kind": "InChI",
                "value": "InChI=1S/C18H21N5O3/c1-11-6-15-16(20-7-11)13(17(25)19-4-5-24)8-23(15)9-14-12(2)18(26-3)22-10-21-14/h6-8,10,24H,4-5,9H2,1-3H3,(H,19,25)",
                "source": "ChemAxon"
            },
            {
                "kind": "InChIKey",
                "value": "VDRYGTNDKXIPSK-UHFFFAOYSA-N",
                "source": "ChemAxon"
            },
            {
                "kind": "Polar Surface Area (PSA)",
                "value": "102.16",
                "source": "ChemAxon"
            },
            {
                "kind": "Refractivity",
                "value": "97.39",
                "source": "ChemAxon"
            },
            {
                "kind": "Polarizability",
                "value": "37.43",
                "source": "ChemAxon"
            },
            {
                "kind": "Rotatable Bond Count",
                "value": "6",
                "source": "ChemAxon"
            },
            {
                "kind": "H Bond Acceptor Count",
                "value": "6",
                "source": "ChemAxon"
            },
            {
                "kind": "H Bond Donor Count",
                "value": "2",
                "source": "ChemAxon"
            },
            {
                "kind": "pKa (strongest acidic)",
                "value": "14.42",
                "source": "ChemAxon"
            },
            {
                "kind": "pKa (strongest basic)",
                "value": "3.94",
                "source": "ChemAxon"
            },
            {
                "kind": "Physiological Charge",
                "value": "0",
                "source": "ChemAxon"
            },
            {
                "kind": "Number of Rings",
                "value": "3",
                "source": "ChemAxon"
            },
            {
                "kind": "Bioavailability",
                "value": "1",
                "source": "ChemAxon"
            },
            {
                "kind": "Rule of Five",
                "value": "1",
                "source": "ChemAxon"
            },
            {
                "kind": "Ghose Filter",
                "value": "1",
                "source": "ChemAxon"
            },
            {
                "kind": "MDDR-Like Rule",
                "value": "1",
                "source": "ChemAxon"
            }
        ]
    },
    "experimental-properties": null,
    "external-identifiers": {
        "external-identifier": [
            {
                "resource": "ChemSpider",
                "identifier": "31132722"
            },
            {
                "resource": "BindingDB",
                "identifier": "50019654"
            },
            {
                "resource": "ChEMBL",
                "identifier": "CHEMBL3109802"
            },
            {
                "resource": "ZINC",
                "identifier": "ZINC000103248024"
            }
        ]
    },
    "external-links": null,
    "pathways": null,
    "reactions": null,
    "snp-effects": null,
    "snp-adverse-drug-reactions": null,
    "targets": null,
    "enzymes": null,
    "carriers": null,
    "transporters": null
}