{
    "type": "small molecule",
    "created": "2020-12-15",
    "updated": "2021-02-21",
    "drugbank-id": [
        {
            "primary": true,
            "value": "DB16125"
        }
    ],
    "name": "Ciforadenant",
    "description": "Ciforadenant is under investigation in clinical trial NCT02253745 (Safety, Tolerability, PK & Efficacy of V81444 in Volunteers With Attention Deficit/ Hyperactivity Disorder (ADHD)).",
    "cas-number": "1202402-40-1",
    "unii": "8KFO2187CP",
    "average-mass": 407.434,
    "monoisotopic-mass": 407.170587564,
    "groups": {
        "group": [
            "investigational"
        ]
    },
    "general-references": {
        "articles": null,
        "textbooks": null,
        "links": null,
        "attachments": null
    },
    "synthesis-reference": null,
    "indication": null,
    "pharmacodynamics": null,
    "mechanism-of-action": null,
    "toxicity": null,
    "metabolism": null,
    "absorption": null,
    "half-life": null,
    "protein-binding": null,
    "route-of-elimination": null,
    "volume-of-distribution": null,
    "clearance": null,
    "salts": null,
    "synonyms": {
        "synonym": [
            {
                "language": "english",
                "coder": "inn/usan",
                "value": "Ciforadenant"
            }
        ]
    },
    "products": null,
    "international-brands": null,
    "mixtures": null,
    "packagers": null,
    "manufacturers": null,
    "prices": null,
    "categories": null,
    "affected-organisms": null,
    "dosages": null,
    "atc-codes": null,
    "ahfs-codes": null,
    "pdb-entries": null,
    "patents": null,
    "food-interactions": null,
    "drug-interactions": null,
    "calculated-properties": {
        "property": [
            {
                "kind": "logP",
                "value": "2.07",
                "source": "ALOGPS"
            },
            {
                "kind": "logS",
                "value": "-3.3",
                "source": "ALOGPS"
            },
            {
                "kind": "Water Solubility",
                "value": "2.20e-01 g/l",
                "source": "ALOGPS"
            },
            {
                "kind": "logP",
                "value": "1.46",
                "source": "ChemAxon"
            },
            {
                "kind": "IUPAC Name",
                "value": "7-(5-methylfuran-2-yl)-3-[(6-{[(3S)-oxolan-3-yloxy]methyl}pyridin-2-yl)methyl]-3H-[1,2,3]triazolo[4,5-d]pyrimidin-5-amine",
                "source": "ChemAxon"
            },
            {
                "kind": "Traditional IUPAC Name",
                "value": "2-methoxy-4-[(1E)-3-[4-(nitrooxy)butoxy]-3-oxoprop-1-en-1-yl]phenyl (4R)-4-[(1R,3aS,3bR,4S,5aS,7R,9aS,9bS,11aR)-4,7-dihydroxy-9a,11a-dimethyl-tetradecahydro-1H-cyclopenta[a]phenanthren-1-yl]pentanoate",
                "source": "ChemAxon"
            },
            {
                "kind": "Molecular Weight",
                "value": "407.434",
                "source": "ChemAxon"
            },
            {
                "kind": "Monoisotopic Weight",
                "value": "407.170587564",
                "source": "ChemAxon"
            },
            {
                "kind": "SMILES",
                "value": "CC1=CC=C(O1)C1=C2N=NN(CC3=CC=CC(CO[C@H]4CCOC4)=N3)C2=NC(N)=N1",
                "source": "ChemAxon"
            },
            {
                "kind": "Molecular Formula",
                "value": "C20H21N7O3",
                "source": "ChemAxon"
            },
            {
                "kind": "InChI",
                "value": "InChI=1S/C20H21N7O3/c1-12-5-6-16(30-12)17-18-19(24-20(21)23-17)27(26-25-18)9-13-3-2-4-14(22-13)10-29-15-7-8-28-11-15/h2-6,15H,7-11H2,1H3,(H2,21,23,24)/t15-/m0/s1",
                "source": "ChemAxon"
            },
            {
                "kind": "InChIKey",
                "value": "KURQKNMKCGYWRJ-HNNXBMFYSA-N",
                "source": "ChemAxon"
            },
            {
                "kind": "Polar Surface Area (PSA)",
                "value": "127",
                "source": "ChemAxon"
            },
            {
                "kind": "Refractivity",
                "value": "119.43",
                "source": "ChemAxon"
            },
            {
                "kind": "Polarizability",
                "value": "42.93",
                "source": "ChemAxon"
            },
            {
                "kind": "Rotatable Bond Count",
                "value": "6",
                "source": "ChemAxon"
            },
            {
                "kind": "H Bond Acceptor Count",
                "value": "8",
                "source": "ChemAxon"
            },
            {
                "kind": "H Bond Donor Count",
                "value": "1",
                "source": "ChemAxon"
            },
            {
                "kind": "pKa (strongest acidic)",
                "value": "15.76",
                "source": "ChemAxon"
            },
            {
                "kind": "pKa (strongest basic)",
                "value": "3.14",
                "source": "ChemAxon"
            },
            {
                "kind": "Physiological Charge",
                "value": "0",
                "source": "ChemAxon"
            },
            {
                "kind": "Number of Rings",
                "value": "5",
                "source": "ChemAxon"
            },
            {
                "kind": "Bioavailability",
                "value": "1",
                "source": "ChemAxon"
            },
            {
                "kind": "Rule of Five",
                "value": "1",
                "source": "ChemAxon"
            },
            {
                "kind": "Ghose Filter",
                "value": "1",
                "source": "ChemAxon"
            },
            {
                "kind": "MDDR-Like Rule",
                "value": "1",
                "source": "ChemAxon"
            }
        ]
    },
    "experimental-properties": null,
    "external-identifiers": {
        "external-identifier": [
            {
                "resource": "ChemSpider",
                "identifier": "67896526"
            },
            {
                "resource": "ChEMBL",
                "identifier": "CHEMBL4297184"
            }
        ]
    },
    "external-links": null,
    "pathways": null,
    "reactions": null,
    "snp-effects": null,
    "snp-adverse-drug-reactions": null,
    "targets": null,
    "enzymes": null,
    "carriers": null,
    "transporters": null
}