{
    "type": "biotech",
    "created": "2021-01-18",
    "updated": "2021-01-18",
    "drugbank-id": [
        {
            "primary": true,
            "value": "DB16443"
        }
    ],
    "name": "Recombinant SARS-CoV-2 Vaccine (Sf9 Cell)",
    "description": "The Recombinant SARS-CoV-2 Vaccine was created by inserting genes of the SARS-CoV-2 spike protein’s receptor-binding domain into a baculovirus expression system[F4738, A226853]. In pre-clinical trial testing on mice, rabbits, and non-human primates, the candidate was able to induce a functional antibody response within 7-14 days of initial injection[A226853]. It also provided protection in non-human primates to an in vivo challenge with SARS-CoV-2[A226853]. These promising results have secured a Phase I trial (NCT04530656) to evaluate the safety, efficacy, and immunogenicity in healthy Chinese participants.",
    "cas-number": null,
    "unii": null,
    "groups": {
        "group": [
            "investigational"
        ]
    },
    "general-references": {
        "articles": {
            "article": [
                {
                    "ref-id": "A226853",
                    "pubmed-id": "32726802",
                    "citation": "Yang J, Wang W, Chen Z, Lu S, Yang F, Bi Z, Bao L, Mo F, Li X, Huang Y, Hong W, Yang Y, Zhao Y, Ye F, Lin S, Deng W, Chen H, Lei H, Zhang Z, Luo M, Gao H, Zheng Y, Gong Y, Jiang X, Xu Y, Lv Q, Li D, Wang M, Li F, Wang S, Wang G, Yu P, Qu Y, Yang L, Deng H, Tong A, Li J, Wang Z, Yang J, Shen G, Zhao Z, Li Y, Luo J, Liu H, Yu W, Yang M, Xu J, Wang J, Li H, Wang H, Kuang D, Lin P, Hu Z, Guo W, Cheng W, He Y, Song X, Chen C, Xue Z, Yao S, Chen L, Ma X, Chen S, Gou M, Huang W, Wang Y, Fan C, Tian Z, Shi M, Wang FS, Dai L, Wu M, Li G, Wang G, Peng Y, Qian Z, Huang C, Lau JY, Yang Z, Wei Y, Cen X, Peng X, Qin C, Zhang K, Lu G, Wei X: A vaccine targeting the RBD of the S protein of SARS-CoV-2 induces protective immunity. Nature. 2020 Oct;586(7830):572-577. doi: 10.1038/s41586-020-2599-8. Epub 2020 Jul 29."
                }
            ]
        },
        "textbooks": null,
        "links": null,
        "attachments": {
            "attachment": [
                {
                    "ref-id": "F4738",
                    "title": "National Health Commission of the People's Republic of China: COVID-19 vaccine candidate produced from insect cells to enter human trials",
                    "url": "//s3-us-west-2.amazonaws.com/drugbank/cite_this/attachments/files/000/004/738/original/National_Health_Commission_of_the_People's_Republic_of_China-_COVID-19_vaccine_candidate_produced_from_insect_cells_to_enter_human_trials.pdf?1610986014"
                }
            ]
        }
    },
    "synthesis-reference": null,
    "indication": null,
    "pharmacodynamics": null,
    "mechanism-of-action": null,
    "toxicity": null,
    "metabolism": null,
    "absorption": null,
    "half-life": null,
    "protein-binding": null,
    "route-of-elimination": null,
    "volume-of-distribution": null,
    "clearance": null,
    "salts": null,
    "synonyms": null,
    "products": null,
    "international-brands": null,
    "mixtures": null,
    "packagers": null,
    "manufacturers": null,
    "prices": null,
    "categories": null,
    "affected-organisms": null,
    "dosages": null,
    "atc-codes": null,
    "ahfs-codes": null,
    "pdb-entries": null,
    "patents": null,
    "food-interactions": null,
    "drug-interactions": null,
    "sequences": null,
    "experimental-properties": null,
    "external-identifiers": null,
    "external-links": null,
    "pathways": null,
    "reactions": null,
    "snp-effects": null,
    "snp-adverse-drug-reactions": null,
    "targets": null,
    "enzymes": null,
    "carriers": null,
    "transporters": null
}