{
    "type": "biotech",
    "created": "2020-12-18",
    "updated": "2020-12-20",
    "drugbank-id": [
        {
            "primary": true,
            "value": "DB16366"
        }
    ],
    "name": "F-652",
    "description": "F-652 is a recombinant IL-22-Fc fusion protein manufactured in Chinese hamster ovary cells that is composed of 2 human interleukin 22 (IL-22) molecules linked to an immunoglobulin constant region (IgG2-Fc).[A225706, L27661] It is being developed by Evive Biotech (previously known as Generon BioMed Inc).[L27666]",
    "cas-number": null,
    "unii": "ZQ9E6EX2JE",
    "groups": {
        "group": [
            "investigational"
        ]
    },
    "general-references": {
        "articles": {
            "article": [
                {
                    "ref-id": "A225706",
                    "pubmed-id": "29670279",
                    "citation": "Tang KY, Lickliter J, Huang ZH, Xian ZS, Chen HY, Huang C, Xiao C, Wang YP, Tan Y, Xu LF, Huang YL, Yan XQ: Safety, pharmacokinetics, and biomarkers of F-652, a recombinant human interleukin-22 dimer, in healthy subjects. Cell Mol Immunol. 2019 May;16(5):473-482. doi: 10.1038/s41423-018-0029-8. Epub 2018 Apr 18."
                }
            ]
        },
        "textbooks": null,
        "links": {
            "link": [
                {
                    "ref-id": "L27661",
                    "title": "Evive Biotech: F-652",
                    "url": "https://www.evivebiotech.com/pipeline/pipeline-f-652/"
                },
                {
                    "ref-id": "L27666",
                    "title": "BioSpectrum: Evive Biotech unveiled as the new corporate brand for Generon Biomed",
                    "url": "https://www.biospectrumasia.com/news/48/16180/evive-biotech-unveiled-as-the-new-corporate-brand-for-generon-biomed.html"
                }
            ]
        },
        "attachments": null
    },
    "synthesis-reference": null,
    "indication": null,
    "pharmacodynamics": null,
    "mechanism-of-action": "F-652 incorporates human interleukin 22’s (IL-22) natural epithelial cell growth-promoting activity as IL-22 plays critical roles in promoting tissue repair and suppressing bacterial infection.[A225706, L27661] F-652 is currently being investigated against acute graft vs host disease, acute alcoholic hepatitis, inflammatory diseases, organ injuries, eventual fatal organ failures, and COVID-19.",
    "toxicity": null,
    "metabolism": null,
    "absorption": null,
    "half-life": null,
    "protein-binding": null,
    "route-of-elimination": null,
    "volume-of-distribution": null,
    "clearance": null,
    "classification": {
        "description": null,
        "direct-parent": "Peptides",
        "kingdom": "Organic Compounds",
        "superclass": "Organic Acids",
        "class": "Carboxylic Acids and Derivatives",
        "subclass": "Amino Acids, Peptides, and Analogues"
    },
    "salts": null,
    "synonyms": {
        "synonym": [
            {
                "language": "english",
                "coder": "",
                "value": "IL-22 fusion protein"
            }
        ]
    },
    "products": null,
    "international-brands": null,
    "mixtures": null,
    "packagers": null,
    "manufacturers": null,
    "prices": null,
    "categories": null,
    "affected-organisms": null,
    "dosages": null,
    "atc-codes": null,
    "ahfs-codes": null,
    "pdb-entries": null,
    "patents": null,
    "food-interactions": null,
    "drug-interactions": null,
    "sequences": null,
    "experimental-properties": null,
    "external-identifiers": null,
    "external-links": null,
    "pathways": null,
    "reactions": null,
    "snp-effects": null,
    "snp-adverse-drug-reactions": null,
    "targets": null,
    "enzymes": null,
    "carriers": null,
    "transporters": null
}