{
    "type": "small molecule",
    "created": "2020-12-15",
    "updated": "2020-12-20",
    "drugbank-id": [
        {
            "primary": true,
            "value": "DB16187"
        }
    ],
    "name": "C-peptide",
    "description": "C-peptide is under investigation in clinical trial NCT00278980 (Effect of C-peptide on Diabetic Peripheral Neuropathy).",
    "cas-number": "59112-80-0",
    "unii": "O2J76Y002M",
    "average-mass": 3020.304,
    "monoisotopic-mass": 3018.514573694,
    "groups": {
        "group": [
            "investigational"
        ]
    },
    "general-references": {
        "articles": null,
        "textbooks": null,
        "links": null,
        "attachments": null
    },
    "synthesis-reference": null,
    "indication": null,
    "pharmacodynamics": null,
    "mechanism-of-action": null,
    "toxicity": null,
    "metabolism": null,
    "absorption": null,
    "half-life": null,
    "protein-binding": null,
    "route-of-elimination": null,
    "volume-of-distribution": null,
    "clearance": null,
    "salts": null,
    "synonyms": {
        "synonym": [
            {
                "language": "english",
                "coder": "",
                "value": "C-peptide"
            },
            {
                "language": "english",
                "coder": "",
                "value": "Human c-peptide"
            },
            {
                "language": "english",
                "coder": "",
                "value": "Human proinsulin c-peptide"
            },
            {
                "language": "english",
                "coder": "",
                "value": "Insulin c-peptide"
            },
            {
                "language": "english",
                "coder": "",
                "value": "Proinsulin c-peptide"
            },
            {
                "language": "english",
                "coder": "",
                "value": "Proinsulin c-peptide (human)"
            }
        ]
    },
    "products": null,
    "international-brands": null,
    "mixtures": null,
    "packagers": null,
    "manufacturers": null,
    "prices": null,
    "categories": {
        "category": [
            {
                "category": "Amino Acids, Peptides, and Proteins",
                "mesh-id": "D000602"
            },
            {
                "category": "Blood Glucose Lowering Agents",
                "mesh-id": "D007004"
            },
            {
                "category": "Hormones",
                "mesh-id": "D006728"
            },
            {
                "category": "Hormones, Hormone Substitutes, and Hormone Antagonists",
                "mesh-id": "D006730"
            },
            {
                "category": "Insulin",
                "mesh-id": "D007328"
            },
            {
                "category": "Pancreatic Hormones",
                "mesh-id": "D010187"
            },
            {
                "category": "Peptide Hormones",
                "mesh-id": "D036361"
            },
            {
                "category": "Peptides",
                "mesh-id": "D010455"
            }
        ]
    },
    "affected-organisms": null,
    "dosages": null,
    "atc-codes": null,
    "ahfs-codes": null,
    "pdb-entries": null,
    "patents": null,
    "food-interactions": null,
    "drug-interactions": null,
    "calculated-properties": {
        "property": [
            {
                "kind": "logP",
                "value": "-1.2",
                "source": "ALOGPS"
            },
            {
                "kind": "logS",
                "value": "-4.4",
                "source": "ALOGPS"
            },
            {
                "kind": "Water Solubility",
                "value": "1.25e-01 g/l",
                "source": "ALOGPS"
            },
            {
                "kind": "logP",
                "value": "-22",
                "source": "ChemAxon"
            },
            {
                "kind": "IUPAC Name",
                "value": "(4S)-4-[(2S)-2-[(2S)-2-{2-[(2S)-2-[(2S)-2-[(2S)-2-[(2S)-2-[(2S)-2-[(2S)-2-[(2S)-2-amino-4-carboxybutanamido]propanamido]-4-carboxybutanamido]-3-carboxypropanamido]-4-methylpentanamido]-4-carbamoylbutanamido]-3-methylbutanamido]acetamido}-4-carbamoylbutanamido]-3-methylbutanamido]-4-{[(1S)-1-[({[({2-[(2S)-2-[({[(1S)-1-[({[(1S)-1-{[(1S)-1-{[(2S)-4-carbamoyl-1-[(2S)-2-{[(1S)-1-{[(1S)-1-{[(1S)-1-{[(1S)-1-[({[(1S)-1-{[(1S)-1-{[(1S)-3-carbamoyl-1-carboxypropyl]carbamoyl}-3-methylbutyl]carbamoyl}-2-hydroxyethyl]carbamoyl}methyl)carbamoyl]-3-carboxypropyl]carbamoyl}-3-methylbutyl]carbamoyl}ethyl]carbamoyl}-3-methylbutyl]carbamoyl}pyrrolidin-1-yl]-1-oxobutan-2-yl]carbamoyl}-3-methylbutyl]carbamoyl}-2-hydroxyethyl]carbamoyl}methyl)carbamoyl]ethyl]carbamoyl}methyl)carbamoyl]pyrrolidin-1-yl]-2-oxoethyl}carbamoyl)methyl]carbamoyl}methyl)carbamoyl]-3-methylbutyl]carbamoyl}butanoic acid",
                "source": "ChemAxon"
            },
            {
                "kind": "Traditional IUPAC Name",
                "value": "5-({4-[2-(3-methoxyphenyl)-2-oxoethoxy]phenyl}methyl)-1,3-thiazolidine-2,4-dione",
                "source": "ChemAxon"
            },
            {
                "kind": "Molecular Weight",
                "value": "3020.304",
                "source": "ChemAxon"
            },
            {
                "kind": "Monoisotopic Weight",
                "value": "3018.514573694",
                "source": "ChemAxon"
            },
            {
                "kind": "SMILES",
                "value": "CC(C)C[C@H](NC(=O)[C@H](CCC(O)=O)NC(=O)[C@@H](NC(=O)[C@H](CCC(N)=O)NC(=O)CNC(=O)[C@@H](NC(=O)[C@H](CCC(N)=O)NC(=O)[C@H](CC(C)C)NC(=O)[C@H](CC(O)=O)NC(=O)[C@H](CCC(O)=O)NC(=O)[C@H](C)NC(=O)[C@@H](N)CCC(O)=O)C(C)C)C(C)C)C(=O)NCC(=O)NCC(=O)NCC(=O)N1CCC[C@H]1C(=O)NCC(=O)N[C@@H](C)C(=O)NCC(=O)N[C@@H](CO)C(=O)N[C@@H](CC(C)C)C(=O)N[C@@H](CCC(N)=O)C(=O)N1CCC[C@H]1C(=O)N[C@@H](CC(C)C)C(=O)N[C@@H](C)C(=O)N[C@@H](CC(C)C)C(=O)N[C@@H](CCC(O)=O)C(=O)NCC(=O)N[C@@H](CO)C(=O)N[C@@H](CC(C)C)C(=O)N[C@@H](CCC(N)=O)C(O)=O",
                "source": "ChemAxon"
            },
            {
                "kind": "Molecular Formula",
                "value": "C129H211N35O48",
                "source": "ChemAxon"
            },
            {
                "kind": "InChI",
                "value": "InChI=1S/C129H211N35O48/c1-58(2)42-77(155-113(195)74(31-39-102(184)185)151-127(209)105(65(15)16)162-114(196)71(25-32-88(131)167)145-95(174)54-141-126(208)104(64(13)14)161-115(197)72(26-33-89(132)168)150-118(200)80(45-61(7)8)156-121(203)83(48-103(186)187)159-112(194)73(30-38-101(182)183)148-107(189)67(18)143-109(191)69(130)24-36-99(178)179)111(193)138-50-93(172)135-49-92(171)136-55-98(177)163-40-20-22-86(163)124(206)140-51-94(173)142-66(17)106(188)137-52-96(175)146-84(56-165)122(204)157-81(46-62(9)10)119(201)152-75(27-34-90(133)169)128(210)164-41-21-23-87(164)125(207)160-78(43-59(3)4)116(198)144-68(19)108(190)154-79(44-60(5)6)117(199)149-70(29-37-100(180)181)110(192)139-53-97(176)147-85(57-166)123(205)158-82(47-63(11)12)120(202)153-76(129(211)212)28-35-91(134)170/h58-87,104-105,165-166H,20-57,130H2,1-19H3,(H2,131,167)(H2,132,168)(H2,133,169)(H2,134,170)(H,135,172)(H,136,171)(H,137,188)(H,138,193)(H,139,192)(H,140,206)(H,141,208)(H,142,173)(H,143,191)(H,144,198)(H,145,174)(H,146,175)(H,147,176)(H,148,189)(H,149,199)(H,150,200)(H,151,209)(H,152,201)(H,153,202)(H,154,190)(H,155,195)(H,156,203)(H,157,204)(H,158,205)(H,159,194)(H,160,207)(H,161,197)(H,162,196)(H,178,179)(H,180,181)(H,182,183)(H,184,185)(H,186,187)(H,211,212)/t66-,67-,68-,69-,70-,71-,72-,73-,74-,75-,76-,77-,78-,79-,80-,81-,82-,83-,84-,85-,86-,87-,104-,105-/m0/s1",
                "source": "ChemAxon"
            },
            {
                "kind": "InChIKey",
                "value": "VOUAQYXWVJDEQY-QENPJCQMSA-N",
                "source": "ChemAxon"
            },
            {
                "kind": "Polar Surface Area (PSA)",
                "value": "1318.06",
                "source": "ChemAxon"
            },
            {
                "kind": "Refractivity",
                "value": "726.11",
                "source": "ChemAxon"
            },
            {
                "kind": "Polarizability",
                "value": "304.89",
                "source": "ChemAxon"
            },
            {
                "kind": "Rotatable Bond Count",
                "value": "101",
                "source": "ChemAxon"
            },
            {
                "kind": "H Bond Acceptor Count",
                "value": "49",
                "source": "ChemAxon"
            },
            {
                "kind": "H Bond Donor Count",
                "value": "41",
                "source": "ChemAxon"
            },
            {
                "kind": "pKa (strongest acidic)",
                "value": "2.86",
                "source": "ChemAxon"
            },
            {
                "kind": "pKa (strongest basic)",
                "value": "8.15",
                "source": "ChemAxon"
            },
            {
                "kind": "Physiological Charge",
                "value": "-5",
                "source": "ChemAxon"
            },
            {
                "kind": "Number of Rings",
                "value": "2",
                "source": "ChemAxon"
            },
            {
                "kind": "Bioavailability",
                "value": "0",
                "source": "ChemAxon"
            },
            {
                "kind": "Rule of Five",
                "value": "0",
                "source": "ChemAxon"
            },
            {
                "kind": "Ghose Filter",
                "value": "0",
                "source": "ChemAxon"
            },
            {
                "kind": "MDDR-Like Rule",
                "value": "0",
                "source": "ChemAxon"
            }
        ]
    },
    "experimental-properties": null,
    "external-identifiers": {
        "external-identifier": [
            {
                "resource": "ChemSpider",
                "identifier": "17314142"
            },
            {
                "resource": "Wikipedia",
                "identifier": "C-peptide"
            }
        ]
    },
    "external-links": null,
    "pathways": null,
    "reactions": null,
    "snp-effects": null,
    "snp-adverse-drug-reactions": null,
    "targets": null,
    "enzymes": null,
    "carriers": null,
    "transporters": null
}