{
    "type": "biotech",
    "created": "2021-01-13",
    "updated": "2021-01-16",
    "drugbank-id": [
        {
            "primary": true,
            "value": "DB16427"
        }
    ],
    "name": "SARS-CoV-2 vaccine",
    "description": "SARS-CoV-2 vaccine is an adjuvanted recombinant protein-based COVID-19 vaccine candidate being developed collaboratively by GlaxoSmithKline (GSK) and Sanofi[L30405, \tL30410, L30415]. This vaccine candidate is composed of a spike protein antigen which aims to stimulate immune system production of antibodies against SARS-CoV-2; it uses technology previously employed for a recombinant influenza vaccine[L30405].",
    "cas-number": null,
    "unii": null,
    "groups": {
        "group": [
            "investigational"
        ]
    },
    "general-references": {
        "articles": null,
        "textbooks": null,
        "links": {
            "link": [
                {
                    "ref-id": "L30405",
                    "title": "Sanofi: Sanofi’s Two Vaccine Candidates against COVID-19",
                    "url": "https://www.sanofi.com/en/about-us/our-stories/sanofi-s-response-in-the-fight-against-covid-19"
                },
                {
                    "ref-id": "L30410",
                    "title": "Sanofi: Sanofi and GSK announce a delay in their adjuvanted recombinant protein-based COVID-19 vaccine program to improve immune response in the elderly",
                    "url": "https://www.sanofi.com/en/media-room/press-releases/2020/2020-12-11-07-00-00"
                },
                {
                    "ref-id": "L30415",
                    "title": "GSK: Our pipeline",
                    "url": "https://www.gsk.com/en-gb/research-and-development/our-pipeline/?vaccines"
                }
            ]
        },
        "attachments": null
    },
    "synthesis-reference": null,
    "indication": null,
    "pharmacodynamics": null,
    "mechanism-of-action": null,
    "toxicity": null,
    "metabolism": null,
    "absorption": null,
    "half-life": null,
    "protein-binding": null,
    "route-of-elimination": null,
    "volume-of-distribution": null,
    "clearance": null,
    "salts": null,
    "synonyms": null,
    "products": null,
    "international-brands": null,
    "mixtures": null,
    "packagers": null,
    "manufacturers": null,
    "prices": null,
    "categories": {
        "category": [
            {
                "category": "Biological Products",
                "mesh-id": "D001688"
            },
            {
                "category": "Complex Mixtures",
                "mesh-id": "D045424"
            },
            {
                "category": "Vaccines",
                "mesh-id": "D014612"
            },
            {
                "category": "Viral Vaccines",
                "mesh-id": "D014765"
            }
        ]
    },
    "affected-organisms": null,
    "dosages": null,
    "atc-codes": null,
    "ahfs-codes": null,
    "pdb-entries": null,
    "patents": null,
    "food-interactions": null,
    "drug-interactions": null,
    "sequences": null,
    "experimental-properties": null,
    "external-identifiers": {
        "external-identifier": [
            {
                "resource": "Wikipedia",
                "identifier": "COVID-19_vaccine"
            }
        ]
    },
    "external-links": null,
    "pathways": null,
    "reactions": null,
    "snp-effects": null,
    "snp-adverse-drug-reactions": null,
    "targets": null,
    "enzymes": null,
    "carriers": null,
    "transporters": null
}