{
    "type": "small molecule",
    "created": "2020-12-15",
    "updated": "2020-12-20",
    "drugbank-id": [
        {
            "primary": true,
            "value": "DB16184"
        }
    ],
    "name": "Hetrombopag",
    "description": "Hetrombopag is under investigation in clinical trial NCT03976882 (Hetrombopag for the Treatment of Chemotherapy-induced Thrombocytopenia in Subjects With Malignancy.).",
    "cas-number": "1257792-41-8",
    "unii": "9WGT51BDDL",
    "average-mass": 458.474,
    "monoisotopic-mass": 458.159019824,
    "groups": {
        "group": [
            "investigational"
        ]
    },
    "general-references": {
        "articles": null,
        "textbooks": null,
        "links": null,
        "attachments": null
    },
    "synthesis-reference": null,
    "indication": null,
    "pharmacodynamics": null,
    "mechanism-of-action": null,
    "toxicity": null,
    "metabolism": null,
    "absorption": null,
    "half-life": null,
    "protein-binding": null,
    "route-of-elimination": null,
    "volume-of-distribution": null,
    "clearance": null,
    "salts": null,
    "synonyms": null,
    "products": null,
    "international-brands": null,
    "mixtures": null,
    "packagers": null,
    "manufacturers": null,
    "prices": null,
    "categories": {
        "category": [
            {
                "category": "Hydrazines",
                "mesh-id": "D006834"
            },
            {
                "category": "Pyrazoles",
                "mesh-id": "D011720"
            }
        ]
    },
    "affected-organisms": null,
    "dosages": null,
    "atc-codes": null,
    "ahfs-codes": null,
    "pdb-entries": null,
    "patents": null,
    "food-interactions": null,
    "drug-interactions": null,
    "calculated-properties": {
        "property": [
            {
                "kind": "logP",
                "value": "4.03",
                "source": "ALOGPS"
            },
            {
                "kind": "logS",
                "value": "-3.9",
                "source": "ALOGPS"
            },
            {
                "kind": "Water Solubility",
                "value": "5.28e-02 g/l",
                "source": "ALOGPS"
            },
            {
                "kind": "logP",
                "value": "5.43",
                "source": "ChemAxon"
            },
            {
                "kind": "IUPAC Name",
                "value": "5-(2-hydroxy-3-{2-[(4Z)-3-methyl-5-oxo-1-(5,6,7,8-tetrahydronaphthalen-2-yl)-4,5-dihydro-1H-pyrazol-4-ylidene]hydrazin-1-yl}phenyl)furan-2-carboxylic acid",
                "source": "ChemAxon"
            },
            {
                "kind": "Traditional IUPAC Name",
                "value": "2-methoxy-4-[(1E)-3-[4-(nitrooxy)butoxy]-3-oxoprop-1-en-1-yl]phenyl (4R)-4-[(1R,3aS,3bR,4S,5aS,7R,9aS,9bS,11aR)-4,7-dihydroxy-9a,11a-dimethyl-tetradecahydro-1H-cyclopenta[a]phenanthren-1-yl]pentanoate",
                "source": "ChemAxon"
            },
            {
                "kind": "Molecular Weight",
                "value": "458.474",
                "source": "ChemAxon"
            },
            {
                "kind": "Monoisotopic Weight",
                "value": "458.159019824",
                "source": "ChemAxon"
            },
            {
                "kind": "SMILES",
                "value": "CC1=NN(C(=O)\\C1=N/NC1=C(O)C(=CC=C1)C1=CC=C(O1)C(O)=O)C1=CC=C2CCCCC2=C1",
                "source": "ChemAxon"
            },
            {
                "kind": "Molecular Formula",
                "value": "C25H22N4O5",
                "source": "ChemAxon"
            },
            {
                "kind": "InChI",
                "value": "InChI=1S/C25H22N4O5/c1-14-22(24(31)29(28-14)17-10-9-15-5-2-3-6-16(15)13-17)27-26-19-8-4-7-18(23(19)30)20-11-12-21(34-20)25(32)33/h4,7-13,26,30H,2-3,5-6H2,1H3,(H,32,33)/b27-22-",
                "source": "ChemAxon"
            },
            {
                "kind": "InChIKey",
                "value": "BDGGFTDRPHKXFC-QYQHSDTDSA-N",
                "source": "ChemAxon"
            },
            {
                "kind": "Polar Surface Area (PSA)",
                "value": "127.73",
                "source": "ChemAxon"
            },
            {
                "kind": "Refractivity",
                "value": "126.15",
                "source": "ChemAxon"
            },
            {
                "kind": "Polarizability",
                "value": "49.15",
                "source": "ChemAxon"
            },
            {
                "kind": "Rotatable Bond Count",
                "value": "5",
                "source": "ChemAxon"
            },
            {
                "kind": "H Bond Acceptor Count",
                "value": "7",
                "source": "ChemAxon"
            },
            {
                "kind": "H Bond Donor Count",
                "value": "3",
                "source": "ChemAxon"
            },
            {
                "kind": "pKa (strongest acidic)",
                "value": "3.13",
                "source": "ChemAxon"
            },
            {
                "kind": "pKa (strongest basic)",
                "value": "-0.35",
                "source": "ChemAxon"
            },
            {
                "kind": "Physiological Charge",
                "value": "-2",
                "source": "ChemAxon"
            },
            {
                "kind": "Number of Rings",
                "value": "5",
                "source": "ChemAxon"
            },
            {
                "kind": "Bioavailability",
                "value": "1",
                "source": "ChemAxon"
            },
            {
                "kind": "Rule of Five",
                "value": "0",
                "source": "ChemAxon"
            },
            {
                "kind": "Ghose Filter",
                "value": "1",
                "source": "ChemAxon"
            },
            {
                "kind": "MDDR-Like Rule",
                "value": "0",
                "source": "ChemAxon"
            }
        ]
    },
    "experimental-properties": null,
    "external-identifiers": {
        "external-identifier": [
            {
                "resource": "ChemSpider",
                "identifier": "52084807"
            }
        ]
    },
    "external-links": null,
    "pathways": null,
    "reactions": null,
    "snp-effects": null,
    "snp-adverse-drug-reactions": null,
    "targets": null,
    "enzymes": null,
    "carriers": null,
    "transporters": null
}