{
    "type": "small molecule",
    "created": "2020-12-15",
    "updated": "2021-02-21",
    "drugbank-id": [
        {
            "primary": true,
            "value": "DB16148"
        }
    ],
    "name": "Ecraprost",
    "description": "Ecraprost is under investigation in clinical trial NCT00059657 (Efficacy/safety of Ecraprost in Lipid Emulsion for Treatment of Critical Leg Ischemia Due to Peripheral Arterial Disease).",
    "cas-number": "136892-64-3",
    "unii": "Q2XM6VR8DO",
    "average-mass": 480.686,
    "monoisotopic-mass": 480.345089266,
    "groups": {
        "group": [
            "investigational"
        ]
    },
    "general-references": {
        "articles": null,
        "textbooks": null,
        "links": null,
        "attachments": null
    },
    "synthesis-reference": null,
    "indication": null,
    "pharmacodynamics": null,
    "mechanism-of-action": null,
    "toxicity": null,
    "metabolism": null,
    "absorption": null,
    "half-life": null,
    "protein-binding": null,
    "route-of-elimination": null,
    "volume-of-distribution": null,
    "clearance": null,
    "salts": null,
    "synonyms": {
        "synonym": [
            {
                "language": "english",
                "coder": "",
                "value": "Circulase"
            },
            {
                "language": "english",
                "coder": "inn/usan",
                "value": "Ecraprost"
            }
        ]
    },
    "products": null,
    "international-brands": null,
    "mixtures": null,
    "packagers": null,
    "manufacturers": null,
    "prices": null,
    "categories": {
        "category": [
            {
                "category": "Autacoids",
                "mesh-id": "D012898"
            },
            {
                "category": "Biological Factors",
                "mesh-id": "D001685"
            },
            {
                "category": "Eicosanoids",
                "mesh-id": "D015777"
            },
            {
                "category": "Fatty Acids",
                "mesh-id": "D005227"
            },
            {
                "category": "Fatty Acids, Unsaturated",
                "mesh-id": "D005231"
            },
            {
                "category": "Inflammation Mediators",
                "mesh-id": "D018836"
            },
            {
                "category": "Lipids",
                "mesh-id": "D008055"
            },
            {
                "category": "Prostaglandins",
                "mesh-id": "D011453"
            }
        ]
    },
    "affected-organisms": null,
    "dosages": null,
    "atc-codes": null,
    "ahfs-codes": null,
    "pdb-entries": null,
    "patents": null,
    "food-interactions": null,
    "drug-interactions": null,
    "calculated-properties": {
        "property": [
            {
                "kind": "logP",
                "value": "5.76",
                "source": "ALOGPS"
            },
            {
                "kind": "logS",
                "value": "-5.3",
                "source": "ALOGPS"
            },
            {
                "kind": "Water Solubility",
                "value": "2.66e-03 g/l",
                "source": "ALOGPS"
            },
            {
                "kind": "logP",
                "value": "5.58",
                "source": "ChemAxon"
            },
            {
                "kind": "IUPAC Name",
                "value": "butyl 7-[(4R,5R)-2-(butanoyloxy)-4-hydroxy-5-[(1E,3S)-3-hydroxyoct-1-en-1-yl]cyclopent-1-en-1-yl]heptanoate",
                "source": "ChemAxon"
            },
            {
                "kind": "Traditional IUPAC Name",
                "value": "5-({4-[2-(3-methoxyphenyl)-2-oxoethoxy]phenyl}methyl)-1,3-thiazolidine-2,4-dione",
                "source": "ChemAxon"
            },
            {
                "kind": "Molecular Weight",
                "value": "480.686",
                "source": "ChemAxon"
            },
            {
                "kind": "Monoisotopic Weight",
                "value": "480.345089266",
                "source": "ChemAxon"
            },
            {
                "kind": "SMILES",
                "value": "CCCCC[C@H](O)\\C=C\\[C@H]1[C@H](O)CC(OC(=O)CCC)=C1CCCCCCC(=O)OCCCC",
                "source": "ChemAxon"
            },
            {
                "kind": "Molecular Formula",
                "value": "C28H48O6",
                "source": "ChemAxon"
            },
            {
                "kind": "InChI",
                "value": "InChI=1S/C28H48O6/c1-4-7-11-15-22(29)18-19-23-24(26(21-25(23)30)34-28(32)14-6-3)16-12-9-10-13-17-27(31)33-20-8-5-2/h18-19,22-23,25,29-30H,4-17,20-21H2,1-3H3/b19-18+/t22-,23+,25+/m0/s1",
                "source": "ChemAxon"
            },
            {
                "kind": "InChIKey",
                "value": "HITYEEHTEOQBAC-OSIGYOHNSA-N",
                "source": "ChemAxon"
            },
            {
                "kind": "Polar Surface Area (PSA)",
                "value": "93.06",
                "source": "ChemAxon"
            },
            {
                "kind": "Refractivity",
                "value": "137.68",
                "source": "ChemAxon"
            },
            {
                "kind": "Polarizability",
                "value": "58.55",
                "source": "ChemAxon"
            },
            {
                "kind": "Rotatable Bond Count",
                "value": "21",
                "source": "ChemAxon"
            },
            {
                "kind": "H Bond Acceptor Count",
                "value": "4",
                "source": "ChemAxon"
            },
            {
                "kind": "H Bond Donor Count",
                "value": "2",
                "source": "ChemAxon"
            },
            {
                "kind": "pKa (strongest acidic)",
                "value": "14.68",
                "source": "ChemAxon"
            },
            {
                "kind": "pKa (strongest basic)",
                "value": "-1.6",
                "source": "ChemAxon"
            },
            {
                "kind": "Physiological Charge",
                "value": "0",
                "source": "ChemAxon"
            },
            {
                "kind": "Number of Rings",
                "value": "1",
                "source": "ChemAxon"
            },
            {
                "kind": "Bioavailability",
                "value": "0",
                "source": "ChemAxon"
            },
            {
                "kind": "Rule of Five",
                "value": "0",
                "source": "ChemAxon"
            },
            {
                "kind": "Ghose Filter",
                "value": "0",
                "source": "ChemAxon"
            },
            {
                "kind": "MDDR-Like Rule",
                "value": "0",
                "source": "ChemAxon"
            }
        ]
    },
    "experimental-properties": null,
    "external-identifiers": {
        "external-identifier": [
            {
                "resource": "ChemSpider",
                "identifier": "4945759"
            },
            {
                "resource": "ChEMBL",
                "identifier": "CHEMBL2104574"
            },
            {
                "resource": "ZINC",
                "identifier": "ZINC000003780931"
            }
        ]
    },
    "external-links": null,
    "pathways": null,
    "reactions": null,
    "snp-effects": null,
    "snp-adverse-drug-reactions": null,
    "targets": null,
    "enzymes": null,
    "carriers": null,
    "transporters": null
}