{
    "type": "biotech",
    "created": "2021-02-17",
    "updated": "2021-04-30",
    "drugbank-id": [
        {
            "primary": true,
            "value": "DB16613"
        }
    ],
    "name": "Equine collagen",
    "description": null,
    "cas-number": null,
    "unii": "3221SCV0LS",
    "groups": {
        "group": [
            "experimental"
        ]
    },
    "general-references": {
        "articles": null,
        "textbooks": null,
        "links": {
            "link": [
                {
                    "ref-id": "L33494",
                    "title": "BASG: Sulmycin Implant - Schwamm (Equine Collagen, Gentamicin) Intralesional Implant Sponge",
                    "url": "https://aspregister.basg.gv.at/document/servlet?action=show&zulnr=1-20152&type=DOTC_FACH_INFO"
                }
            ]
        },
        "attachments": null
    },
    "synthesis-reference": null,
    "indication": null,
    "pharmacodynamics": null,
    "mechanism-of-action": null,
    "toxicity": null,
    "metabolism": null,
    "absorption": null,
    "half-life": null,
    "protein-binding": null,
    "route-of-elimination": null,
    "volume-of-distribution": null,
    "clearance": null,
    "salts": null,
    "synonyms": {
        "synonym": [
            {
                "language": "english",
                "coder": "",
                "value": "Horse collagen"
            }
        ]
    },
    "products": null,
    "international-brands": null,
    "mixtures": null,
    "packagers": null,
    "manufacturers": null,
    "prices": null,
    "categories": null,
    "affected-organisms": null,
    "dosages": {
        "dosage": [
            {
                "form": "Implant; sponge",
                "route": "Intralesional",
                "strength": null
            }
        ]
    },
    "atc-codes": null,
    "ahfs-codes": null,
    "pdb-entries": null,
    "patents": null,
    "food-interactions": null,
    "drug-interactions": null,
    "sequences": null,
    "experimental-properties": null,
    "external-identifiers": {
        "external-identifier": [
            {
                "resource": "RxCUI",
                "identifier": "1306187"
            }
        ]
    },
    "external-links": null,
    "pathways": null,
    "reactions": null,
    "snp-effects": null,
    "snp-adverse-drug-reactions": null,
    "targets": null,
    "enzymes": null,
    "carriers": null,
    "transporters": null
}