{
    "type": "small molecule",
    "created": "2020-12-15",
    "updated": "2021-02-21",
    "drugbank-id": [
        {
            "primary": true,
            "value": "DB16259"
        }
    ],
    "name": "Nolasiban",
    "description": "Nolasiban is under investigation in clinical trial NCT03081208 (Phase 3 Placebo Controlled Study of Nolasiban to Improve Pregnancy Rates in Women Undergoing IVF/ICSI).",
    "cas-number": "1477482-19-1",
    "unii": "3765U8A1EC",
    "average-mass": 338.407,
    "monoisotopic-mass": 338.163042576,
    "groups": {
        "group": [
            "investigational"
        ]
    },
    "general-references": {
        "articles": null,
        "textbooks": null,
        "links": null,
        "attachments": null
    },
    "synthesis-reference": null,
    "indication": null,
    "pharmacodynamics": null,
    "mechanism-of-action": null,
    "toxicity": null,
    "metabolism": null,
    "absorption": null,
    "half-life": null,
    "protein-binding": null,
    "route-of-elimination": null,
    "volume-of-distribution": null,
    "clearance": null,
    "salts": null,
    "synonyms": {
        "synonym": [
            {
                "language": "english",
                "coder": "",
                "value": "Erlosiban"
            },
            {
                "language": "english",
                "coder": "inn",
                "value": "Nolasiban"
            }
        ]
    },
    "products": null,
    "international-brands": null,
    "mixtures": null,
    "packagers": null,
    "manufacturers": null,
    "prices": null,
    "categories": {
        "category": [
            {
                "category": "Amines",
                "mesh-id": "D000588"
            },
            {
                "category": "Hydroxylamines",
                "mesh-id": "D006898"
            }
        ]
    },
    "affected-organisms": null,
    "dosages": null,
    "atc-codes": null,
    "ahfs-codes": null,
    "pdb-entries": null,
    "patents": null,
    "food-interactions": null,
    "drug-interactions": null,
    "calculated-properties": {
        "property": [
            {
                "kind": "logP",
                "value": "2.21",
                "source": "ALOGPS"
            },
            {
                "kind": "logS",
                "value": "-3.9",
                "source": "ALOGPS"
            },
            {
                "kind": "Water Solubility",
                "value": "4.06e-02 g/l",
                "source": "ALOGPS"
            },
            {
                "kind": "logP",
                "value": "2.93",
                "source": "ChemAxon"
            },
            {
                "kind": "IUPAC Name",
                "value": "[(2S,4Z)-4-(methoxyimino)-1-{2'-methyl-[1,1'-biphenyl]-4-carbonyl}pyrrolidin-2-yl]methanol",
                "source": "ChemAxon"
            },
            {
                "kind": "Traditional IUPAC Name",
                "value": "2-methoxy-4-[(1E)-3-[4-(nitrooxy)butoxy]-3-oxoprop-1-en-1-yl]phenyl (4R)-4-[(1R,3aS,3bR,4S,5aS,7R,9aS,9bS,11aR)-4,7-dihydroxy-9a,11a-dimethyl-tetradecahydro-1H-cyclopenta[a]phenanthren-1-yl]pentanoate",
                "source": "ChemAxon"
            },
            {
                "kind": "Molecular Weight",
                "value": "338.407",
                "source": "ChemAxon"
            },
            {
                "kind": "Monoisotopic Weight",
                "value": "338.163042576",
                "source": "ChemAxon"
            },
            {
                "kind": "SMILES",
                "value": "CO\\N=C1\\C[C@@H](CO)N(C1)C(=O)C1=CC=C(C=C1)C1=C(C)C=CC=C1",
                "source": "ChemAxon"
            },
            {
                "kind": "Molecular Formula",
                "value": "C20H22N2O3",
                "source": "ChemAxon"
            },
            {
                "kind": "InChI",
                "value": "InChI=1S/C20H22N2O3/c1-14-5-3-4-6-19(14)15-7-9-16(10-8-15)20(24)22-12-17(21-25-2)11-18(22)13-23/h3-10,18,23H,11-13H2,1-2H3/b21-17-/t18-/m0/s1",
                "source": "ChemAxon"
            },
            {
                "kind": "InChIKey",
                "value": "OLUJSZLBWZWGJT-HGBKYHTQSA-N",
                "source": "ChemAxon"
            },
            {
                "kind": "Polar Surface Area (PSA)",
                "value": "62.13",
                "source": "ChemAxon"
            },
            {
                "kind": "Refractivity",
                "value": "97.15",
                "source": "ChemAxon"
            },
            {
                "kind": "Polarizability",
                "value": "37.99",
                "source": "ChemAxon"
            },
            {
                "kind": "Rotatable Bond Count",
                "value": "4",
                "source": "ChemAxon"
            },
            {
                "kind": "H Bond Acceptor Count",
                "value": "4",
                "source": "ChemAxon"
            },
            {
                "kind": "H Bond Donor Count",
                "value": "1",
                "source": "ChemAxon"
            },
            {
                "kind": "pKa (strongest acidic)",
                "value": "15.08",
                "source": "ChemAxon"
            },
            {
                "kind": "pKa (strongest basic)",
                "value": "2.5",
                "source": "ChemAxon"
            },
            {
                "kind": "Physiological Charge",
                "value": "0",
                "source": "ChemAxon"
            },
            {
                "kind": "Number of Rings",
                "value": "3",
                "source": "ChemAxon"
            },
            {
                "kind": "Bioavailability",
                "value": "1",
                "source": "ChemAxon"
            },
            {
                "kind": "Rule of Five",
                "value": "1",
                "source": "ChemAxon"
            },
            {
                "kind": "Ghose Filter",
                "value": "1",
                "source": "ChemAxon"
            },
            {
                "kind": "MDDR-Like Rule",
                "value": "0",
                "source": "ChemAxon"
            }
        ]
    },
    "experimental-properties": null,
    "external-identifiers": {
        "external-identifier": [
            {
                "resource": "ChemSpider",
                "identifier": "26350515"
            },
            {
                "resource": "ChEMBL",
                "identifier": "CHEMBL1254025"
            },
            {
                "resource": "ZINC",
                "identifier": "ZINC000064491763"
            }
        ]
    },
    "external-links": null,
    "pathways": null,
    "reactions": null,
    "snp-effects": null,
    "snp-adverse-drug-reactions": null,
    "targets": null,
    "enzymes": null,
    "carriers": null,
    "transporters": null
}