{
    "type": "biotech",
    "created": "2020-12-20",
    "updated": "2020-12-20",
    "drugbank-id": [
        {
            "primary": true,
            "value": "DB16369"
        }
    ],
    "name": "Matrix-M",
    "description": "Matrix-M is a saponin-based adjuvant made of nanometer particles, cholesterol, and phospholipid that is developed by Novavax.[L27981] This compound is administered alongside vaccines to enhance biological functions: creating robust and long-lasting immune responses that may allow for dose-sparing of vaccines.",
    "cas-number": null,
    "unii": "YZ7P8Y8ECX",
    "groups": {
        "group": [
            "investigational"
        ]
    },
    "general-references": {
        "articles": null,
        "textbooks": null,
        "links": {
            "link": [
                {
                    "ref-id": "L27981",
                    "title": "Novavax: Novavax addresses urgent global public health needs with innovative technology",
                    "url": "https://www.novavax.com/our-unique-technology"
                }
            ]
        },
        "attachments": null
    },
    "synthesis-reference": null,
    "indication": null,
    "pharmacodynamics": null,
    "mechanism-of-action": "Matrix-M can enhance activated T-cell, B-cell, and antigen-presenting cell populations by inducing the influx of antigen-presenting cells.[L27981] It can also enhance both B-cell immunity and T-cell immunity.",
    "toxicity": null,
    "metabolism": null,
    "absorption": null,
    "half-life": null,
    "protein-binding": null,
    "route-of-elimination": null,
    "volume-of-distribution": null,
    "clearance": null,
    "salts": null,
    "synonyms": {
        "synonym": [
            {
                "language": "english",
                "coder": "",
                "value": "Matrix-M1"
            },
            {
                "language": "english",
                "coder": "",
                "value": "Matrix-M1 Adjuvant"
            }
        ]
    },
    "products": null,
    "international-brands": null,
    "mixtures": null,
    "packagers": null,
    "manufacturers": null,
    "prices": null,
    "categories": {
        "category": [
            {
                "category": "Carbohydrates",
                "mesh-id": "D002241"
            },
            {
                "category": "Glycosides",
                "mesh-id": "D006027"
            },
            {
                "category": "Nanostructures",
                "mesh-id": "D049329"
            }
        ]
    },
    "affected-organisms": null,
    "dosages": null,
    "atc-codes": null,
    "ahfs-codes": null,
    "pdb-entries": null,
    "patents": null,
    "food-interactions": null,
    "drug-interactions": null,
    "sequences": null,
    "experimental-properties": null,
    "external-identifiers": null,
    "external-links": null,
    "pathways": null,
    "reactions": null,
    "snp-effects": null,
    "snp-adverse-drug-reactions": null,
    "targets": null,
    "enzymes": null,
    "carriers": null,
    "transporters": null
}