{
    "type": "biotech",
    "created": "2020-12-15",
    "updated": "2021-02-21",
    "drugbank-id": [
        {
            "primary": true,
            "value": "DB16094"
        }
    ],
    "name": "Antithrombin gamma",
    "description": "Antithrombin gamma is under investigation in clinical trial NCT04182373 (KW-3357 Study in Patients With Early Onset Severe Preeclampsia).",
    "cas-number": "1311281-25-0",
    "unii": "29Y3UO9LWK",
    "groups": {
        "group": [
            "investigational"
        ]
    },
    "general-references": {
        "articles": null,
        "textbooks": null,
        "links": null,
        "attachments": null
    },
    "synthesis-reference": null,
    "indication": null,
    "pharmacodynamics": null,
    "mechanism-of-action": null,
    "toxicity": null,
    "metabolism": null,
    "absorption": null,
    "half-life": null,
    "protein-binding": null,
    "route-of-elimination": null,
    "volume-of-distribution": null,
    "clearance": null,
    "salts": null,
    "synonyms": {
        "synonym": [
            {
                "language": "english",
                "coder": "",
                "value": "Acoalan"
            },
            {
                "language": "english",
                "coder": "",
                "value": "Afucosylated antithrombin"
            },
            {
                "language": "english",
                "coder": "",
                "value": "Antithrombin (human variant kw-3357)"
            },
            {
                "language": "english",
                "coder": "inn/jan",
                "value": "Antithrombin gamma"
            },
            {
                "language": "english",
                "coder": "",
                "value": "Antithrombin gamma (genetical recombination)"
            },
            {
                "language": "english",
                "coder": "",
                "value": "Human antithrombin-iii (atiii, serpin c1) expressed in fucosyl transferase-negative chinese hamster ovary (cho) cells (glycoform gamma)"
            }
        ]
    },
    "products": null,
    "international-brands": null,
    "mixtures": null,
    "packagers": null,
    "manufacturers": null,
    "prices": null,
    "categories": null,
    "affected-organisms": null,
    "dosages": null,
    "atc-codes": null,
    "ahfs-codes": null,
    "pdb-entries": null,
    "patents": null,
    "food-interactions": null,
    "drug-interactions": null,
    "sequences": null,
    "experimental-properties": null,
    "external-identifiers": null,
    "external-links": null,
    "pathways": null,
    "reactions": null,
    "snp-effects": null,
    "snp-adverse-drug-reactions": null,
    "targets": null,
    "enzymes": null,
    "carriers": null,
    "transporters": null
}