{
    "type": "biotech",
    "created": "2020-12-15",
    "updated": "2021-02-21",
    "drugbank-id": [
        {
            "primary": true,
            "value": "DB16269"
        }
    ],
    "name": "Onfekafusp alfa",
    "description": "Onfekafusp alfa is under investigation in clinical trial NCT02938299 (Neoadjuvant L19IL2/L19TNF- Pivotal Study).",
    "cas-number": "1957239-88-1",
    "unii": "6HXC0O6JMV",
    "groups": {
        "group": [
            "investigational"
        ]
    },
    "general-references": {
        "articles": null,
        "textbooks": null,
        "links": null,
        "attachments": null
    },
    "synthesis-reference": null,
    "indication": null,
    "pharmacodynamics": null,
    "mechanism-of-action": null,
    "toxicity": null,
    "metabolism": null,
    "absorption": null,
    "half-life": null,
    "protein-binding": null,
    "route-of-elimination": null,
    "volume-of-distribution": null,
    "clearance": null,
    "salts": null,
    "synonyms": {
        "synonym": [
            {
                "language": "english",
                "coder": "",
                "value": "Daromun component l19tnf"
            },
            {
                "language": "english",
                "coder": "",
                "value": "Fibromun"
            },
            {
                "language": "english",
                "coder": "",
                "value": "Immunoglobulin, anti-(human fibronectin ed-b domain) (synthetic human clone l19 scfv fragment) fusion protein with human tumor necrosis factor .alpha., trimer"
            },
            {
                "language": "english",
                "coder": "inn",
                "value": "Onfekafusp alfa"
            }
        ]
    },
    "products": null,
    "international-brands": null,
    "mixtures": null,
    "packagers": null,
    "manufacturers": null,
    "prices": null,
    "categories": null,
    "affected-organisms": null,
    "dosages": null,
    "atc-codes": null,
    "ahfs-codes": null,
    "pdb-entries": null,
    "patents": null,
    "food-interactions": null,
    "drug-interactions": null,
    "sequences": null,
    "experimental-properties": null,
    "external-identifiers": null,
    "external-links": null,
    "pathways": null,
    "reactions": null,
    "snp-effects": null,
    "snp-adverse-drug-reactions": null,
    "targets": null,
    "enzymes": null,
    "carriers": null,
    "transporters": null
}