{
    "type": "small molecule",
    "created": "2021-02-16",
    "updated": "2021-05-05",
    "drugbank-id": [
        {
            "primary": true,
            "value": "DB16607"
        }
    ],
    "name": "Lithium chloride",
    "description": null,
    "cas-number": "7447-41-8",
    "unii": "G4962QA067",
    "average-mass": 42.39,
    "monoisotopic-mass": 41.9848561,
    "groups": {
        "group": [
            "experimental"
        ]
    },
    "general-references": {
        "articles": null,
        "textbooks": null,
        "links": {
            "link": [
                {
                    "ref-id": "L33519",
                    "title": "BASG: Lithiumchlorid LiDCO 0,15 mmol/ml Injektionslösung (Lithium Chloride) Intravenous Injection",
                    "url": "https://aspregister.basg.gv.at/document/servlet?action=show&zulnr=1-25211&type=DOTC_FACH_INFO"
                }
            ]
        },
        "attachments": null
    },
    "synthesis-reference": null,
    "indication": null,
    "pharmacodynamics": null,
    "mechanism-of-action": null,
    "toxicity": null,
    "metabolism": null,
    "absorption": null,
    "half-life": null,
    "protein-binding": null,
    "route-of-elimination": null,
    "volume-of-distribution": null,
    "clearance": null,
    "salts": null,
    "synonyms": {
        "synonym": [
            {
                "language": "english",
                "coder": "",
                "value": "Lithium muriaticum"
            }
        ]
    },
    "products": null,
    "international-brands": null,
    "mixtures": null,
    "packagers": null,
    "manufacturers": null,
    "prices": null,
    "categories": {
        "category": [
            {
                "category": "Adjuvants, Immunologic",
                "mesh-id": "D000276"
            },
            {
                "category": "Antimanic Agents",
                "mesh-id": "D018692"
            },
            {
                "category": "Central Nervous System Agents",
                "mesh-id": "D002491"
            },
            {
                "category": "Central Nervous System Depressants",
                "mesh-id": "D002492"
            },
            {
                "category": "Chlorides",
                "mesh-id": "D002712"
            },
            {
                "category": "Chlorine Compounds",
                "mesh-id": "D017606"
            },
            {
                "category": "Immunologic Factors",
                "mesh-id": "D007155"
            },
            {
                "category": "Lithium Compounds",
                "mesh-id": "D018020"
            },
            {
                "category": "Psychotropic Drugs",
                "mesh-id": "D011619"
            },
            {
                "category": "Tranquilizing Agents",
                "mesh-id": "D014149"
            }
        ]
    },
    "affected-organisms": null,
    "dosages": {
        "dosage": [
            {
                "form": "Injection, solution",
                "route": "Parenteral",
                "strength": "0.15 mmol/ml"
            }
        ]
    },
    "atc-codes": null,
    "ahfs-codes": null,
    "pdb-entries": null,
    "patents": null,
    "food-interactions": null,
    "drug-interactions": {
        "drug-interaction": [
            {
                "drugbank-id": {
                    "primary": false,
                    "value": "DB00968"
                },
                "name": "Methyldopa",
                "description": "The risk or severity of adverse effects can be increased when Methyldopa is combined with Lithium chloride."
            },
            {
                "drugbank-id": {
                    "primary": false,
                    "value": "DB00030"
                },
                "name": "Insulin human",
                "description": "The therapeutic efficacy of Insulin human can be increased when used in combination with Lithium chloride."
            },
            {
                "drugbank-id": {
                    "primary": false,
                    "value": "DB00046"
                },
                "name": "Insulin lispro",
                "description": "The therapeutic efficacy of Insulin lispro can be increased when used in combination with Lithium chloride."
            },
            {
                "drugbank-id": {
                    "primary": false,
                    "value": "DB00047"
                },
                "name": "Insulin glargine",
                "description": "The therapeutic efficacy of Insulin glargine can be increased when used in combination with Lithium chloride."
            },
            {
                "drugbank-id": {
                    "primary": false,
                    "value": "DB00071"
                },
                "name": "Insulin pork",
                "description": "The therapeutic efficacy of Insulin pork can be increased when used in combination with Lithium chloride."
            },
            {
                "drugbank-id": {
                    "primary": false,
                    "value": "DB01306"
                },
                "name": "Insulin aspart",
                "description": "The therapeutic efficacy of Insulin aspart can be increased when used in combination with Lithium chloride."
            },
            {
                "drugbank-id": {
                    "primary": false,
                    "value": "DB01307"
                },
                "name": "Insulin detemir",
                "description": "The therapeutic efficacy of Insulin detemir can be increased when used in combination with Lithium chloride."
            },
            {
                "drugbank-id": {
                    "primary": false,
                    "value": "DB01309"
                },
                "name": "Insulin glulisine",
                "description": "The therapeutic efficacy of Insulin glulisine can be increased when used in combination with Lithium chloride."
            },
            {
                "drugbank-id": {
                    "primary": false,
                    "value": "DB05115"
                },
                "name": "NN344",
                "description": "The therapeutic efficacy of NN344 can be increased when used in combination with Lithium chloride."
            },
            {
                "drugbank-id": {
                    "primary": false,
                    "value": "DB09456"
                },
                "name": "Insulin beef",
                "description": "The therapeutic efficacy of Insulin beef can be increased when used in combination with Lithium chloride."
            },
            {
                "drugbank-id": {
                    "primary": false,
                    "value": "DB09564"
                },
                "name": "Insulin degludec",
                "description": "The therapeutic efficacy of Insulin degludec can be increased when used in combination with Lithium chloride."
            },
            {
                "drugbank-id": {
                    "primary": false,
                    "value": "DB11564"
                },
                "name": "Insulin argine",
                "description": "The therapeutic efficacy of Insulin argine can be increased when used in combination with Lithium chloride."
            },
            {
                "drugbank-id": {
                    "primary": false,
                    "value": "DB11567"
                },
                "name": "Insulin peglispro",
                "description": "The therapeutic efficacy of Insulin peglispro can be increased when used in combination with Lithium chloride."
            },
            {
                "drugbank-id": {
                    "primary": false,
                    "value": "DB11568"
                },
                "name": "Insulin tregopil",
                "description": "The therapeutic efficacy of Insulin tregopil can be increased when used in combination with Lithium chloride."
            },
            {
                "drugbank-id": {
                    "primary": false,
                    "value": "DB00565"
                },
                "name": "Cisatracurium",
                "description": "Lithium chloride may increase the neuromuscular blocking activities of Cisatracurium."
            }
        ]
    },
    "calculated-properties": {
        "property": [
            {
                "kind": "logP",
                "value": "0.63",
                "source": "ChemAxon"
            },
            {
                "kind": "IUPAC Name",
                "value": "chlorolithium",
                "source": "ChemAxon"
            },
            {
                "kind": "Traditional IUPAC Name",
                "value": "disodium dexamethasone phosphate(2-)",
                "source": "ChemAxon"
            },
            {
                "kind": "Molecular Weight",
                "value": "42.39",
                "source": "ChemAxon"
            },
            {
                "kind": "Monoisotopic Weight",
                "value": "41.9848561",
                "source": "ChemAxon"
            },
            {
                "kind": "SMILES",
                "value": "[Li]Cl",
                "source": "ChemAxon"
            },
            {
                "kind": "Molecular Formula",
                "value": "ClLi",
                "source": "ChemAxon"
            },
            {
                "kind": "InChI",
                "value": "InChI=1S/ClH.Li/h1H;/q;+1/p-1",
                "source": "ChemAxon"
            },
            {
                "kind": "InChIKey",
                "value": "KWGKDLIKAYFUFQ-UHFFFAOYSA-M",
                "source": "ChemAxon"
            },
            {
                "kind": "Polar Surface Area (PSA)",
                "value": "0",
                "source": "ChemAxon"
            },
            {
                "kind": "Refractivity",
                "value": "6.14",
                "source": "ChemAxon"
            },
            {
                "kind": "Polarizability",
                "value": "4.34",
                "source": "ChemAxon"
            },
            {
                "kind": "Rotatable Bond Count",
                "value": "0",
                "source": "ChemAxon"
            },
            {
                "kind": "H Bond Acceptor Count",
                "value": "0",
                "source": "ChemAxon"
            },
            {
                "kind": "H Bond Donor Count",
                "value": "0",
                "source": "ChemAxon"
            },
            {
                "kind": "Physiological Charge",
                "value": "0",
                "source": "ChemAxon"
            },
            {
                "kind": "Number of Rings",
                "value": "0",
                "source": "ChemAxon"
            },
            {
                "kind": "Bioavailability",
                "value": "1",
                "source": "ChemAxon"
            },
            {
                "kind": "Rule of Five",
                "value": "1",
                "source": "ChemAxon"
            },
            {
                "kind": "Ghose Filter",
                "value": "0",
                "source": "ChemAxon"
            },
            {
                "kind": "MDDR-Like Rule",
                "value": "0",
                "source": "ChemAxon"
            }
        ]
    },
    "experimental-properties": null,
    "external-identifiers": {
        "external-identifier": [
            {
                "resource": "ChEBI",
                "identifier": "48607"
            },
            {
                "resource": "ChemSpider",
                "identifier": "22449"
            },
            {
                "resource": "BindingDB",
                "identifier": "50494542"
            },
            {
                "resource": "Wikipedia",
                "identifier": "Lithium_chloride"
            },
            {
                "resource": "ChEMBL",
                "identifier": "CHEMBL69710"
            },
            {
                "resource": "RxCUI",
                "identifier": "1311533"
            }
        ]
    },
    "external-links": null,
    "pathways": null,
    "reactions": null,
    "snp-effects": null,
    "snp-adverse-drug-reactions": null,
    "targets": null,
    "enzymes": null,
    "carriers": null,
    "transporters": null
}