{
    "type": "small molecule",
    "created": "2020-12-15",
    "updated": "2020-12-20",
    "drugbank-id": [
        {
            "primary": true,
            "value": "DB16340"
        }
    ],
    "name": "Tetrafluoroborate",
    "description": "Tetrafluoroborate is under investigation in clinical trial NCT02907073 (Positron Emission Tomography (PET) Imaging Studies With NIS Reporter).",
    "cas-number": "14874-70-5",
    "unii": "4YCF3545OY",
    "average-mass": 86.8,
    "monoisotopic-mass": 87.003466,
    "groups": {
        "group": [
            "investigational"
        ]
    },
    "general-references": {
        "articles": null,
        "textbooks": null,
        "links": null,
        "attachments": null
    },
    "synthesis-reference": null,
    "indication": null,
    "pharmacodynamics": null,
    "mechanism-of-action": null,
    "toxicity": null,
    "metabolism": null,
    "absorption": null,
    "half-life": null,
    "protein-binding": null,
    "route-of-elimination": null,
    "volume-of-distribution": null,
    "clearance": null,
    "salts": null,
    "synonyms": {
        "synonym": [
            {
                "language": "english",
                "coder": "",
                "value": "Borate(1-), tetrafluoro-"
            },
            {
                "language": "english",
                "coder": "",
                "value": "Fluoroborate"
            },
            {
                "language": "english",
                "coder": "",
                "value": "Tetrafluoroborate"
            },
            {
                "language": "english",
                "coder": "",
                "value": "Tetrafluoroborate (bf41-)"
            },
            {
                "language": "english",
                "coder": "",
                "value": "Tetrafluoroborate anion"
            },
            {
                "language": "english",
                "coder": "",
                "value": "Tetrafluoroborate ion"
            },
            {
                "language": "english",
                "coder": "",
                "value": "Tetrafluoroborate(1-)"
            }
        ]
    },
    "products": null,
    "international-brands": null,
    "mixtures": null,
    "packagers": null,
    "manufacturers": null,
    "prices": null,
    "categories": {
        "category": [
            {
                "category": "Anions",
                "mesh-id": "D000838"
            },
            {
                "category": "Boric Acids",
                "mesh-id": "D001888"
            },
            {
                "category": "Boron Compounds",
                "mesh-id": "D001896"
            },
            {
                "category": "Electrolytes",
                "mesh-id": "D004573"
            },
            {
                "category": "Ions",
                "mesh-id": "D007477"
            }
        ]
    },
    "affected-organisms": null,
    "dosages": null,
    "atc-codes": null,
    "ahfs-codes": null,
    "pdb-entries": null,
    "patents": null,
    "food-interactions": null,
    "drug-interactions": null,
    "calculated-properties": {
        "property": [
            {
                "kind": "logP",
                "value": "-1.1",
                "source": "ChemAxon"
            },
            {
                "kind": "IUPAC Name",
                "value": "tetrafluoroboranuide",
                "source": "ChemAxon"
            },
            {
                "kind": "Traditional IUPAC Name",
                "value": "8-[(3R)-3-[1-({1-[(E)-{[(7S,9E,11S,12S,13S,14S,15R,16R,17S,18S,19E)-13-(acetyloxy)-2,15,17,27,29-pentahydroxy-11-methoxy-3,7,12,14,16,18,22-heptamethyl-6,23-dioxo-8,30-dioxa-24-azatetracyclo[23.3.1.1^{4,7}.0^{5,28}]triaconta-1(28),2,4,9,19,21,25(29),26-octaen-26-yl]methylidene}amino]piperidin-4-yl}(methyl)amino)cyclopropyl]pyrrolidin-1-yl]-1-cyclopropyl-7-fluoro-9-methyl-4-oxoquinolizine-3-carboxylic acid",
                "source": "ChemAxon"
            },
            {
                "kind": "Molecular Weight",
                "value": "86.8",
                "source": "ChemAxon"
            },
            {
                "kind": "Monoisotopic Weight",
                "value": "87.003466",
                "source": "ChemAxon"
            },
            {
                "kind": "SMILES",
                "value": "F[B-](F)(F)F",
                "source": "ChemAxon"
            },
            {
                "kind": "Molecular Formula",
                "value": "BF4",
                "source": "ChemAxon"
            },
            {
                "kind": "InChI",
                "value": "InChI=1S/BF4/c2-1(3,4)5/q-1",
                "source": "ChemAxon"
            },
            {
                "kind": "InChIKey",
                "value": "ODGCEQLVLXJUCC-UHFFFAOYSA-N",
                "source": "ChemAxon"
            },
            {
                "kind": "Polar Surface Area (PSA)",
                "value": "0",
                "source": "ChemAxon"
            },
            {
                "kind": "Refractivity",
                "value": "6.01",
                "source": "ChemAxon"
            },
            {
                "kind": "Polarizability",
                "value": "3.55",
                "source": "ChemAxon"
            },
            {
                "kind": "Rotatable Bond Count",
                "value": "0",
                "source": "ChemAxon"
            },
            {
                "kind": "H Bond Acceptor Count",
                "value": "0",
                "source": "ChemAxon"
            },
            {
                "kind": "H Bond Donor Count",
                "value": "0",
                "source": "ChemAxon"
            },
            {
                "kind": "Physiological Charge",
                "value": "-1",
                "source": "ChemAxon"
            },
            {
                "kind": "Number of Rings",
                "value": "0",
                "source": "ChemAxon"
            },
            {
                "kind": "Bioavailability",
                "value": "1",
                "source": "ChemAxon"
            },
            {
                "kind": "Rule of Five",
                "value": "1",
                "source": "ChemAxon"
            },
            {
                "kind": "Ghose Filter",
                "value": "0",
                "source": "ChemAxon"
            },
            {
                "kind": "MDDR-Like Rule",
                "value": "0",
                "source": "ChemAxon"
            }
        ]
    },
    "experimental-properties": null,
    "external-identifiers": {
        "external-identifier": [
            {
                "resource": "ChEBI",
                "identifier": "38899"
            },
            {
                "resource": "ChemSpider",
                "identifier": "24463"
            },
            {
                "resource": "BindingDB",
                "identifier": "26993"
            },
            {
                "resource": "Wikipedia",
                "identifier": "Tetrafluoroborate"
            },
            {
                "resource": "ChEMBL",
                "identifier": "CHEMBL1789400"
            },
            {
                "resource": "ZINC",
                "identifier": "ZINC000242581732"
            }
        ]
    },
    "external-links": null,
    "pathways": null,
    "reactions": null,
    "snp-effects": null,
    "snp-adverse-drug-reactions": null,
    "targets": null,
    "enzymes": null,
    "carriers": null,
    "transporters": null
}