{
    "type": "small molecule",
    "created": "2020-12-15",
    "updated": "2020-12-20",
    "drugbank-id": [
        {
            "primary": true,
            "value": "DB16302"
        }
    ],
    "name": "BP-14979",
    "description": "BP-14979 is under investigation in clinical trial NCT01785147 (Efficacy and Safety of BP1.4979 in Smoking Cessation).",
    "cas-number": "1000036-77-0",
    "unii": "XN7HA74WB0",
    "average-mass": 398.551,
    "monoisotopic-mass": 398.268176351,
    "groups": {
        "group": [
            "investigational"
        ]
    },
    "general-references": {
        "articles": null,
        "textbooks": null,
        "links": null,
        "attachments": null
    },
    "synthesis-reference": null,
    "indication": null,
    "pharmacodynamics": null,
    "mechanism-of-action": null,
    "toxicity": null,
    "metabolism": null,
    "absorption": null,
    "half-life": null,
    "protein-binding": null,
    "route-of-elimination": null,
    "volume-of-distribution": null,
    "clearance": null,
    "salts": null,
    "synonyms": null,
    "products": null,
    "international-brands": null,
    "mixtures": null,
    "packagers": null,
    "manufacturers": null,
    "prices": null,
    "categories": null,
    "affected-organisms": null,
    "dosages": null,
    "atc-codes": null,
    "ahfs-codes": null,
    "pdb-entries": null,
    "patents": null,
    "food-interactions": null,
    "drug-interactions": null,
    "calculated-properties": {
        "property": [
            {
                "kind": "logP",
                "value": "3.55",
                "source": "ALOGPS"
            },
            {
                "kind": "logS",
                "value": "-3.8",
                "source": "ALOGPS"
            },
            {
                "kind": "Water Solubility",
                "value": "5.77e-02 g/l",
                "source": "ALOGPS"
            },
            {
                "kind": "logP",
                "value": "2.65",
                "source": "ChemAxon"
            },
            {
                "kind": "IUPAC Name",
                "value": "3-methoxy-N-[(1r,4r)-4-{2-[4-(3-cyanophenyl)piperazin-1-yl]ethyl}cyclohexyl]propanamide",
                "source": "ChemAxon"
            },
            {
                "kind": "Traditional IUPAC Name",
                "value": "5-({4-[2-(3-methoxyphenyl)-2-oxoethoxy]phenyl}methyl)-1,3-thiazolidine-2,4-dione",
                "source": "ChemAxon"
            },
            {
                "kind": "Molecular Weight",
                "value": "398.551",
                "source": "ChemAxon"
            },
            {
                "kind": "Monoisotopic Weight",
                "value": "398.268176351",
                "source": "ChemAxon"
            },
            {
                "kind": "SMILES",
                "value": "COCCC(=O)N[C@H]1CC[C@H](CCN2CCN(CC2)C2=CC=CC(=C2)C#N)CC1",
                "source": "ChemAxon"
            },
            {
                "kind": "Molecular Formula",
                "value": "C23H34N4O2",
                "source": "ChemAxon"
            },
            {
                "kind": "InChI",
                "value": "InChI=1S/C23H34N4O2/c1-29-16-10-23(28)25-21-7-5-19(6-8-21)9-11-26-12-14-27(15-13-26)22-4-2-3-20(17-22)18-24/h2-4,17,19,21H,5-16H2,1H3,(H,25,28)/t19-,21-",
                "source": "ChemAxon"
            },
            {
                "kind": "InChIKey",
                "value": "PLMAPPWZOQMTBI-XUTJKUGGSA-N",
                "source": "ChemAxon"
            },
            {
                "kind": "Polar Surface Area (PSA)",
                "value": "68.6",
                "source": "ChemAxon"
            },
            {
                "kind": "Refractivity",
                "value": "116.6",
                "source": "ChemAxon"
            },
            {
                "kind": "Polarizability",
                "value": "47.7",
                "source": "ChemAxon"
            },
            {
                "kind": "Rotatable Bond Count",
                "value": "8",
                "source": "ChemAxon"
            },
            {
                "kind": "H Bond Acceptor Count",
                "value": "5",
                "source": "ChemAxon"
            },
            {
                "kind": "H Bond Donor Count",
                "value": "1",
                "source": "ChemAxon"
            },
            {
                "kind": "pKa (strongest acidic)",
                "value": "15.99",
                "source": "ChemAxon"
            },
            {
                "kind": "pKa (strongest basic)",
                "value": "8.63",
                "source": "ChemAxon"
            },
            {
                "kind": "Physiological Charge",
                "value": "1",
                "source": "ChemAxon"
            },
            {
                "kind": "Number of Rings",
                "value": "3",
                "source": "ChemAxon"
            },
            {
                "kind": "Bioavailability",
                "value": "1",
                "source": "ChemAxon"
            },
            {
                "kind": "Rule of Five",
                "value": "1",
                "source": "ChemAxon"
            },
            {
                "kind": "Ghose Filter",
                "value": "1",
                "source": "ChemAxon"
            },
            {
                "kind": "MDDR-Like Rule",
                "value": "1",
                "source": "ChemAxon"
            }
        ]
    },
    "experimental-properties": null,
    "external-identifiers": {
        "external-identifier": [
            {
                "resource": "ChemSpider",
                "identifier": "81368508"
            },
            {
                "resource": "ChEMBL",
                "identifier": "CHEMBL4297484"
            }
        ]
    },
    "external-links": null,
    "pathways": null,
    "reactions": null,
    "snp-effects": null,
    "snp-adverse-drug-reactions": null,
    "targets": null,
    "enzymes": null,
    "carriers": null,
    "transporters": null
}