{
    "type": "biotech",
    "created": "2020-12-15",
    "updated": "2021-02-21",
    "drugbank-id": [
        {
            "primary": true,
            "value": "DB16161"
        }
    ],
    "name": "Exebacase",
    "description": "Exebacase is under investigation in clinical trial NCT03163446 (Safety, Efficacy and Pharmacokinetics of CF-301 vs. Placebo in Addition to Antibacterial Therapy for Treatment of S. Aureus Bacteremia).",
    "cas-number": "1404122-92-4",
    "unii": "67F0M5CY5Y",
    "groups": {
        "group": [
            "investigational"
        ]
    },
    "general-references": {
        "articles": null,
        "textbooks": null,
        "links": null,
        "attachments": null
    },
    "synthesis-reference": null,
    "indication": null,
    "pharmacodynamics": null,
    "mechanism-of-action": null,
    "toxicity": null,
    "metabolism": null,
    "absorption": null,
    "half-life": null,
    "protein-binding": null,
    "route-of-elimination": null,
    "volume-of-distribution": null,
    "clearance": null,
    "salts": null,
    "synonyms": {
        "synonym": [
            {
                "language": "english",
                "coder": "",
                "value": "Des-met1-putative phage lysin (streptococcus phage phi891591), produced in escherichia coli"
            },
            {
                "language": "english",
                "coder": "inn/usan",
                "value": "Exebacase"
            },
            {
                "language": "english",
                "coder": "",
                "value": "Lysin cf-301 (streptococcus suis phage)"
            },
            {
                "language": "english",
                "coder": "",
                "value": "Lysin plyss2 (streptococcus suis phage)"
            }
        ]
    },
    "products": null,
    "international-brands": null,
    "mixtures": null,
    "packagers": null,
    "manufacturers": null,
    "prices": null,
    "categories": {
        "category": [
            {
                "category": "Enzymes",
                "mesh-id": "D004798"
            },
            {
                "category": "Enzymes and Coenzymes",
                "mesh-id": "D045762"
            },
            {
                "category": "Hydrolases",
                "mesh-id": "D006867"
            },
            {
                "category": "Peptide Hydrolases",
                "mesh-id": "D010447"
            }
        ]
    },
    "affected-organisms": null,
    "dosages": null,
    "atc-codes": null,
    "ahfs-codes": null,
    "pdb-entries": null,
    "patents": null,
    "food-interactions": null,
    "drug-interactions": null,
    "sequences": null,
    "experimental-properties": null,
    "external-identifiers": null,
    "external-links": null,
    "pathways": null,
    "reactions": null,
    "snp-effects": null,
    "snp-adverse-drug-reactions": null,
    "targets": null,
    "enzymes": null,
    "carriers": null,
    "transporters": null
}