{
    "type": "biotech",
    "created": "2021-02-01",
    "updated": "2021-02-13",
    "drugbank-id": [
        {
            "primary": true,
            "value": "DB16529"
        }
    ],
    "name": "Biomodulin T",
    "description": "Biomodulin T is a polypeptide fraction from bovine thymus with immunomodulatory effects.",
    "cas-number": null,
    "unii": null,
    "groups": {
        "group": [
            "investigational"
        ]
    },
    "general-references": {
        "articles": {
            "article": [
                {
                    "ref-id": "A227893",
                    "pubmed-id": "31207285",
                    "citation": "Saavedra D, Fuertes SA, Suarez GM, Gonzalez A, Lorenzo-Luaces P, Garcia B, Aznar E, Mazorra Z, Crombet T, Speiser DE, Lage A: Biomodulina T partially restores immunosenescent CD4 and CD8 T cell compartments in the elderly. Exp Gerontol. 2019 Sep;124:110633. doi: 10.1016/j.exger.2019.110633. Epub 2019 Jun 14."
                }
            ]
        },
        "textbooks": null,
        "links": null,
        "attachments": null
    },
    "synthesis-reference": null,
    "indication": null,
    "pharmacodynamics": null,
    "mechanism-of-action": null,
    "toxicity": null,
    "metabolism": null,
    "absorption": null,
    "half-life": null,
    "protein-binding": null,
    "route-of-elimination": null,
    "volume-of-distribution": null,
    "clearance": null,
    "salts": null,
    "synonyms": {
        "synonym": [
            {
                "language": "english",
                "coder": "",
                "value": "Biomodulina T"
            },
            {
                "language": "english",
                "coder": "",
                "value": "BMT IM"
            },
            {
                "language": "english",
                "coder": "",
                "value": "BT"
            }
        ]
    },
    "products": null,
    "international-brands": null,
    "mixtures": null,
    "packagers": null,
    "manufacturers": null,
    "prices": null,
    "categories": null,
    "affected-organisms": null,
    "dosages": null,
    "atc-codes": null,
    "ahfs-codes": null,
    "pdb-entries": null,
    "patents": null,
    "food-interactions": null,
    "drug-interactions": null,
    "sequences": null,
    "experimental-properties": null,
    "external-identifiers": null,
    "external-links": null,
    "pathways": null,
    "reactions": null,
    "snp-effects": null,
    "snp-adverse-drug-reactions": null,
    "targets": null,
    "enzymes": null,
    "carriers": null,
    "transporters": null
}