{
    "type": "small molecule",
    "created": "2021-01-17",
    "updated": "2021-01-18",
    "drugbank-id": [
        {
            "primary": true,
            "value": "DB16440"
        }
    ],
    "name": "Ethyl methoxycinnamate",
    "description": null,
    "cas-number": "24393-56-4",
    "unii": "SD418S06XD",
    "average-mass": 206.241,
    "monoisotopic-mass": 206.094294311,
    "groups": {
        "group": [
            "experimental"
        ]
    },
    "general-references": {
        "articles": null,
        "textbooks": null,
        "links": null,
        "attachments": null
    },
    "synthesis-reference": null,
    "indication": null,
    "pharmacodynamics": null,
    "mechanism-of-action": null,
    "toxicity": null,
    "metabolism": null,
    "absorption": null,
    "half-life": null,
    "protein-binding": null,
    "route-of-elimination": null,
    "volume-of-distribution": null,
    "clearance": null,
    "salts": null,
    "synonyms": {
        "synonym": [
            {
                "language": "english",
                "coder": "",
                "value": "Ethyl (E)-4-methoxycinnamate"
            },
            {
                "language": "english",
                "coder": "",
                "value": "Ethyl (E)-p-methoxycinnamate"
            },
            {
                "language": "english",
                "coder": "",
                "value": "Ethyl methoxycinnamate"
            },
            {
                "language": "english",
                "coder": "",
                "value": "Ethyl trans-p-methoxycinnamate"
            }
        ]
    },
    "products": {
        "product": [
            {
                "name": "SPF 50",
                "labeller": "FRIDDA DORSCH SL",
                "ndc-id": null,
                "ndc-product-code": "72597-1945",
                "dpd-id": null,
                "ema-product-code": null,
                "ema-ma-number": null,
                "started-marketing-on": "2020-11-20",
                "ended-marketing-on": null,
                "dosage-form": "Cream",
                "strength": null,
                "route": "Cutaneous; Topical",
                "fda-application-number": "part352",
                "generic": false,
                "over-the-counter": true,
                "approved": false,
                "country": "US",
                "source": "FDA NDC"
            }
        ]
    },
    "international-brands": {
        "international-brand": [
            {
                "name": "Solaboost SPF",
                "company": null
            },
            {
                "name": "Uvsob B",
                "company": null
            }
        ]
    },
    "mixtures": {
        "mixture": [
            {
                "name": "SPF 50",
                "ingredients": "Bisoctrizole + Ethyl methoxycinnamate + Octocrylene + Octyl triazone + Titanium dioxide"
            }
        ]
    },
    "packagers": null,
    "manufacturers": null,
    "prices": null,
    "categories": {
        "category": [
            {
                "category": "Sunscreen Agents",
                "mesh-id": "D013473"
            }
        ]
    },
    "affected-organisms": null,
    "dosages": {
        "dosage": [
            {
                "form": "Cream",
                "route": "Cutaneous; Topical",
                "strength": null
            }
        ]
    },
    "atc-codes": null,
    "ahfs-codes": null,
    "pdb-entries": null,
    "patents": null,
    "food-interactions": null,
    "drug-interactions": null,
    "calculated-properties": {
        "property": [
            {
                "kind": "logP",
                "value": "2.71",
                "source": "ChemAxon"
            },
            {
                "kind": "IUPAC Name",
                "value": "ethyl (2E)-3-(4-methoxyphenyl)prop-2-enoate",
                "source": "ChemAxon"
            },
            {
                "kind": "Traditional IUPAC Name",
                "value": "disodium dexamethasone phosphate(2-)",
                "source": "ChemAxon"
            },
            {
                "kind": "Molecular Weight",
                "value": "206.241",
                "source": "ChemAxon"
            },
            {
                "kind": "Monoisotopic Weight",
                "value": "206.094294311",
                "source": "ChemAxon"
            },
            {
                "kind": "SMILES",
                "value": "CCOC(=O)\\C=C\\C1=CC=C(OC)C=C1",
                "source": "ChemAxon"
            },
            {
                "kind": "Molecular Formula",
                "value": "C12H14O3",
                "source": "ChemAxon"
            },
            {
                "kind": "InChI",
                "value": "InChI=1S/C12H14O3/c1-3-15-12(13)9-6-10-4-7-11(14-2)8-5-10/h4-9H,3H2,1-2H3/b9-6+",
                "source": "ChemAxon"
            },
            {
                "kind": "InChIKey",
                "value": "DHNGCHLFKUPGPX-RMKNXTFCSA-N",
                "source": "ChemAxon"
            },
            {
                "kind": "Polar Surface Area (PSA)",
                "value": "35.53",
                "source": "ChemAxon"
            },
            {
                "kind": "Refractivity",
                "value": "59.04",
                "source": "ChemAxon"
            },
            {
                "kind": "Polarizability",
                "value": "22.78",
                "source": "ChemAxon"
            },
            {
                "kind": "Rotatable Bond Count",
                "value": "5",
                "source": "ChemAxon"
            },
            {
                "kind": "H Bond Acceptor Count",
                "value": "2",
                "source": "ChemAxon"
            },
            {
                "kind": "H Bond Donor Count",
                "value": "0",
                "source": "ChemAxon"
            },
            {
                "kind": "pKa (strongest basic)",
                "value": "-4.8",
                "source": "ChemAxon"
            },
            {
                "kind": "Physiological Charge",
                "value": "0",
                "source": "ChemAxon"
            },
            {
                "kind": "Number of Rings",
                "value": "1",
                "source": "ChemAxon"
            },
            {
                "kind": "Bioavailability",
                "value": "1",
                "source": "ChemAxon"
            },
            {
                "kind": "Rule of Five",
                "value": "1",
                "source": "ChemAxon"
            },
            {
                "kind": "Ghose Filter",
                "value": "1",
                "source": "ChemAxon"
            },
            {
                "kind": "MDDR-Like Rule",
                "value": "0",
                "source": "ChemAxon"
            }
        ]
    },
    "experimental-properties": null,
    "external-identifiers": {
        "external-identifier": [
            {
                "resource": "KEGG Compound",
                "identifier": "C10476"
            },
            {
                "resource": "ChemSpider",
                "identifier": "4445096"
            },
            {
                "resource": "BindingDB",
                "identifier": "50486903"
            },
            {
                "resource": "ChEMBL",
                "identifier": "CHEMBL95956"
            },
            {
                "resource": "ZINC",
                "identifier": "ZINC000000899863"
            },
            {
                "resource": "RxCUI",
                "identifier": "2468050"
            }
        ]
    },
    "external-links": null,
    "pathways": null,
    "reactions": null,
    "snp-effects": null,
    "snp-adverse-drug-reactions": null,
    "targets": null,
    "enzymes": null,
    "carriers": null,
    "transporters": null
}