{
    "type": "biotech",
    "created": "2021-02-17",
    "updated": "2021-04-30",
    "drugbank-id": [
        {
            "primary": true,
            "value": "DB16614"
        }
    ],
    "name": "Amlintide",
    "description": null,
    "cas-number": "122384-88-7",
    "unii": "U3U3114NE1",
    "groups": {
        "group": [
            "experimental"
        ]
    },
    "general-references": {
        "articles": null,
        "textbooks": null,
        "links": {
            "link": [
                {
                    "ref-id": "L33489",
                    "title": "AIFA: Proctosedyl (Amlintide, Benzalkonium, Benzocaine, Esculin, Hydrocortisone) Rectal Cream, Suppository, and Ointment",
                    "url": "https://farmaci.agenziafarmaco.gov.it/aifa/servlet/PdfDownloadServlet?pdfFileName=footer_000022_013868_FI.pdf&retry=0&sys=m0b1l3"
                }
            ]
        },
        "attachments": null
    },
    "synthesis-reference": null,
    "indication": null,
    "pharmacodynamics": null,
    "mechanism-of-action": null,
    "toxicity": null,
    "metabolism": null,
    "absorption": null,
    "half-life": null,
    "protein-binding": null,
    "route-of-elimination": null,
    "volume-of-distribution": null,
    "clearance": null,
    "salts": null,
    "synonyms": {
        "synonym": [
            {
                "language": "english",
                "coder": "inn/usan",
                "value": "Amlintide"
            },
            {
                "language": "english",
                "coder": "",
                "value": "Amylin human"
            },
            {
                "language": "english",
                "coder": "",
                "value": "Human amylin"
            },
            {
                "language": "english",
                "coder": "",
                "value": "Islet amyloid polypeptide (human)"
            }
        ]
    },
    "products": null,
    "international-brands": null,
    "mixtures": null,
    "packagers": null,
    "manufacturers": null,
    "prices": null,
    "categories": {
        "category": [
            {
                "category": "Amino Acids, Peptides, and Proteins",
                "mesh-id": "D000602"
            },
            {
                "category": "Amylin Receptor Agonists",
                "mesh-id": "D065091"
            },
            {
                "category": "Amyloid",
                "mesh-id": "D000682"
            },
            {
                "category": "Amyloidogenic Proteins",
                "mesh-id": "D058227"
            },
            {
                "category": "Anti-Obesity Agents",
                "mesh-id": "D019440"
            },
            {
                "category": "Appetite Depressants",
                "mesh-id": "D001067"
            },
            {
                "category": "Hormones",
                "mesh-id": "D006728"
            },
            {
                "category": "Hormones, Hormone Substitutes, and Hormone Antagonists",
                "mesh-id": "D006730"
            },
            {
                "category": "Pancreatic Hormones",
                "mesh-id": "D010187"
            },
            {
                "category": "Peptide Hormones",
                "mesh-id": "D036361"
            },
            {
                "category": "Peptides",
                "mesh-id": "D010455"
            },
            {
                "category": "Proteins",
                "mesh-id": "D011506"
            }
        ]
    },
    "affected-organisms": null,
    "dosages": {
        "dosage": [
            {
                "form": "Cream",
                "route": "Rectal",
                "strength": null
            }
        ]
    },
    "atc-codes": null,
    "ahfs-codes": null,
    "pdb-entries": null,
    "patents": null,
    "food-interactions": null,
    "drug-interactions": null,
    "sequences": null,
    "experimental-properties": null,
    "external-identifiers": {
        "external-identifier": [
            {
                "resource": "Wikipedia",
                "identifier": "Amylin"
            }
        ]
    },
    "external-links": null,
    "pathways": null,
    "reactions": null,
    "snp-effects": null,
    "snp-adverse-drug-reactions": null,
    "targets": null,
    "enzymes": null,
    "carriers": null,
    "transporters": null
}