{
    "type": "small molecule",
    "created": "2021-01-29",
    "updated": "2021-02-24",
    "drugbank-id": [
        {
            "primary": true,
            "value": "DB16521"
        }
    ],
    "name": "Prolectin-M",
    "description": "Prolectin-M is a (1-6)-alpha-D-mannopyranose[L31338] and acts as an antagonist of galectin.[L31343] It is being investigated in the clinical trial NCT04512027 (Prolectin-M in COVID-19 Patients Having Mild to Moderate Symptoms Not Requiring Oxygen Support. (Prolectin-M)).",
    "cas-number": null,
    "unii": null,
    "groups": {
        "group": [
            "investigational"
        ]
    },
    "general-references": {
        "articles": null,
        "textbooks": null,
        "links": {
            "link": [
                {
                    "ref-id": "L31338",
                    "title": "ClinicalTrials.gov: Prolectin-M in COVID-19 Patients Having Mild to Moderate Symptoms Not Requiring Oxygen Support. (Prolectin-M)",
                    "url": "https://clinicaltrials.gov/ct2/show/NCT04512027"
                },
                {
                    "ref-id": "L31343",
                    "title": "medRxiv: Galectin antagonist use in mild cases of SARS-CoV-2 cases; pilot feasibility randomised, open label, controlled trial.",
                    "url": "https://www.medrxiv.org/content/10.1101/2020.12.03.20238840v1.full.pdf"
                }
            ]
        },
        "attachments": null
    },
    "synthesis-reference": null,
    "indication": null,
    "pharmacodynamics": null,
    "mechanism-of-action": "Prolectin-M antagonizes galectin[L31343]. It is currently being investigated against COVID-19.",
    "toxicity": null,
    "metabolism": null,
    "absorption": null,
    "half-life": null,
    "protein-binding": null,
    "route-of-elimination": null,
    "volume-of-distribution": null,
    "clearance": null,
    "salts": null,
    "synonyms": null,
    "products": null,
    "international-brands": null,
    "mixtures": null,
    "packagers": null,
    "manufacturers": null,
    "prices": null,
    "categories": null,
    "affected-organisms": null,
    "dosages": null,
    "atc-codes": null,
    "ahfs-codes": null,
    "pdb-entries": null,
    "patents": null,
    "food-interactions": null,
    "drug-interactions": null,
    "calculated-properties": null,
    "experimental-properties": null,
    "external-identifiers": null,
    "external-links": null,
    "pathways": null,
    "reactions": null,
    "snp-effects": null,
    "snp-adverse-drug-reactions": null,
    "targets": null,
    "enzymes": null,
    "carriers": null,
    "transporters": null
}