{
    "type": "small molecule",
    "created": "2020-12-15",
    "updated": "2020-12-20",
    "drugbank-id": [
        {
            "primary": true,
            "value": "DB16209"
        }
    ],
    "name": "Janagliflozin",
    "description": "Janagliflozin is under investigation in clinical trial NCT03851432 (Janagliflozin Treat Type 2 Diabetes Mellitus (T2DM) Inadequately Controlled With Metformin).",
    "cas-number": "1800115-22-3",
    "unii": "WK4RT85HCA",
    "average-mass": 460.95,
    "monoisotopic-mass": 460.1652664,
    "groups": {
        "group": [
            "investigational"
        ]
    },
    "general-references": {
        "articles": null,
        "textbooks": null,
        "links": null,
        "attachments": null
    },
    "synthesis-reference": null,
    "indication": null,
    "pharmacodynamics": null,
    "mechanism-of-action": null,
    "toxicity": null,
    "metabolism": null,
    "absorption": null,
    "half-life": null,
    "protein-binding": null,
    "route-of-elimination": null,
    "volume-of-distribution": null,
    "clearance": null,
    "salts": null,
    "synonyms": null,
    "products": null,
    "international-brands": null,
    "mixtures": null,
    "packagers": null,
    "manufacturers": null,
    "prices": null,
    "categories": null,
    "affected-organisms": null,
    "dosages": null,
    "atc-codes": null,
    "ahfs-codes": null,
    "pdb-entries": null,
    "patents": null,
    "food-interactions": null,
    "drug-interactions": null,
    "calculated-properties": {
        "property": [
            {
                "kind": "logP",
                "value": "2.97",
                "source": "ALOGPS"
            },
            {
                "kind": "logS",
                "value": "-4.5",
                "source": "ALOGPS"
            },
            {
                "kind": "Water Solubility",
                "value": "1.45e-02 g/l",
                "source": "ALOGPS"
            },
            {
                "kind": "logP",
                "value": "2.77",
                "source": "ChemAxon"
            },
            {
                "kind": "IUPAC Name",
                "value": "(2S,3R,4R,5S,6R)-2-[4-chloro-3-({4-[(1R,3s,5S)-bicyclo[3.1.0]hexan-3-yloxy]phenyl}methyl)phenyl]-6-(hydroxymethyl)oxane-3,4,5-triol",
                "source": "ChemAxon"
            },
            {
                "kind": "Traditional IUPAC Name",
                "value": "5-({4-[2-(3-methoxyphenyl)-2-oxoethoxy]phenyl}methyl)-1,3-thiazolidine-2,4-dione",
                "source": "ChemAxon"
            },
            {
                "kind": "Molecular Weight",
                "value": "460.95",
                "source": "ChemAxon"
            },
            {
                "kind": "Monoisotopic Weight",
                "value": "460.1652664",
                "source": "ChemAxon"
            },
            {
                "kind": "SMILES",
                "value": "OC[C@H]1O[C@H]([C@H](O)[C@@H](O)[C@@H]1O)C1=CC(CC2=CC=C(O[C@H]3C[C@@H]4C[C@@H]4C3)C=C2)=C(Cl)C=C1",
                "source": "ChemAxon"
            },
            {
                "kind": "Molecular Formula",
                "value": "C25H29ClO6",
                "source": "ChemAxon"
            },
            {
                "kind": "InChI",
                "value": "InChI=1S/C25H29ClO6/c26-20-6-3-14(25-24(30)23(29)22(28)21(12-27)32-25)8-17(20)7-13-1-4-18(5-2-13)31-19-10-15-9-16(15)11-19/h1-6,8,15-16,19,21-25,27-30H,7,9-12H2/t15-,16+,19-,21-,22-,23+,24-,25+/m1/s1",
                "source": "ChemAxon"
            },
            {
                "kind": "InChIKey",
                "value": "WDBIPGHUEJEKTC-CGTLGCROSA-N",
                "source": "ChemAxon"
            },
            {
                "kind": "Polar Surface Area (PSA)",
                "value": "99.38",
                "source": "ChemAxon"
            },
            {
                "kind": "Refractivity",
                "value": "119.29",
                "source": "ChemAxon"
            },
            {
                "kind": "Polarizability",
                "value": "49.12",
                "source": "ChemAxon"
            },
            {
                "kind": "Rotatable Bond Count",
                "value": "6",
                "source": "ChemAxon"
            },
            {
                "kind": "H Bond Acceptor Count",
                "value": "6",
                "source": "ChemAxon"
            },
            {
                "kind": "H Bond Donor Count",
                "value": "4",
                "source": "ChemAxon"
            },
            {
                "kind": "pKa (strongest acidic)",
                "value": "12.57",
                "source": "ChemAxon"
            },
            {
                "kind": "pKa (strongest basic)",
                "value": "-3",
                "source": "ChemAxon"
            },
            {
                "kind": "Physiological Charge",
                "value": "0",
                "source": "ChemAxon"
            },
            {
                "kind": "Number of Rings",
                "value": "5",
                "source": "ChemAxon"
            },
            {
                "kind": "Bioavailability",
                "value": "1",
                "source": "ChemAxon"
            },
            {
                "kind": "Rule of Five",
                "value": "1",
                "source": "ChemAxon"
            },
            {
                "kind": "Ghose Filter",
                "value": "1",
                "source": "ChemAxon"
            },
            {
                "kind": "MDDR-Like Rule",
                "value": "1",
                "source": "ChemAxon"
            }
        ]
    },
    "experimental-properties": null,
    "external-identifiers": {
        "external-identifier": [
            {
                "resource": "ChemSpider",
                "identifier": "76796021"
            },
            {
                "resource": "ChEMBL",
                "identifier": "CHEMBL4107297"
            }
        ]
    },
    "external-links": null,
    "pathways": null,
    "reactions": null,
    "snp-effects": null,
    "snp-adverse-drug-reactions": null,
    "targets": null,
    "enzymes": null,
    "carriers": null,
    "transporters": null
}