{
    "type": "small molecule",
    "created": "2020-12-15",
    "updated": "2021-02-21",
    "drugbank-id": [
        {
            "primary": true,
            "value": "DB16137"
        }
    ],
    "name": "Dezapelisib",
    "description": "Dezapelisib is under investigation in clinical trial NCT02456675 (INCB040093 and INCB040093 Combined With Itacitinib (INCB039110) in Relapsed/refractory Hodgkin Lymphoma).",
    "cas-number": "1262440-25-4",
    "unii": "2K59L7G59M",
    "average-mass": 421.45,
    "monoisotopic-mass": 421.1121075,
    "groups": {
        "group": [
            "investigational"
        ]
    },
    "general-references": {
        "articles": null,
        "textbooks": null,
        "links": null,
        "attachments": null
    },
    "synthesis-reference": null,
    "indication": null,
    "pharmacodynamics": null,
    "mechanism-of-action": null,
    "toxicity": null,
    "metabolism": null,
    "absorption": null,
    "half-life": null,
    "protein-binding": null,
    "route-of-elimination": null,
    "volume-of-distribution": null,
    "clearance": null,
    "salts": null,
    "synonyms": {
        "synonym": [
            {
                "language": "english",
                "coder": "inn/usan",
                "value": "Dezapelisib"
            }
        ]
    },
    "products": null,
    "international-brands": null,
    "mixtures": null,
    "packagers": null,
    "manufacturers": null,
    "prices": null,
    "categories": null,
    "affected-organisms": null,
    "dosages": null,
    "atc-codes": null,
    "ahfs-codes": null,
    "pdb-entries": null,
    "patents": null,
    "food-interactions": null,
    "drug-interactions": null,
    "calculated-properties": {
        "property": [
            {
                "kind": "logP",
                "value": "2.64",
                "source": "ALOGPS"
            },
            {
                "kind": "logS",
                "value": "-4.1",
                "source": "ALOGPS"
            },
            {
                "kind": "Water Solubility",
                "value": "3.10e-02 g/l",
                "source": "ALOGPS"
            },
            {
                "kind": "logP",
                "value": "2.76",
                "source": "ChemAxon"
            },
            {
                "kind": "IUPAC Name",
                "value": "6-(3-fluorophenyl)-3-methyl-7-[(1S)-1-[(9H-purin-6-yl)amino]ethyl]-5H-[1,3]thiazolo[3,2-a]pyrimidin-5-one",
                "source": "ChemAxon"
            },
            {
                "kind": "Traditional IUPAC Name",
                "value": "5-({4-[2-(3-methoxyphenyl)-2-oxoethoxy]phenyl}methyl)-1,3-thiazolidine-2,4-dione",
                "source": "ChemAxon"
            },
            {
                "kind": "Molecular Weight",
                "value": "421.45",
                "source": "ChemAxon"
            },
            {
                "kind": "Monoisotopic Weight",
                "value": "421.1121075",
                "source": "ChemAxon"
            },
            {
                "kind": "SMILES",
                "value": "C[C@H](NC1=C2N=CNC2=NC=N1)C1=C(C(=O)N2C(C)=CSC2=N1)C1=CC=CC(F)=C1",
                "source": "ChemAxon"
            },
            {
                "kind": "Molecular Formula",
                "value": "C20H16FN7OS",
                "source": "ChemAxon"
            },
            {
                "kind": "InChI",
                "value": "InChI=1S/C20H16FN7OS/c1-10-7-30-20-27-15(11(2)26-18-16-17(23-8-22-16)24-9-25-18)14(19(29)28(10)20)12-4-3-5-13(21)6-12/h3-9,11H,1-2H3,(H2,22,23,24,25,26)/t11-/m0/s1",
                "source": "ChemAxon"
            },
            {
                "kind": "InChIKey",
                "value": "RSIWALKZYXPAGW-NSHDSACASA-N",
                "source": "ChemAxon"
            },
            {
                "kind": "Polar Surface Area (PSA)",
                "value": "99.16",
                "source": "ChemAxon"
            },
            {
                "kind": "Refractivity",
                "value": "115.92",
                "source": "ChemAxon"
            },
            {
                "kind": "Polarizability",
                "value": "41.33",
                "source": "ChemAxon"
            },
            {
                "kind": "Rotatable Bond Count",
                "value": "4",
                "source": "ChemAxon"
            },
            {
                "kind": "H Bond Acceptor Count",
                "value": "6",
                "source": "ChemAxon"
            },
            {
                "kind": "H Bond Donor Count",
                "value": "2",
                "source": "ChemAxon"
            },
            {
                "kind": "pKa (strongest acidic)",
                "value": "9.75",
                "source": "ChemAxon"
            },
            {
                "kind": "pKa (strongest basic)",
                "value": "3.2",
                "source": "ChemAxon"
            },
            {
                "kind": "Physiological Charge",
                "value": "0",
                "source": "ChemAxon"
            },
            {
                "kind": "Number of Rings",
                "value": "5",
                "source": "ChemAxon"
            },
            {
                "kind": "Bioavailability",
                "value": "1",
                "source": "ChemAxon"
            },
            {
                "kind": "Rule of Five",
                "value": "1",
                "source": "ChemAxon"
            },
            {
                "kind": "Ghose Filter",
                "value": "1",
                "source": "ChemAxon"
            },
            {
                "kind": "MDDR-Like Rule",
                "value": "0",
                "source": "ChemAxon"
            }
        ]
    },
    "experimental-properties": null,
    "external-identifiers": {
        "external-identifier": [
            {
                "resource": "ChemSpider",
                "identifier": "28651137"
            },
            {
                "resource": "ChEMBL",
                "identifier": "CHEMBL2216863"
            },
            {
                "resource": "ZINC",
                "identifier": "ZINC000095564453"
            }
        ]
    },
    "external-links": null,
    "pathways": null,
    "reactions": null,
    "snp-effects": null,
    "snp-adverse-drug-reactions": null,
    "targets": null,
    "enzymes": null,
    "carriers": null,
    "transporters": null
}