{
    "type": "small molecule",
    "created": "2020-12-15",
    "updated": "2021-02-21",
    "drugbank-id": [
        {
            "primary": true,
            "value": "DB16291"
        }
    ],
    "name": "Peretinoin",
    "description": null,
    "cas-number": "81485-25-8",
    "unii": "11ALM7A4RV",
    "average-mass": 302.458,
    "monoisotopic-mass": 302.224580206,
    "groups": {
        "group": [
            "investigational"
        ]
    },
    "general-references": {
        "articles": null,
        "textbooks": null,
        "links": null,
        "attachments": null
    },
    "synthesis-reference": null,
    "indication": null,
    "pharmacodynamics": null,
    "mechanism-of-action": null,
    "toxicity": null,
    "metabolism": null,
    "absorption": null,
    "half-life": null,
    "protein-binding": null,
    "route-of-elimination": null,
    "volume-of-distribution": null,
    "clearance": null,
    "salts": null,
    "synonyms": {
        "synonym": [
            {
                "language": "english",
                "coder": "inn/jan",
                "value": "Peretinoin"
            }
        ]
    },
    "products": null,
    "international-brands": null,
    "mixtures": null,
    "packagers": null,
    "manufacturers": null,
    "prices": null,
    "categories": {
        "category": [
            {
                "category": "Alkenes",
                "mesh-id": "D000475"
            },
            {
                "category": "Anticarcinogenic Agents",
                "mesh-id": "D016588"
            },
            {
                "category": "Biological Factors",
                "mesh-id": "D001685"
            },
            {
                "category": "Carotenoids",
                "mesh-id": "D002338"
            },
            {
                "category": "Cyclohexanes",
                "mesh-id": "D003510"
            },
            {
                "category": "Cyclohexenes",
                "mesh-id": "D053138"
            },
            {
                "category": "Cycloparaffins",
                "mesh-id": "D003516"
            },
            {
                "category": "Hydrocarbons, Acyclic",
                "mesh-id": "D006839"
            },
            {
                "category": "Pigments, Biological",
                "mesh-id": "D010860"
            },
            {
                "category": "Polyenes",
                "mesh-id": "D011090"
            },
            {
                "category": "Terpenes",
                "mesh-id": "D013729"
            }
        ]
    },
    "affected-organisms": null,
    "dosages": null,
    "atc-codes": null,
    "ahfs-codes": null,
    "pdb-entries": null,
    "patents": null,
    "food-interactions": null,
    "drug-interactions": null,
    "calculated-properties": {
        "property": [
            {
                "kind": "logP",
                "value": "6.27",
                "source": "ALOGPS"
            },
            {
                "kind": "logS",
                "value": "-4.9",
                "source": "ALOGPS"
            },
            {
                "kind": "Water Solubility",
                "value": "4.03e-03 g/l",
                "source": "ALOGPS"
            },
            {
                "kind": "logP",
                "value": "5.78",
                "source": "ChemAxon"
            },
            {
                "kind": "IUPAC Name",
                "value": "(2E,4E,6E,10E)-3,7,11,15-tetramethylhexadeca-2,4,6,10,14-pentaenoic acid",
                "source": "ChemAxon"
            },
            {
                "kind": "Traditional IUPAC Name",
                "value": "2-methoxy-4-[(1E)-3-[4-(nitrooxy)butoxy]-3-oxoprop-1-en-1-yl]phenyl (4R)-4-[(1R,3aS,3bR,4S,5aS,7R,9aS,9bS,11aR)-4,7-dihydroxy-9a,11a-dimethyl-tetradecahydro-1H-cyclopenta[a]phenanthren-1-yl]pentanoate",
                "source": "ChemAxon"
            },
            {
                "kind": "Molecular Weight",
                "value": "302.458",
                "source": "ChemAxon"
            },
            {
                "kind": "Monoisotopic Weight",
                "value": "302.224580206",
                "source": "ChemAxon"
            },
            {
                "kind": "SMILES",
                "value": "CC(C)=CCC\\C(C)=C\\CC\\C(C)=C\\C=C\\C(\\C)=C\\C(O)=O",
                "source": "ChemAxon"
            },
            {
                "kind": "Molecular Formula",
                "value": "C20H30O2",
                "source": "ChemAxon"
            },
            {
                "kind": "InChI",
                "value": "InChI=1S/C20H30O2/c1-16(2)9-6-10-17(3)11-7-12-18(4)13-8-14-19(5)15-20(21)22/h8-9,11,13-15H,6-7,10,12H2,1-5H3,(H,21,22)/b14-8+,17-11+,18-13+,19-15+",
                "source": "ChemAxon"
            },
            {
                "kind": "InChIKey",
                "value": "UUBHZHZSIKRVIV-KCXSXWJSSA-N",
                "source": "ChemAxon"
            },
            {
                "kind": "Polar Surface Area (PSA)",
                "value": "37.3",
                "source": "ChemAxon"
            },
            {
                "kind": "Refractivity",
                "value": "99.77",
                "source": "ChemAxon"
            },
            {
                "kind": "Polarizability",
                "value": "37.93",
                "source": "ChemAxon"
            },
            {
                "kind": "Rotatable Bond Count",
                "value": "9",
                "source": "ChemAxon"
            },
            {
                "kind": "H Bond Acceptor Count",
                "value": "2",
                "source": "ChemAxon"
            },
            {
                "kind": "H Bond Donor Count",
                "value": "1",
                "source": "ChemAxon"
            },
            {
                "kind": "pKa (strongest acidic)",
                "value": "4.81",
                "source": "ChemAxon"
            },
            {
                "kind": "Physiological Charge",
                "value": "-1",
                "source": "ChemAxon"
            },
            {
                "kind": "Number of Rings",
                "value": "0",
                "source": "ChemAxon"
            },
            {
                "kind": "Bioavailability",
                "value": "1",
                "source": "ChemAxon"
            },
            {
                "kind": "Rule of Five",
                "value": "0",
                "source": "ChemAxon"
            },
            {
                "kind": "Ghose Filter",
                "value": "0",
                "source": "ChemAxon"
            },
            {
                "kind": "MDDR-Like Rule",
                "value": "0",
                "source": "ChemAxon"
            }
        ]
    },
    "experimental-properties": null,
    "external-identifiers": {
        "external-identifier": [
            {
                "resource": "ChemSpider",
                "identifier": "4942358"
            },
            {
                "resource": "ZINC",
                "identifier": "ZINC000030691356"
            }
        ]
    },
    "external-links": null,
    "pathways": null,
    "reactions": null,
    "snp-effects": null,
    "snp-adverse-drug-reactions": null,
    "targets": null,
    "enzymes": null,
    "carriers": null,
    "transporters": null
}