{
    "type": "biotech",
    "created": "2020-12-15",
    "updated": "2021-02-21",
    "drugbank-id": [
        {
            "primary": true,
            "value": "DB16284"
        }
    ],
    "name": "Pelacarsen",
    "description": "Pelacarsen is under investigation in clinical trial NCT03070782 (Phase 2 Study of ISIS 681257 (Akcea-apo(a)-lrx) in Participants With Hyperlipoproteinemia(a) and Cardiovascular Disease).",
    "cas-number": "1637637-70-7",
    "unii": "LSO9H7UZ90",
    "groups": {
        "group": [
            "investigational"
        ]
    },
    "general-references": {
        "articles": null,
        "textbooks": null,
        "links": null,
        "attachments": null
    },
    "synthesis-reference": null,
    "indication": null,
    "pharmacodynamics": null,
    "mechanism-of-action": null,
    "toxicity": null,
    "metabolism": null,
    "absorption": null,
    "half-life": null,
    "protein-binding": null,
    "route-of-elimination": null,
    "volume-of-distribution": null,
    "clearance": null,
    "salts": null,
    "synonyms": {
        "synonym": [
            {
                "language": "english",
                "coder": "",
                "value": "AKCEA-APO(a)-LRx"
            },
            {
                "language": "english",
                "coder": "",
                "value": "IONIS-APO(a)-LRx"
            },
            {
                "language": "english",
                "coder": "",
                "value": "Isis-681257 (galnac3--conjugated aso targeting human lipoprotein (a)) free acid"
            },
            {
                "language": "english",
                "coder": "inn/usan",
                "value": "Pelacarsen"
            }
        ]
    },
    "products": null,
    "international-brands": null,
    "mixtures": null,
    "packagers": null,
    "manufacturers": null,
    "prices": null,
    "categories": {
        "category": [
            {
                "category": "Nucleic Acids, Nucleotides, and Nucleosides",
                "mesh-id": "D009706"
            },
            {
                "category": "Nucleotides",
                "mesh-id": "D009711"
            },
            {
                "category": "Polynucleotides",
                "mesh-id": "D011119"
            }
        ]
    },
    "affected-organisms": null,
    "dosages": null,
    "atc-codes": null,
    "ahfs-codes": null,
    "pdb-entries": null,
    "patents": null,
    "food-interactions": null,
    "drug-interactions": null,
    "sequences": null,
    "experimental-properties": null,
    "external-identifiers": null,
    "external-links": null,
    "pathways": null,
    "reactions": null,
    "snp-effects": null,
    "snp-adverse-drug-reactions": null,
    "targets": null,
    "enzymes": null,
    "carriers": null,
    "transporters": null
}