{
    "type": "biotech",
    "created": "2021-01-14",
    "updated": "2021-01-16",
    "drugbank-id": [
        {
            "primary": true,
            "value": "DB16431"
        }
    ],
    "name": "Receptor binding domain (RBD) SARS-CoV-2 (COVID-19) hepatitis B surface antigen (HBsAg) virus-like particle (VLP) vaccine",
    "description": "Receptor binding domain SARS-CoV-2 Hepatitis B surface antigen virus-like particle vaccine (RBD SARS-CoV-2 HBsAg VLP vaccine), is a virus-like particle vaccine candidate where the RBD antigen is conjugated to the hepatitis B surface antigen[A226593]. Virus-like particles (VLPs) are protein-based vaccines that stimulate high immune responses because of the VLPs’ repetitive structures[A226598]. Regarding this vaccine specifically, it stimulates the immune system to produce anti-receptor binding domain antibodies[A226593].",
    "cas-number": null,
    "unii": null,
    "groups": {
        "group": [
            "investigational"
        ]
    },
    "general-references": {
        "articles": {
            "article": [
                {
                    "ref-id": "A226593",
                    "pubmed-id": "33245898",
                    "citation": "Rawat K, Kumari P, Saha L: COVID-19 vaccine: A recent update in pipeline vaccines, their design and development strategies. Eur J Pharmacol. 2021 Feb 5;892:173751. doi: 10.1016/j.ejphar.2020.173751. Epub 2020 Nov 25."
                },
                {
                    "ref-id": "A226598",
                    "pubmed-id": "33051445",
                    "citation": "Dong Y, Dai T, Wei Y, Zhang L, Zheng M, Zhou F: A systematic review of SARS-CoV-2 vaccine candidates. Signal Transduct Target Ther. 2020 Oct 13;5(1):237. doi: 10.1038/s41392-020-00352-y."
                }
            ]
        },
        "textbooks": null,
        "links": null,
        "attachments": null
    },
    "synthesis-reference": null,
    "indication": null,
    "pharmacodynamics": null,
    "mechanism-of-action": null,
    "toxicity": null,
    "metabolism": null,
    "absorption": null,
    "half-life": null,
    "protein-binding": null,
    "route-of-elimination": null,
    "volume-of-distribution": null,
    "clearance": null,
    "salts": null,
    "synonyms": {
        "synonym": [
            {
                "language": "english",
                "coder": "",
                "value": "RBD SARS-CoV-2 HBsAg VLP vaccine"
            }
        ]
    },
    "products": null,
    "international-brands": null,
    "mixtures": null,
    "packagers": null,
    "manufacturers": null,
    "prices": null,
    "categories": null,
    "affected-organisms": null,
    "dosages": null,
    "atc-codes": null,
    "ahfs-codes": null,
    "pdb-entries": null,
    "patents": null,
    "food-interactions": null,
    "drug-interactions": null,
    "sequences": null,
    "experimental-properties": null,
    "external-identifiers": null,
    "external-links": null,
    "pathways": null,
    "reactions": null,
    "snp-effects": null,
    "snp-adverse-drug-reactions": null,
    "targets": null,
    "enzymes": null,
    "carriers": null,
    "transporters": null
}